{"id": "000webhostapp.com", "month": "2019-04", "country": "global", "site": "000webhostapp.com", "category": "Business", "popularity": 9.880212114252463e-05, "cookies": 0.689203615401039, "bad_qs": 0.01103124332787702, "tracked": 0.6910540175076507, "https": 0.8999359476193866, "requests": 18.13180556544018, "requests_tracking": 3.988968756672123, "content_length": 6896727.263539962, "requests_failed": 4.996797380969326, "has_blocking": 0.1978506867838588, "script": 0.5547647854245249, "iframe": 0.31314497188812185, "beacon": 0.00028467724717101987, "image": 0.8099067682015515, "stylesheet": 0.6832253932104476, "font": 0.3522880933741371, "xhr": 0.1542238986549, "plugin": 0.0024909259127464238, "media": 0.004412497331150808, "referer_leaked": 0.6986691338694755, "referer_leaked_header": 0.6442246103480179, "referer_leaked_url": 0.0, "hosts": 4.0619173012596965, "trackers": 3.634118568073447, "companies": 2.7603017578820013}