{"id": "0123movies.com", "month": "2019-04", "country": "global", "site": "0123movies.com", "category": "Entertainment", "popularity": 0.00015116703439769374, "cookies": 0.9470183272862592, "bad_qs": 0.012094148292864452, "tracked": 0.9473439389710671, "https": 0.9973020746115918, "requests": 122.32770490278165, "requests_tracking": 25.845985673085867, "content_length": 447495851.3769653, "requests_failed": 46.386873197506745, "has_blocking": 0.4672992836542934, "script": 0.9846962508140292, "iframe": 0.9591589915340962, "beacon": 0.008605451669922784, "image": 0.991720160014885, "stylesheet": 0.9485068378453809, "font": 0.5304679505070239, "xhr": 0.25179086426644337, "plugin": 0.018559866034049678, "media": 0.14540887524420876, "referer_leaked": 0.9869290166527119, "referer_leaked_header": 0.9846497348590566, "referer_leaked_url": 0.0, "hosts": 12.629221322913759, "trackers": 9.668294725090707, "companies": 6.805842403944553}