{"id": "0xxx.ws", "month": "2019-04", "country": "global", "site": "0xxx.ws", "category": "Adult", "popularity": 0.00098110907100228, "cookies": 0.9549836232413798, "bad_qs": 0.003146344435127251, "tracked": 0.9549836232413798, "https": 0.9367649272183879, "requests": 24.62314104080214, "requests_tracking": 13.171056498025472, "content_length": 493275.44348405686, "requests_failed": 7.661133687386671, "has_blocking": 0.2841600550431099, "script": 0.9925964150307826, "iframe": 0.40353479971618395, "beacon": 7.167071606212417e-06, "image": 0.9338407620030532, "stylesheet": 0.3089652898722111, "font": 0.17347180115676536, "xhr": 0.18306134296587756, "plugin": 7.883778766833659e-05, "media": 0.000602034014921843, "referer_leaked": 0.9290173228120722, "referer_leaked_header": 0.9152278770417195, "referer_leaked_url": 0.0, "hosts": 5.10424505651236, "trackers": 4.630752470847936, "companies": 2.926508847749898}