{"id": "100sp.ru", "month": "2019-04", "country": "global", "site": "100sp.ru", "category": "E-Commerce", "popularity": 0.00025721881655352296, "cookies": 0.6913887370147621, "bad_qs": 0.005986878075451067, "tracked": 0.6946692181519957, "https": 0.9980590486604702, "requests": 75.70683433570257, "requests_tracking": 2.698933843630399, "content_length": 883462.5926462548, "requests_failed": 23.00975943138327, "has_blocking": 0.29518862766539095, "script": 0.9972115910333516, "iframe": 0.03184800437397485, "beacon": 0.07884089666484417, "image": 0.9983050847457627, "stylesheet": 0.06287588846364134, "font": 0.01295790049207217, "xhr": 0.48354291962821216, "plugin": 5.467468562055768e-05, "media": 0.0, "referer_leaked": 0.9706396938217605, "referer_leaked_header": 0.9494532531437945, "referer_leaked_url": 0.0, "hosts": 5.495981410606889, "trackers": 4.600355385456534, "companies": 4.251585565882996}