{"id": "104.com.tw", "month": "2019-04", "country": "global", "site": "104.com.tw", "category": "Reference", "popularity": 0.000348454851129301, "cookies": 0.43507214206437295, "bad_qs": 0.01388356371708203, "tracked": 0.4367672283321562, "https": 0.983593986479669, "requests": 13.364927857935626, "requests_tracking": 1.7263041065482796, "content_length": 275005.0169105035, "requests_failed": 5.253395217435173, "has_blocking": 0.42901826253657555, "script": 0.9973968318030472, "iframe": 0.16678438099081827, "beacon": 0.00014125718898193925, "image": 0.6445363737261629, "stylesheet": 0.1132479063666633, "font": 0.09966703662597114, "xhr": 0.0544041973564726, "plugin": 0.0, "media": 6.053879527797397e-05, "referer_leaked": 0.8887296942790839, "referer_leaked_header": 0.8612047220260317, "referer_leaked_url": 0.0, "hosts": 5.888083947129452, "trackers": 5.237493693875492, "companies": 2.8640904046009483}