{"id": "1337x.to", "month": "2019-04", "country": "global", "site": "1337x.to", "category": "Entertainment", "popularity": 0.003940841191035346, "cookies": 0.4844559909071606, "bad_qs": 0.0016040939188960122, "tracked": 0.4846594021493788, "https": 0.8601244377195816, "requests": 8.828736655598002, "requests_tracking": 3.3415631618671724, "content_length": 413716.2818619623, "requests_failed": 4.684255791421399, "has_blocking": 0.36784068260530545, "script": 0.515069382860997, "iframe": 0.040958816360687385, "beacon": 0.006576963498387877, "image": 0.6278983871629663, "stylesheet": 0.05723350004728419, "font": 0.015095255343559804, "xhr": 0.418336631331398, "plugin": 0.0050139086897639535, "media": 0.00010348993025135563, "referer_leaked": 0.583206796076661, "referer_leaked_header": 0.5831675412755313, "referer_leaked_url": 0.0, "hosts": 2.5360724857745955, "trackers": 2.134717124550131, "companies": 2.1051921611730764}