{"id": "13dl.net", "month": "2019-04", "country": "global", "site": "13dl.net", "category": "Entertainment", "popularity": 0.0007598151022828725, "cookies": 0.2589213000666321, "bad_qs": 0.011780928407492411, "tracked": 0.25899533575183237, "https": 0.0039053823943140595, "requests": 27.52554231139409, "requests_tracking": 1.4781317094839712, "content_length": 321974.4115921374, "requests_failed": 8.328061375583031, "has_blocking": 0.26162360257644185, "script": 0.9929295920633745, "iframe": 0.03949803805434219, "beacon": 2.7763381950099947e-05, "image": 0.9415580809950396, "stylesheet": 0.9919856370770711, "font": 0.4310265047753017, "xhr": 0.005589694232620123, "plugin": 0.0015732583105056638, "media": 9.254460650033316e-06, "referer_leaked": 0.9981213444880432, "referer_leaked_header": 0.9913285703709188, "referer_leaked_url": 0.0, "hosts": 3.5545272821499965, "trackers": 3.502461686532909, "companies": 3.4785481602132227}