{"id": "144chan.pk", "month": "2019-04", "country": "global", "site": "144chan.pk", "category": "Adult", "popularity": 0.00026812495062882404, "cookies": 0.7957829587474758, "bad_qs": 0.0008129868086333954, "tracked": 0.7957829587474758, "https": 0.9733287876006399, "requests": 16.975610395740997, "requests_tracking": 1.9576722351892162, "content_length": 40170.72486952873, "requests_failed": 13.489077128845297, "has_blocking": 0.4789803571896882, "script": 0.90600823476961, "iframe": 0.019065851931499306, "beacon": 0.0, "image": 0.8357504392751305, "stylesheet": 0.05323752327502557, "font": 0.004143610185937951, "xhr": 0.105871862788807, "plugin": 0.02520259106763526, "media": 0.00013112690461828958, "referer_leaked": 0.8072434502111143, "referer_leaked_header": 0.7916655739424615, "referer_leaked_url": 0.0, "hosts": 4.325981484881068, "trackers": 2.0226325037371167, "companies": 1.9696572342713279}