{"id": "155chan.gr", "month": "2019-04", "country": "global", "site": "155chan.gr", "category": "Adult", "popularity": 0.0003489681636937736, "cookies": 0.731119529297977, "bad_qs": 0.0018336422987023455, "tracked": 0.7313008785363101, "https": 0.9676593858305795, "requests": 24.177802853228016, "requests_tracking": 2.2008745063270734, "content_length": 49528.320968001935, "requests_failed": 19.346638994116226, "has_blocking": 0.4723140162811316, "script": 0.888832916901749, "iframe": 0.5091883614088821, "beacon": 4.029983074071089e-05, "image": 0.9129120657693238, "stylesheet": 0.04977029096477795, "font": 0.010417506246473765, "xhr": 0.0991778834528895, "plugin": 0.02690013701942452, "media": 2.0149915370355445e-05, "referer_leaked": 0.9003183686628516, "referer_leaked_header": 0.8909486580156364, "referer_leaked_url": 0.0, "hosts": 5.732469573627791, "trackers": 2.024482147174982, "companies": 1.9520230515031838}