{"id": "15min.lt", "month": "2019-04", "country": "global", "site": "15min.lt", "category": "News and Portals", "popularity": 0.0003329851574054697, "cookies": 0.9502692429521697, "bad_qs": 0.07602153943617358, "tracked": 0.9524020694752402, "https": 0.7563509661070636, "requests": 73.62042023017632, "requests_tracking": 17.835814591912154, "content_length": 755033.9011086475, "requests_failed": 23.907570478302187, "has_blocking": 0.5099567099567099, "script": 0.9969169042339774, "iframe": 0.9241685144124169, "beacon": 0.04056593812691374, "image": 0.949762432689262, "stylesheet": 0.7442508710801393, "font": 0.5438918804772463, "xhr": 0.6023651145602366, "plugin": 0.0009713863372399958, "media": 0.0033576179917643332, "referer_leaked": 0.991130820399113, "referer_leaked_header": 0.9863794741843522, "referer_leaked_url": 0.0, "hosts": 15.54967796431211, "trackers": 10.658008658008658, "companies": 6.95191637630662}