{"id": "1688.com", "month": "2019-04", "country": "global", "site": "1688.com", "category": "E-Commerce", "popularity": 0.0004831325983531836, "cookies": 0.9812394480992024, "bad_qs": 0.4604121790766723, "tracked": 0.985591197531583, "https": 0.7709145950980963, "requests": 333.35714909471966, "requests_tracking": 137.28098620248005, "content_length": 3415774.0815188917, "requests_failed": 79.15458170809804, "has_blocking": 0.3949030680561216, "script": 0.9982534784886767, "iframe": 0.9138673807999068, "beacon": 0.001251673749781685, "image": 0.9969726960470396, "stylesheet": 0.9945421202771147, "font": 0.7090877335972522, "xhr": 0.8550387145601677, "plugin": 0.0019211736624556092, "media": 0.1358211561972405, "referer_leaked": 0.9912528380974559, "referer_leaked_header": 0.9552599406182686, "referer_leaked_url": 0.0, "hosts": 6.51085754206206, "trackers": 3.878238341968912, "companies": 3.6542760668335563}