{"id": "16personalities.com", "month": "2019-04", "country": "global", "site": "16personalities.com", "category": "Business", "popularity": 0.0003205109589208893, "cookies": 0.5770167394309033, "bad_qs": 0.002303591408700994, "tracked": 0.5774335797810491, "https": 0.9955025120115838, "requests": 36.375134376165505, "requests_tracking": 5.857725806805467, "content_length": 249919.1767183695, "requests_failed": 9.054737719663896, "has_blocking": 0.24056075996577522, "script": 0.9832605690967727, "iframe": 0.6174941313266492, "beacon": 0.02485684824817358, "image": 0.971325771703122, "stylesheet": 0.8726223645817336, "font": 0.4169939229064742, "xhr": 0.2498628814637678, "plugin": 0.0010530703582633115, "media": 0.0010091924266690069, "referer_leaked": 0.9944713806191177, "referer_leaked_header": 0.9903907329808472, "referer_leaked_url": 0.0, "hosts": 5.516662644522937, "trackers": 4.635023364998574, "companies": 1.940808670279283}