{"id": "1fichier.com", "month": "2019-04", "country": "global", "site": "1fichier.com", "category": "Business", "popularity": 0.000847654835918373, "cookies": 0.1346517569764741, "bad_qs": 0.0323439625709261, "tracked": 0.13584630188804458, "https": 0.9916547765205561, "requests": 16.824600988817732, "requests_tracking": 7.427821282808508, "content_length": 336708.40596277, "requests_failed": 8.186564687925141, "has_blocking": 0.428219464445698, "script": 0.9717622855625975, "iframe": 0.08550950658658792, "beacon": 0.0037827255533065666, "image": 0.12322892125958125, "stylesheet": 0.11033779075554966, "font": 0.011066131333576666, "xhr": 0.09684109234495802, "plugin": 0.00364170289013505, "media": 0.049855659156518566, "referer_leaked": 0.15735640574708828, "referer_leaked_header": 0.15702458771609648, "referer_leaked_url": 0.0, "hosts": 3.250613863357335, "trackers": 3.0524521352490295, "companies": 2.978672396058002}