{"id": "20minutes.fr", "month": "2019-04", "country": "global", "site": "20minutes.fr", "category": "News and Portals", "popularity": 0.0034695429083808934, "cookies": 0.8269391345234042, "bad_qs": 0.059465035588631095, "tracked": 0.8274802600645297, "https": 0.9862306856688879, "requests": 156.20599250936328, "requests_tracking": 19.93946892682848, "content_length": 8371215.9086227445, "requests_failed": 62.87479733125801, "has_blocking": 0.4945441574655058, "script": 0.9962708951472996, "iframe": 0.5569742367495176, "beacon": 0.23285017105241823, "image": 0.9919601310050749, "stylesheet": 0.9790116250790408, "font": 0.5344962465748982, "xhr": 0.7997653095967703, "plugin": 0.006771162670039074, "media": 0.08045341050959029, "referer_leaked": 0.9964006031421762, "referer_leaked_header": 0.9837702871410736, "referer_leaked_url": 0.0, "hosts": 27.90038425993482, "trackers": 23.88991439272338, "companies": 21.098270019618333}