{"id": "23andme.com", "month": "2019-04", "country": "global", "site": "23andme.com", "category": "Business", "popularity": 0.0004887368464885898, "cookies": 0.3602762391194878, "bad_qs": 0.011035177325372276, "tracked": 0.3606071505647076, "https": 0.9964031364650026, "requests": 14.280958204445723, "requests_tracking": 1.3651535860729445, "content_length": 274847.1035896698, "requests_failed": 4.411495575857852, "has_blocking": 0.3709085677289404, "script": 0.9975541327962018, "iframe": 0.15017624631321488, "beacon": 0.05734839220199986, "image": 0.5990216531184807, "stylesheet": 0.9536580102150924, "font": 0.0926983670239551, "xhr": 0.32852312783253, "plugin": 0.00046039853247967775, "media": 0.00012948708725990936, "referer_leaked": 0.5453132868138982, "referer_leaked_header": 0.18883533558736781, "referer_leaked_url": 0.0, "hosts": 5.244529170563268, "trackers": 4.801740881950939, "companies": 3.9464067333285375}