{"id": "24.hu", "month": "2019-04", "country": "global", "site": "24.hu", "category": "News and Portals", "popularity": 0.0004166199470196742, "cookies": 0.9325895795709632, "bad_qs": 0.11976573444277541, "tracked": 0.9340579587841145, "https": 0.5892420125234181, "requests": 134.536329727084, "requests_tracking": 9.816857668483856, "content_length": 3422805.563469426, "requests_failed": 51.462961400192405, "has_blocking": 0.5172914310790055, "script": 0.997788992219278, "iframe": 0.9489949197454809, "beacon": 0.2910597647217675, "image": 0.9964387584600584, "stylesheet": 0.9510540262282908, "font": 0.7843001569646745, "xhr": 0.9624635014936961, "plugin": 0.007460041519688096, "media": 0.06580701783996354, "referer_leaked": 0.9948859896369558, "referer_leaked_header": 0.9922530338064778, "referer_leaked_url": 0.0, "hosts": 24.19318469510034, "trackers": 16.383618288916267, "companies": 11.132930513595166}