{"id": "24sata.hr", "month": "2019-04", "country": "global", "site": "24sata.hr", "category": "News and Portals", "popularity": 0.0004800456912873827, "cookies": 0.8956041541548873, "bad_qs": 0.09008481155429258, "tracked": 0.899368673922278, "https": 0.9930568779387423, "requests": 102.70233927551304, "requests_tracking": 20.70260293837613, "content_length": 926754.5850239494, "requests_failed": 26.993730683033295, "has_blocking": 0.520074997436611, "script": 0.9964112554746664, "iframe": 0.8684322313202185, "beacon": 0.5593900599100616, "image": 0.8085075217155664, "stylesheet": 0.9977002739164189, "font": 0.6881161288432525, "xhr": 0.922922556357937, "plugin": 0.0005419736630095651, "media": 0.004072126440990786, "referer_leaked": 0.9970264688218664, "referer_leaked_header": 0.9930422300019043, "referer_leaked_url": 0.0, "hosts": 18.904231788952526, "trackers": 13.881600726537668, "companies": 9.23961095079758}