{"id": "2ch.hk", "month": "2019-04", "country": "global", "site": "2ch.hk", "category": "Reference", "popularity": 0.001004742544004915, "cookies": 0.8820894686747662, "bad_qs": 0.014290913162756845, "tracked": 0.8847418957505179, "https": 0.9980194278035944, "requests": 16.43505402832988, "requests_tracking": 3.9043446615531043, "content_length": 761562.1150831421, "requests_failed": 5.6236632887296345, "has_blocking": 0.42886736464923575, "script": 0.9924556295840099, "iframe": 0.8574967806953698, "beacon": 0.0017006326633447176, "image": 0.9615643021107441, "stylesheet": 0.12119982083869885, "font": 0.07748726275124573, "xhr": 0.40950254744975084, "plugin": 0.0007838306925704048, "media": 0.0011477520855495214, "referer_leaked": 0.9188875202956162, "referer_leaked_header": 0.8569718940708807, "referer_leaked_url": 0.0, "hosts": 6.249832036280163, "trackers": 5.975659257600358, "companies": 3.322525334527742}