{"id": "3dmgame.com", "month": "2019-04", "country": "global", "site": "3dmgame.com", "category": "Entertainment", "popularity": 0.0006514077076736417, "cookies": 0.5548527078228392, "bad_qs": 0.10661816297671607, "tracked": 0.5588035276719309, "https": 0.5576916849275143, "requests": 25.174839970206932, "requests_tracking": 9.612204363173177, "content_length": 1791030.7788080615, "requests_failed": 8.404311359146796, "has_blocking": 0.37002774209566164, "script": 0.9975280389468798, "iframe": 0.4393290083010395, "beacon": 0.00037781064130657714, "image": 0.7325532443139499, "stylesheet": 0.24672114336294648, "font": 0.021697125400749143, "xhr": 0.2631181251956519, "plugin": 0.005667159619598657, "media": 0.025766685737108563, "referer_leaked": 0.7924092444866633, "referer_leaked_header": 0.785856928507432, "referer_leaked_url": 0.0, "hosts": 4.129114088019085, "trackers": 2.524347197184771, "companies": 2.4618465225229116}