{"id": "444.hu", "month": "2019-04", "country": "global", "site": "444.hu", "category": "News and Portals", "popularity": 0.0006921422239200758, "cookies": 0.8316401170351105, "bad_qs": 0.07419335175552666, "tracked": 0.8327982769830949, "https": 0.9945546163849155, "requests": 81.85446805916774, "requests_tracking": 17.97244798439532, "content_length": 3520557.1738357446, "requests_failed": 24.831132152145642, "has_blocking": 0.514385565669701, "script": 0.9965661573472041, "iframe": 0.8110065832249674, "beacon": 0.036868091677503254, "image": 0.9968709362808843, "stylesheet": 0.5555713589076723, "font": 0.4733216840052016, "xhr": 0.7300166612483745, "plugin": 0.00013207087126137842, "media": 0.014375406371911573, "referer_leaked": 0.9967693433029909, "referer_leaked_header": 0.9812154583875162, "referer_leaked_url": 0.0, "hosts": 12.982353299739922, "trackers": 11.027643449284785, "companies": 7.62468506176853}