{"id": "4pda.ru", "month": "2019-04", "country": "global", "site": "4pda.ru", "category": "Entertainment", "popularity": 0.002070372396171037, "cookies": 0.5683529471700036, "bad_qs": 0.03199687537147418, "tracked": 0.5848285699729991, "https": 0.5764022619593459, "requests": 8.71484028732997, "requests_tracking": 3.1093450167269516, "content_length": 443172.04128585255, "requests_failed": 4.123636795897227, "has_blocking": 0.37295158523952654, "script": 0.9813303445582217, "iframe": 0.08043880652775655, "beacon": 0.02889602119313261, "image": 0.9835006028495253, "stylesheet": 0.09838504253910031, "font": 0.08183470035831338, "xhr": 0.29369130707966107, "plugin": 0.0026151782226977094, "media": 7.471937779136312e-05, "referer_leaked": 0.6512065481345628, "referer_leaked_header": 0.4788425289113047, "referer_leaked_url": 0.0, "hosts": 3.029680574659942, "trackers": 3.1757535619067028, "companies": 2.59781615636728}