{"id": "4teachers.de", "month": "2019-04", "country": "global", "site": "4teachers.de", "category": "Reference", "popularity": 4.621219416046345e-05, "cookies": 0.7652160681679854, "bad_qs": 0.007151552038953134, "tracked": 0.7652160681679854, "https": 0.9981740718198417, "requests": 16.11199026171637, "requests_tracking": 3.1898965307364575, "content_length": 270425.2247413268, "requests_failed": 4.459373097991479, "has_blocking": 0.2738892270237371, "script": 0.9917833231892879, "iframe": 0.3986609860012173, "beacon": 0.010651247717589775, "image": 0.7751065124771759, "stylesheet": 0.09905660377358491, "font": 0.09373097991479001, "xhr": 0.1803104077906269, "plugin": 0.002738892270237371, "media": 0.00015216068167985393, "referer_leaked": 0.9648508825319537, "referer_leaked_header": 0.964546561168594, "referer_leaked_url": 0.0, "hosts": 7.460438222763238, "trackers": 6.589013998782715, "companies": 5.924984783931832}