{"id": "4tube.com", "month": "2019-04", "country": "global", "site": "4tube.com", "category": "Adult", "popularity": 0.0005255125274775161, "cookies": 0.33133070181307284, "bad_qs": 0.0052451997056265475, "tracked": 0.3322138221716732, "https": 0.9981534756138356, "requests": 8.69051983675654, "requests_tracking": 1.5813340469659463, "content_length": 68055.52588479294, "requests_failed": 5.562119488860641, "has_blocking": 0.456479561115943, "script": 0.9983006623402689, "iframe": 0.16779286813407374, "beacon": 0.00012042550344550746, "image": 0.1803706429383823, "stylesheet": 0.03294306549809326, "font": 0.007707232220512478, "xhr": 0.1978189603264869, "plugin": 0.0005486050712517562, "media": 0.005285341540108383, "referer_leaked": 0.4640128453870342, "referer_leaked_header": 0.4590352579112865, "referer_leaked_url": 0.0, "hosts": 4.896260119087442, "trackers": 4.254191476550479, "companies": 4.192413193282933}