{"id": "52pojie.cn", "month": "2019-04", "country": "global", "site": "52pojie.cn", "category": "Entertainment", "popularity": 0.0006811376463392594, "cookies": 0.7329431075598501, "bad_qs": 0.0691050615792788, "tracked": 0.7511536436557341, "https": 0.9373574075794646, "requests": 16.562513549506022, "requests_tracking": 4.169407538170894, "content_length": 338416.1052267542, "requests_failed": 7.710448346702179, "has_blocking": 0.49004304871628107, "script": 0.9949828114837871, "iframe": 0.11300029937956167, "beacon": 0.000134204631092116, "image": 0.988458401726078, "stylesheet": 0.8158918930079387, "font": 0.04254286805620077, "xhr": 0.04799364076517287, "plugin": 0.005925650634374968, "media": 0.000144528064253048, "referer_leaked": 0.9650448553170843, "referer_leaked_header": 0.9339300277700352, "referer_leaked_url": 0.0, "hosts": 5.806745331227353, "trackers": 3.99302135918321, "companies": 3.6896569523160623}