{"id": "58b.tv", "month": "2019-04", "country": "global", "site": "58b.tv", "category": "Entertainment", "popularity": 0.00021869927918118293, "cookies": 0.8092405633078259, "bad_qs": 0.01768375024114205, "tracked": 0.8092727155809916, "https": 0.9127387306282554, "requests": 64.04308404604205, "requests_tracking": 25.61671275159154, "content_length": 92884281.21937495, "requests_failed": 13.349816732042955, "has_blocking": 0.24316764195228602, "script": 0.9984566908880458, "iframe": 0.5047585364285255, "beacon": 0.027136518551861617, "image": 0.4953057681178059, "stylesheet": 0.34460806379010994, "font": 0.023696225323130347, "xhr": 0.6111182560607035, "plugin": 0.0038904250530512508, "media": 0.12803035174586844, "referer_leaked": 0.958137740338242, "referer_leaked_header": 0.9563050607677963, "referer_leaked_url": 0.0, "hosts": 5.937013696868369, "trackers": 3.329239277216899, "companies": 2.964085910873899}