{"id": "7sur7.be", "month": "2019-04", "country": "global", "site": "7sur7.be", "category": "News and Portals", "popularity": 0.00034932677932100786, "cookies": 0.9155377523702168, "bad_qs": 0.044505726765836674, "tracked": 0.9160409831115763, "https": 0.9865335453612191, "requests": 49.4709434569939, "requests_tracking": 15.56871112542523, "content_length": 792522.4265182471, "requests_failed": 16.782000442843053, "has_blocking": 0.4781698504398237, "script": 0.993075544998893, "iframe": 0.822117997544234, "beacon": 0.024718694015580023, "image": 0.9611505867670445, "stylesheet": 0.2692284466273476, "font": 0.1423740413454377, "xhr": 0.6399484691720848, "plugin": 0.001892147587511826, "media": 0.011171722458181526, "referer_leaked": 0.9825479578896515, "referer_leaked_header": 0.9816421425552044, "referer_leaked_url": 0.0, "hosts": 16.667002153827575, "trackers": 13.630246180478673, "companies": 10.856619497171843}