{"id": "7tv.de", "month": "2019-04", "country": "global", "site": "7tv.de", "category": "Entertainment", "popularity": 9.699497964842252e-05, "cookies": 0.7753371030882993, "bad_qs": 0.16362186457880237, "tracked": 0.775772074815137, "https": 0.9565753226040308, "requests": 382.2167609105408, "requests_tracking": 38.60192837465565, "content_length": 359073376.5479919, "requests_failed": 62.82724372915761, "has_blocking": 0.47593156444831086, "script": 0.9792663476874003, "iframe": 0.6461505002174859, "beacon": 0.016021458605190664, "image": 0.953168044077135, "stylesheet": 0.9807162534435262, "font": 0.29012614180078294, "xhr": 0.6462229955052922, "plugin": 0.0007249528780629259, "media": 0.3005654632448891, "referer_leaked": 0.9865158764680296, "referer_leaked_header": 0.9856459330143541, "referer_leaked_url": 0.0, "hosts": 17.493692909960853, "trackers": 13.282006669566478, "companies": 11.526968247063941}