{"id": "8muses.com", "month": "2019-04", "country": "global", "site": "8muses.com", "category": "Adult", "popularity": 0.0011673079300054863, "cookies": 0.6079502671574091, "bad_qs": 0.0037408061105856983, "tracked": 0.6082635069605499, "https": 0.9980121320185293, "requests": 46.99822899034378, "requests_tracking": 4.208238206822604, "content_length": 146166.7236441837, "requests_failed": 14.649014800580698, "has_blocking": 0.3481118266097213, "script": 0.9937954423608643, "iframe": 0.7753167035125025, "beacon": 0.20365406278048517, "image": 0.3456179558693308, "stylesheet": 0.9859764949670797, "font": 0.36167751962266653, "xhr": 0.5842404235965953, "plugin": 0.0013011499515080689, "media": 0.014818652225508563, "referer_leaked": 0.9879944821603909, "referer_leaked_header": 0.9853259199913257, "referer_leaked_url": 0.0, "hosts": 14.777057593956881, "trackers": 8.930334263013005, "companies": 8.507291861186577}