{"id": "a1.net", "month": "2019-04", "country": "global", "site": "a1.net", "category": "Business", "popularity": 0.00014002885491653516, "cookies": 0.6386963944963342, "bad_qs": 0.053781259415486594, "tracked": 0.6404539519935724, "https": 0.9683137491212213, "requests": 39.031736466807274, "requests_tracking": 7.916591342773928, "content_length": 276555.3219343176, "requests_failed": 9.507934116701819, "has_blocking": 0.336597368685347, "script": 0.9558601988550768, "iframe": 0.6715878276589334, "beacon": 0.0949081048508587, "image": 0.5520237019182485, "stylesheet": 0.6343778246459777, "font": 0.27061363864617854, "xhr": 0.2713668775735663, "plugin": 0.0007030229988952496, "media": 5.021592849251783e-05, "referer_leaked": 0.8882695591041478, "referer_leaked_header": 0.8711961434166918, "referer_leaked_url": 0.0, "hosts": 8.955508687355628, "trackers": 7.725670382645375, "companies": 4.040925981721402}