{"id": "aachener-zeitung.de", "month": "2019-04", "country": "global", "site": "aachener-zeitung.de", "category": "News and Portals", "popularity": 3.352704530692175e-05, "cookies": 0.7342701342281879, "bad_qs": 0.30327181208053694, "tracked": 0.753984899328859, "https": 0.9901426174496645, "requests": 113.56103187919463, "requests_tracking": 53.321308724832214, "content_length": 775209.1984060403, "requests_failed": 33.96455536912752, "has_blocking": 0.4251258389261745, "script": 0.9836409395973155, "iframe": 0.5369127516778524, "beacon": 0.13716442953020133, "image": 0.7602768456375839, "stylesheet": 0.8145973154362416, "font": 0.5572567114093959, "xhr": 0.7621644295302014, "plugin": 0.015310402684563759, "media": 0.022651006711409395, "referer_leaked": 0.8838087248322147, "referer_leaked_header": 0.8794043624161074, "referer_leaked_url": 0.0, "hosts": 24.07403523489933, "trackers": 21.562080536912752, "companies": 15.647021812080537}