{"id": "abcya.com", "month": "2019-04", "country": "global", "site": "abcya.com", "category": "Reference", "popularity": 3.917348351612019e-05, "cookies": 0.7217734697540836, "bad_qs": 0.009154550350026925, "tracked": 0.7217734697540836, "https": 0.9463292048106264, "requests": 60.20696463830551, "requests_tracking": 10.579429186860528, "content_length": 350461.5744031592, "requests_failed": 14.475318614252378, "has_blocking": 0.5026027643152038, "script": 0.9944354693950817, "iframe": 0.8998384491114702, "beacon": 0.0030515167833423083, "image": 0.8826063543349488, "stylesheet": 0.9694848321665769, "font": 0.7486986178423981, "xhr": 0.8307305690181296, "plugin": 0.010770059235325794, "media": 0.010949560222581225, "referer_leaked": 0.9798958894273918, "referer_leaked_header": 0.971997845988153, "referer_leaked_url": 0.0, "hosts": 8.931071620893915, "trackers": 7.9579967689822295, "companies": 5.010411057260815}