{"id": "abendzeitung-muenchen.de", "month": "2019-04", "country": "global", "site": "abendzeitung-muenchen.de", "category": "News and Portals", "popularity": 0.0001402046468906696, "cookies": 0.8856010833040774, "bad_qs": 0.15131150007522945, "tracked": 0.8868549074677767, "https": 0.9849039570690606, "requests": 72.87165855860374, "requests_tracking": 19.74858317869502, "content_length": 1030074.0428306335, "requests_failed": 24.018205526856914, "has_blocking": 0.47705501780430315, "script": 0.9946837855459151, "iframe": 0.9736696925623151, "beacon": 0.05215908520989016, "image": 0.7982346155775114, "stylesheet": 0.6846882993129043, "font": 0.07899092231305482, "xhr": 0.515622649079693, "plugin": 0.008726616179347009, "media": 0.24810672551281407, "referer_leaked": 0.975625658257686, "referer_leaked_header": 0.9276794222378254, "referer_leaked_url": 0.0, "hosts": 16.151211194142135, "trackers": 12.774712874266513, "companies": 10.995235468177942}