{"id": "abola.pt", "month": "2019-04", "country": "global", "site": "abola.pt", "category": "News and Portals", "popularity": 0.0009591350742354741, "cookies": 0.9110716851659066, "bad_qs": 0.07418512925030425, "tracked": 0.9111889854987464, "https": 0.9982258324657997, "requests": 26.982097036700342, "requests_tracking": 9.341014061377399, "content_length": 732801.675239366, "requests_failed": 9.968196947258837, "has_blocking": 0.4700957463966804, "script": 0.9995014735854313, "iframe": 0.9587396079236374, "beacon": 0.007338602073283383, "image": 0.9960411137666603, "stylesheet": 0.7756411196316769, "font": 0.3949795457544611, "xhr": 0.10895734666647117, "plugin": 0.00021993812407442706, "media": 0.007089338865999033, "referer_leaked": 0.9936144631310392, "referer_leaked_header": 0.9933651999237548, "referer_leaked_url": 0.0, "hosts": 9.582843360068034, "trackers": 9.105650943534553, "companies": 6.466708699285935}