{"id": "abv.bg", "month": "2019-04", "country": "global", "site": "abv.bg", "category": "News and Portals", "popularity": 0.00024736743432302857, "cookies": 0.7474914011199864, "bad_qs": 0.018675914608146906, "tracked": 0.7476051053185139, "https": 0.9627334489326018, "requests": 45.7393899769749, "requests_tracking": 11.310895704823901, "content_length": 189858.31569970722, "requests_failed": 16.76642315017482, "has_blocking": 0.4715881633929333, "script": 0.9190426106483982, "iframe": 0.7238125017766281, "beacon": 0.007845589698399614, "image": 0.9584126893885557, "stylesheet": 0.11026464652207282, "font": 0.02910827482304784, "xhr": 0.8370050314107849, "plugin": 0.0014781545808578982, "media": 0.000909633588220245, "referer_leaked": 0.7933141931265812, "referer_leaked_header": 0.7053924216151681, "referer_leaked_url": 0.0, "hosts": 7.9392819579862985, "trackers": 6.4104437306347535, "companies": 4.785610733676341}