{"id": "acer.com", "month": "2019-04", "country": "global", "site": "acer.com", "category": "Business", "popularity": 0.00029055600652837954, "cookies": 0.6788799883836306, "bad_qs": 0.025217201907020644, "tracked": 0.6842525592313835, "https": 0.9562450085912731, "requests": 25.98475351516178, "requests_tracking": 6.085235110476513, "content_length": 567044.0363979575, "requests_failed": 9.416253236852931, "has_blocking": 0.36615764381307325, "script": 0.9767188596597371, "iframe": 0.4051934851528279, "beacon": 0.030807579681033856, "image": 0.6519445318361123, "stylesheet": 0.1490283391011834, "font": 0.07173108104837733, "xhr": 0.44887587425280123, "plugin": 0.0012100384792236394, "media": 0.0047191500689721935, "referer_leaked": 0.8128312480336874, "referer_leaked_header": 0.7892112969192421, "referer_leaked_url": 0.0, "hosts": 7.593015657897921, "trackers": 6.602647564192542, "companies": 4.649016238716391}