{"id": "acfun.cn", "month": "2019-04", "country": "global", "site": "acfun.cn", "category": "Entertainment", "popularity": 0.00039101057222776795, "cookies": 0.8111209020447065, "bad_qs": 0.009315373963709605, "tracked": 0.8122718362796051, "https": 0.004280036686028737, "requests": 205.75067887136512, "requests_tracking": 20.434423723631916, "content_length": 11724841.851457551, "requests_failed": 30.331487042998184, "has_blocking": 0.4621180786591616, "script": 0.9991547826712465, "iframe": 0.015339795349506358, "beacon": 0.02044706601686838, "image": 0.9988850324599421, "stylesheet": 0.9928606110741454, "font": 0.4977071232039132, "xhr": 0.9708849605265524, "plugin": 0.0032010358408114084, "media": 0.00010790008452173288, "referer_leaked": 0.9570557663603503, "referer_leaked_header": 0.9308540291689895, "referer_leaked_url": 0.0, "hosts": 4.018972431528405, "trackers": 2.136781340478717, "companies": 2.110381786465733}