{"id": "acomics.ru", "month": "2019-04", "country": "global", "site": "acomics.ru", "category": "Entertainment", "popularity": 0.00022843112286926592, "cookies": 0.7304685095117897, "bad_qs": 0.01813088715138829, "tracked": 0.7340084959674937, "https": 0.8912762420735086, "requests": 16.527888936772765, "requests_tracking": 7.163639721726282, "content_length": 251684.85618420242, "requests_failed": 6.681370436495722, "has_blocking": 0.40211167887705473, "script": 0.9973219232900327, "iframe": 0.7047651295942867, "beacon": 0.147971433848427, "image": 0.5502370251800776, "stylesheet": 0.36391060764637073, "font": 0.06919903958628332, "xhr": 0.2474296620082497, "plugin": 0.0, "media": 0.0, "referer_leaked": 0.8157975743397156, "referer_leaked_header": 0.8058548297728252, "referer_leaked_url": 0.0, "hosts": 4.605306901434464, "trackers": 5.495290278889367, "companies": 3.3042233577541094}