{"id": "action.com", "month": "2019-04", "country": "global", "site": "action.com", "category": "Business", "popularity": 0.0002855353877470997, "cookies": 0.4121456891668924, "bad_qs": 0.011229590957224124, "tracked": 0.4132292461890807, "https": 0.9984731696505529, "requests": 19.060876203610214, "requests_tracking": 1.450710468638412, "content_length": 139780.2643632871, "requests_failed": 5.012165390203659, "has_blocking": 0.3813135666264437, "script": 0.9955918930233704, "iframe": 0.7887310069692418, "beacon": 0.01339670500160071, "image": 0.36951757086216663, "stylesheet": 0.21530770556800552, "font": 0.13293274558573645, "xhr": 0.7324352944073682, "plugin": 0.0037185706897825497, "media": 0.0, "referer_leaked": 0.4482478390425296, "referer_leaked_header": 0.0554337922033147, "referer_leaked_url": 0.0, "hosts": 7.45977294555126, "trackers": 6.921910015514566, "companies": 5.2327923756987715}