{"id": "actu.fr", "month": "2019-04", "country": "global", "site": "actu.fr", "category": "News and Portals", "popularity": 0.00029353743840969973, "cookies": 0.9656964905976764, "bad_qs": 0.04630494670020362, "tracked": 0.9658162654210085, "https": 0.9959276560067074, "requests": 77.38723200383279, "requests_tracking": 17.096993651934362, "content_length": 34744345.99717332, "requests_failed": 34.77487124206492, "has_blocking": 0.5109114864055575, "script": 0.9926697808120734, "iframe": 0.9640675530003593, "beacon": 0.011019283746556474, "image": 0.8831716373218349, "stylesheet": 0.21480416816385195, "font": 0.12954844891603784, "xhr": 0.9875913283027907, "plugin": 0.001437297879985627, "media": 0.5388908851359444, "referer_leaked": 0.9814109474188526, "referer_leaked_header": 0.9497424841298359, "referer_leaked_url": 0.0, "hosts": 21.204383758533957, "trackers": 15.67596119295724, "companies": 11.823475865373098}