{"id": "adac.de", "month": "2019-04", "country": "global", "site": "adac.de", "category": "Business", "popularity": 0.00038770568311404034, "cookies": 0.5456952681502439, "bad_qs": 0.015343598672397846, "tracked": 0.5465658269401672, "https": 0.9936521754901427, "requests": 11.345503019750803, "requests_tracking": 1.8928668589150661, "content_length": 241766.021346827, "requests_failed": 4.7430400638409775, "has_blocking": 0.2947385603134012, "script": 0.987540127319223, "iframe": 0.1849393329343272, "beacon": 0.0027386328599669912, "image": 0.6869615684567532, "stylesheet": 0.129441210076718, "font": 0.10903748843789107, "xhr": 0.04554110669786169, "plugin": 0.0023577633893755554, "media": 1.8136641456735043e-05, "referer_leaked": 0.7338991965467835, "referer_leaked_header": 0.7163066543337505, "referer_leaked_url": 0.0, "hosts": 4.797867130964688, "trackers": 3.8008415401635927, "companies": 2.1902533688811507}