{"id": "adafruit.com", "month": "2019-04", "country": "global", "site": "adafruit.com", "category": "Business", "popularity": 0.00022992183880992601, "cookies": 0.6061226986360022, "bad_qs": 0.021530368829897853, "tracked": 0.6074377637776011, "https": 0.9918649458682488, "requests": 31.629518624992354, "requests_tracking": 14.683925622362224, "content_length": 1141631.1120557832, "requests_failed": 8.297174139091076, "has_blocking": 0.39531469814667564, "script": 0.9130527861031256, "iframe": 0.459691724264481, "beacon": 0.012110832466817543, "image": 0.6101902257018778, "stylesheet": 0.217138662915163, "font": 0.1885130589026852, "xhr": 0.5117744204538504, "plugin": 0.0003975778335066365, "media": 0.0038534466939874, "referer_leaked": 0.7071074683466879, "referer_leaked_header": 0.6024527494036332, "referer_leaked_url": 0.0, "hosts": 5.740932167105021, "trackers": 5.136308031072237, "companies": 2.3170836136766773}