{"id": "adbtc.top", "month": "2019-04", "country": "global", "site": "adbtc.top", "category": "Business", "popularity": 0.00037666594713839705, "cookies": 0.9714749752646219, "bad_qs": 0.007075251554128474, "tracked": 0.9716056527339594, "https": 0.8740082513487781, "requests": 21.652995314279313, "requests_tracking": 8.554912539436593, "content_length": 417307.54774394684, "requests_failed": 6.107304870535964, "has_blocking": 0.2537009726137361, "script": 0.9910579274553363, "iframe": 0.9800810200309892, "beacon": 0.0018481527806298655, "image": 0.6653723374465622, "stylesheet": 0.9546922545597103, "font": 0.3067560251647469, "xhr": 0.8111523885974574, "plugin": 0.0, "media": 0.045531763959153954, "referer_leaked": 0.9852334459648664, "referer_leaked_header": 0.984785408927138, "referer_leaked_url": 0.0, "hosts": 7.860361789907966, "trackers": 7.102749827319059, "companies": 4.282095319879777}