{"id": "add0n.com", "month": "2019-04", "country": "global", "site": "add0n.com", "category": "Business", "popularity": 0.00014831217273775032, "cookies": 0.3147638915228523, "bad_qs": 0.012990707377204628, "tracked": 0.32116442252986915, "https": 0.9866300018964537, "requests": 9.372416081926797, "requests_tracking": 1.4120519628295087, "content_length": 114885.00587900626, "requests_failed": 5.173098805234212, "has_blocking": 0.5230893229660535, "script": 0.9662431253555851, "iframe": 0.32334534420633415, "beacon": 0.0016593969277451167, "image": 0.39090650483595674, "stylesheet": 0.18751185283519817, "font": 0.20339465200075857, "xhr": 0.27711928693343446, "plugin": 0.006353119666224161, "media": 0.0003318793855490233, "referer_leaked": 0.4759624502180922, "referer_leaked_header": 0.4671439408306467, "referer_leaked_url": 0.0, "hosts": 3.5039351412857958, "trackers": 3.05774701308553, "companies": 1.4890479802768821}