{"id": "addic7ed.com", "month": "2019-04", "country": "global", "site": "addic7ed.com", "category": "Entertainment", "popularity": 0.0003484056293765434, "cookies": 0.7029345281343344, "bad_qs": 0.0034511988374909177, "tracked": 0.703196899975781, "https": 0.995761685638169, "requests": 7.562505045612336, "requests_tracking": 1.2329054654072817, "content_length": 20309.25797206749, "requests_failed": 5.43351901186728, "has_blocking": 0.4674053443125858, "script": 0.9754177767013805, "iframe": 0.972551868894809, "beacon": 0.0, "image": 0.6821869702107047, "stylesheet": 0.047327843707112294, "font": 0.020808105271655768, "xhr": 0.015439573746669896, "plugin": 0.001614595947364172, "media": 2.018244934205215e-05, "referer_leaked": 0.8546056349398563, "referer_leaked_header": 0.852950674093808, "referer_leaked_url": 0.0, "hosts": 4.811152821506418, "trackers": 4.248345039153952, "companies": 4.17564785662388}