{"id": "addresskeys.com", "month": "2019-04", "country": "global", "site": "addresskeys.com", "category": "Business", "popularity": 4.980538211177155e-05, "cookies": 0.8002258929831992, "bad_qs": 0.0, "tracked": 0.8002258929831992, "https": 0.999717633771001, "requests": 3.281095580968516, "requests_tracking": 2.1044755047296344, "content_length": 40255.82662713539, "requests_failed": 0.3656642665537202, "has_blocking": 0.001129464915996047, "script": 0.0672031625017648, "iframe": 0.0, "beacon": 0.0, "image": 0.45743329097839897, "stylesheet": 0.0, "font": 0.0, "xhr": 0.987717069038543, "plugin": 0.0, "media": 0.0, "referer_leaked": 0.9932232105040237, "referer_leaked_header": 0.9932232105040237, "referer_leaked_url": 0.0, "hosts": 1.5315544260906395, "trackers": 1.0758153324862347, "companies": 1.073979951997741}