{"id": "adf.ly", "month": "2019-04", "country": "global", "site": "adf.ly", "category": "Business", "popularity": 2.989166728182138e-05, "cookies": 0.06469066102093625, "bad_qs": 0.01058574453069866, "tracked": 0.06516113855563396, "https": 0.8068689720065867, "requests": 7.462714655375206, "requests_tracking": 0.6791343213361561, "content_length": 11567.383909668313, "requests_failed": 6.39378969654199, "has_blocking": 0.4525993883792049, "script": 0.9475417548812044, "iframe": 0.1086803105151729, "beacon": 0.021406727828746176, "image": 0.3330980945659845, "stylesheet": 0.2836979534227241, "font": 0.015525758645024701, "xhr": 0.02328863796753705, "plugin": 0.0007057163020465773, "media": 0.0, "referer_leaked": 0.09456598447424136, "referer_leaked_header": 0.0943307457068925, "referer_leaked_url": 0.0, "hosts": 3.071983062808751, "trackers": 2.9386026817219477, "companies": 2.61444366031522}