{"id": "adform.com", "month": "2019-04", "country": "global", "site": "adform.com", "category": "Business", "popularity": 0.0005998373741415603, "cookies": 0.8421428990094367, "bad_qs": 0.05153273547857687, "tracked": 0.842518023562511, "https": 0.9965418205263467, "requests": 9.428579801887345, "requests_tracking": 5.231510462458238, "content_length": 54841.76914600551, "requests_failed": 1.9638590938397515, "has_blocking": 0.0905925795674345, "script": 0.9432741339898013, "iframe": 0.012801125373659223, "beacon": 0.015262880253209073, "image": 0.0709805990270207, "stylesheet": 0.0550846960904988, "font": 0.04551901998710509, "xhr": 0.5898950823515621, "plugin": 0.0, "media": 0.0013363812203270617, "referer_leaked": 0.8943438250981771, "referer_leaked_header": 0.6727976085809741, "referer_leaked_url": 0.0, "hosts": 2.2681788875212474, "trackers": 1.4412988687650197, "companies": 1.346615087040619}