{"id": "adidas.de", "month": "2019-04", "country": "global", "site": "adidas.de", "category": "Business", "popularity": 9.737469031255292e-05, "cookies": 0.8300115540150202, "bad_qs": 0.13778162911611785, "tracked": 0.8331889081455806, "https": 0.9906123627960717, "requests": 189.24833911034085, "requests_tracking": 40.53885037550549, "content_length": 575469.0850664356, "requests_failed": 62.37153379549393, "has_blocking": 0.3993356441363374, "script": 0.9958116695551704, "iframe": 0.8082755632582322, "beacon": 0.18479202772963604, "image": 0.9703928365106874, "stylesheet": 0.642836510687464, "font": 0.027440785673021374, "xhr": 0.8534084344309648, "plugin": 0.001877527440785673, "media": 0.0005777007510109763, "referer_leaked": 0.9864962449451185, "referer_leaked_header": 0.9817302137492778, "referer_leaked_url": 0.0, "hosts": 25.34055459272097, "trackers": 23.050332177931832, "companies": 18.059792027729635}