{"id": "adkami.com", "month": "2019-04", "country": "global", "site": "adkami.com", "category": "Entertainment", "popularity": 0.0003700350738740457, "cookies": 0.9069816053511706, "bad_qs": 0.0061568865916692, "tracked": 0.9071146245059288, "https": 0.9837336576467012, "requests": 97.90091973244147, "requests_tracking": 23.271834144116752, "content_length": 194065123.01200974, "requests_failed": 36.11099498327759, "has_blocking": 0.412321374277896, "script": 0.9991448768622682, "iframe": 0.8839882943143813, "beacon": 0.00383855275159623, "image": 0.91045910611128, "stylesheet": 0.6040399817573731, "font": 0.17208878078443296, "xhr": 0.8897271207053816, "plugin": 0.01943979933110368, "media": 0.2076999087868653, "referer_leaked": 0.9845697780480389, "referer_leaked_header": 0.9826124961994527, "referer_leaked_url": 0.0, "hosts": 9.510223472179995, "trackers": 8.155119337184555, "companies": 6.546480693219824}