{"id": "adlermode.com", "month": "2019-04", "country": "global", "site": "adlermode.com", "category": "Business", "popularity": 7.388888256819079e-05, "cookies": 0.8013894175866006, "bad_qs": 0.18424057860677578, "tracked": 0.8057670346402741, "https": 0.9952417205938333, "requests": 92.3315569090217, "requests_tracking": 34.16301865245527, "content_length": 178711.379615531, "requests_failed": 34.79025504377617, "has_blocking": 0.3647696992767415, "script": 0.9944803958888466, "iframe": 0.9256756756756757, "beacon": 0.29939094023601065, "image": 0.9857251617814998, "stylesheet": 0.9879139703083365, "font": 0.11486486486486487, "xhr": 0.8888465930719451, "plugin": 0.0, "media": 9.516558812333461e-05, "referer_leaked": 0.9790635706128664, "referer_leaked_header": 0.9707841644461362, "referer_leaked_url": 0.0, "hosts": 30.719356680624287, "trackers": 24.933669585078036, "companies": 21.096402740768937}