{"id": "admin.ch", "month": "2019-04", "country": "global", "site": "admin.ch", "category": "Government", "popularity": 0.0002267505515965406, "cookies": 0.37581790554160077, "bad_qs": 0.009737339907588302, "tracked": 0.37929109684621826, "https": 0.9776723416131733, "requests": 7.018606381989022, "requests_tracking": 1.6643718795546874, "content_length": 255261.95410425775, "requests_failed": 2.0532762737619, "has_blocking": 0.19390951096226006, "script": 0.9333891524793004, "iframe": 0.35131950258938816, "beacon": 0.0015505318324185195, "image": 0.3156882810804106, "stylesheet": 0.14702142834992402, "font": 0.27952987874841073, "xhr": 0.22467206251744348, "plugin": 0.0007442552795608894, "media": 0.002946010481595187, "referer_leaked": 0.6414550190715416, "referer_leaked_header": 0.6288647005923031, "referer_leaked_url": 0.0, "hosts": 2.0274134027971593, "trackers": 1.9519025025583776, "companies": 1.7318510249015413}