{"id": "adultwork.com", "month": "2019-04", "country": "global", "site": "adultwork.com", "category": "Adult", "popularity": 0.00045098376212347594, "cookies": 0.3342896345266309, "bad_qs": 0.005956093301733816, "tracked": 0.3374547835848821, "https": 0.9046869153049769, "requests": 5.825059249095672, "requests_tracking": 0.9859673194461769, "content_length": 59333.504630784584, "requests_failed": 1.7504365722838968, "has_blocking": 0.2516995135337408, "script": 0.9082886366471249, "iframe": 0.06414494199825371, "beacon": 0.0002806536110764625, "image": 0.4942933765747786, "stylesheet": 0.38327928152675567, "font": 0.01155357365598104, "xhr": 0.07371834850941748, "plugin": 0.017696769365099164, "media": 0.0, "referer_leaked": 0.6165803916677062, "referer_leaked_header": 0.615255082948734, "referer_leaked_url": 0.0, "hosts": 2.2811369589622053, "trackers": 2.21128539353873, "companies": 1.235406012224024}