{"id": "adverts.ie", "month": "2019-04", "country": "global", "site": "adverts.ie", "category": "E-Commerce", "popularity": 0.00021828441012222564, "cookies": 0.9966175949489418, "bad_qs": 0.01581677028637696, "tracked": 0.9966820217118191, "https": 0.993653963856586, "requests": 43.27455465000161, "requests_tracking": 18.97381052089038, "content_length": 373734.2341268563, "requests_failed": 15.219340914215765, "has_blocking": 0.516412717842992, "script": 0.9945237251554295, "iframe": 0.038011790097606545, "beacon": 0.009986148245981381, "image": 0.9867280868472763, "stylesheet": 0.075572592855072, "font": 0.008021131978223755, "xhr": 0.5446638533646877, "plugin": 0.000418773958702445, "media": 6.442676287729922e-05, "referer_leaked": 0.9835711754662887, "referer_leaked_header": 0.9539026511612924, "referer_leaked_url": 0.0, "hosts": 12.644911896401766, "trackers": 8.70991850014496, "companies": 4.865025931772058}