{"id": "advfn.com", "month": "2019-04", "country": "global", "site": "advfn.com", "category": "Business", "popularity": 0.0008368330819906565, "cookies": 0.6488752951457453, "bad_qs": 0.020964800981438377, "tracked": 0.6528833953734592, "https": 0.9429622969691368, "requests": 35.262190254518565, "requests_tracking": 5.1486526229108724, "content_length": 315400.8950415515, "requests_failed": 19.35809056457915, "has_blocking": 0.5204900469712375, "script": 0.9918073423018428, "iframe": 0.7372719710274013, "beacon": 0.0037812266299187456, "image": 0.7488341217891084, "stylesheet": 0.8206270114024989, "font": 0.12941878345335225, "xhr": 0.4122881462746515, "plugin": 0.0015040879261232344, "media": 0.0012856170541723736, "referer_leaked": 0.8892268651950693, "referer_leaked_header": 0.8832693325714862, "referer_leaked_url": 0.0, "hosts": 17.253274962397803, "trackers": 15.94559235015839, "companies": 11.766547067868817}