{"id": "advrider.com", "month": "2019-04", "country": "global", "site": "advrider.com", "category": "Entertainment", "popularity": 0.00044353721409914074, "cookies": 0.5266737479588439, "bad_qs": 0.027284113068154797, "tracked": 0.52692740618609, "https": 0.8479160391267816, "requests": 33.83073069423086, "requests_tracking": 9.110499865244067, "content_length": 3144669.8067441382, "requests_failed": 13.31640693121106, "has_blocking": 0.5125005945114701, "script": 0.993579276122834, "iframe": 0.21716314980103682, "beacon": 0.00615121201071706, "image": 0.7773514910347671, "stylesheet": 0.2563691995497566, "font": 0.16389492207936332, "xhr": 0.41409705597920005, "plugin": 0.0006182919289122818, "media": 0.0028853623349239816, "referer_leaked": 0.8537818856318468, "referer_leaked_header": 0.7644624823628264, "referer_leaked_url": 0.0, "hosts": 9.9818317294735, "trackers": 8.266293577690758, "companies": 5.725969846378236}