{"id": "ae.com", "month": "2019-04", "country": "global", "site": "ae.com", "category": "Business", "popularity": 0.0002789256095196445, "cookies": 0.8432198048755892, "bad_qs": 0.4960294451307132, "tracked": 0.8528499760506214, "https": 0.994176519525046, "requests": 277.5835833312325, "requests_tracking": 40.73348123125016, "content_length": 3838984.8131192173, "requests_failed": 63.252300400836965, "has_blocking": 0.4451055033150982, "script": 0.9980084200973101, "iframe": 0.8846648347492878, "beacon": 0.11979731262762498, "image": 0.9825043487029521, "stylesheet": 0.9187485819446896, "font": 0.12894849623112412, "xhr": 0.9446643305518441, "plugin": 0.0009831850152519728, "media": 0.06587339602188216, "referer_leaked": 0.9972017041873598, "referer_leaked_header": 0.9962185191721078, "referer_leaked_url": 0.0, "hosts": 30.892807623465348, "trackers": 23.7073890135377, "companies": 19.839261854942396}