{"id": "aftenposten.no", "month": "2019-04", "country": "global", "site": "aftenposten.no", "category": "News and Portals", "popularity": 0.0003025168924484873, "cookies": 0.8969364511180327, "bad_qs": 0.12219329645297755, "tracked": 0.8980056715168984, "https": 0.985658500302171, "requests": 137.00132490353772, "requests_tracking": 21.641462507554273, "content_length": 7221376.514434475, "requests_failed": 33.32046394867742, "has_blocking": 0.4657384593928688, "script": 0.9935381897633768, "iframe": 0.6292362047324624, "beacon": 0.15464181116637998, "image": 0.992259774069081, "stylesheet": 0.9354516293989121, "font": 0.777741620566222, "xhr": 0.934754311747478, "plugin": 0.17739761052484776, "media": 0.024592069173911022, "referer_leaked": 0.9940495560410952, "referer_leaked_header": 0.9840779136255869, "referer_leaked_url": 0.0, "hosts": 19.984380084607874, "trackers": 11.315908140021385, "companies": 10.219701548045187}