{"id": "airasia.com", "month": "2019-04", "country": "global", "site": "airasia.com", "category": "Recreation", "popularity": 0.00014028199535928877, "cookies": 0.7964912280701755, "bad_qs": 0.010827067669172932, "tracked": 0.7965413533834587, "https": 0.967218045112782, "requests": 63.76215538847118, "requests_tracking": 9.615839598997495, "content_length": 691196.5839598997, "requests_failed": 17.691478696741854, "has_blocking": 0.46205513784461155, "script": 0.9278195488721804, "iframe": 0.7970426065162908, "beacon": 0.010476190476190476, "image": 0.7444110275689223, "stylesheet": 0.5820050125313283, "font": 0.4770426065162907, "xhr": 0.7515288220551378, "plugin": 0.0005513784461152882, "media": 0.007919799498746867, "referer_leaked": 0.9002506265664161, "referer_leaked_header": 0.8932832080200501, "referer_leaked_url": 0.0, "hosts": 8.93734335839599, "trackers": 7.447719298245614, "companies": 3.798546365914787}