{"id": "airbnb.ca", "month": "2019-04", "country": "global", "site": "airbnb.ca", "category": "Recreation", "popularity": 0.00031096193888590615, "cookies": 0.7778531533364991, "bad_qs": 0.15528118852180992, "tracked": 0.7796169414105782, "https": 0.9940980937521199, "requests": 271.20446374058747, "requests_tracking": 31.730864030029622, "content_length": 2701686.7565294076, "requests_failed": 68.01146462248151, "has_blocking": 0.48945119055695, "script": 0.9969925152070189, "iframe": 0.7722452117676323, "beacon": 6.783800284919612e-05, "image": 0.9826108586029894, "stylesheet": 0.9527847500169595, "font": 0.6302602718042648, "xhr": 0.6879677995613143, "plugin": 9.045067046559483e-05, "media": 0.0034371254776926034, "referer_leaked": 0.953214390701671, "referer_leaked_header": 0.6524885240711846, "referer_leaked_url": 0.0, "hosts": 13.599100015828867, "trackers": 11.247405196391018, "companies": 7.526264613436447}