{"id": "airfrance.fr", "month": "2019-04", "country": "global", "site": "airfrance.fr", "category": "Recreation", "popularity": 0.00046521588034940074, "cookies": 0.7280834340991535, "bad_qs": 0.14585852478839179, "tracked": 0.728657799274486, "https": 0.9888301088270859, "requests": 53.12020858524789, "requests_tracking": 11.301405683192261, "content_length": 421595.10046856105, "requests_failed": 22.05852478839178, "has_blocking": 0.48978234582829505, "script": 0.9901451027811367, "iframe": 0.5544437726723096, "beacon": 0.06801692865779928, "image": 0.9012696493349456, "stylesheet": 0.7546100362756953, "font": 0.26383010882708585, "xhr": 0.35154171704957676, "plugin": 0.0067865779927448605, "media": 0.0002569528415961306, "referer_leaked": 0.9867896009673519, "referer_leaked_header": 0.9809401451027812, "referer_leaked_url": 0.0, "hosts": 18.187454655380893, "trackers": 15.217246070133012, "companies": 12.395057436517533}