{"id": "airliners.net", "month": "2019-04", "country": "global", "site": "airliners.net", "category": "Reference", "popularity": 0.0002692289242263884, "cookies": 0.9459882992060176, "bad_qs": 0.008279356456330966, "tracked": 0.9461188884245717, "https": 0.461737358963644, "requests": 22.525543251149184, "requests_tracking": 8.147252402841621, "content_length": 407833.3837494776, "requests_failed": 8.62372022565817, "has_blocking": 0.49689197659841206, "script": 0.9954554951943168, "iframe": 0.5318376514834935, "beacon": 0.0114657333890514, "image": 0.4958472628499791, "stylesheet": 0.6709674049310489, "font": 0.22858336815712496, "xhr": 0.6621656916005014, "plugin": 0.0024028416213957376, "media": 0.00033953196824070204, "referer_leaked": 0.9484172586711241, "referer_leaked_header": 0.9314145424153781, "referer_leaked_url": 0.0, "hosts": 7.78108023401588, "trackers": 7.178750522356874, "companies": 4.238482030923527}