{"id": "airtable.com", "month": "2019-04", "country": "global", "site": "airtable.com", "category": "Business", "popularity": 0.0002842064004226433, "cookies": 0.7007521401355832, "bad_qs": 0.042604780048493246, "tracked": 0.7010737790093523, "https": 0.9836706417932605, "requests": 132.4600920382008, "requests_tracking": 5.582364293136721, "content_length": 675093.2229947053, "requests_failed": 91.50828838636251, "has_blocking": 0.40848136968677323, "script": 0.9386164580137563, "iframe": 0.08689197882131723, "beacon": 0.004478202780939185, "image": 0.8063486565391658, "stylesheet": 0.14500964916621306, "font": 0.11118808451679944, "xhr": 0.7226235835518828, "plugin": 0.0001979316146271463, "media": 0.017343757731703695, "referer_leaked": 0.4019743678559058, "referer_leaked_header": 0.11047058241377604, "referer_leaked_url": 0.0, "hosts": 7.491637389282003, "trackers": 6.594537087436291, "companies": 6.047701519125142}