{"id": "aktion-mensch.de", "month": "2019-04", "country": "global", "site": "aktion-mensch.de", "category": "Business", "popularity": 4.47003831829072e-05, "cookies": 0.5954066383514236, "bad_qs": 0.06418121755545068, "tracked": 0.5998112317130722, "https": 0.9864716061035079, "requests": 25.519899323580304, "requests_tracking": 4.918043102092182, "content_length": 139125.59697970742, "requests_failed": 7.516281264747523, "has_blocking": 0.32090608777725343, "script": 0.9811231713072204, "iframe": 0.08588957055214724, "beacon": 0.11042944785276074, "image": 0.7426459021551046, "stylesheet": 0.527450055057417, "font": 0.02595563945257197, "xhr": 0.1187667138587384, "plugin": 0.0, "media": 0.0, "referer_leaked": 0.9573698285354727, "referer_leaked_header": 0.9507629384929999, "referer_leaked_url": 0.0, "hosts": 7.540663835142363, "trackers": 7.178071417335221, "companies": 6.773006134969325}