{"id": "alahliecorp.com", "month": "2019-04", "country": "global", "site": "alahliecorp.com", "category": "Banking", "popularity": 0.000603254770118734, "cookies": 0.0, "bad_qs": 0.0, "tracked": 0.0, "https": 1.0, "requests": 2.4063130165168842, "requests_tracking": 0.0, "content_length": 28390.70832604819, "requests_failed": 0.9668263570770826, "has_blocking": 0.0, "script": 1.0, "iframe": 0.0, "beacon": 0.0, "image": 0.2131342448508585, "stylesheet": 0.0, "font": 0.0, "xhr": 0.0005828117168467555, "plugin": 0.0, "media": 0.0, "referer_leaked": 1.0, "referer_leaked_header": 1.0, "referer_leaked_url": 0.0, "hosts": 1.9972607849308202, "trackers": 1.9972607849308202, "companies": 1.0}