{"id": "albamoda.de", "month": "2019-04", "country": "global", "site": "albamoda.de", "category": "E-Commerce", "popularity": 6.81650958903732e-05, "cookies": 0.7795543635238291, "bad_qs": 0.2069321229626573, "tracked": 0.7807922426243037, "https": 0.9958737363317516, "requests": 54.04899938106045, "requests_tracking": 20.348566123375285, "content_length": 1075329.7552094078, "requests_failed": 19.36300804621415, "has_blocking": 0.3168970497214772, "script": 0.9979368681658758, "iframe": 0.7500515782958531, "beacon": 0.21425624097379822, "image": 0.989684340829379, "stylesheet": 0.3754899938106045, "font": 0.0017536620590055704, "xhr": 0.8049308850835568, "plugin": 0.0, "media": 0.0005157829585310501, "referer_leaked": 0.8866309057148751, "referer_leaked_header": 0.884567773880751, "referer_leaked_url": 0.0, "hosts": 18.716216216216218, "trackers": 15.371363730142356, "companies": 12.41015060862389}