{"id": "alditalk-kundenbetreuung.de", "month": "2019-04", "country": "global", "site": "alditalk-kundenbetreuung.de", "category": "Business", "popularity": 0.00013815842831174465, "cookies": 0.5370012214983714, "bad_qs": 0.004936889250814332, "tracked": 0.5389352605863192, "https": 0.9978114820846905, "requests": 5.408998371335505, "requests_tracking": 1.2935158794788273, "content_length": 100938.11772190554, "requests_failed": 1.603013029315961, "has_blocking": 0.2147292345276873, "script": 0.994961319218241, "iframe": 0.04779112377850163, "beacon": 0.0, "image": 0.3770358306188925, "stylesheet": 0.06738599348534202, "font": 0.0316571661237785, "xhr": 0.018475162866449513, "plugin": 0.0032064332247557004, "media": 5.0895765472312706e-05, "referer_leaked": 0.8487377850162866, "referer_leaked_header": 0.8481779315960912, "referer_leaked_url": 0.0, "hosts": 2.868790716612378, "trackers": 2.8604438110749184, "companies": 1.066724348534202}