{"id": "aldi-nord.de", "month": "2019-04", "country": "global", "site": "aldi-nord.de", "category": "Business", "popularity": 0.00024956834983919183, "cookies": 0.21072354333370902, "bad_qs": 0.0035500957962357714, "tracked": 0.21125887523949058, "https": 0.9985912318268906, "requests": 6.175419812915586, "requests_tracking": 0.7342499718246366, "content_length": 26205.75276118562, "requests_failed": 3.1481742364476504, "has_blocking": 0.3229741913670686, "script": 0.9405781584582441, "iframe": 0.05733686464555393, "beacon": 0.0002817536346218866, "image": 0.742082722867125, "stylesheet": 0.03741688267778654, "font": 0.0055223712385889774, "xhr": 0.25391637552124424, "plugin": 0.0022822044404372816, "media": 0.0, "referer_leaked": 0.7458582215710583, "referer_leaked_header": 0.739096134340133, "referer_leaked_url": 0.0, "hosts": 2.430068747886848, "trackers": 2.3689563845373605, "companies": 1.6745463766482587}