{"id": "alexa.com", "month": "2019-04", "country": "global", "site": "alexa.com", "category": "Reference", "popularity": 0.00020547269104730713, "cookies": 0.7461414735977551, "bad_qs": 0.05143561137538072, "tracked": 0.7476814619622874, "https": 0.9888094178843982, "requests": 25.364019027411793, "requests_tracking": 3.563806851237124, "content_length": 218052.6932343178, "requests_failed": 8.8001095102837, "has_blocking": 0.4400944526196913, "script": 0.9768317306047021, "iframe": 0.8214297936415591, "beacon": 0.0018137640737825537, "image": 0.7632524554258924, "stylesheet": 0.9525683583724034, "font": 0.6394031689538345, "xhr": 0.1107422743917046, "plugin": 0.00010266589096882379, "media": 0.00010266589096882379, "referer_leaked": 0.8627014818110263, "referer_leaked_header": 0.25375586051127613, "referer_leaked_url": 0.0, "hosts": 10.361965709592416, "trackers": 9.656753704527565, "companies": 4.94993326717087}