{"id": "alibaba.com", "month": "2019-04", "country": "global", "site": "alibaba.com", "category": "E-Commerce", "popularity": 0.0013113940636850444, "cookies": 0.9326105373784169, "bad_qs": 0.2357076215294534, "tracked": 0.939280850196785, "https": 0.851569453827923, "requests": 184.37252946412295, "requests_tracking": 52.250978562772794, "content_length": 3137429.4563695053, "requests_failed": 47.62823730013191, "has_blocking": 0.4223423307488552, "script": 0.9912385119411469, "iframe": 0.9544606376475887, "beacon": 0.15868802882604638, "image": 0.9975227616381945, "stylesheet": 0.9843215476841575, "font": 0.6615245203701916, "xhr": 0.8984278651781789, "plugin": 0.0018606097652521744, "media": 0.008037619706377548, "referer_leaked": 0.983790710892342, "referer_leaked_header": 0.9276828705937865, "referer_leaked_url": 0.0, "hosts": 7.456734120473142, "trackers": 6.3190061019421115, "companies": 5.417677401366235}