{"id": "aliexpress.com", "month": "2019-04", "country": "global", "site": "aliexpress.com", "category": "E-Commerce", "popularity": 0.05788438043728971, "cookies": 0.7194042767302932, "bad_qs": 0.10618538053531226, "tracked": 0.7263829450714127, "https": 0.9218606105508748, "requests": 99.03383016621957, "requests_tracking": 13.125017143583234, "content_length": 2714783.994532032, "requests_failed": 28.478462982554664, "has_blocking": 0.3198037207011759, "script": 0.9989579616865666, "iframe": 0.6962393932999779, "beacon": 0.047491582485447235, "image": 0.994587304601113, "stylesheet": 0.9936067341574158, "font": 0.49510814154082455, "xhr": 0.5694461198285751, "plugin": 0.003957267439776976, "media": 0.03829338954363508, "referer_leaked": 0.9044886486701864, "referer_leaked_header": 0.894521135532644, "referer_leaked_url": 0.0, "hosts": 7.250554334499157, "trackers": 6.414276799535663, "companies": 4.610563022605963}