{"id": "aliyun.com", "month": "2019-04", "country": "global", "site": "aliyun.com", "category": "Business", "popularity": 0.0003762862364742667, "cookies": 0.9206361071141592, "bad_qs": 0.2589837983293779, "tracked": 0.9257189841720703, "https": 0.8946611103843926, "requests": 120.12509109935904, "requests_tracking": 36.707771943266124, "content_length": 3949482.661353316, "requests_failed": 29.46358828695831, "has_blocking": 0.4009306149907499, "script": 0.9960944069665315, "iframe": 0.7614224580942949, "beacon": 0.18832806981481134, "image": 0.9833311531777326, "stylesheet": 0.9556556350793265, "font": 0.5126044138807393, "xhr": 0.7798665744772298, "plugin": 0.0007287948722740268, "media": 0.0066712761385083995, "referer_leaked": 0.9009960196587745, "referer_leaked_header": 0.7918449722497337, "referer_leaked_url": 0.0, "hosts": 4.130977519481248, "trackers": 3.603871956347056, "companies": 3.042531721263992}