{"id": "allocine.fr", "month": "2019-04", "country": "global", "site": "allocine.fr", "category": "Entertainment", "popularity": 0.003356466478938652, "cookies": 0.7364094399111735, "bad_qs": 0.020599788408560027, "tracked": 0.7369017566279448, "https": 0.004590067772109734, "requests": 111.440617176616, "requests_tracking": 23.90864906197953, "content_length": 8004832.099383033, "requests_failed": 44.135227879790925, "has_blocking": 0.5133354981302439, "script": 0.9962793426000608, "iframe": 0.7632187038453078, "beacon": 0.010330271193187175, "image": 0.9962248735165031, "stylesheet": 0.5991473493458472, "font": 0.3259241413263222, "xhr": 0.4859794483957807, "plugin": 0.003008369384185111, "media": 0.2662176458881079, "referer_leaked": 0.9963359066483707, "referer_leaked_header": 0.9925000261870593, "referer_leaked_url": 0.0, "hosts": 22.01754742476458, "trackers": 15.005413388919731, "companies": 12.494717546377283}