{"id": "allrecipes.com", "month": "2019-04", "country": "global", "site": "allrecipes.com", "category": "Reference", "popularity": 0.0006061588535314351, "cookies": 0.8826156558860377, "bad_qs": 0.1255278177346759, "tracked": 0.8838104960326667, "https": 0.9235766321748411, "requests": 110.6116769523456, "requests_tracking": 19.777922138183843, "content_length": 2625557.4532620297, "requests_failed": 32.78583360400909, "has_blocking": 0.5031669064080553, "script": 0.9923669435293025, "iframe": 0.5418658066911048, "beacon": 0.06623822560438031, "image": 0.9979815321794813, "stylesheet": 0.45587211730314137, "font": 0.642278780567027, "xhr": 0.9472298269221846, "plugin": 0.0022620760057537933, "media": 0.011333580808315159, "referer_leaked": 0.9958354600714584, "referer_leaked_header": 0.9950466335668878, "referer_leaked_url": 0.0, "hosts": 22.232970627813096, "trackers": 17.094925989513246, "companies": 14.871479281703865}