{"id": "ally.com", "month": "2019-04", "country": "global", "site": "ally.com", "category": "Banking", "popularity": 0.0003358540824233438, "cookies": 0.7551242593639428, "bad_qs": 0.11194857944433977, "tracked": 0.7578669681552667, "https": 0.9850511902518686, "requests": 61.70202876703725, "requests_tracking": 17.654607122668175, "content_length": 130488.17913447648, "requests_failed": 27.9613508364215, "has_blocking": 0.4315893055293847, "script": 0.9897828863346104, "iframe": 0.7867386889433243, "beacon": 0.08517052948935368, "image": 0.6572032745011829, "stylesheet": 0.10949898456964596, "font": 0.07210602349098674, "xhr": 0.9006971923874129, "plugin": 0.00048154429160647365, "media": 0.0007327847915750686, "referer_leaked": 0.9381529635910643, "referer_leaked_header": 0.9185352678851831, "referer_leaked_url": 0.0, "hosts": 14.398090572200239, "trackers": 12.16546280593765, "companies": 9.091116554655278}