{"id": "alternative.de.com", "month": "2019-04", "country": "global", "site": "alternative.de.com", "category": "Adult", "popularity": 1.5469693723831344e-07, "cookies": 0.9090909090909091, "bad_qs": 0.0, "tracked": 0.9090909090909091, "https": 0.0, "requests": 29.045454545454547, "requests_tracking": 2.090909090909091, "content_length": 1275782.1818181819, "requests_failed": 8.090909090909092, "has_blocking": 0.09090909090909091, "script": 0.9545454545454546, "iframe": 1.0, "beacon": 0.0, "image": 1.0, "stylesheet": 0.18181818181818182, "font": 0.0, "xhr": 0.09090909090909091, "plugin": 0.0, "media": 0.5454545454545454, "referer_leaked": 1.0, "referer_leaked_header": 1.0, "referer_leaked_url": 0.0, "hosts": 4.136363636363637, "trackers": 4.045454545454546, "companies": 3.909090909090909}