{"id": "alternet.org", "month": "2019-04", "country": "global", "site": "alternet.org", "category": "News and Portals", "popularity": 0.00024721273738579025, "cookies": 0.9253633700258839, "bad_qs": 0.11081719145547117, "tracked": 0.9254202577011691, "https": 0.7119492561936457, "requests": 231.61242426828227, "requests_tracking": 64.43166368006372, "content_length": 5693895.014591688, "requests_failed": 91.49938845749068, "has_blocking": 0.49219216656711323, "script": 0.9665784907699747, "iframe": 0.9338111898057286, "beacon": 0.13852148931933897, "image": 0.9780129135022897, "stylesheet": 0.9990897971954376, "font": 0.7199704184088517, "xhr": 0.9350627186620019, "plugin": 0.005176778450948602, "media": 0.16062235116761953, "referer_leaked": 0.9836732371931621, "referer_leaked_header": 0.9773018175612254, "referer_leaked_url": 0.0, "hosts": 35.34698637540177, "trackers": 30.156839320761158, "companies": 24.349688539977812}