{"id": "alternativeto.net", "month": "2019-04", "country": "global", "site": "alternativeto.net", "category": "Reference", "popularity": 0.00047060917811584557, "cookies": 0.9139809045676632, "bad_qs": 0.010025849059422953, "tracked": 0.9147429288627908, "https": 0.9869260537600669, "requests": 18.324278691708876, "requests_tracking": 3.0867661780746185, "content_length": 123910.465223303, "requests_failed": 8.802292049546521, "has_blocking": 0.5045646749443423, "script": 0.9809045676632749, "iframe": 0.04291242697267172, "beacon": 0.0025101976780671476, "image": 0.96930984505506, "stylesheet": 0.11672419203012237, "font": 0.0585264541963632, "xhr": 0.2413375767627415, "plugin": 0.0028538556935168167, "media": 0.031198171141691693, "referer_leaked": 0.9760933554469795, "referer_leaked_header": 0.9744945985924963, "referer_leaked_url": 0.0, "hosts": 7.798437103112346, "trackers": 7.660376230818653, "companies": 5.928922557413301}