{"id": "amateurcommunity.com", "month": "2019-04", "country": "global", "site": "amateurcommunity.com", "category": "Adult", "popularity": 8.347306099800085e-05, "cookies": 0.2465672647628675, "bad_qs": 0.0010108668182966893, "tracked": 0.24665150366439223, "https": 0.9976413107573078, "requests": 129.78864459607448, "requests_tracking": 0.4509308398618482, "content_length": 4010119.769101171, "requests_failed": 33.692696487237804, "has_blocking": 0.18608373346811558, "script": 0.9938505601886951, "iframe": 0.0051385729930081715, "beacon": 0.00016847780304944825, "image": 0.9962934883329121, "stylesheet": 0.9879538370819645, "font": 0.11641816190716874, "xhr": 0.014994524471400893, "plugin": 0.0046331395838598265, "media": 0.11641816190716874, "referer_leaked": 0.9414539634403167, "referer_leaked_header": 0.9358099570381602, "referer_leaked_url": 0.0, "hosts": 2.638278156852835, "trackers": 2.544014826046668, "companies": 2.3106730688231827}