{"id": "amazon.jobs", "month": "2019-04", "country": "global", "site": "amazon.jobs", "category": "Reference", "popularity": 0.0002588290710365945, "cookies": 0.5126463636610612, "bad_qs": 0.015268005107446548, "tracked": 0.5137058871471651, "https": 0.9935885245456274, "requests": 16.784590725094407, "requests_tracking": 2.52000869352604, "content_length": 255713.2793066913, "requests_failed": 6.636012931619984, "has_blocking": 0.39270287158032, "script": 0.9936156918145019, "iframe": 0.1406992855008286, "beacon": 0.00029883995761906056, "image": 0.9101578418321606, "stylesheet": 0.12714281833247304, "font": 0.5940395012089434, "xhr": 0.4811866663044364, "plugin": 0.0011410252927273221, "media": 0.0005976799152381211, "referer_leaked": 0.9511532505637208, "referer_leaked_header": 0.9502023961531147, "referer_leaked_url": 0.0, "hosts": 5.126436469341737, "trackers": 4.5361732185063435, "companies": 3.120758510146975}