{"id": "amazon.com.au", "month": "2019-04", "country": "global", "site": "amazon.com.au", "category": "E-Commerce", "popularity": 0.0008640667746235651, "cookies": 0.11438615907944207, "bad_qs": 0.039200208329942546, "tracked": 0.13676535212643023, "https": 0.9769128106638889, "requests": 106.95720284500578, "requests_tracking": 2.5949528816262757, "content_length": 2080446.576040429, "requests_failed": 25.475936264058202, "has_blocking": 0.449943848570173, "script": 0.9862713823017204, "iframe": 0.8799986979378591, "beacon": 0.002897088263537377, "image": 0.9804121026675998, "stylesheet": 0.9953695415113686, "font": 0.515071369281099, "xhr": 0.28444361257141, "plugin": 0.17638873065217037, "media": 0.02038541039371104, "referer_leaked": 0.9891115053465926, "referer_leaked_header": 0.9890626780163083, "referer_leaked_url": 0.0, "hosts": 3.593325303950131, "trackers": 2.6866750215654043, "companies": 1.1609918458358426}