{"id": "amazon.com", "month": "2019-04", "country": "global", "site": "amazon.com", "category": "E-Commerce", "popularity": 0.11740582714954594, "cookies": 0.6822487486897859, "bad_qs": 0.01329999420843605, "tracked": 0.683149226083551, "https": 0.9850353054816404, "requests": 187.16414921296717, "requests_tracking": 3.3224543965247264, "content_length": 24199293.6271578, "requests_failed": 39.36234114300078, "has_blocking": 0.4398072936452888, "script": 0.9700539609655777, "iframe": 0.8379361094070151, "beacon": 0.0003440200964274435, "image": 0.9668276346120871, "stylesheet": 0.9734054617622322, "font": 0.45398806075380527, "xhr": 0.387113105410836, "plugin": 0.17586380397706158, "media": 0.07317458379048457, "referer_leaked": 0.9727973176015211, "referer_leaked_header": 0.9624191584216737, "referer_leaked_url": 0.0, "hosts": 4.942965253191664, "trackers": 3.9108220133812077, "companies": 1.6551021851684575}