{"id": "amazon.es", "month": "2019-04", "country": "global", "site": "amazon.es", "category": "E-Commerce", "popularity": 0.004991950626137963, "cookies": 0.7776533511380812, "bad_qs": 0.05855423757224375, "tracked": 0.7806283216630536, "https": 0.9864210625659402, "requests": 142.08346679851195, "requests_tracking": 2.7856006919060237, "content_length": 2388278.9758917517, "requests_failed": 36.72779864858583, "has_blocking": 0.4793209967841583, "script": 0.9863534495994636, "iframe": 0.91133263748322, "beacon": 0.0014635390035257344, "image": 0.9897819904412168, "stylesheet": 0.997299707151339, "font": 0.5064042156684598, "xhr": 0.2612635454831017, "plugin": 0.4191947577413325, "media": 0.038740821187649925, "referer_leaked": 0.9933189937500264, "referer_leaked_header": 0.9862337183046612, "referer_leaked_url": 0.0, "hosts": 4.935647950552384, "trackers": 3.9974109868253316, "companies": 1.5966055473621787}