{"id": "amazon.cn", "month": "2019-04", "country": "global", "site": "amazon.cn", "category": "E-Commerce", "popularity": 0.000392016102319817, "cookies": 0.227695067264574, "bad_qs": 0.025058295964125562, "tracked": 0.229542600896861, "https": 0.9463677130044843, "requests": 121.2282331838565, "requests_tracking": 1.7133991031390134, "content_length": 2758524.1688430496, "requests_failed": 28.340484304932737, "has_blocking": 0.4593542600896861, "script": 0.9897578475336323, "iframe": 0.8146188340807174, "beacon": 0.0007174887892376681, "image": 0.9782421524663677, "stylesheet": 0.9908161434977578, "font": 0.13440358744394618, "xhr": 0.22631390134529147, "plugin": 0.15594618834080717, "media": 0.017560538116591928, "referer_leaked": 0.9832107623318386, "referer_leaked_header": 0.9811300448430493, "referer_leaked_url": 0.0, "hosts": 3.477596412556054, "trackers": 2.8184932735426007, "companies": 1.4537399103139013}