{"id": "amazon.fr", "month": "2019-04", "country": "global", "site": "amazon.fr", "category": "E-Commerce", "popularity": 0.025556426249296955, "cookies": 0.7698597044410876, "bad_qs": 0.03504004710452968, "tracked": 0.7717672728073144, "https": 0.9866151048158328, "requests": 146.3672183289448, "requests_tracking": 2.091984801085165, "content_length": 1915489.0521839499, "requests_failed": 38.12048111554092, "has_blocking": 0.4918296202747581, "script": 0.9903952983516167, "iframe": 0.9143212077689457, "beacon": 0.001960120732871643, "image": 0.9877547482851695, "stylesheet": 0.9973198293011085, "font": 0.4599014436767947, "xhr": 0.4212647236048172, "plugin": 0.27821140358841867, "media": 0.03667880048535275, "referer_leaked": 0.9936846362743399, "referer_leaked_header": 0.9877528222822034, "referer_leaked_url": 0.0, "hosts": 4.748374591068298, "trackers": 3.8181360693581183, "companies": 1.4077329019086688}