{"id": "amazon.in", "month": "2019-04", "country": "global", "site": "amazon.in", "category": "E-Commerce", "popularity": 0.004397935482179736, "cookies": 0.12104961899188739, "bad_qs": 0.021152905286787347, "tracked": 0.12533296239803277, "https": 0.95308947535039, "requests": 145.39554813684956, "requests_tracking": 2.02278374152205, "content_length": 3015820.9474742822, "requests_failed": 35.929306446919476, "has_blocking": 0.47341417164711264, "script": 0.9812118072543433, "iframe": 0.8539250390921038, "beacon": 0.001133591069412867, "image": 0.9837092250969708, "stylesheet": 0.9948117023691894, "font": 0.4793811136373084, "xhr": 0.3930411258525916, "plugin": 0.168340672096392, "media": 0.05321802361834595, "referer_leaked": 0.9875592776994336, "referer_leaked_header": 0.9874169792436117, "referer_leaked_url": 0.0, "hosts": 4.099506592095881, "trackers": 3.110697006616079, "companies": 1.6061402583116688}