{"id": "amazon.ca", "month": "2019-04", "country": "global", "site": "amazon.ca", "category": "E-Commerce", "popularity": 0.007468029803574408, "cookies": 0.10772605938487179, "bad_qs": 0.03608005235133774, "tracked": 0.12406607944033031, "https": 0.9898941203609982, "requests": 138.4106096200291, "requests_tracking": 1.9019391651091515, "content_length": 2649057.1224851822, "requests_failed": 33.511317210502284, "has_blocking": 0.4696950722890999, "script": 0.9861532594827952, "iframe": 0.9180663901587017, "beacon": 0.001935869611272486, "image": 0.9898903540777079, "stylesheet": 0.9957601065858172, "font": 0.4869860788753878, "xhr": 0.341469132954508, "plugin": 0.2071145091355909, "media": 0.056057360494512994, "referer_leaked": 0.9886851434247755, "referer_leaked_header": 0.9885806290634666, "referer_leaked_url": 0.0, "hosts": 3.765005578807124, "trackers": 2.839227723611301, "companies": 1.2124494494164615}