{"id": "amd.com", "month": "2019-04", "country": "global", "site": "amd.com", "category": "Business", "popularity": 0.0003919387538511978, "cookies": 0.521179066721685, "bad_qs": 0.035361237194782826, "tracked": 0.5276018586626958, "https": 0.9763899603509213, "requests": 36.35007804230431, "requests_tracking": 6.187785930856313, "content_length": 723291.9842659538, "requests_failed": 14.930533378783258, "has_blocking": 0.44082240442060316, "script": 0.952439046269219, "iframe": 0.3931179246129281, "beacon": 0.09072642135668024, "image": 0.5546385833976211, "stylesheet": 0.8228708803530741, "font": 0.5604155079926084, "xhr": 0.6912215863219648, "plugin": 0.0018299574803997201, "media": 0.000986741778646908, "referer_leaked": 0.8401298910995891, "referer_leaked_header": 0.8285042788711674, "referer_leaked_url": 0.0, "hosts": 10.379787940221389, "trackers": 9.535926371122553, "companies": 6.358079621091157}