{"id": "ameli.fr", "month": "2019-04", "country": "global", "site": "ameli.fr", "category": "Business", "popularity": 0.0008044100102812991, "cookies": 0.5438731446353957, "bad_qs": 0.00958932848476372, "tracked": 0.5472123638525149, "https": 0.9311613839402787, "requests": 13.887900138114302, "requests_tracking": 3.204566513400584, "content_length": 669197.7076697145, "requests_failed": 4.110500183569643, "has_blocking": 0.17831605447647686, "script": 0.5350355775450619, "iframe": 0.37644888896659034, "beacon": 0.00042832916659382155, "image": 0.7596723718946136, "stylesheet": 0.25782793405479115, "font": 0.11795660763300057, "xhr": 0.11152292872253011, "plugin": 0.003042011223972447, "media": 0.011459990559275511, "referer_leaked": 0.8026014440811903, "referer_leaked_header": 0.7916484553925768, "referer_leaked_url": 0.0, "hosts": 2.381536390496337, "trackers": 2.316377908704698, "companies": 1.9401038479693702}