{"id": "americanthinker.com", "month": "2019-04", "country": "global", "site": "americanthinker.com", "category": "Entertainment", "popularity": 0.0003768839291863238, "cookies": 0.6237173028844359, "bad_qs": 0.04046792790775775, "tracked": 0.626273368409269, "https": 0.9930407851039218, "requests": 27.438187992089258, "requests_tracking": 6.676648382402329, "content_length": 476771.63636702864, "requests_failed": 12.565319601477666, "has_blocking": 0.514440837344677, "script": 0.9810067539833576, "iframe": 0.41639613418411137, "beacon": 0.15243106086047986, "image": 0.7115377439456696, "stylesheet": 0.17541699317138698, "font": 0.09362289637673048, "xhr": 0.23258330534721444, "plugin": 0.0022015746856225977, "media": 0.005615881189596627, "referer_leaked": 0.9722564274786373, "referer_leaked_header": 0.9099033546027837, "referer_leaked_url": 0.0, "hosts": 9.794357998432778, "trackers": 7.993040785103922, "companies": 7.232508675696854}