{"id": "americanas.com.br", "month": "2019-04", "country": "global", "site": "americanas.com.br", "category": "E-Commerce", "popularity": 0.0004875203660275794, "cookies": 0.8301217331102522, "bad_qs": 0.05271735994922979, "tracked": 0.8315207984768938, "https": 0.8792332544856631, "requests": 134.62676686090117, "requests_tracking": 17.75904344314314, "content_length": 1102234.4527635146, "requests_failed": 42.16497432642935, "has_blocking": 0.5122454277966884, "script": 0.986095886459355, "iframe": 0.7889286332429469, "beacon": 0.2563895459528068, "image": 0.9903940460393469, "stylesheet": 0.2709427104367392, "font": 0.08258812669474414, "xhr": 0.977701494259505, "plugin": 0.0010529048635550683, "media": 0.008379968845554722, "referer_leaked": 0.983788149772111, "referer_leaked_header": 0.9653406796284544, "referer_leaked_url": 0.0, "hosts": 15.282712167541684, "trackers": 13.011163676224543, "companies": 9.04508740552703}