{"id": "ameritrade.com", "month": "2019-04", "country": "global", "site": "ameritrade.com", "category": "Business", "popularity": 0.0006949338004693308, "cookies": 0.9672464559997571, "bad_qs": 0.12231227676086978, "tracked": 0.9674387072620385, "https": 0.9986340041890538, "requests": 91.40717805502433, "requests_tracking": 36.33103643667344, "content_length": 480348.97044389806, "requests_failed": 34.773983344969594, "has_blocking": 0.4737577026986006, "script": 0.9749567434659867, "iframe": 0.9118983294377156, "beacon": 1.011848748849022e-05, "image": 0.7913365510123547, "stylesheet": 0.2666423822966943, "font": 0.19519574214046484, "xhr": 0.9398152364184602, "plugin": 0.00826680427809651, "media": 8.094789990792176e-05, "referer_leaked": 0.9417579860162503, "referer_leaked_header": 0.827712513533477, "referer_leaked_url": 0.0, "hosts": 8.25139382165154, "trackers": 7.951218771817989, "companies": 6.913203614323731}