{"id": "americanexpress.com", "month": "2019-04", "country": "global", "site": "americanexpress.com", "category": "Banking", "popularity": 0.0022960189741700133, "cookies": 0.5645233902457698, "bad_qs": 0.0419447209248909, "tracked": 0.5689579664650486, "https": 0.9868922747109716, "requests": 88.52267360845265, "requests_tracking": 8.455802771610138, "content_length": 1144717.1885093024, "requests_failed": 26.137401424086978, "has_blocking": 0.4614378684633642, "script": 0.9890329990046703, "iframe": 0.6300191409539851, "beacon": 0.0033565576908353113, "image": 0.969775668019294, "stylesheet": 0.8882903299900468, "font": 0.6575943649031468, "xhr": 0.7987504785238496, "plugin": 0.01494525687160248, "media": 0.0021254115305106808, "referer_leaked": 0.9459153204195697, "referer_leaked_header": 0.6051757139575836, "referer_leaked_url": 0.0, "hosts": 8.115326544674987, "trackers": 7.626613582420948, "companies": 6.79837684710206}