{"id": "aminoapps.com", "month": "2019-04", "country": "global", "site": "aminoapps.com", "category": "Entertainment", "popularity": 0.00021818596661671034, "cookies": 0.5042379709304199, "bad_qs": 0.00157916787521351, "tracked": 0.5042701988462406, "https": 0.2886332140900448, "requests": 172.77585484546714, "requests_tracking": 2.9121144735569953, "content_length": 6521882.615843243, "requests_failed": 51.40475039479197, "has_blocking": 0.4371716781075768, "script": 0.9921041606239325, "iframe": 0.13297238067614167, "beacon": 0.07928067291888234, "image": 0.9971639434077798, "stylesheet": 0.9886557736311192, "font": 0.6896129427309936, "xhr": 0.963195720132779, "plugin": 0.0014824841277514583, "media": 0.061039672564375265, "referer_leaked": 0.9918141093815463, "referer_leaked_header": 0.9897192948532019, "referer_leaked_url": 0.0, "hosts": 8.192948532018434, "trackers": 5.96935125205453, "companies": 3.699281317477199}