{"id": "ampparit.com", "month": "2019-04", "country": "global", "site": "ampparit.com", "category": "News and Portals", "popularity": 0.00024473758638997724, "cookies": 0.9147536273523919, "bad_qs": 0.03901738255997701, "tracked": 0.9149547478810516, "https": 0.49119379399511565, "requests": 36.345812383278265, "requests_tracking": 10.735124263755207, "content_length": 503879.2732653354, "requests_failed": 14.840310300244218, "has_blocking": 0.5535698893837092, "script": 0.9903462146243356, "iframe": 0.9603505243499497, "beacon": 0.004051142077287746, "image": 0.6574342766843845, "stylesheet": 0.9892256859646602, "font": 0.309122252549921, "xhr": 0.625571038643873, "plugin": 0.11121965234880046, "media": 0.003361585979026002, "referer_leaked": 0.9935928745869846, "referer_leaked_header": 0.9914954747881052, "referer_leaked_url": 0.0, "hosts": 12.797644016664272, "trackers": 10.175922999569027, "companies": 6.340066082459416}