{"id": "amtrak.com", "month": "2019-04", "country": "global", "site": "amtrak.com", "category": "Business", "popularity": 0.00040344258063855607, "cookies": 0.6793725490196079, "bad_qs": 0.08745969498910676, "tracked": 0.6841132897603486, "https": 0.9920348583877996, "requests": 43.40874945533769, "requests_tracking": 5.399372549019608, "content_length": 415174.7886013072, "requests_failed": 15.64149891067538, "has_blocking": 0.4598169934640523, "script": 0.9976122004357298, "iframe": 0.7539869281045751, "beacon": 0.04442701525054466, "image": 0.8808888888888889, "stylesheet": 0.10755555555555556, "font": 0.24514161220043573, "xhr": 0.8861176470588236, "plugin": 0.0010806100217864924, "media": 0.0006274509803921569, "referer_leaked": 0.9910762527233116, "referer_leaked_header": 0.9851154684095861, "referer_leaked_url": 0.0, "hosts": 12.394788671023965, "trackers": 11.014152505446622, "companies": 8.92630936819172}