{"id": "ancestry.co.uk", "month": "2019-04", "country": "global", "site": "ancestry.co.uk", "category": "Business", "popularity": 0.0015612085222880246, "cookies": 0.8954622227226664, "bad_qs": 0.3387996847201892, "tracked": 0.897151221709267, "https": 0.9997477761513343, "requests": 100.23076230154263, "requests_tracking": 13.73999774800135, "content_length": 399100.1223736066, "requests_failed": 30.000211687872987, "has_blocking": 0.42910933453439926, "script": 0.9990766805539917, "iframe": 0.9632699020380587, "beacon": 0.1763405021956987, "image": 0.9737281837630898, "stylesheet": 0.9961625943024435, "font": 0.28376534174079493, "xhr": 0.880972863416282, "plugin": 0.00022069586758247946, "media": 2.2519986488008108e-05, "referer_leaked": 0.9713365611980633, "referer_leaked_header": 0.8500304019817588, "referer_leaked_url": 0.0, "hosts": 16.80035581578651, "trackers": 14.732395000562999, "companies": 12.707614007431596}