{"id": "androidfilehost.com", "month": "2019-04", "country": "global", "site": "androidfilehost.com", "category": "Business", "popularity": 0.0002175320204729302, "cookies": 0.16692526506335661, "bad_qs": 0.0160977501939488, "tracked": 0.17070726661494698, "https": 0.9945694336695112, "requests": 28.265451254202222, "requests_tracking": 1.064358675976209, "content_length": 267429.875161624, "requests_failed": 10.345293509180243, "has_blocking": 0.32266614946987326, "script": 0.992403672097233, "iframe": 0.8619084561675717, "beacon": 0.029771140418929403, "image": 0.9513835014222912, "stylesheet": 0.9947957072666149, "font": 0.7515839151797259, "xhr": 0.5088246702870443, "plugin": 0.0033941039565554693, "media": 0.0027799327644168607, "referer_leaked": 0.9832880786139125, "referer_leaked_header": 0.9739138867339022, "referer_leaked_url": 0.0, "hosts": 9.433992759244893, "trackers": 8.828581587794156, "companies": 5.108579001810189}