{"id": "anibis.ch", "month": "2019-04", "country": "global", "site": "anibis.ch", "category": "E-Commerce", "popularity": 0.0006077902030514027, "cookies": 0.7712180110139294, "bad_qs": 0.11726595400064788, "tracked": 0.7717849044379657, "https": 0.9990628904623073, "requests": 46.74481697440881, "requests_tracking": 12.75327409875515, "content_length": 308739.0462885835, "requests_failed": 18.44676986440835, "has_blocking": 0.5023832662316627, "script": 0.9992942755333426, "iframe": 0.9750451200888519, "beacon": 0.19449072145865148, "image": 0.7327039659401176, "stylesheet": 0.9809338701466981, "font": 0.2972025544911842, "xhr": 0.9361030126336248, "plugin": 0.0006131704382433246, "media": 0.00021981581748345598, "referer_leaked": 0.9946434356055347, "referer_leaked_header": 0.9935790642787727, "referer_leaked_url": 0.0, "hosts": 16.97652598454348, "trackers": 14.767619973159333, "companies": 9.830441019945393}