{"id": "anilinkz.to", "month": "2019-04", "country": "global", "site": "anilinkz.to", "category": "Entertainment", "popularity": 4.640908117149403e-06, "cookies": 0.9939393939393939, "bad_qs": 0.10909090909090909, "tracked": 0.9939393939393939, "https": 0.9939393939393939, "requests": 122.74090909090908, "requests_tracking": 29.848484848484848, "content_length": 119470256.88787879, "requests_failed": 42.377272727272725, "has_blocking": 0.5333333333333333, "script": 0.9954545454545455, "iframe": 0.9, "beacon": 0.024242424242424242, "image": 0.9924242424242424, "stylesheet": 0.990909090909091, "font": 0.20909090909090908, "xhr": 0.4772727272727273, "plugin": 0.0030303030303030303, "media": 0.25303030303030305, "referer_leaked": 0.9939393939393939, "referer_leaked_header": 0.9893939393939394, "referer_leaked_url": 0.0, "hosts": 17.383333333333333, "trackers": 11.045454545454545, "companies": 9.040909090909091}