{"id": "animenewsnetwork.com", "month": "2019-04", "country": "global", "site": "animenewsnetwork.com", "category": "Entertainment", "popularity": 0.0002744253349818026, "cookies": 0.571117431521767, "bad_qs": 0.018679375816742255, "tracked": 0.5723473492710175, "https": 0.9901350347195531, "requests": 26.27168370615215, "requests_tracking": 6.213467599354293, "content_length": 373702.97798959696, "requests_failed": 13.273810438926898, "has_blocking": 0.48284520972659956, "script": 0.9851384938632229, "iframe": 0.10469674840495041, "beacon": 0.004253465549491377, "image": 0.5983293617239347, "stylesheet": 0.09080892715299664, "font": 0.05398826453480923, "xhr": 0.2836754042073436, "plugin": 0.0005893355881825403, "media": 0.001076178030594204, "referer_leaked": 0.9213621339072949, "referer_leaked_header": 0.9186973121172521, "referer_leaked_url": 0.0, "hosts": 8.224946831680631, "trackers": 7.551746226971071, "companies": 5.7702103671816944}