{"id": "animeyt.tv", "month": "2019-04", "country": "global", "site": "animeyt.tv", "category": "Entertainment", "popularity": 1.2305438189411297e-06, "cookies": 0.68, "bad_qs": 0.017142857142857144, "tracked": 0.68, "https": 0.11428571428571428, "requests": 13.582857142857144, "requests_tracking": 1.822857142857143, "content_length": 101170.17142857143, "requests_failed": 5.4, "has_blocking": 0.32571428571428573, "script": 0.7257142857142858, "iframe": 0.26857142857142857, "beacon": 0.0, "image": 0.6228571428571429, "stylesheet": 0.7085714285714285, "font": 0.6285714285714286, "xhr": 0.02857142857142857, "plugin": 0.0, "media": 0.0, "referer_leaked": 0.7371428571428571, "referer_leaked_header": 0.7371428571428571, "referer_leaked_url": 0.0, "hosts": 3.4457142857142857, "trackers": 2.16, "companies": 1.8}