{"id": "anime4you.one", "month": "2019-04", "country": "global", "site": "anime4you.one", "category": "Entertainment", "popularity": 0.00046312747169668353, "cookies": 0.8193371088471524, "bad_qs": 0.004251248804336274, "tracked": 0.8200355282935791, "https": 0.9988157235473635, "requests": 30.11007697796942, "requests_tracking": 6.566554818335029, "content_length": 169245530.07907322, "requests_failed": 11.475471812702125, "has_blocking": 0.4054780377450162, "script": 0.9993471296479055, "iframe": 0.9067610039020391, "beacon": 0.0011994594840805915, "image": 0.4632950214839895, "stylesheet": 0.9985727950442586, "font": 0.36339067458208707, "xhr": 0.89135022698632, "plugin": 0.017657865569439594, "media": 0.3932556974325494, "referer_leaked": 0.6768595417761111, "referer_leaked_header": 0.6718491413995719, "referer_leaked_url": 0.0, "hosts": 9.049405584318965, "trackers": 8.533030684906548, "companies": 4.986821128706557}