{"id": "aniwatcher.com", "month": "2019-04", "country": "global", "site": "aniwatcher.com", "category": "Entertainment", "popularity": 0.00032533469069113855, "cookies": 0.8862039898847991, "bad_qs": 0.08070547042168284, "tracked": 0.8873495147729483, "https": 0.9679901441632265, "requests": 128.19160524780082, "requests_tracking": 37.34160416711695, "content_length": 96026643.51258996, "requests_failed": 38.47197786759462, "has_blocking": 0.3905807595046145, "script": 0.9923271446171137, "iframe": 0.9067153694858107, "beacon": 0.11033782177361835, "image": 0.9991138392374694, "stylesheet": 0.7379341647394472, "font": 0.2690254392979878, "xhr": 0.8688914344997515, "plugin": 0.010482633410422115, "media": 0.3476343830375862, "referer_leaked": 0.9309443015540234, "referer_leaked_header": 0.9280696824950829, "referer_leaked_url": 0.0, "hosts": 20.565651544297232, "trackers": 13.06434391683057, "companies": 10.15974668770398}