{"id": "annuaire-telechargement.com", "month": "2019-04", "country": "global", "site": "annuaire-telechargement.com", "category": "Entertainment", "popularity": 0.00219119070415416, "cookies": 0.9862010095726484, "bad_qs": 0.0026218081811967896, "tracked": 0.9862683999910146, "https": 0.9503717704746532, "requests": 49.995141471742556, "requests_tracking": 24.28634509670525, "content_length": 4173173.365609065, "requests_failed": 21.673281624558353, "has_blocking": 0.9611638646158586, "script": 0.9951831896205919, "iframe": 0.9910178199520565, "beacon": 0.000831148493182336, "image": 0.9737690819178672, "stylesheet": 0.37661616664045927, "font": 0.28836360018869317, "xhr": 0.9728577067361537, "plugin": 0.0027405436802228375, "media": 1.2836270164978163e-05, "referer_leaked": 0.9888292358889278, "referer_leaked_header": 0.9876258355609611, "referer_leaked_url": 0.0, "hosts": 7.795299999679093, "trackers": 6.836998623310024, "companies": 3.8102799269616225}