{"id": "anpfiff.info", "month": "2019-04", "country": "global", "site": "anpfiff.info", "category": "News and Portals", "popularity": 1.903475495927793e-05, "cookies": 0.8943479867011451, "bad_qs": 0.41374214998152936, "tracked": 0.8943479867011451, "https": 0.028075360177318064, "requests": 163.0978943479867, "requests_tracking": 74.14222386405615, "content_length": 1359894.8673808645, "requests_failed": 43.57258958256372, "has_blocking": 0.25821943110454376, "script": 0.9996305873660879, "iframe": 0.8736608792020687, "beacon": 0.5932766900628001, "image": 0.9283339490210565, "stylesheet": 0.9360916143332102, "font": 0.34281492427041005, "xhr": 0.9287033616549686, "plugin": 0.0011082379017362395, "media": 0.04322127816771334, "referer_leaked": 0.9977835241965275, "referer_leaked_header": 0.990764684152198, "referer_leaked_url": 0.0, "hosts": 31.869966752862947, "trackers": 29.280014776505357, "companies": 21.624676763945327}