{"id": "anwb.nl", "month": "2019-04", "country": "global", "site": "anwb.nl", "category": "Business", "popularity": 0.00022916944916063058, "cookies": 0.4845202663311957, "bad_qs": 0.018839556932895584, "tracked": 0.485195299315762, "https": 0.99463041944095, "requests": 32.52130956399006, "requests_tracking": 7.7144610475284585, "content_length": 437524.830965604, "requests_failed": 13.554232763646406, "has_blocking": 0.5262495781043847, "script": 0.9959804854100825, "iframe": 0.4141941026663803, "beacon": 0.07799699303488693, "image": 0.46040317879169096, "stylesheet": 0.13574299653278513, "font": 0.051640023319321285, "xhr": 0.39817741094167103, "plugin": 0.00036819980976343165, "media": 0.0004602497622042895, "referer_leaked": 0.9396459145162775, "referer_leaked_header": 0.9157129268816544, "referer_leaked_url": 0.0, "hosts": 8.697738639501702, "trackers": 7.869780000613666, "companies": 5.735785953177258}