{"id": "aol.com", "month": "2019-04", "country": "global", "site": "aol.com", "category": "News and Portals", "popularity": 0.003883983034921301, "cookies": 0.6965357424120358, "bad_qs": 0.031635451838038946, "tracked": 0.6971241321251731, "https": 0.9839976102325497, "requests": 115.39763738899802, "requests_tracking": 30.083000968579988, "content_length": 3178102.132976075, "requests_failed": 31.07402666763223, "has_blocking": 0.4307646350625956, "script": 0.9675516651428882, "iframe": 0.36620289487738866, "beacon": 0.33863547899448726, "image": 0.9764064777181342, "stylesheet": 0.86872210806456, "font": 0.39988775334703225, "xhr": 0.5760371500212725, "plugin": 0.003258773795837822, "media": 0.08195454010554806, "referer_leaked": 0.798982538403744, "referer_leaked_header": 0.7722479202686678, "referer_leaked_url": 0.0, "hosts": 7.327251495867694, "trackers": 6.159250844112934, "companies": 3.6176643644033275}