{"id": "apache.org", "month": "2019-04", "country": "global", "site": "apache.org", "category": "Business", "popularity": 0.000528022836868156, "cookies": 0.5353033612102488, "bad_qs": 0.0035423214190592875, "tracked": 0.5360357960901294, "https": 0.8115245299099771, "requests": 9.996470995578756, "requests_tracking": 3.213338305012518, "content_length": 181652.3194614606, "requests_failed": 3.1482315026900336, "has_blocking": 0.21923773504501146, "script": 0.7711873435252756, "iframe": 0.22839982954242796, "beacon": 0.0009055558514888403, "image": 0.43551909657486815, "stylesheet": 0.5047142172268684, "font": 0.320060725510041, "xhr": 0.18756991423853406, "plugin": 0.0010120918340169392, "media": 0.0022772066265381134, "referer_leaked": 0.8090742023118308, "referer_leaked_header": 0.7937063868321526, "referer_leaked_url": 0.0, "hosts": 3.0422415170723913, "trackers": 2.944920897032973, "companies": 2.051603366537048}