{"id": "aparat.com", "month": "2019-04", "country": "global", "site": "aparat.com", "category": "Entertainment", "popularity": 0.0001312462878887782, "cookies": 0.8114653094026252, "bad_qs": 0.015215644253951246, "tracked": 0.8151084918296276, "https": 0.9979105277256898, "requests": 13.797053308331101, "requests_tracking": 4.373265470131262, "content_length": 488735.44071792124, "requests_failed": 4.105223680685776, "has_blocking": 0.3004018215912135, "script": 0.9961425127243504, "iframe": 0.6800964371818913, "beacon": 0.00016072863648540047, "image": 0.859791052772569, "stylesheet": 0.10886686311277792, "font": 0.02614519153495848, "xhr": 0.2915617465845165, "plugin": 0.0018215912135012054, "media": 0.0006964907581034021, "referer_leaked": 0.9602464505759443, "referer_leaked_header": 0.9561746584516475, "referer_leaked_url": 0.0, "hosts": 5.451058130190195, "trackers": 5.066220198231985, "companies": 3.694026252343959}