{"id": "apkpure.com", "month": "2019-04", "country": "global", "site": "apkpure.com", "category": "Business", "popularity": 0.00028189297804303394, "cookies": 0.9225473321858864, "bad_qs": 0.016089201526603307, "tracked": 0.9239442241013744, "https": 0.9902467010900746, "requests": 39.67903913791813, "requests_tracking": 21.546758462421113, "content_length": 20561380.184564345, "requests_failed": 12.820923445334131, "has_blocking": 0.47776197959540023, "script": 0.9798448452193869, "iframe": 0.3863154481279154, "beacon": 0.04567337673676071, "image": 0.972436329167602, "stylesheet": 0.11801242236024845, "font": 0.02876100675995909, "xhr": 0.14096136097183767, "plugin": 0.0036917857766469607, "media": 0.00027438948339943625, "referer_leaked": 0.9791962882586246, "referer_leaked_header": 0.977001172391429, "referer_leaked_url": 0.0, "hosts": 6.2303125545660905, "trackers": 5.021751602684028, "companies": 3.344433635161765}