{"id": "apotal.de", "month": "2019-04", "country": "global", "site": "apotal.de", "category": "E-Commerce", "popularity": 0.0001035485044441547, "cookies": 0.7286432160804021, "bad_qs": 0.029607496944180363, "tracked": 0.7291864729050659, "https": 0.999796278690751, "requests": 25.279098193671057, "requests_tracking": 5.6619584408529136, "content_length": 69992.36004346055, "requests_failed": 8.274887953279913, "has_blocking": 0.24711394811897325, "script": 0.9964688306396849, "iframe": 0.6248132554665218, "beacon": 0.0006790710308298248, "image": 0.9358277875865816, "stylesheet": 0.8299606138802119, "font": 0.012766535379600706, "xhr": 0.6352709493413011, "plugin": 0.0012223278554936846, "media": 6.790710308298248e-05, "referer_leaked": 0.9667255194893386, "referer_leaked_header": 0.9665897052831727, "referer_leaked_url": 0.0, "hosts": 8.7837158766807, "trackers": 6.969238082303409, "companies": 6.813866630449545}