{"id": "appear.in", "month": "2019-04", "country": "global", "site": "appear.in", "category": "Business", "popularity": 0.0002823430054968181, "cookies": 0.8436231414838243, "bad_qs": 0.010709037929918064, "tracked": 0.8441959504893781, "https": 0.9894154857669415, "requests": 118.88461634248998, "requests_tracking": 17.088785395860832, "content_length": 849017.0744900755, "requests_failed": 41.13742435185416, "has_blocking": 0.446367643762608, "script": 0.9930515777152392, "iframe": 0.8972679500909023, "beacon": 0.0001743331756033173, "image": 0.9141533633850522, "stylesheet": 0.9909097701292556, "font": 0.6939207531193186, "xhr": 0.9058351804348368, "plugin": 0.00039847582995043956, "media": 0.5599830647772271, "referer_leaked": 0.9928274350608921, "referer_leaked_header": 0.9913082459592061, "referer_leaked_url": 0.0, "hosts": 11.405374442756457, "trackers": 9.77222125370458, "companies": 6.66986277488606}