{"id": "appledaily.com", "month": "2019-04", "country": "global", "site": "appledaily.com", "category": "News and Portals", "popularity": 0.0005677658863804718, "cookies": 0.9674650748043199, "bad_qs": 0.14890270484494203, "tracked": 0.9681957792529476, "https": 0.9908104626969186, "requests": 91.4230035668285, "requests_tracking": 30.92839096403448, "content_length": 1754188.1841003667, "requests_failed": 25.873687208956703, "has_blocking": 0.519890022788071, "script": 0.9970771822054889, "iframe": 0.9319206380659864, "beacon": 0.054542752402655305, "image": 0.9261864658674329, "stylesheet": 0.887830674725057, "font": 0.023977013771921133, "xhr": 0.9556375705934806, "plugin": 0.0018453383533141782, "media": 0.009623006043792728, "referer_leaked": 0.9840235806994947, "referer_leaked_header": 0.9832061825027246, "referer_leaked_url": 0.0, "hosts": 15.772478450411176, "trackers": 11.100180818388983, "companies": 6.7200287327850985}