{"id": "ar15.com", "month": "2019-04", "country": "global", "site": "ar15.com", "category": "E-Commerce", "popularity": 0.0014988094031492612, "cookies": 0.3998386120637482, "bad_qs": 0.0024302020633259988, "tracked": 0.39994182527879296, "https": 0.8712133651730464, "requests": 10.422512678805166, "requests_tracking": 1.9512739794793363, "content_length": 1487163.3413917832, "requests_failed": 4.213571599476428, "has_blocking": 0.27122556309846074, "script": 0.9431811251178742, "iframe": 0.042228279482620305, "beacon": 0.0040956880333660175, "image": 0.7185281795534622, "stylesheet": 0.01968088350512078, "font": 0.018029472064405045, "xhr": 0.3380045132324033, "plugin": 9.383019549521232e-06, "media": 0.00028618209626039755, "referer_leaked": 0.7582652673456846, "referer_leaked_header": 0.7542915585664622, "referer_leaked_url": 0.0, "hosts": 3.6447166562671534, "trackers": 3.3995195893990644, "companies": 2.7117395649093834}