{"id": "archdaily.com", "month": "2019-04", "country": "global", "site": "archdaily.com", "category": "Reference", "popularity": 0.0002920959442217973, "cookies": 0.5235435724602793, "bad_qs": 0.011194029850746268, "tracked": 0.5262638420799229, "https": 0.8682474723158402, "requests": 102.78338950409244, "requests_tracking": 6.315479056331247, "content_length": 4498602.424073182, "requests_failed": 33.40002407318247, "has_blocking": 0.5066441983630235, "script": 0.9975686085700529, "iframe": 0.2491815117958594, "beacon": 0.004357246027924892, "image": 0.994703899855561, "stylesheet": 0.9868319691863264, "font": 0.5702214732787675, "xhr": 0.9872412132883968, "plugin": 0.0010832932113625422, "media": 0.002094366875300915, "referer_leaked": 0.9985796822339913, "referer_leaked_header": 0.980524795377949, "referer_leaked_url": 0.0, "hosts": 9.125012036591237, "trackers": 7.733196918632643, "companies": 4.94174289841117}