{"id": "archiveofourown.org", "month": "2019-04", "country": "global", "site": "archiveofourown.org", "category": "Entertainment", "popularity": 0.005163333737561118, "cookies": 0.5554081732707246, "bad_qs": 0.001498033490581455, "tracked": 0.5555252922527155, "https": 0.9879598962816085, "requests": 7.9530870384695, "requests_tracking": 2.556223920598778, "content_length": 137618.45648621264, "requests_failed": 2.6193347097083466, "has_blocking": 0.29415113251331887, "script": 0.9936755749724907, "iframe": 0.39946424874982295, "beacon": 5.44739451120529e-06, "image": 0.5598518853432404, "stylesheet": 0.06654537134888383, "font": 0.00587910052621831, "xhr": 0.2808227199930273, "plugin": 0.0024295379519975596, "media": 0.00039357425343458224, "referer_leaked": 0.8354587250917886, "referer_leaked_header": 0.6833375096691252, "referer_leaked_url": 0.0, "hosts": 3.189890725266105, "trackers": 2.921426781570375, "companies": 2.848330918321767}