{"id": "ardmediathek.de", "month": "2019-04", "country": "global", "site": "ardmediathek.de", "category": "Entertainment", "popularity": 0.00040992578864463446, "cookies": 0.7975882120863852, "bad_qs": 0.14309484193011648, "tracked": 0.8005729282810436, "https": 0.9940305676106832, "requests": 805.6939636687994, "requests_tracking": 447.3874813455238, "content_length": 1500942191.1594594, "requests_failed": 154.10228656706178, "has_blocking": 0.3627287853577371, "script": 0.9909257766265845, "iframe": 0.14865258932706657, "beacon": 0.04897336055028561, "image": 0.9839442852976997, "stylesheet": 0.027171209496200492, "font": 0.011184108959294647, "xhr": 0.7625778341938694, "plugin": 0.0017668147589069763, "media": 0.16722987460761274, "referer_leaked": 0.8864778633548897, "referer_leaked_header": 0.8830128480024702, "referer_leaked_url": 0.0, "hosts": 4.384633857659914, "trackers": 4.356862274216512, "companies": 4.343431051340549}