{"id": "arduino.cc", "month": "2019-04", "country": "global", "site": "arduino.cc", "category": "Business", "popularity": 0.000610195037257562, "cookies": 0.6908202539814239, "bad_qs": 0.014761805987692733, "tracked": 0.6919380488142156, "https": 0.816186130125147, "requests": 211.35196708843256, "requests_tracking": 14.822028624766645, "content_length": 801424.5127336421, "requests_failed": 182.960335568923, "has_blocking": 0.4265712507778469, "script": 0.9840512572310954, "iframe": 0.368814676530918, "beacon": 0.008147226255502547, "image": 0.8717993039710525, "stylesheet": 0.4018760515337989, "font": 0.05128027841157897, "xhr": 0.4709949526377653, "plugin": 0.0004494226647306921, "media": 0.03923805572841043, "referer_leaked": 0.9671230035262394, "referer_leaked_header": 0.9554149669271014, "referer_leaked_url": 0.0, "hosts": 7.237214501371315, "trackers": 6.587464564751435, "companies": 5.270540920509807}