{"id": "arenabg.com", "month": "2019-04", "country": "global", "site": "arenabg.com", "category": "Entertainment", "popularity": 0.00019560724545888197, "cookies": 0.9071823998849665, "bad_qs": 0.006075203105902653, "tracked": 0.9085124739377382, "https": 0.8892084261988641, "requests": 22.827413904666045, "requests_tracking": 4.588647638219857, "content_length": 414071.0629089079, "requests_failed": 11.114961535696311, "has_blocking": 0.526637429002804, "script": 0.9936731612624919, "iframe": 0.9882450212092889, "beacon": 0.0012581781580271766, "image": 0.9895750952620606, "stylesheet": 0.1952692501258178, "font": 0.10924581206413114, "xhr": 0.32105111798116326, "plugin": 0.0017255014738658423, "media": 0.0, "referer_leaked": 0.944963692573154, "referer_leaked_header": 0.9423394924149832, "referer_leaked_url": 0.0, "hosts": 9.56193831332231, "trackers": 5.838953195772522, "companies": 5.159357250700985}