{"id": "argos.co.uk", "month": "2019-04", "country": "global", "site": "argos.co.uk", "category": "Business", "popularity": 0.0005353990681028374, "cookies": 0.7815631525722015, "bad_qs": 0.046873563520311, "tracked": 0.7824168319302347, "https": 0.9954426655809616, "requests": 126.39622542388463, "requests_tracking": 11.276198106145179, "content_length": 1492194.474172916, "requests_failed": 36.978067007262844, "has_blocking": 0.4742648507374476, "script": 0.9964933478677717, "iframe": 0.9150523371114118, "beacon": 0.17673789417002667, "image": 0.9932887668930012, "stylesheet": 0.5505837853456088, "font": 0.05397880248486361, "xhr": 0.9311671766853601, "plugin": 0.004320930904506114, "media": 0.032006409161949544, "referer_leaked": 0.9915157405340093, "referer_leaked_header": 0.9871554090437478, "referer_leaked_url": 0.0, "hosts": 18.21175188137797, "trackers": 15.348077908091566, "companies": 12.628255473398038}