{"id": "ariva.de", "month": "2019-04", "country": "global", "site": "ariva.de", "category": "News and Portals", "popularity": 0.0005188605591762687, "cookies": 0.6154846928403963, "bad_qs": 0.12249793329629077, "tracked": 0.6170838471858949, "https": 0.9949585981650382, "requests": 76.23878897938717, "requests_tracking": 40.37929772730353, "content_length": 308997.3364458117, "requests_failed": 24.67031671387334, "has_blocking": 0.45388879101221047, "script": 0.9960563227581347, "iframe": 0.18593557305289407, "beacon": 0.06925151445337381, "image": 0.5830543847999025, "stylesheet": 0.9917738416295112, "font": 0.23826044532382876, "xhr": 0.29389204352952336, "plugin": 0.00025749095393622355, "media": 0.007074225155510984, "referer_leaked": 0.9621488297713752, "referer_leaked_header": 0.9332827386195774, "referer_leaked_url": 0.0, "hosts": 11.267099432164686, "trackers": 10.386642995568446, "companies": 6.7953353480871135}