{"id": "armorgames.com", "month": "2019-04", "country": "global", "site": "armorgames.com", "category": "Entertainment", "popularity": 0.00035808121963290334, "cookies": 0.8939007147906685, "bad_qs": 0.046009740004712904, "tracked": 0.8949611185295735, "https": 0.8055140994423062, "requests": 126.16442149084911, "requests_tracking": 20.29286780300055, "content_length": 3503406.27918074, "requests_failed": 33.802548896394626, "has_blocking": 0.48348519362186787, "script": 0.9945605215615427, "iframe": 0.9197627837561857, "beacon": 0.011016416620846752, "image": 0.8545675909198021, "stylesheet": 0.9785955541591391, "font": 0.17852093315529025, "xhr": 0.7703833163145078, "plugin": 0.13384651637734662, "media": 0.008895609143036682, "referer_leaked": 0.9834066451967638, "referer_leaked_header": 0.9734899065273741, "referer_leaked_url": 0.0, "hosts": 12.02870944937554, "trackers": 10.190931584321735, "companies": 7.360105254889639}