{"id": "arstechnica.com", "month": "2019-04", "country": "global", "site": "arstechnica.com", "category": "Entertainment", "popularity": 0.001956754527448461, "cookies": 0.5764579897009096, "bad_qs": 0.07454442875264575, "tracked": 0.5804216661815386, "https": 0.9840410813685644, "requests": 108.32489210391086, "requests_tracking": 30.22890501191259, "content_length": 2904035.075270324, "requests_failed": 38.44300822561692, "has_blocking": 0.4961351459157602, "script": 0.9424206815511164, "iframe": 0.46819535930026557, "beacon": 0.02399048430161314, "image": 0.9287939714744661, "stylesheet": 0.5025029017849122, "font": 0.39872860495118173, "xhr": 0.9214775205999777, "plugin": 0.0005641860448402132, "media": 0.4047657549851407, "referer_leaked": 0.9544374849520442, "referer_leaked_header": 0.9422302238417116, "referer_leaked_url": 0.0, "hosts": 25.38488268883163, "trackers": 19.101808629531007, "companies": 15.565619867973279}