{"id": "arukereso.hu", "month": "2019-04", "country": "global", "site": "arukereso.hu", "category": "E-Commerce", "popularity": 0.00030266455770676024, "cookies": 0.4651627442325117, "bad_qs": 0.036684245986571565, "tracked": 0.4658597216736752, "https": 0.9931231559138536, "requests": 28.7581255953349, "requests_tracking": 2.6430081546360618, "content_length": 147927.23518342123, "requests_failed": 8.774899519085565, "has_blocking": 0.45054945054945056, "script": 0.9847826592012638, "iframe": 0.5418070301791232, "beacon": 0.026787166322050044, "image": 0.9659642682898497, "stylesheet": 0.017168877633993912, "font": 0.008363729293961852, "xhr": 0.016518365355574657, "plugin": 0.003299026554840508, "media": 0.0, "referer_leaked": 0.9600167274585879, "referer_leaked_header": 0.9430569430569431, "referer_leaked_url": 0.0, "hosts": 5.819715168552378, "trackers": 5.4220198406244915, "companies": 4.351973607787562}