{"id": "aryion.com", "month": "2019-04", "country": "global", "site": "aryion.com", "category": "Adult", "popularity": 0.00038558914774546163, "cookies": 0.11813407250711212, "bad_qs": 0.000474141075206069, "tracked": 0.11846232402071631, "https": 0.8989350062003064, "requests": 2.560106499379969, "requests_tracking": 0.33678605295791086, "content_length": 137974.2071267051, "requests_failed": 1.3433693194251952, "has_blocking": 0.2562550149536801, "script": 0.975855277554891, "iframe": 0.015263695382595375, "beacon": 1.8236195200233425e-05, "image": 0.3484936902764607, "stylesheet": 0.10398278503173097, "font": 0.013549493033773433, "xhr": 0.008388649792107374, "plugin": 0.0021336348384273104, "media": 0.0007841563936100372, "referer_leaked": 0.3782551608432417, "referer_leaked_header": 0.3723283974031658, "referer_leaked_url": 0.0, "hosts": 1.433200816981545, "trackers": 1.4185571522357576, "companies": 1.3033043985702824}