{"id": "as.com", "month": "2019-04", "country": "global", "site": "as.com", "category": "Entertainment", "popularity": 0.0016094247449536206, "cookies": 0.7851513006702143, "bad_qs": 0.12725334451813597, "tracked": 0.7859158867888257, "https": 0.9442813327391407, "requests": 179.45428648823412, "requests_tracking": 16.032999536879267, "content_length": 3396582.7087276415, "requests_failed": 50.29343941419596, "has_blocking": 0.4967931073653673, "script": 0.9976756581994215, "iframe": 0.6424882690644087, "beacon": 0.01280135615732124, "image": 0.997876635122028, "stylesheet": 0.8702431820763538, "font": 0.5433280030758207, "xhr": 0.9037801137704145, "plugin": 0.003075820728585035, "media": 0.005754056675492175, "referer_leaked": 0.9840878706058144, "referer_leaked_header": 0.9800071652641973, "referer_leaked_url": 0.0, "hosts": 17.14285090133781, "trackers": 12.723569350145489, "companies": 10.33566641326098}