{"id": "asahi.com", "month": "2019-04", "country": "global", "site": "asahi.com", "category": "News and Portals", "popularity": 0.0005616131672857662, "cookies": 0.7813169064342862, "bad_qs": 0.24339856515043384, "tracked": 0.7816800010016401, "https": 0.9018267412888605, "requests": 156.93233920544893, "requests_tracking": 22.251975109241382, "content_length": 2310411.0065732636, "requests_failed": 43.21155892774418, "has_blocking": 0.5017966920832864, "script": 0.981532259074234, "iframe": 0.7742177816173985, "beacon": 0.0806821169665327, "image": 0.9751843643966996, "stylesheet": 0.9577683456660281, "font": 0.0885449924250961, "xhr": 0.603187719891322, "plugin": 0.004444778324506379, "media": 0.0016401858042544668, "referer_leaked": 0.9920870425321464, "referer_leaked_header": 0.9850254792222264, "referer_leaked_url": 0.0, "hosts": 18.87230339681228, "trackers": 13.851581965468455, "companies": 10.903078791521116}