{"id": "ashampoo.com", "month": "2019-04", "country": "global", "site": "ashampoo.com", "category": "Business", "popularity": 0.00010964497010713733, "cookies": 0.6895401782851279, "bad_qs": 0.018341563522093245, "tracked": 0.6958891810427756, "https": 0.9883280959404861, "requests": 18.79394600141089, "requests_tracking": 4.357852882703777, "content_length": 248742.9051497467, "requests_failed": 6.5823767074969535, "has_blocking": 0.2664015904572565, "script": 0.9780670813826717, "iframe": 0.07785544795741679, "beacon": 0.009812095170910024, "image": 0.3468864233951132, "stylesheet": 0.9662669146411852, "font": 0.6053998589110499, "xhr": 0.035464631565446034, "plugin": 0.0008978387738087603, "media": 0.00012826268197268004, "referer_leaked": 0.9536971718078625, "referer_leaked_header": 0.9401013275187584, "referer_leaked_url": 0.0, "hosts": 5.5496697235939205, "trackers": 5.450650933111011, "companies": 2.1233245687167317}