{"id": "asiandate.com", "month": "2019-04", "country": "global", "site": "asiandate.com", "category": "Entertainment", "popularity": 0.0002762887299076278, "cookies": 0.9192456479690522, "bad_qs": 0.04797414231904713, "tracked": 0.9207472258984017, "https": 0.19619769927720657, "requests": 177.23157385727376, "requests_tracking": 20.26980046828871, "content_length": 1160531.231344803, "requests_failed": 50.23177746106077, "has_blocking": 0.49602972615290647, "script": 0.9673470426549934, "iframe": 0.9322253893922426, "beacon": 2.5450473378804846e-05, "image": 0.9899979639621297, "stylesheet": 0.996615087040619, "font": 0.7928585971699074, "xhr": 0.8772014659472667, "plugin": 0.0, "media": 0.0, "referer_leaked": 0.9800722793443958, "referer_leaked_header": 0.9705538023007227, "referer_leaked_url": 0.0, "hosts": 15.587498727476332, "trackers": 10.7359513386949, "companies": 7.916064338796701}