{"id": "asos.com", "month": "2019-04", "country": "global", "site": "asos.com", "category": "E-Commerce", "popularity": 0.00256400329121953, "cookies": 0.8121057712348754, "bad_qs": 0.1093446615254665, "tracked": 0.8149250211169495, "https": 0.9972822211739927, "requests": 173.06283526585418, "requests_tracking": 15.340174859311752, "content_length": 2224385.2453460437, "requests_failed": 49.964915696749635, "has_blocking": 0.4844996105705416, "script": 0.9976332561787645, "iframe": 0.7130563082087342, "beacon": 0.062100286312925766, "image": 0.9874477561184304, "stylesheet": 0.9571106528154104, "font": 0.5197731436281662, "xhr": 0.9632565078598931, "plugin": 0.0009543764192235545, "media": 0.11274257067321931, "referer_leaked": 0.9929326780679911, "referer_leaked_header": 0.9785237881064952, "referer_leaked_url": 0.0, "hosts": 16.943395605480536, "trackers": 13.905941815947958, "companies": 11.751840191314077}