{"id": "asu.edu", "month": "2019-04", "country": "global", "site": "asu.edu", "category": "Reference", "popularity": 0.0003271137054693791, "cookies": 0.42674118658641447, "bad_qs": 0.008190025795356836, "tracked": 0.42704213241616507, "https": 0.9740326741186587, "requests": 21.007373172828892, "requests_tracking": 3.893121238177128, "content_length": 3532343.69344368, "requests_failed": 6.570399828030954, "has_blocking": 0.351676698194325, "script": 0.978396388650043, "iframe": 0.19385210662080826, "beacon": 0.0067282889079965606, "image": 0.47523645743766124, "stylesheet": 0.46784178847807395, "font": 0.31741186586414444, "xhr": 0.21182287188306104, "plugin": 0.001354256233877902, "media": 0.005030094582975065, "referer_leaked": 0.7364789337919174, "referer_leaked_header": 0.7316852966466036, "referer_leaked_url": 0.0, "hosts": 4.945528804815133, "trackers": 4.340885640584695, "companies": 3.011414445399828}