{"id": "asus.com", "month": "2019-04", "country": "global", "site": "asus.com", "category": "Business", "popularity": 0.0014615836947065508, "cookies": 0.3868621215547227, "bad_qs": 0.026027509297257247, "tracked": 0.3945308553476669, "https": 0.9520391422949431, "requests": 19.617328259332137, "requests_tracking": 2.731382633252669, "content_length": 402889.2410840145, "requests_failed": 8.098500411340488, "has_blocking": 0.32677754417700633, "script": 0.9726157887393737, "iframe": 0.3034057068080459, "beacon": 0.016232313561727534, "image": 0.394487556348836, "stylesheet": 0.7658342033224765, "font": 0.39445869034961534, "xhr": 0.13645438931573148, "plugin": 0.0024680429333628407, "media": 0.0006879729814247295, "referer_leaked": 0.9645717969565615, "referer_leaked_header": 0.955483818201937, "referer_leaked_url": 0.0, "hosts": 6.080699711821108, "trackers": 5.749505669763347, "companies": 2.7995112024131976}