{"id": "atlassian.com", "month": "2019-04", "country": "global", "site": "atlassian.com", "category": "Business", "popularity": 0.001304573335088628, "cookies": 0.5682215083437541, "bad_qs": 0.0295319304902764, "tracked": 0.5706685783277996, "https": 0.9846923375447372, "requests": 37.59035293863999, "requests_tracking": 5.436931352679919, "content_length": 673034.8020783925, "requests_failed": 12.246561165969558, "has_blocking": 0.4513712215945841, "script": 0.980466560303566, "iframe": 0.2554547022551852, "beacon": 0.04889827950498038, "image": 0.7538269156138157, "stylesheet": 0.8846696994523737, "font": 0.23105407270061662, "xhr": 0.7805236945366737, "plugin": 0.0004851019792160752, "media": 0.0006036824630244491, "referer_leaked": 0.9336757793971799, "referer_leaked_header": 0.8086865594411625, "referer_leaked_url": 0.0, "hosts": 8.919640162131861, "trackers": 7.997229528696477, "companies": 7.292775214522876}