{"id": "atwiki.jp", "month": "2019-04", "country": "global", "site": "atwiki.jp", "category": "Entertainment", "popularity": 0.00033205697578203976, "cookies": 0.7974292188128667, "bad_qs": 0.05660377358490566, "tracked": 0.7976833322745273, "https": 0.9035851174215954, "requests": 89.66986426105923, "requests_tracking": 23.577261080405734, "content_length": 736336.9691887428, "requests_failed": 29.656184486373167, "has_blocking": 0.48395908773267265, "script": 0.9788027020731423, "iframe": 0.8102195963831184, "beacon": 0.08864324587595028, "image": 0.9439468055820257, "stylesheet": 0.99195307371408, "font": 0.04972153399826356, "xhr": 0.5736399635770705, "plugin": 0.0025411346166063146, "media": 0.008618681574656418, "referer_leaked": 0.9903648645787011, "referer_leaked_header": 0.9666899604006522, "referer_leaked_url": 0.0, "hosts": 18.707917751942908, "trackers": 14.20146962285327, "companies": 10.540478156830359}