{"id": "au.dk", "month": "2019-04", "country": "global", "site": "au.dk", "category": "Reference", "popularity": 0.00015551964367726265, "cookies": 0.8561287697246462, "bad_qs": 0.006646471040376181, "tracked": 0.8564000542569065, "https": 0.7693629334900756, "requests": 51.19437536736447, "requests_tracking": 7.138355111452729, "content_length": 873186.9559162635, "requests_failed": 10.100375276936294, "has_blocking": 0.3296107066962065, "script": 0.9638287290319664, "iframe": 0.27277659718768366, "beacon": 0.004928335669394583, "image": 0.5525613781254238, "stylesheet": 0.8729031966360719, "font": 0.39584934665641813, "xhr": 0.5974589682144956, "plugin": 0.09341230727494687, "media": 0.002893701677442691, "referer_leaked": 0.9504453587737939, "referer_leaked_header": 0.9262106072252114, "referer_leaked_url": 0.0, "hosts": 6.012795587104942, "trackers": 4.392684360446715, "companies": 3.5490346792060405}