{"id": "audioz.download", "month": "2019-04", "country": "global", "site": "audioz.download", "category": "Reference", "popularity": 0.00041743562177965805, "cookies": 0.8286027120357112, "bad_qs": 0.005811505095595047, "tracked": 0.8290238355933631, "https": 0.9485723911395604, "requests": 34.341295376063336, "requests_tracking": 7.123001768718942, "content_length": 1071697.9952834162, "requests_failed": 10.276139139223448, "has_blocking": 0.43347090036216623, "script": 0.9908700412701087, "iframe": 0.7764507706561105, "beacon": 0.005087172576433926, "image": 0.9908531963278026, "stylesheet": 0.9976248631348438, "font": 0.6347848058620399, "xhr": 0.9792638760212247, "plugin": 0.0001516044807546534, "media": 0.010174345152867852, "referer_leaked": 0.994441169038996, "referer_leaked_header": 0.9737892697717511, "referer_leaked_url": 0.0, "hosts": 9.739156068390466, "trackers": 8.12116567000758, "companies": 6.59026362334709}