{"id": "audible.com", "month": "2019-04", "country": "global", "site": "audible.com", "category": "Entertainment", "popularity": 0.001016000262028485, "cookies": 0.9391856819550277, "bad_qs": 0.05943705057132377, "tracked": 0.9393863892753082, "https": 0.9964357148295026, "requests": 151.7996318058814, "requests_tracking": 34.22399629037505, "content_length": 2601939.9912311663, "requests_failed": 42.55467890289226, "has_blocking": 0.4135332101405643, "script": 0.9861096692481781, "iframe": 0.8045664375834839, "beacon": 0.3611762833156849, "image": 0.9902345507270449, "stylesheet": 0.9787319449923524, "font": 0.2974344067714497, "xhr": 0.7966073541930527, "plugin": 0.0020762826235907234, "media": 0.03131034196374811, "referer_leaked": 0.9922416239298494, "referer_leaked_header": 0.9861442739585713, "referer_leaked_url": 0.0, "hosts": 15.421436925994366, "trackers": 12.25066268020403, "companies": 8.08324509132183}