{"id": "audiokarma.org", "month": "2019-04", "country": "global", "site": "audiokarma.org", "category": "Reference", "popularity": 0.0001891732592055612, "cookies": 0.4312530201092815, "bad_qs": 0.004534810244210683, "tracked": 0.43155038471545926, "https": 0.7329665836523808, "requests": 13.56190759394863, "requests_tracking": 3.0792104969705982, "content_length": 257524.27439319034, "requests_failed": 6.816228673382151, "has_blocking": 0.5500130097015202, "script": 0.990818867784262, "iframe": 0.3484369772887782, "beacon": 0.011188343307437832, "image": 0.6365089395234732, "stylesheet": 0.980968665204624, "font": 0.024978626918930973, "xhr": 0.3180686168828755, "plugin": 0.0003345351819499684, "media": 0.00014868230308887485, "referer_leaked": 0.9042114262349924, "referer_leaked_header": 0.8386053599970263, "referer_leaked_url": 0.0, "hosts": 6.481619150280638, "trackers": 5.974389473292941, "companies": 5.689142474816935}