{"id": "audiobookbay.nl", "month": "2019-04", "country": "global", "site": "audiobookbay.nl", "category": "Entertainment", "popularity": 0.0003694373811619886, "cookies": 0.6792668303545937, "bad_qs": 0.011724623612935152, "tracked": 0.6796855669121985, "https": 0.036963017948571535, "requests": 19.801347570376294, "requests_tracking": 4.265212508802985, "content_length": 762511.1097660785, "requests_failed": 8.228630160452235, "has_blocking": 0.4074497040293877, "script": 0.9771217571708636, "iframe": 0.6071109080873256, "beacon": 0.06675041397818764, "image": 0.917794400350216, "stylesheet": 0.08131102609490093, "font": 0.04906831115932926, "xhr": 0.3002912122423343, "plugin": 0.0016559127505281792, "media": 0.0893050876491749, "referer_leaked": 0.9584499133976665, "referer_leaked_header": 0.9576885742020214, "referer_leaked_url": 0.0, "hosts": 7.990540360494109, "trackers": 6.849749709739432, "companies": 5.783817735396562}