{"id": "audible.de", "month": "2019-04", "country": "global", "site": "audible.de", "category": "E-Commerce", "popularity": 0.0003200538997881397, "cookies": 0.7985104139203797, "bad_qs": 0.05808946304596186, "tracked": 0.799674839616838, "https": 0.9970999209069338, "requests": 153.0686132349064, "requests_tracking": 25.90790051849899, "content_length": 3793778.378723965, "requests_failed": 42.35152473855348, "has_blocking": 0.37057298532384214, "script": 0.9823578521838474, "iframe": 0.789920028121979, "beacon": 0.6876922400913964, "image": 0.987015554969681, "stylesheet": 0.981083575006591, "font": 0.25353721768169435, "xhr": 0.782384216539239, "plugin": 0.0021311187274804465, "media": 0.015313296423235786, "referer_leaked": 0.9897838122857896, "referer_leaked_header": 0.9859829510501802, "referer_leaked_url": 0.0, "hosts": 16.252614465242992, "trackers": 13.703027506810791, "companies": 8.656450478952456}