{"id": "autozeitung.de", "month": "2019-04", "country": "global", "site": "autozeitung.de", "category": "News and Portals", "popularity": 6.74970863886623e-05, "cookies": 0.7919574955724554, "bad_qs": 0.20387540368788415, "tracked": 0.797583081570997, "https": 0.4880716741327222, "requests": 121.20033336805918, "requests_tracking": 43.82685696426711, "content_length": 1568921.1780393792, "requests_failed": 40.28534222314824, "has_blocking": 0.4287946661110532, "script": 0.9855193249296802, "iframe": 0.8677987290342744, "beacon": 0.41900197937285133, "image": 0.8996770496926764, "stylesheet": 0.9965621418897802, "font": 0.6281904365038025, "xhr": 0.8546723617043442, "plugin": 0.003854568184185853, "media": 0.014168142514845296, "referer_leaked": 0.9945827690384414, "referer_leaked_header": 0.9818731117824774, "referer_leaked_url": 0.0, "hosts": 27.526304823419107, "trackers": 22.262527346598603, "companies": 17.119804146265235}