{"id": "auto.ru", "month": "2019-04", "country": "global", "site": "auto.ru", "category": "E-Commerce", "popularity": 0.0012409225770940273, "cookies": 0.8727759015390195, "bad_qs": 0.015752850245925792, "tracked": 0.876663115664453, "https": 0.992979215304064, "requests": 98.60665472925497, "requests_tracking": 26.6059407511503, "content_length": 1849288.5536786872, "requests_failed": 29.06037648178789, "has_blocking": 0.5047768535098257, "script": 0.9756227475690745, "iframe": 0.9035449579546228, "beacon": 0.2353804483329178, "image": 0.996203449760874, "stylesheet": 0.4044232643532265, "font": 0.0670742763888574, "xhr": 0.7646308846528707, "plugin": 0.0007366440762483283, "media": 0.0023232620866293434, "referer_leaked": 0.9535517577460958, "referer_leaked_header": 0.9181021781998685, "referer_leaked_url": 0.0, "hosts": 6.67526462521816, "trackers": 6.974109793966319, "companies": 4.707897957795961}