{"id": "auto-motor-und-sport.de", "month": "2019-04", "country": "global", "site": "auto-motor-und-sport.de", "category": "News and Portals", "popularity": 0.00014899424559739196, "cookies": 0.7637453395629807, "bad_qs": 0.20435131436122517, "tracked": 0.7653971400254849, "https": 0.9813582519231677, "requests": 113.46297607249045, "requests_tracking": 37.929586105998396, "content_length": 2458593.420595592, "requests_failed": 41.59596960687149, "has_blocking": 0.4681202510736703, "script": 0.9889565340506867, "iframe": 0.507527490679126, "beacon": 0.2501769786209826, "image": 0.9388361885884186, "stylesheet": 0.13889282174713294, "font": 0.08792297890414838, "xhr": 0.867195242814668, "plugin": 0.002501297843220539, "media": 0.029590825428288264, "referer_leaked": 0.957005993675964, "referer_leaked_header": 0.9557789419038181, "referer_leaked_url": 0.0, "hosts": 24.076454764264476, "trackers": 19.736561423380056, "companies": 16.465902119024022}