{"id": "autotrader.co.uk", "month": "2019-04", "country": "global", "site": "autotrader.co.uk", "category": "Recreation", "popularity": 0.0009615258450837025, "cookies": 0.8847683959573504, "bad_qs": 0.046335434614090766, "tracked": 0.8852218045662634, "https": 0.9950344444281932, "requests": 229.6089423878545, "requests_tracking": 25.929970309049157, "content_length": 1501378.2271138348, "requests_failed": 63.081620862646446, "has_blocking": 0.5140776060025449, "script": 0.9987933480569248, "iframe": 0.9668792324231034, "beacon": 0.0950841731143321, "image": 0.9585862427052405, "stylesheet": 0.05978411899782071, "font": 0.7387123195506867, "xhr": 0.9283248745813284, "plugin": 0.0018136344356525429, "media": 0.0029837211683316025, "referer_leaked": 0.9706088838835178, "referer_leaked_header": 0.11658451682730983, "referer_leaked_url": 0.0, "hosts": 24.589774904564802, "trackers": 18.47453598748007, "companies": 14.453774261017099}