{"id": "av.by", "month": "2019-04", "country": "global", "site": "av.by", "category": "E-Commerce", "popularity": 0.00021801720632154127, "cookies": 0.5680696661828737, "bad_qs": 0.027447185937751976, "tracked": 0.5797774552491534, "https": 0.9977745524915336, "requests": 30.808224479922593, "requests_tracking": 10.61567489114659, "content_length": 360180.6603773585, "requests_failed": 14.562586679567811, "has_blocking": 0.5469440412836639, "script": 0.9994839542009354, "iframe": 0.46766650540235444, "beacon": 0.0504434768585712, "image": 0.5545557168198678, "stylesheet": 0.29388808256732785, "font": 0.20267698758264796, "xhr": 0.28669569424286406, "plugin": 0.0, "media": 0.00012901144976616675, "referer_leaked": 0.8722464118690534, "referer_leaked_header": 0.8561844863731656, "referer_leaked_url": 0.0, "hosts": 8.347976132881794, "trackers": 8.288727624576682, "companies": 5.340654733107563}