{"id": "avaeduc.com.br", "month": "2019-04", "country": "global", "site": "avaeduc.com.br", "category": "Business", "popularity": 0.00026069246596241967, "cookies": 0.2721853590117063, "bad_qs": 0.0011868155580730432, "tracked": 0.2721853590117063, "https": 0.88261315207423, "requests": 24.21235906565248, "requests_tracking": 0.7988077898257538, "content_length": 1694446.2987538436, "requests_failed": 6.543049037061013, "has_blocking": 0.5862059664454874, "script": 0.993445541349733, "iframe": 0.11477045908183632, "beacon": 0.00010789232346118574, "image": 0.9771268274262286, "stylesheet": 0.5151588714462966, "font": 0.05510600420780062, "xhr": 0.9065382748017479, "plugin": 0.002049954145762529, "media": 0.009170847494200787, "referer_leaked": 0.9967902033770297, "referer_leaked_header": 0.9952257646868425, "referer_leaked_url": 0.0, "hosts": 7.764282246318174, "trackers": 5.752063440686195, "companies": 4.187355019690349}