{"id": "avanza.se", "month": "2019-04", "country": "global", "site": "avanza.se", "category": "Business", "popularity": 0.0006462816137078812, "cookies": 0.7565444456533565, "bad_qs": 0.029877053639429878, "tracked": 0.7568490915025569, "https": 0.9978239582199978, "requests": 15.678750952018278, "requests_tracking": 3.918953323903819, "content_length": 140319.4790664781, "requests_failed": 5.964062670003264, "has_blocking": 0.38965292133608964, "script": 0.9991622239146991, "iframe": 0.23846153846153847, "beacon": 0.038537699923838535, "image": 0.49416820802959416, "stylesheet": 0.7446197366989447, "font": 0.3075943858122076, "xhr": 0.6036339897726036, "plugin": 0.0026003699271026004, "media": 0.00035904689370035907, "referer_leaked": 0.8055489065390056, "referer_leaked_header": 0.006343161788706343, "referer_leaked_url": 0.0, "hosts": 5.703873354368404, "trackers": 5.201000979218801, "companies": 3.3003590468937003}