{"id": "avast.com", "month": "2019-04", "country": "global", "site": "avast.com", "category": "Business", "popularity": 0.0002752621047786826, "cookies": 0.41038675726766466, "bad_qs": 0.023016400143054207, "tracked": 0.41391202166249424, "https": 0.9739436979512593, "requests": 19.987099575946456, "requests_tracking": 3.327210953865018, "content_length": 140790.96124763705, "requests_failed": 11.645251111224646, "has_blocking": 0.37436775149440554, "script": 0.8624891432074797, "iframe": 0.29614775455985287, "beacon": 0.02695039084453073, "image": 0.4666632606141113, "stylesheet": 0.2653400091963419, "font": 0.09671486231032544, "xhr": 0.26697491442292953, "plugin": 0.001839268379911102, "media": 0.002120267715730854, "referer_leaked": 0.6402442139682215, "referer_leaked_header": 0.5640167577785725, "referer_leaked_url": 0.0, "hosts": 5.572089102334849, "trackers": 4.909722577019363, "companies": 3.293848669084964}