{"id": "avgle.com", "month": "2019-04", "country": "global", "site": "avgle.com", "category": "Adult", "popularity": 0.0013815350613646889, "cookies": 0.7647463010184605, "bad_qs": 0.034259160291744924, "tracked": 0.7649651606073099, "https": 0.9854483822204577, "requests": 49.93987469016099, "requests_tracking": 8.885068177306806, "content_length": 16692578.993439302, "requests_failed": 16.91839591190647, "has_blocking": 0.4653158449252569, "script": 0.9863848976704178, "iframe": 0.5248049350292406, "beacon": 0.010133707939513317, "image": 0.5873733286507561, "stylesheet": 0.922309935716358, "font": 0.30646450148366444, "xhr": 0.39666010087900117, "plugin": 0.004458627903070651, "media": 0.037307925261995285, "referer_leaked": 0.9604016836919068, "referer_leaked_header": 0.9595618736416709, "referer_leaked_url": 0.0, "hosts": 9.863004076896061, "trackers": 7.84144386251546, "companies": 6.64405287240486}