{"id": "avito.ru", "month": "2019-04", "country": "global", "site": "avito.ru", "category": "Business", "popularity": 0.013612901544554693, "cookies": 0.7192220416035836, "bad_qs": 0.06935910687268555, "tracked": 0.74675286772982, "https": 0.9971342072245045, "requests": 36.171794669150216, "requests_tracking": 10.246958194447242, "content_length": 283200.8036957776, "requests_failed": 16.444796556089834, "has_blocking": 0.5308343909596325, "script": 0.9992267318340092, "iframe": 0.6067071328177179, "beacon": 0.08389262264978391, "image": 0.9787214369874258, "stylesheet": 0.07026564370055048, "font": 0.0394315110135185, "xhr": 0.3428413808492933, "plugin": 0.0013476664295724193, "media": 2.3761079248881293e-05, "referer_leaked": 0.8482359206565909, "referer_leaked_header": 0.8081514965089293, "referer_leaked_url": 0.0, "hosts": 12.03818250471735, "trackers": 11.153812181065623, "companies": 7.204139180005155}