{"id": "avm.de", "month": "2019-04", "country": "global", "site": "avm.de", "category": "Business", "popularity": 5.215396288620776e-05, "cookies": 0.20439530807604153, "bad_qs": 0.008089524066334097, "tracked": 0.20587838748820278, "https": 0.8952406633409734, "requests": 10.097748415801536, "requests_tracking": 0.8117837400566267, "content_length": 472073.43818255357, "requests_failed": 4.178508831063772, "has_blocking": 0.060266954294189025, "script": 0.4702709990562222, "iframe": 0.08520965349871916, "beacon": 0.007685047863017392, "image": 0.2286638802750438, "stylesheet": 0.31144667655386277, "font": 0.11999460698395578, "xhr": 0.10138870163138736, "plugin": 0.0021572064176890926, "media": 0.00013482540110556829, "referer_leaked": 0.6366455440204934, "referer_leaked_header": 0.6319266549817986, "referer_leaked_url": 0.0, "hosts": 1.5442901442631791, "trackers": 1.4832142375623567, "companies": 1.196440609410813}