{"id": "avon.ru", "month": "2019-04", "country": "global", "site": "avon.ru", "category": "Business", "popularity": 0.00010559472302307967, "cookies": 0.2536458680162483, "bad_qs": 0.06053139774921756, "tracked": 0.30232403276286873, "https": 0.4941732702936672, "requests": 18.15755477125924, "requests_tracking": 2.2294066724379036, "content_length": 288645.0066591197, "requests_failed": 6.998801358460412, "has_blocking": 0.4420989545182127, "script": 0.9980688552973297, "iframe": 0.1536258906572551, "beacon": 0.024239195578344544, "image": 0.9097023373510021, "stylesheet": 0.14909768928547645, "font": 0.10801092095624959, "xhr": 0.10561363787707265, "plugin": 0.0014650063261636812, "media": 0.0, "referer_leaked": 0.8872611040820404, "referer_leaked_header": 0.8071518945195445, "referer_leaked_url": 0.0, "hosts": 6.083971498967837, "trackers": 5.640074582140241, "companies": 4.0542718252647}