{"id": "avxhm.se", "month": "2019-04", "country": "global", "site": "avxhm.se", "category": "Entertainment", "popularity": 0.0013177436697907807, "cookies": 0.5798368205078949, "bad_qs": 0.0059871612211247534, "tracked": 0.5798635012619997, "https": 0.9989167613833437, "requests": 15.27000923154092, "requests_tracking": 6.754088825566566, "content_length": 223640.1914557553, "requests_failed": 5.560776089775401, "has_blocking": 0.4627083099876735, "script": 0.9968836879205554, "iframe": 0.012395878357105886, "beacon": 0.09244881297324987, "image": 0.5958292645183323, "stylesheet": 0.9357580802663806, "font": 0.19527643929328017, "xhr": 0.26682888565162405, "plugin": 0.0013500461577046013, "media": 1.6008452462900412e-05, "referer_leaked": 0.9574388610519687, "referer_leaked_header": 0.9572894488289817, "referer_leaked_url": 0.0, "hosts": 4.560157096280169, "trackers": 4.514415611442842, "companies": 3.431235692445611}