{"id": "awin.com", "month": "2019-04", "country": "global", "site": "awin.com", "category": "Business", "popularity": 0.00032741606766489037, "cookies": 0.5385606597513047, "bad_qs": 0.006464360114253807, "tracked": 0.5386036123102034, "https": 0.9823250220131864, "requests": 13.707621931576574, "requests_tracking": 1.7494792002233532, "content_length": 174714.32875888582, "requests_failed": 3.842901015828018, "has_blocking": 0.27859029701694477, "script": 0.9824324034104331, "iframe": 0.043403560767132705, "beacon": 0.004316732169318987, "image": 0.6406159396946073, "stylesheet": 0.8145093743959796, "font": 0.019049459871571847, "xhr": 0.42510147542039817, "plugin": 0.0, "media": 0.00012885767669608918, "referer_leaked": 0.947082447436806, "referer_leaked_header": 0.9418851878100638, "referer_leaked_url": 0.0, "hosts": 3.770869574554904, "trackers": 3.6332925284023796, "companies": 3.059596675471941}