{"id": "aznude.com", "month": "2019-04", "country": "global", "site": "aznude.com", "category": "Adult", "popularity": 0.00025792198445006074, "cookies": 0.5288167938931297, "bad_qs": 0.0016085059978189749, "tracked": 0.5288713195201745, "https": 0.9964830970556161, "requests": 31.44165757906216, "requests_tracking": 3.410332606324973, "content_length": 345509.4799345693, "requests_failed": 15.683751363140676, "has_blocking": 0.4679389312977099, "script": 0.9864776444929116, "iframe": 0.3127044711014177, "beacon": 5.452562704471101e-05, "image": 0.3066521264994547, "stylesheet": 0.9485278080697928, "font": 0.5366139585605234, "xhr": 0.4058342420937841, "plugin": 0.0026990185387131952, "media": 0.002099236641221374, "referer_leaked": 0.9434569247546347, "referer_leaked_header": 0.9392311886586696, "referer_leaked_url": 0.0, "hosts": 9.381079607415485, "trackers": 7.251472191930207, "companies": 5.51690294438386}