{"id": "azure.com", "month": "2019-04", "country": "global", "site": "azure.com", "category": "Business", "popularity": 0.000924560308762711, "cookies": 0.38513898923831613, "bad_qs": 0.01711221812374035, "tracked": 0.38754991063619426, "https": 0.9619804540441875, "requests": 127.22890063505344, "requests_tracking": 7.528379663079439, "content_length": 430226214.9694186, "requests_failed": 18.873369585884323, "has_blocking": 0.03810320568886185, "script": 0.7239685135186523, "iframe": 0.2391375442065635, "beacon": 0.0035897630908468645, "image": 0.612039396128836, "stylesheet": 0.564786857816481, "font": 0.38120698178499446, "xhr": 0.5570369243639959, "plugin": 0.0007757538882762293, "media": 0.01968285355744001, "referer_leaked": 0.6792713997794425, "referer_leaked_header": 0.5441913526257748, "referer_leaked_url": 0.0, "hosts": 2.717055177396661, "trackers": 2.0197436969996576, "companies": 1.6517929801878541}