{"id": "b9good.com", "month": "2019-04", "country": "global", "site": "b9good.com", "category": "Entertainment", "popularity": 0.0004491133355186854, "cookies": 0.5277595115077501, "bad_qs": 0.025270079849694694, "tracked": 0.5286676060748395, "https": 0.0062470643494598405, "requests": 15.412055738218255, "requests_tracking": 1.1832472209174887, "content_length": 7559475.127477689, "requests_failed": 7.916940660717081, "has_blocking": 0.4204634413652732, "script": 0.974244559260999, "iframe": 0.38866447471426335, "beacon": 0.0010803193987787693, "image": 0.7277125410991075, "stylesheet": 0.9904023798340379, "font": 0.3870361672146548, "xhr": 0.2619383121966494, "plugin": 0.006795052450289651, "media": 0.021324565523720057, "referer_leaked": 0.9847346171911696, "referer_leaked_header": 0.9823704399561609, "referer_leaked_url": 0.0, "hosts": 6.830937842492563, "trackers": 3.8268514169406607, "companies": 3.8130734304055114}