{"id": "babelio.com", "month": "2019-04", "country": "global", "site": "babelio.com", "category": "Reference", "popularity": 0.0002715001565322054, "cookies": 0.2996814379321955, "bad_qs": 0.00484317940483282, "tracked": 0.300795110201756, "https": 0.8514671984667582, "requests": 28.420191137240682, "requests_tracking": 1.8677060941182564, "content_length": 200104.1615342778, "requests_failed": 12.555308072828987, "has_blocking": 0.4298515966952423, "script": 0.9956748076972883, "iframe": 0.1573385822693015, "beacon": 0.009789956230089871, "image": 0.8541607313977881, "stylesheet": 0.8838672917044366, "font": 0.4706430809872834, "xhr": 0.04343321851285903, "plugin": 0.0013726658206210665, "media": 0.0003107922612726943, "referer_leaked": 0.8456916422781072, "referer_leaked_header": 0.8422211286938955, "referer_leaked_url": 0.0, "hosts": 6.3556499443163865, "trackers": 5.919660200461008, "companies": 2.6885084561394423}