{"id": "baby-walz.de", "month": "2019-04", "country": "global", "site": "baby-walz.de", "category": "E-Commerce", "popularity": 5.683706107714943e-05, "cookies": 0.7679079549672151, "bad_qs": 0.0482494123469009, "tracked": 0.7680316714091303, "https": 0.9902264010887047, "requests": 51.72534949894841, "requests_tracking": 8.416676976370159, "content_length": 482404.08449832984, "requests_failed": 13.224050476308301, "has_blocking": 0.3494989484102437, "script": 0.9944327601138191, "iframe": 0.17011010763330447, "beacon": 0.5016701719658543, "image": 0.8968204874427812, "stylesheet": 0.9985154026970184, "font": 0.39502659903501175, "xhr": 0.8008165285166399, "plugin": 0.010144748237040703, "media": 0.0, "referer_leaked": 0.9975256711616974, "referer_leaked_header": 0.9917109983916863, "referer_leaked_url": 0.0, "hosts": 13.913027341333663, "trackers": 11.90090313002598, "companies": 8.309291104787826}