{"id": "backlog.com", "month": "2019-04", "country": "global", "site": "backlog.com", "category": "Business", "popularity": 0.0002802967869178932, "cookies": 0.9668857558577091, "bad_qs": 0.03291355175354975, "tracked": 0.9670362751492649, "https": 0.9929255932968742, "requests": 101.65879785259143, "requests_tracking": 53.19411971300988, "content_length": 386438.06462294917, "requests_failed": 30.791179569514828, "has_blocking": 0.4365812051577944, "script": 0.9834679644774472, "iframe": 0.9302343083638553, "beacon": 0.0020570969845968594, "image": 0.9681400832873414, "stylesheet": 0.8965932467011188, "font": 0.30495208469218804, "xhr": 0.9536149716522001, "plugin": 2.5086548592644625e-05, "media": 5.017309718528925e-05, "referer_leaked": 0.6920626160252873, "referer_leaked_header": 0.08960915157292659, "referer_leaked_url": 0.0, "hosts": 8.632281370729014, "trackers": 6.971451507701571, "companies": 5.648938838994531}