{"id": "badoo.com", "month": "2019-04", "country": "global", "site": "badoo.com", "category": "Entertainment", "popularity": 0.0021926884517737854, "cookies": 0.24167014078183627, "bad_qs": 0.005028380848539268, "tracked": 0.24246865279158517, "https": 0.9977231183657762, "requests": 205.97838245197704, "requests_tracking": 12.61602796395472, "content_length": 8710404.02246737, "requests_failed": 27.88311259340025, "has_blocking": 0.3547990892473463, "script": 0.9971394670172851, "iframe": 0.2873937722476991, "beacon": 0.0015713690151685214, "image": 0.9811788474489305, "stylesheet": 0.9551261905525447, "font": 0.8163839271397877, "xhr": 0.9474457236314658, "plugin": 0.10763557066350254, "media": 0.7270211333098162, "referer_leaked": 0.5753295064618542, "referer_leaked_header": 0.308164705127794, "referer_leaked_url": 0.0, "hosts": 2.817913606772921, "trackers": 2.462460314915178, "companies": 2.343440336080557}