{"id": "baidu.com", "month": "2019-04", "country": "global", "site": "baidu.com", "category": "Reference", "popularity": 0.019029439009980106, "cookies": 0.26649333910763406, "bad_qs": 0.006231514970564369, "tracked": 0.26799689902314794, "https": 0.863977897041065, "requests": 71.71037127472616, "requests_tracking": 0.9613593600577036, "content_length": 2767183.7135853237, "requests_failed": 18.9481887073006, "has_blocking": 0.15545198437391455, "script": 0.9430923449622429, "iframe": 0.10354794320098262, "beacon": 3.436497226414174e-05, "image": 0.9701597490839703, "stylesheet": 0.8986425466439834, "font": 0.15914935977687156, "xhr": 0.032004135621178285, "plugin": 0.038683134262838086, "media": 0.014081139764189777, "referer_leaked": 0.9575769960136632, "referer_leaked_header": 0.9546419317696409, "referer_leaked_url": 0.0, "hosts": 2.93640743406729, "trackers": 2.218115957023831, "companies": 1.8941872942720612}