{"id": "baldur-garten.de", "month": "2019-04", "country": "global", "site": "baldur-garten.de", "category": "E-Commerce", "popularity": 0.0001628185264433249, "cookies": 0.8761390628374002, "bad_qs": 0.11323688188296265, "tracked": 0.8780393003670913, "https": 0.9987475707190672, "requests": 28.404318721658388, "requests_tracking": 10.282573958108399, "content_length": 118175.1867415245, "requests_failed": 7.955862664651264, "has_blocking": 0.27449794860721227, "script": 0.9968041459727921, "iframe": 0.5303822068667674, "beacon": 0.29267976678903046, "image": 0.9943424746275102, "stylesheet": 0.6955733103001511, "font": 0.00777369898510041, "xhr": 0.7465342258691428, "plugin": 0.00017274886633556467, "media": 0.0, "referer_leaked": 0.9844094148132153, "referer_leaked_header": 0.9834161088317858, "referer_leaked_url": 0.0, "hosts": 11.426819261498597, "trackers": 9.430749298207731, "companies": 7.608076009501188}