{"id": "bandcamp.com", "month": "2019-04", "country": "global", "site": "bandcamp.com", "category": "Entertainment", "popularity": 0.001595066056506319, "cookies": 0.26568947275612764, "bad_qs": 0.0018647504849232939, "tracked": 0.2663463233997531, "https": 0.9966937048139658, "requests": 103.04497002292365, "requests_tracking": 1.3448774466584377, "content_length": 9199830.581925586, "requests_failed": 21.42496473285135, "has_blocking": 0.35481837418444717, "script": 0.9959883618409452, "iframe": 0.3310659495679774, "beacon": 0.0001366602010227473, "image": 0.9912184799858932, "stylesheet": 0.9788485275965438, "font": 0.02090901075648034, "xhr": 0.02052107212131899, "plugin": 0.0013533768294833363, "media": 0.3162493387409628, "referer_leaked": 0.978407688238406, "referer_leaked_header": 0.9746296949391642, "referer_leaked_url": 0.0, "hosts": 3.0674925057309115, "trackers": 2.696847998589314, "companies": 2.5791967906894726}