{"id": "banggood.com", "month": "2019-04", "country": "global", "site": "banggood.com", "category": "E-Commerce", "popularity": 0.0023623909919242153, "cookies": 0.8957507351978188, "bad_qs": 0.06463192484909097, "tracked": 0.8974056744174971, "https": 0.9937493302853877, "requests": 108.59342370015835, "requests_tracking": 13.844391065709422, "content_length": 1531777.204673715, "requests_failed": 33.39746222809587, "has_blocking": 0.4692050338726768, "script": 0.9968746651426938, "iframe": 0.7335905037444488, "beacon": 0.11453905775618817, "image": 0.9939963805645843, "stylesheet": 0.8128251836506293, "font": 0.0576520103344406, "xhr": 0.40973437630222287, "plugin": 0.0025955161862580515, "media": 0.00025895631674822305, "referer_leaked": 0.99220749842245, "referer_leaked_header": 0.9884243549904156, "referer_leaked_url": 0.0, "hosts": 21.86433367860842, "trackers": 15.53028598302199, "companies": 10.643446916931577}