{"id": "banki.ru", "month": "2019-04", "country": "global", "site": "banki.ru", "category": "Business", "popularity": 0.00025958146068588993, "cookies": 0.817342073897497, "bad_qs": 0.08782099902481309, "tracked": 0.82817748401777, "https": 0.9802253765305017, "requests": 46.63817856755878, "requests_tracking": 14.257855672337199, "content_length": 332349.3558890454, "requests_failed": 22.452676346299707, "has_blocking": 0.5176346299707444, "script": 0.9949886228193737, "iframe": 0.8474916025571568, "beacon": 0.16475241087875175, "image": 0.9951240654458772, "stylesheet": 0.9509155921551631, "font": 0.5723263625528227, "xhr": 0.6827121031531044, "plugin": 0.0010022754361252574, "media": 0.0010293639614259399, "referer_leaked": 0.891943872575577, "referer_leaked_header": 0.7520587279228519, "referer_leaked_url": 0.0, "hosts": 15.630891754252898, "trackers": 14.145059052985156, "companies": 8.51546754794669}