{"id": "bankier.pl", "month": "2019-04", "country": "global", "site": "bankier.pl", "category": "News and Portals", "popularity": 0.00038995582038296126, "cookies": 0.9048632273653461, "bad_qs": 0.07885388679517465, "tracked": 0.9050255152640785, "https": 0.9789386371422905, "requests": 73.17180878879131, "requests_tracking": 28.48873902302685, "content_length": 537227.5190147321, "requests_failed": 27.83118452134086, "has_blocking": 0.5500658167589303, "script": 0.9898119263573579, "iframe": 0.9249688948194096, "beacon": 0.1449230935679896, "image": 0.9602214328218259, "stylesheet": 0.715365057612204, "font": 0.2222262293308329, "xhr": 0.6970986530104405, "plugin": 0.000847503471157834, "media": 0.24253024866112483, "referer_leaked": 0.9480318084281515, "referer_leaked_header": 0.9378076708080134, "referer_leaked_url": 0.0, "hosts": 16.466054781181818, "trackers": 10.805633193284887, "companies": 8.06372504823557}