{"id": "banquepopulaire.fr", "month": "2019-04", "country": "global", "site": "banquepopulaire.fr", "category": "Banking", "popularity": 0.0005175807936045699, "cookies": 0.7240343989022783, "bad_qs": 0.01851726058662899, "tracked": 0.7265069898243374, "https": 0.9962367709592838, "requests": 11.942600567880772, "requests_tracking": 2.719632643634437, "content_length": 79604.0066841469, "requests_failed": 4.225359001181952, "has_blocking": 0.22120178787343595, "script": 0.9926773268846713, "iframe": 0.9165568492127107, "beacon": 0.0008287255288219871, "image": 0.9531702147893543, "stylesheet": 0.08779056339750295, "font": 0.04039018028176668, "xhr": 0.09007295501786515, "plugin": 0.0006656975559389732, "media": 5.434265762767128e-05, "referer_leaked": 0.8676348716833997, "referer_leaked_header": 0.8667653891613569, "referer_leaked_url": 0.0, "hosts": 4.894738272175201, "trackers": 4.091458692787371, "companies": 3.7086554267936473}