{"id": "barnesandnoble.com", "month": "2019-04", "country": "global", "site": "barnesandnoble.com", "category": "Business", "popularity": 0.0003903074043312302, "cookies": 0.8689714810744591, "bad_qs": 0.3890860612175041, "tracked": 0.886356675734592, "https": 0.9378817086133281, "requests": 154.29075612084964, "requests_tracking": 31.27018213918965, "content_length": 1038322.036211649, "requests_failed": 63.50546777883871, "has_blocking": 0.46579710667123064, "script": 0.9952798746104095, "iframe": 0.7195488857261246, "beacon": 0.06934260543715207, "image": 0.9857675608481813, "stylesheet": 0.9816239393229683, "font": 0.5285819806510891, "xhr": 0.676545300592718, "plugin": 0.0006665825931864449, "media": 0.004197668762498424, "referer_leaked": 0.992235213576666, "referer_leaked_header": 0.9751382708487217, "referer_leaked_url": 0.0, "hosts": 26.374259102455547, "trackers": 20.584430792512656, "companies": 15.753022141351542}