{"id": "barstoolsports.com", "month": "2019-04", "country": "global", "site": "barstoolsports.com", "category": "Entertainment", "popularity": 0.0002529787141374001, "cookies": 0.900603163132001, "bad_qs": 0.12872112738694166, "tracked": 0.9014648247491452, "https": 0.9658114906745977, "requests": 187.26391861467047, "requests_tracking": 78.45562442671707, "content_length": 12683453.006003836, "requests_failed": 44.04180448619952, "has_blocking": 0.4936209244795286, "script": 0.9983600633738222, "iframe": 0.8935986880506991, "beacon": 0.03285432359563054, "image": 0.7917836395474886, "stylesheet": 0.47552603051949854, "font": 0.1887594852266726, "xhr": 0.8937932568029574, "plugin": 0.0003613419684798621, "media": 0.10704060927814993, "referer_leaked": 0.976790727409178, "referer_leaked_header": 0.973927787197376, "referer_leaked_url": 0.0, "hosts": 30.020596492203353, "trackers": 22.998943769630596, "companies": 19.04950384968174}