{"id": "basketusa.com", "month": "2019-04", "country": "global", "site": "basketusa.com", "category": "Entertainment", "popularity": 0.0002921381342955895, "cookies": 0.9539787223800125, "bad_qs": 0.06530111202041111, "tracked": 0.9545804650267173, "https": 0.9858229432436335, "requests": 123.73677369662543, "requests_tracking": 33.60975785875897, "content_length": 3452255.0862898957, "requests_failed": 49.65688634284889, "has_blocking": 0.5049102199971116, "script": 0.9991094208828768, "iframe": 0.9650507870793819, "beacon": 0.43231598709863767, "image": 0.9592981273768835, "stylesheet": 0.991214557358109, "font": 0.7165070042844076, "xhr": 0.9189332306359216, "plugin": 0.0012275549992779087, "media": 0.023540172339094015, "referer_leaked": 0.992442112357387, "referer_leaked_header": 0.9909016511818226, "referer_leaked_url": 0.0, "hosts": 20.766644201607857, "trackers": 15.668536080489096, "companies": 10.233957541038848}