{"id": "bato.to", "month": "2019-04", "country": "global", "site": "bato.to", "category": "Entertainment", "popularity": 0.0003283512809672856, "cookies": 0.8953443549768717, "bad_qs": 0.014305293815316087, "tracked": 0.8955799211923934, "https": 0.9970447147507281, "requests": 39.2326109302724, "requests_tracking": 21.37673462395066, "content_length": 5385711.539382388, "requests_failed": 10.137249443207127, "has_blocking": 0.28760493404145965, "script": 0.9969590543087202, "iframe": 0.18594740448860717, "beacon": 0.0, "image": 0.8364099708754498, "stylesheet": 0.20072383073496658, "font": 0.10576923076923077, "xhr": 0.19524156244646224, "plugin": 0.004454342984409799, "media": 2.141511050197019e-05, "referer_leaked": 0.9893781051910228, "referer_leaked_header": 0.9891211238649992, "referer_leaked_url": 0.0, "hosts": 5.122665752955285, "trackers": 4.761371423676546, "companies": 4.177359945177317}