{"id": "battle.net", "month": "2019-04", "country": "global", "site": "battle.net", "category": "Entertainment", "popularity": 0.0010422495196062405, "cookies": 0.43216256696037025, "bad_qs": 0.022284141355534266, "tracked": 0.4353942059883148, "https": 0.8734061070556328, "requests": 64.72551308172876, "requests_tracking": 6.092584096827731, "content_length": 1647377.996694148, "requests_failed": 21.813732104545885, "has_blocking": 0.29872758429922686, "script": 0.9874647488227118, "iframe": 0.21371321396283952, "beacon": 0.0004317847552994832, "image": 0.8919930914439153, "stylesheet": 0.7692920079340448, "font": 0.14209091767753776, "xhr": 0.8180701920092833, "plugin": 0.017534509047239952, "media": 0.003697156967251825, "referer_leaked": 0.9538530042773677, "referer_leaked_header": 0.9486446006665677, "referer_leaked_url": 0.0, "hosts": 5.684230411140047, "trackers": 4.324843815358044, "companies": 3.7000715143500966}