{"id": "baur.de", "month": "2019-04", "country": "global", "site": "baur.de", "category": "E-Commerce", "popularity": 0.0002851838037988308, "cookies": 0.7027146978326799, "bad_qs": 0.10232512266686392, "tracked": 0.7033557708903518, "https": 0.9929481963656089, "requests": 96.50255196390266, "requests_tracking": 24.919643957886432, "content_length": 321446.2668343319, "requests_failed": 27.467539512291342, "has_blocking": 0.3851862810365658, "script": 0.9975589910496339, "iframe": 0.7154621890179254, "beacon": 0.4551125576349335, "image": 0.7130951500357522, "stylesheet": 0.21870453929038144, "font": 0.10587568114012377, "xhr": 0.9606233202653056, "plugin": 0.005375151022018394, "media": 0.0017259659245013191, "referer_leaked": 0.8121162807899993, "referer_leaked_header": 0.6296570259141455, "referer_leaked_url": 0.0, "hosts": 18.612643933229776, "trackers": 17.08901052839214, "companies": 11.46265749439061}