{"id": "bazos.cz", "month": "2019-04", "country": "global", "site": "bazos.cz", "category": "E-Commerce", "popularity": 0.0006414789769745282, "cookies": 0.27962116478674076, "bad_qs": 0.01252918543852149, "tracked": 0.2799828997994015, "https": 0.9993971083122322, "requests": 7.528768895173578, "requests_tracking": 1.3853354818200752, "content_length": 30058.953369068367, "requests_failed": 4.333475835004988, "has_blocking": 0.5482368158549552, "script": 0.9960757231959837, "iframe": 0.2663137009876462, "beacon": 0.0006467383559691758, "image": 0.6227213434619137, "stylesheet": 0.014579017176932267, "font": 0.0022142567441656527, "xhr": 0.002575991756826378, "plugin": 0.009174915321122036, "media": 0.0, "referer_leaked": 0.6659103116401942, "referer_leaked_header": 0.6658774266390433, "referer_leaked_url": 0.0, "hosts": 4.885461540991154, "trackers": 4.8468216646387585, "companies": 2.542470978986484}