{"id": "bazos.sk", "month": "2019-04", "country": "global", "site": "bazos.sk", "category": "E-Commerce", "popularity": 0.0005932065008772089, "cookies": 0.3762950143429506, "bad_qs": 0.018788079941205755, "tracked": 0.3783219933145255, "https": 0.9990754131006852, "requests": 8.137087788340722, "requests_tracking": 1.729072331144354, "content_length": 31532.38096536355, "requests_failed": 4.623823522439013, "has_blocking": 0.5282473151418885, "script": 0.9978189232118726, "iframe": 0.36517626419477967, "beacon": 0.0004622934496574287, "image": 0.348664090467272, "stylesheet": 0.011806263483558949, "font": 0.001351319314383253, "xhr": 0.0049548374860719285, "plugin": 0.0033901519641544773, "media": 0.0, "referer_leaked": 0.7565017424906949, "referer_leaked_header": 0.7561105711102155, "referer_leaked_url": 0.0, "hosts": 5.072994950333088, "trackers": 5.064780351343022, "companies": 2.0528911121120883}