{"id": "bbc.co.uk", "month": "2019-04", "country": "global", "site": "bbc.co.uk", "category": "News and Portals", "popularity": 0.014597139712696567, "cookies": 0.3312324083257905, "bad_qs": 0.013818511487245841, "tracked": 0.33418195674092, "https": 0.9848490614482027, "requests": 135.85276199220488, "requests_tracking": 2.906748410697761, "content_length": 23093348.79655438, "requests_failed": 27.330492492211853, "has_blocking": 0.2861630387815277, "script": 0.9955513507081951, "iframe": 0.2644954432054168, "beacon": 0.0005197718013922562, "image": 0.9880611452032385, "stylesheet": 0.9897635303247586, "font": 0.41481980682216146, "xhr": 0.3435759047473615, "plugin": 0.0012948531993905326, "media": 0.04971889449981237, "referer_leaked": 0.9865341047858025, "referer_leaked_header": 0.9847373032851601, "referer_leaked_url": 0.0, "hosts": 3.2952091876771212, "trackers": 3.02925992491971, "companies": 2.982527670983968}