{"id": "bdobosstimer.com", "month": "2019-04", "country": "global", "site": "bdobosstimer.com", "category": "Entertainment", "popularity": 0.0003267128997683526, "cookies": 0.9259195488883628, "bad_qs": 0.0007963325656974367, "tracked": 0.9259195488883628, "https": 0.9925316918838646, "requests": 18.400124830510297, "requests_tracking": 2.5092654370143985, "content_length": 59888.66995243527, "requests_failed": 9.067752835589609, "has_blocking": 0.569011901943482, "script": 0.9999569549964488, "iframe": 0.7400512235542259, "beacon": 6.456750532681919e-05, "image": 0.9704926500656437, "stylesheet": 0.976432860555711, "font": 0.12599272539439985, "xhr": 0.1876977379850634, "plugin": 0.0, "media": 0.0, "referer_leaked": 0.9665755547424832, "referer_leaked_header": 0.9294707616813378, "referer_leaked_url": 0.0, "hosts": 9.090093192432688, "trackers": 9.07769623140994, "companies": 6.2721089899489915}