{"id": "bedbathandbeyond.com", "month": "2019-04", "country": "global", "site": "bedbathandbeyond.com", "category": "E-Commerce", "popularity": 0.00020450935102905035, "cookies": 0.9144890661532113, "bad_qs": 0.16001925457296107, "tracked": 0.9147641314812268, "https": 0.9822582863430065, "requests": 230.81739100536376, "requests_tracking": 41.75907715582451, "content_length": 2739091.554634851, "requests_failed": 66.33815843762893, "has_blocking": 0.43876358135057075, "script": 0.9946706092697015, "iframe": 0.8669715307385504, "beacon": 0.06044560583138495, "image": 0.9891005363773896, "stylesheet": 0.2737931508733324, "font": 0.14351533489203686, "xhr": 0.7613808279466373, "plugin": 0.0024412047861367076, "media": 0.015541191032870307, "referer_leaked": 0.9885504057213588, "referer_leaked_header": 0.9754504194746252, "referer_leaked_url": 0.0, "hosts": 25.53015403658369, "trackers": 16.966717095310138, "companies": 13.513718883234768}