{"id": "beeg.com", "month": "2019-04", "country": "global", "site": "beeg.com", "category": "Adult", "popularity": 0.0008331273871759024, "cookies": 0.3076501071892777, "bad_qs": 0.003738964568457656, "tracked": 0.30847723704866564, "https": 0.9979659357539542, "requests": 24.4964804780473, "requests_tracking": 2.4613865397275534, "content_length": 1213335564.2907445, "requests_failed": 6.5794129066018465, "has_blocking": 0.3901858510153441, "script": 0.9881838591516011, "iframe": 0.2367785824007022, "beacon": 0.1010280042538107, "image": 0.2315879205280127, "stylesheet": 0.9987593052109182, "font": 0.8537330564980334, "xhr": 0.3795850846542091, "plugin": 0.000945291267871913, "media": 0.7835958204621799, "referer_leaked": 0.9576306949578839, "referer_leaked_header": 0.9547188602488141, "referer_leaked_url": 0.0, "hosts": 5.130011309734812, "trackers": 5.102310899545922, "companies": 3.239395013588562}