{"id": "behance.net", "month": "2019-04", "country": "global", "site": "behance.net", "category": "Entertainment", "popularity": 0.0013027661935945257, "cookies": 0.9831220212553503, "bad_qs": 0.04682330208181529, "tracked": 0.9833001387157191, "https": 0.9988125502642076, "requests": 61.87570639765533, "requests_tracking": 15.269113892622158, "content_length": 2284827.40338747, "requests_failed": 14.012910817127343, "has_blocking": 0.44929319753226354, "script": 0.9945431287141538, "iframe": 0.15342930086198056, "beacon": 0.05829298702981039, "image": 0.9234904545233739, "stylesheet": 0.9648838728133383, "font": 0.062405881114691454, "xhr": 0.9809684192345267, "plugin": 0.0004749798943169735, "media": 0.004102099087282953, "referer_leaked": 0.9744860231768598, "referer_leaked_header": 0.9675664297164693, "referer_leaked_url": 0.0, "hosts": 9.333694965752871, "trackers": 6.587280254330143, "companies": 4.513636780715816}