{"id": "beinsports.com", "month": "2019-04", "country": "global", "site": "beinsports.com", "category": "News and Portals", "popularity": 0.0002254778177038072, "cookies": 0.8482816690575687, "bad_qs": 0.1026944427119067, "tracked": 0.8492796108027194, "https": 0.5307178943429177, "requests": 203.6224661635377, "requests_tracking": 35.84644171396495, "content_length": 39488863.9198528, "requests_failed": 40.77468346535271, "has_blocking": 0.4330131603567642, "script": 0.9981288592278426, "iframe": 0.6749828478762552, "beacon": 0.03520863219609555, "image": 0.8890101665315288, "stylesheet": 0.7081020395434416, "font": 0.5018399550926215, "xhr": 0.5111956589534086, "plugin": 0.0002806711158236138, "media": 0.16001372169899583, "referer_leaked": 0.9881806274558723, "referer_leaked_header": 0.9691573629389384, "referer_leaked_url": 0.0, "hosts": 15.929083764735234, "trackers": 12.831129545312793, "companies": 8.217551300442837}