{"id": "belastingdienst.nl", "month": "2019-04", "country": "global", "site": "belastingdienst.nl", "category": "Government", "popularity": 0.00038970267994020767, "cookies": 0.08408365060175746, "bad_qs": 0.001858501290124682, "tracked": 0.08523844751989318, "https": 0.9941177531982461, "requests": 10.852619043322928, "requests_tracking": 0.3712311217769438, "content_length": 68295.42953032244, "requests_failed": 3.256491221739052, "has_blocking": 0.4536186644051894, "script": 0.9545840024539435, "iframe": 0.026794897241117988, "beacon": 5.41311055376121e-05, "image": 0.06308078165316397, "stylesheet": 0.8644376680319734, "font": 0.003771133685786976, "xhr": 0.055105465437289114, "plugin": 0.0, "media": 0.002093069414121001, "referer_leaked": 0.9575251258548204, "referer_leaked_header": 0.9480702260875842, "referer_leaked_url": 0.0, "hosts": 2.8540986268742894, "trackers": 2.8306418144746575, "companies": 2.755363490373685}