{"id": "benchmark.pl", "month": "2019-04", "country": "global", "site": "benchmark.pl", "category": "News and Portals", "popularity": 0.0002836368344264477, "cookies": 0.8792919651932469, "bad_qs": 0.012742643230780672, "tracked": 0.8800109080992637, "https": 0.0019089173711480775, "requests": 40.68587153234004, "requests_tracking": 8.675484046904828, "content_length": 1828359.8146118948, "requests_failed": 18.908942162282766, "has_blocking": 0.5285717827304955, "script": 0.993975754270273, "iframe": 0.9144705853186901, "beacon": 0.018568559882985843, "image": 0.5316210922973944, "stylesheet": 0.8598309244614126, "font": 0.6414458189751345, "xhr": 0.30664154498351387, "plugin": 0.000867689714158217, "media": 0.0018097528323871384, "referer_leaked": 0.9713662394327789, "referer_leaked_header": 0.9476907058036046, "referer_leaked_url": 0.0, "hosts": 11.316607581128988, "trackers": 9.322879738205618, "companies": 3.7976299675236134}