{"id": "bergzeit.de", "month": "2019-04", "country": "global", "site": "bergzeit.de", "category": "E-Commerce", "popularity": 0.00011803376311283315, "cookies": 0.724234481115215, "bad_qs": 0.0891218872870249, "tracked": 0.7243536280233528, "https": 0.9983319432860718, "requests": 32.33259859406648, "requests_tracking": 10.582151793160968, "content_length": 363997.0956153938, "requests_failed": 9.586143214583581, "has_blocking": 0.2833909210055999, "script": 0.9941022280471822, "iframe": 0.530918622661742, "beacon": 0.24115334207077327, "image": 0.7070773263433814, "stylesheet": 0.9426307637316812, "font": 0.3019778386750864, "xhr": 0.6507804122483022, "plugin": 0.00011914690813773382, "media": 0.00023829381627546765, "referer_leaked": 0.979387584892172, "referer_leaked_header": 0.9654473966400572, "referer_leaked_url": 0.0, "hosts": 12.05045871559633, "trackers": 11.141606100321697, "companies": 6.823424282139879}