{"id": "bergfex.at", "month": "2019-04", "country": "global", "site": "bergfex.at", "category": "Recreation", "popularity": 0.00017892107127404024, "cookies": 0.6068775790921596, "bad_qs": 0.12642955393987032, "tracked": 0.6106897229318137, "https": 0.9862055413637257, "requests": 23.271094517586953, "requests_tracking": 7.669522499508744, "content_length": 715803.7028099824, "requests_failed": 8.427038710945176, "has_blocking": 0.26618196109255254, "script": 0.9970917665553154, "iframe": 0.16690901945372372, "beacon": 0.14159952839457654, "image": 0.6388288465317351, "stylesheet": 0.1624287679308312, "font": 0.07769699351542543, "xhr": 0.2739241501277265, "plugin": 0.0026331302809982316, "media": 0.018628414226763607, "referer_leaked": 0.7320888190214188, "referer_leaked_header": 0.6756140695617999, "referer_leaked_url": 0.0, "hosts": 6.14230693652977, "trackers": 5.617606602475928, "companies": 4.379878168598939}