{"id": "berkeley.edu", "month": "2019-04", "country": "global", "site": "berkeley.edu", "category": "Reference", "popularity": 0.00046782463324555597, "cookies": 0.4573807698666787, "bad_qs": 0.006989223068945304, "tracked": 0.45777156513504985, "https": 0.894319941080098, "requests": 25.458538125084548, "requests_tracking": 5.308127038523395, "content_length": 1397486.918429003, "requests_failed": 6.110880642106687, "has_blocking": 0.24496851091972163, "script": 0.8608468232853858, "iframe": 0.21938645142865731, "beacon": 0.005426041995460763, "image": 0.6353729840224858, "stylesheet": 0.7697915257549113, "font": 0.42300581683726385, "xhr": 0.23509341509972795, "plugin": 0.0009920187581728818, "media": 0.00529076671025537, "referer_leaked": 0.8426147209571478, "referer_leaked_header": 0.8249988727059566, "referer_leaked_url": 0.0, "hosts": 4.440771970960905, "trackers": 3.9997144188423444, "companies": 2.8470186830199458}