{"id": "berlin.de", "month": "2019-04", "country": "global", "site": "berlin.de", "category": "News and Portals", "popularity": 0.00039249425648946266, "cookies": 0.7610627396180444, "bad_qs": 0.10865670572216847, "tracked": 0.764448744132717, "https": 0.9764771220753162, "requests": 17.58805403274929, "requests_tracking": 4.80486581389516, "content_length": 204320.0130603031, "requests_failed": 6.44892328639507, "has_blocking": 0.35166075459529184, "script": 0.9854885520799742, "iframe": 0.048819377261815185, "beacon": 0.044609265828227454, "image": 0.9828549930130066, "stylesheet": 0.06754093661542872, "font": 0.031190655344154217, "xhr": 0.23200401304238777, "plugin": 0.0017377906768425956, "media": 0.0007703608155075423, "referer_leaked": 0.7654878354652621, "referer_leaked_header": 0.3380809058009961, "referer_leaked_url": 0.0, "hosts": 5.029309541724891, "trackers": 4.745189723745028, "companies": 4.061539288401591}