{"id": "berliner-sparkasse.de", "month": "2019-04", "country": "global", "site": "berliner-sparkasse.de", "category": "Banking", "popularity": 0.00042887616345632786, "cookies": 0.2765116736621196, "bad_qs": 0.00870605981112277, "tracked": 0.2818894281217209, "https": 0.999458945435467, "requests": 4.882820697796432, "requests_tracking": 0.632066500524659, "content_length": 27453.2704453043, "requests_failed": 2.094061516264428, "has_blocking": 0.13713273871983211, "script": 0.04825222980062959, "iframe": 0.008820828961175236, "beacon": 0.0001147691500524659, "image": 0.9962454092339978, "stylesheet": 0.025183630640083946, "font": 0.0026396904512067157, "xhr": 0.001098504721930745, "plugin": 0.0014264165792235047, "media": 0.0004754721930745016, "referer_leaked": 0.7028626705141658, "referer_leaked_header": 0.6989769150052466, "referer_leaked_url": 0.0, "hosts": 1.1540038037775446, "trackers": 1.1481669727177335, "companies": 1.1176547743966423}