{"id": "berliner-zeitung.de", "month": "2019-04", "country": "global", "site": "berliner-zeitung.de", "category": "News and Portals", "popularity": 0.00017188939230866236, "cookies": 0.836940069543874, "bad_qs": 0.2553896502352219, "tracked": 0.8374309674780118, "https": 0.994968296175087, "requests": 229.15884638985477, "requests_tracking": 77.52767437103702, "content_length": 5593036.986745756, "requests_failed": 70.91163837185519, "has_blocking": 0.4529760687257108, "script": 0.9695234199222745, "iframe": 0.8757619145019432, "beacon": 0.25755778277766417, "image": 0.942483125383514, "stylesheet": 0.9130701574964205, "font": 0.5412967887093475, "xhr": 0.9397422785845776, "plugin": 0.02945387604827163, "media": 0.2559623644917161, "referer_leaked": 0.9669052976068726, "referer_leaked_header": 0.963059930456126, "referer_leaked_url": 0.0, "hosts": 37.64753528328902, "trackers": 32.256166905297604, "companies": 24.66038044589896}