{"id": "berliner-kurier.de", "month": "2019-04", "country": "global", "site": "berliner-kurier.de", "category": "News and Portals", "popularity": 6.078183297672642e-05, "cookies": 0.8267006015733457, "bad_qs": 0.2961591855622397, "tracked": 0.8273947246645071, "https": 0.994447015270708, "requests": 259.13280888477556, "requests_tracking": 87.19782508098103, "content_length": 3965693.536325775, "requests_failed": 90.87158722813513, "has_blocking": 0.39044423877834333, "script": 0.9456270245256826, "iframe": 0.9185562239703841, "beacon": 0.35608514576584915, "image": 0.9216797778806108, "stylesheet": 0.9186719111522443, "font": 0.4730448866265618, "xhr": 0.9021286441462286, "plugin": 0.026376677464136973, "media": 0.1941230911614993, "referer_leaked": 0.9869273484497918, "referer_leaked_header": 0.9849606663581675, "referer_leaked_url": 0.0, "hosts": 38.139518741323464, "trackers": 32.403516890328554, "companies": 24.515964831096714}