{"id": "berlingske.dk", "month": "2019-04", "country": "global", "site": "berlingske.dk", "category": "News and Portals", "popularity": 0.0004169082458572547, "cookies": 0.838438185191432, "bad_qs": 0.1324337999662675, "tracked": 0.8386574464496542, "https": 0.9927306459773992, "requests": 88.73329397874852, "requests_tracking": 16.784061393152303, "content_length": 1150384.0213020747, "requests_failed": 27.842755945353346, "has_blocking": 0.4992072862202732, "script": 0.9905043008939113, "iframe": 0.9432282003710575, "beacon": 0.01261595547309833, "image": 0.9890369370888852, "stylesheet": 0.10917524034407151, "font": 0.5187046719514252, "xhr": 0.5881430258053635, "plugin": 0.0003879237645471412, "media": 0.010035419126328217, "referer_leaked": 0.996761679878563, "referer_leaked_header": 0.9953449148254343, "referer_leaked_url": 0.0, "hosts": 15.058998144712431, "trackers": 11.132568729971327, "companies": 9.599578343734187}