{"id": "bestsecret.com", "month": "2019-04", "country": "global", "site": "bestsecret.com", "category": "E-Commerce", "popularity": 0.0005532665643538626, "cookies": 0.6746651076485092, "bad_qs": 0.10867796954830838, "tracked": 0.6747159451971226, "https": 0.999783940418393, "requests": 24.76340204875321, "requests_tracking": 10.031671792786153, "content_length": 119501.98430390687, "requests_failed": 8.483032968150276, "has_blocking": 0.2937774840497191, "script": 0.998157138862764, "iframe": 0.5553493810528456, "beacon": 0.3527617498284233, "image": 0.7597798734145039, "stylesheet": 0.07734933021529702, "font": 0.047113698177473885, "xhr": 0.06167865585521466, "plugin": 0.007587504130550825, "media": 0.0, "referer_leaked": 0.7922650669784703, "referer_leaked_header": 0.7150936681833202, "referer_leaked_url": 0.0, "hosts": 8.336798759563814, "trackers": 7.209488828448692, "companies": 5.480147937266465}