{"id": "bestbuy.ca", "month": "2019-04", "country": "global", "site": "bestbuy.ca", "category": "E-Commerce", "popularity": 0.00039581320896112104, "cookies": 0.6321193817729615, "bad_qs": 0.039545212293480195, "tracked": 0.6338958962515544, "https": 0.9653579676674365, "requests": 177.29262746491383, "requests_tracking": 7.308154201456742, "content_length": 1524839.6437733166, "requests_failed": 52.32135370403269, "has_blocking": 0.48338958962515544, "script": 0.9973529934268964, "iframe": 0.7095398827500444, "beacon": 0.006732989873867472, "image": 0.9836205365073726, "stylesheet": 0.8232901048143543, "font": 0.3766033043169302, "xhr": 0.8970865162551075, "plugin": 0.00047965890922011017, "media": 0.007052762480014212, "referer_leaked": 0.9825368626754308, "referer_leaked_header": 0.9758216379463492, "referer_leaked_url": 0.0, "hosts": 10.107443595665305, "trackers": 8.912027003020075, "companies": 6.218209273405578}