{"id": "bet365.com", "month": "2019-04", "country": "global", "site": "bet365.com", "category": "Entertainment", "popularity": 0.00033124130102205594, "cookies": 0.4318891035302609, "bad_qs": 0.006092512790031206, "tracked": 0.43396947375124717, "https": 0.9505381365826735, "requests": 700.5583246651241, "requests_tracking": 284.3900481881674, "content_length": 39361046.410533465, "requests_failed": 56.43880951875517, "has_blocking": 0.010529220710297833, "script": 0.16698155263548942, "iframe": 0.12376079988112171, "beacon": 6.368480268325302e-05, "image": 0.42586027554291295, "stylesheet": 0.09147260492071242, "font": 0.03723438130214193, "xhr": 0.4368565181395546, "plugin": 0.004457936187827712, "media": 0.0016133483346424098, "referer_leaked": 0.14683592672002038, "referer_leaked_header": 0.10208673870125459, "referer_leaked_url": 0.0, "hosts": 1.8610822170802641, "trackers": 1.407964845988919, "companies": 1.3822149574373235}