{"id": "betfair.com", "month": "2019-04", "country": "global", "site": "betfair.com", "category": "Entertainment", "popularity": 0.0007579517073570474, "cookies": 0.7461383603454834, "bad_qs": 0.03840765926654359, "tracked": 0.7467228247256265, "https": 0.9449211900808046, "requests": 75.70873264001632, "requests_tracking": 9.708667699529645, "content_length": 2343861.270876047, "requests_failed": 19.810160403002104, "has_blocking": 0.38674842983180413, "script": 0.9857223701422196, "iframe": 0.45898080544757913, "beacon": 0.015158965034186527, "image": 0.9290757113302595, "stylesheet": 0.9649228599790335, "font": 0.09571300015771261, "xhr": 0.7137608891280348, "plugin": 0.04631184421704966, "media": 0.00165134380421371, "referer_leaked": 0.9883570984590551, "referer_leaked_header": 0.9754803276711413, "referer_leaked_url": 0.0, "hosts": 10.520674267796013, "trackers": 8.971370522585374, "companies": 7.783256487090759}