{"id": "bfst.to", "month": "2019-04", "country": "global", "site": "bfst.to", "category": "Entertainment", "popularity": 0.0003859407316937305, "cookies": 0.9778814269576941, "bad_qs": 0.032357978355136104, "tracked": 0.9780818423641731, "https": 0.0034070619101410197, "requests": 1888.701727216412, "requests_tracking": 79.14739642167402, "content_length": 773135233.4350471, "requests_failed": 304.41148926866595, "has_blocking": 0.4000109317494443, "script": 0.9936595853223044, "iframe": 0.7280727325729694, "beacon": 0.05835732245016944, "image": 0.8714426265349998, "stylesheet": 0.994679881937106, "font": 0.863061618627701, "xhr": 0.9056407827132602, "plugin": 0.0013118099333163285, "media": 0.0009838574499872463, "referer_leaked": 0.9963560835185657, "referer_leaked_header": 0.994989614838028, "referer_leaked_url": 0.0, "hosts": 14.204314397114018, "trackers": 10.846172065736253, "companies": 7.38323069635244}