{"id": "biblegateway.com", "month": "2019-04", "country": "global", "site": "biblegateway.com", "category": "Reference", "popularity": 0.0006665469124861003, "cookies": 0.8734175879821082, "bad_qs": 0.04059414296565111, "tracked": 0.873639125664613, "https": 0.9932694742172336, "requests": 49.399010465018144, "requests_tracking": 12.499746814077138, "content_length": 182539.59546164234, "requests_failed": 16.567241961346948, "has_blocking": 0.522269811798464, "script": 0.9874461979913917, "iframe": 0.7219596590429572, "beacon": 0.07438391425436745, "image": 0.9769389821925901, "stylesheet": 0.04029875938897797, "font": 0.014537091737699384, "xhr": 0.7143218837032661, "plugin": 0.002985484007089206, "media": 0.0004219765381044814, "referer_leaked": 0.9904211325850283, "referer_leaked_header": 0.9859059836273103, "referer_leaked_url": 0.0, "hosts": 13.533156806481559, "trackers": 10.916416997214954, "companies": 7.715028694404591}