{"id": "bibliocommons.com", "month": "2019-04", "country": "global", "site": "bibliocommons.com", "category": "Business", "popularity": 0.0003749994392236025, "cookies": 0.5614288393024564, "bad_qs": 0.045921620101256326, "tracked": 0.5776673542096381, "https": 0.9933245827864241, "requests": 33.7133695855991, "requests_tracking": 2.274535908494281, "content_length": 693829.1503468967, "requests_failed": 8.202681417588598, "has_blocking": 0.3830114382148884, "script": 0.9977123570223139, "iframe": 0.30193137071066944, "beacon": 0.09894993437089818, "image": 0.7718357397337333, "stylesheet": 0.8253515844740297, "font": 0.34447777986124134, "xhr": 0.2257453590849428, "plugin": 0.0004875304706544159, "media": 0.004687792987061692, "referer_leaked": 0.9677854865929121, "referer_leaked_header": 0.9659103693980874, "referer_leaked_url": 0.0, "hosts": 7.488749296831052, "trackers": 6.530470654415901, "companies": 4.4015375960997565}