{"id": "biglobe.ne.jp", "month": "2019-04", "country": "global", "site": "biglobe.ne.jp", "category": "Entertainment", "popularity": 0.00022049938899631967, "cookies": 0.5796606926462147, "bad_qs": 0.050864213278908096, "tracked": 0.5802028190573378, "https": 0.9094967791313221, "requests": 37.87004911027489, "requests_tracking": 8.704923783404555, "content_length": 561492.262070285, "requests_failed": 15.369443204285988, "has_blocking": 0.45066649658779256, "script": 0.9731169079660693, "iframe": 0.4410357803431341, "beacon": 0.016072453600357167, "image": 0.7599017794502201, "stylesheet": 0.5764398239683654, "font": 0.04955673193443459, "xhr": 0.20859110912685758, "plugin": 0.002136615855603036, "media": 0.007908667644620193, "referer_leaked": 0.9009184259200204, "referer_leaked_header": 0.8821672300529371, "referer_leaked_url": 0.0, "hosts": 9.791217552139805, "trackers": 7.439536960265323, "companies": 5.187894636137509}