{"id": "bike24.de", "month": "2019-04", "country": "global", "site": "bike24.de", "category": "E-Commerce", "popularity": 0.0003638190696686517, "cookies": 0.06696946269810591, "bad_qs": 0.0027251642829532277, "tracked": 0.06919211441824508, "https": 0.9992462311557789, "requests": 5.244472361809045, "requests_tracking": 0.15628140703517587, "content_length": 126127.33571704678, "requests_failed": 1.5983764978739854, "has_blocking": 0.18260533436412835, "script": 0.9940278314650174, "iframe": 0.06192500966370313, "beacon": 0.013683803633552377, "image": 0.3316003092385002, "stylesheet": 0.07158871279474295, "font": 0.03973714727483572, "xhr": 0.010320834943950521, "plugin": 0.004599922690374952, "media": 0.0, "referer_leaked": 0.9440278314650173, "referer_leaked_header": 0.9429261693080788, "referer_leaked_url": 0.0, "hosts": 2.796888287591805, "trackers": 2.735697719366061, "companies": 1.0503285659064554}