{"id": "bilbasen.dk", "month": "2019-04", "country": "global", "site": "bilbasen.dk", "category": "E-Commerce", "popularity": 0.00021852348720704848, "cookies": 0.8717379412427197, "bad_qs": 0.13913826945972907, "tracked": 0.8723493258680053, "https": 0.9510570518389806, "requests": 118.3388357949609, "requests_tracking": 23.8479904752711, "content_length": 1128569.4617884608, "requests_failed": 42.00836631592496, "has_blocking": 0.5222833606847508, "script": 0.9990346558548122, "iframe": 0.7352704572513434, "beacon": 0.061910737844708304, "image": 0.9962351578337677, "stylesheet": 0.08955175853525114, "font": 0.07001962866428549, "xhr": 0.7249090967596615, "plugin": 0.0016089069086462657, "media": 0.010200469800817324, "referer_leaked": 0.9892525018502429, "referer_leaked_header": 0.9781832223187567, "referer_leaked_url": 0.0, "hosts": 21.227467258744408, "trackers": 18.28332850661261, "companies": 15.046465231521704}