{"id": "bild.de", "month": "2019-04", "country": "global", "site": "bild.de", "category": "News and Portals", "popularity": 0.004452002061744526, "cookies": 0.8884740221279822, "bad_qs": 0.39859429663499885, "tracked": 0.8889857613305219, "https": 0.9680652625427436, "requests": 224.81834679807625, "requests_tracking": 97.92311750258634, "content_length": 2451121.757348749, "requests_failed": 53.21417865068271, "has_blocking": 0.27143342257180536, "script": 0.9979388282119928, "iframe": 0.9378110513555561, "beacon": 0.3677967574056086, "image": 0.9697726393265259, "stylesheet": 0.9922749492604263, "font": 0.808059892440001, "xhr": 0.9371824334462634, "plugin": 0.014393454792421838, "media": 0.04016836851540351, "referer_leaked": 0.9888586162508786, "referer_leaked_header": 0.9694488537199807, "referer_leaked_url": 0.0, "hosts": 31.94469741840208, "trackers": 25.42848365672408, "companies": 21.608227313290215}