{"id": "billiger.de", "month": "2019-04", "country": "global", "site": "billiger.de", "category": "E-Commerce", "popularity": 7.935952880325479e-05, "cookies": 0.4920255183413078, "bad_qs": 0.11740209108630162, "tracked": 0.501417685628212, "https": 0.9956583377636009, "requests": 8.121123515860358, "requests_tracking": 2.65311004784689, "content_length": 131954.53774587985, "requests_failed": 3.458532695374801, "has_blocking": 0.32491582491582494, "script": 0.9563175615807195, "iframe": 0.07930178982810562, "beacon": 0.002835371256423888, "image": 0.9792663476874003, "stylesheet": 0.04607478291688818, "font": 0.022062732589048378, "xhr": 0.13707247917774235, "plugin": 0.0007974481658692185, "media": 8.86053517632465e-05, "referer_leaked": 0.6860712387028176, "referer_leaked_header": 0.0876306928938508, "referer_leaked_url": 0.0, "hosts": 2.744905192273613, "trackers": 2.6709197235513025, "companies": 2.542796384901648}