{"id": "binance.com", "month": "2019-04", "country": "global", "site": "binance.com", "category": "Business", "popularity": 0.00162774226865843, "cookies": 0.9681321197302656, "bad_qs": 0.0010626946653591778, "tracked": 0.968227157464566, "https": 0.9936324718018722, "requests": 96.72933253271242, "requests_tracking": 24.241162570684313, "content_length": 472197.54508460517, "requests_failed": 20.09553020255997, "has_blocking": 0.07378816089024437, "script": 0.9963928859935979, "iframe": 0.004479733203160437, "beacon": 1.2959691040965584e-05, "image": 0.871569461784031, "stylesheet": 0.9940817410912924, "font": 0.4229395171219118, "xhr": 0.9510771663203549, "plugin": 0.0003715111431743467, "media": 0.7222133424339163, "referer_leaked": 0.3711007529580495, "referer_leaked_header": 0.36723876502784175, "referer_leaked_url": 0.0, "hosts": 5.002371623460497, "trackers": 4.871172031258775, "companies": 2.995027798537283}