{"id": "bing.com", "month": "2019-04", "country": "global", "site": "bing.com", "category": "Reference", "popularity": 0.012422888323170003, "cookies": 0.8526249177139564, "bad_qs": 0.010367333954829985, "tracked": 0.8540914913259331, "https": 0.8892032220469428, "requests": 28.78648816467737, "requests_tracking": 4.653486749046104, "content_length": 11726203.05760957, "requests_failed": 6.756261239155648, "has_blocking": 0.0861027575093267, "script": 0.4009864702782528, "iframe": 0.7336032145753983, "beacon": 0.006300436462721804, "image": 0.4951466092489796, "stylesheet": 0.1633958848770846, "font": 0.06436678943772665, "xhr": 0.10809853155850191, "plugin": 0.004224818772595054, "media": 0.017863783556149506, "referer_leaked": 0.7661904689129978, "referer_leaked_header": 0.1701921601989695, "referer_leaked_url": 0.0, "hosts": 3.59724752830555, "trackers": 2.01428989479273, "companies": 1.7437616849011972}