{"id": "bitbucket.org", "month": "2019-04", "country": "global", "site": "bitbucket.org", "category": "Business", "popularity": 0.003811282506098259, "cookies": 0.9646320403825718, "bad_qs": 0.0028191049710709648, "tracked": 0.9647464281497226, "https": 0.9966015763372299, "requests": 55.805935618136736, "requests_tracking": 11.896276124690045, "content_length": 331576.6704672925, "requests_failed": 14.504562595938127, "has_blocking": 0.4203455248553548, "script": 0.9964595141102845, "iframe": 0.05773814795135199, "beacon": 0.03260420356594639, "image": 0.9687370852520959, "stylesheet": 0.9843288759003425, "font": 0.4092628261896328, "xhr": 0.9668478421301216, "plugin": 0.0001346823710001181, "media": 0.00023800035423308537, "referer_leaked": 0.9801223580115717, "referer_leaked_header": 0.9609291976620616, "referer_leaked_url": 0.0, "hosts": 6.9241848949108515, "trackers": 5.630861450584485, "companies": 4.36669581709765}