{"id": "bitdefender.com", "month": "2019-04", "country": "global", "site": "bitdefender.com", "category": "Business", "popularity": 0.00019311099942617282, "cookies": 0.6559734916068892, "bad_qs": 0.08211047591304664, "tracked": 0.6578669482576558, "https": 0.9882751338164075, "requests": 76.47394676473802, "requests_tracking": 9.823908531478716, "content_length": 506885.1635655245, "requests_failed": 39.57947056039034, "has_blocking": 0.44128463751228925, "script": 0.9801551177948512, "iframe": 0.6594691038852274, "beacon": 0.013545497578560245, "image": 0.6452317663765794, "stylesheet": 0.6728689509521902, "font": 0.5122528492881331, "xhr": 0.6201798783818229, "plugin": 0.004078214324727816, "media": 0.01762371190328806, "referer_leaked": 0.8627243928194298, "referer_leaked_header": 0.7122310017113935, "referer_leaked_url": 0.0, "hosts": 13.160106324873466, "trackers": 10.866911845027856, "companies": 7.407020354658996}