{"id": "bitly.com", "month": "2019-04", "country": "global", "site": "bitly.com", "category": "Business", "popularity": 0.0005261031885106078, "cookies": 0.2359694729948275, "bad_qs": 0.003354762827623999, "tracked": 0.2369718921664283, "https": 0.9871423034256005, "requests": 59.000815300926234, "requests_tracking": 2.0324917467488204, "content_length": 346509.340996271, "requests_failed": 26.708055440462985, "has_blocking": 0.21800612143974124, "script": 0.9921410336946498, "iframe": 0.07865649099827583, "beacon": 0.0029003328031649714, "image": 0.9085793715500073, "stylesheet": 0.9535144816156323, "font": 0.6457183335783692, "xhr": 0.6161001884548043, "plugin": 0.0024859995455699755, "media": 0.0003475053128216095, "referer_leaked": 0.9543030513639583, "referer_leaked_header": 0.9132840588620538, "referer_leaked_url": 0.0, "hosts": 4.991793528381828, "trackers": 4.187679600101578, "companies": 3.8234673010866222}