{"id": "bitmines.club", "month": "2019-04", "country": "global", "site": "bitmines.club", "category": "Business", "popularity": 3.656473061996499e-07, "cookies": 1.0, "bad_qs": 0.25, "tracked": 1.0, "https": 0.9807692307692307, "requests": 397.40384615384613, "requests_tracking": 326.2692307692308, "content_length": 3110612.3076923075, "requests_failed": 48.40384615384615, "has_blocking": 0.6538461538461539, "script": 1.0, "iframe": 0.8846153846153846, "beacon": 0.0, "image": 0.8653846153846154, "stylesheet": 1.0, "font": 0.4230769230769231, "xhr": 0.9038461538461539, "plugin": 0.0, "media": 0.0, "referer_leaked": 1.0, "referer_leaked_header": 1.0, "referer_leaked_url": 0.0, "hosts": 16.73076923076923, "trackers": 14.038461538461538, "companies": 7.038461538461538}