{"id": "bitrix24.ru", "month": "2019-04", "country": "global", "site": "bitrix24.ru", "category": "Business", "popularity": 0.0009231399096117047, "cookies": 0.6464203286030941, "bad_qs": 0.004928284697942612, "tracked": 0.6471287219213455, "https": 0.9827091093287021, "requests": 34.2896033759131, "requests_tracking": 2.4475979372805314, "content_length": 1094606.7809388877, "requests_failed": 8.87083628497216, "has_blocking": 0.21586191662286816, "script": 0.9916287714327064, "iframe": 0.03417045619006269, "beacon": 0.0013177639145967109, "image": 0.8291248676523236, "stylesheet": 0.03485599811095115, "font": 0.019187556652422628, "xhr": 0.6219693334247389, "plugin": 3.808566227158124e-05, "media": 0.040378419140330434, "referer_leaked": 0.9374024054904291, "referer_leaked_header": 0.9088076902569259, "referer_leaked_url": 0.0, "hosts": 2.3976752511749426, "trackers": 2.244281437809922, "companies": 2.0565648256057525}