{"id": "blablacar.de", "month": "2019-04", "country": "global", "site": "blablacar.de", "category": "Recreation", "popularity": 0.00020988858543756443, "cookies": 0.5877583838654561, "bad_qs": 0.030486783476833396, "tracked": 0.5892994740192301, "https": 0.9982914000469028, "requests": 37.50648262923381, "requests_tracking": 4.219437837113471, "content_length": 289670.41381620825, "requests_failed": 8.47797246138899, "has_blocking": 0.2880163489564139, "script": 0.99229454923113, "iframe": 0.0757144292941137, "beacon": 0.21769573520050922, "image": 0.831384636001206, "stylesheet": 0.6175081242252671, "font": 0.06020302187677979, "xhr": 0.9427451505913096, "plugin": 0.0012060705551274749, "media": 0.0, "referer_leaked": 0.9770846594525779, "referer_leaked_header": 0.973131428188549, "referer_leaked_url": 0.0, "hosts": 8.484672853361921, "trackers": 7.732520352440618, "companies": 6.262990384937519}