{"id": "blablacar.fr", "month": "2019-04", "country": "global", "site": "blablacar.fr", "category": "Recreation", "popularity": 0.0005919197036265448, "cookies": 0.49708359567112936, "bad_qs": 0.07219140165599497, "tracked": 0.497261787381651, "https": 0.9961035412632604, "requests": 45.76211406645363, "requests_tracking": 4.646408249088252, "content_length": 301450.73229665356, "requests_failed": 13.760272752111572, "has_blocking": 0.3494220648855415, "script": 0.992884211026503, "iframe": 0.5779232350111073, "beacon": 0.052483398472303065, "image": 0.8668789127929769, "stylesheet": 0.6382708276410981, "font": 0.1928984663633448, "xhr": 0.9374071918174367, "plugin": 0.0016037253946946388, "media": 1.1879447368108435e-05, "referer_leaked": 0.9815037004478552, "referer_leaked_header": 0.9788664631321351, "referer_leaked_url": 0.0, "hosts": 12.270898917782345, "trackers": 11.460673089487877, "companies": 9.09131731191865}