{"id": "blackboard.com", "month": "2019-04", "country": "global", "site": "blackboard.com", "category": "Business", "popularity": 0.002711738866282119, "cookies": 0.536372735617639, "bad_qs": 0.009137914045523615, "tracked": 0.5378689264247523, "https": 0.9675583306970641, "requests": 26.278952718296054, "requests_tracking": 3.8698391789361226, "content_length": 1384001.0105692786, "requests_failed": 5.93511406834247, "has_blocking": 0.27238192539271766, "script": 0.9924542196729643, "iframe": 0.13423450521981298, "beacon": 0.011030841756429472, "image": 0.5267447348086068, "stylesheet": 0.5597335380115442, "font": 0.12165820467475354, "xhr": 0.25377937279266477, "plugin": 0.00638927928722196, "media": 0.00782064380286584, "referer_leaked": 0.7980686951245443, "referer_leaked_header": 0.7941894898430166, "referer_leaked_url": 0.0, "hosts": 3.3619096269635884, "trackers": 2.6189640240012864, "companies": 2.320988678736458}