{"id": "blau.de", "month": "2019-04", "country": "global", "site": "blau.de", "category": "Business", "popularity": 0.00011581878423873912, "cookies": 0.5017910266529051, "bad_qs": 0.056341448606641975, "tracked": 0.5076194523708336, "https": 0.9971464999089309, "requests": 45.500455345759214, "requests_tracking": 5.183959686722118, "content_length": 614414.9154271143, "requests_failed": 12.777487705664502, "has_blocking": 0.339505798069334, "script": 0.9925323295489041, "iframe": 0.395907959443871, "beacon": 0.08730496023313702, "image": 0.932001699957501, "stylesheet": 0.9857324995446543, "font": 0.49007346244915306, "xhr": 0.6737902980996904, "plugin": 0.0007892659826361484, "media": 0.0, "referer_leaked": 0.9679436585513933, "referer_leaked_header": 0.9575617752413332, "referer_leaked_url": 0.0, "hosts": 9.090522736931577, "trackers": 8.144921376965575, "companies": 5.331248861635602}