{"id": "blender.org", "month": "2019-04", "country": "global", "site": "blender.org", "category": "Business", "popularity": 0.0001886951050359155, "cookies": 0.38863424632010435, "bad_qs": 0.005366126327557294, "tracked": 0.39042295509595676, "https": 0.9858766536239985, "requests": 21.35684740078256, "requests_tracking": 4.820793739519284, "content_length": 4176307.341345258, "requests_failed": 6.467523756288429, "has_blocking": 0.32752002981181294, "script": 0.874492267561021, "iframe": 0.18285820756474752, "beacon": 0.008869014346934974, "image": 0.3818893236444941, "stylesheet": 0.5702254518352897, "font": 0.38386435625116455, "xhr": 0.19750326066703933, "plugin": 0.0015651201788708777, "media": 0.011924725172349543, "referer_leaked": 0.8585056828768399, "referer_leaked_header": 0.8469908701322899, "referer_leaked_url": 0.0, "hosts": 3.1748090180734114, "trackers": 2.954127072852618, "companies": 1.8990124836966649}