{"id": "blick.ch", "month": "2019-04", "country": "global", "site": "blick.ch", "category": "News and Portals", "popularity": 0.0003298912186607034, "cookies": 0.7811787274858787, "bad_qs": 0.22189065330917618, "tracked": 0.7901524032825322, "https": 0.9463071512309496, "requests": 404.67886603431737, "requests_tracking": 116.6339763401897, "content_length": 12852538.551763829, "requests_failed": 96.36231482468294, "has_blocking": 0.3081743578812746, "script": 0.9729084514547586, "iframe": 0.6788447191729724, "beacon": 0.1993605456676969, "image": 0.8735798785036769, "stylesheet": 0.5885963977405947, "font": 0.5494617926036449, "xhr": 0.9050197165085794, "plugin": 0.005520622402216775, "media": 0.2982841308749867, "referer_leaked": 0.974634978151977, "referer_leaked_header": 0.9729510817435788, "referer_leaked_url": 0.0, "hosts": 23.65567515719919, "trackers": 19.407566876265587, "companies": 15.04960034104231}