{"id": "blic.rs", "month": "2019-04", "country": "global", "site": "blic.rs", "category": "News and Portals", "popularity": 0.00047043338614171114, "cookies": 0.9858748617380646, "bad_qs": 0.09754566380676213, "tracked": 0.9891483064781322, "https": 0.9841858240411347, "requests": 191.77405757675405, "requests_tracking": 37.37438342650444, "content_length": 3879313.449074766, "requests_failed": 60.90938985381603, "has_blocking": 0.5495500881886939, "script": 0.998116648231742, "iframe": 0.9667573465666198, "beacon": 0.09270275925981286, "image": 0.9981017009954859, "stylesheet": 0.9986696959732145, "font": 0.7612029535738842, "xhr": 0.9601207736689487, "plugin": 0.13963708110370393, "media": 0.051567965083256104, "referer_leaked": 0.9949029924366984, "referer_leaked_header": 0.9893276733132044, "referer_leaked_url": 0.0, "hosts": 26.798092732653732, "trackers": 15.764252189770112, "companies": 9.916444949328868}