{"id": "blikk.hu", "month": "2019-04", "country": "global", "site": "blikk.hu", "category": "Entertainment", "popularity": 0.000246706456500283, "cookies": 0.9392617927889412, "bad_qs": 0.07290865042040758, "tracked": 0.9398603391762862, "https": 0.0003990309248966795, "requests": 162.17782528145932, "requests_tracking": 22.57554510474562, "content_length": 2251875.8729371526, "requests_failed": 54.37962092062135, "has_blocking": 0.5154054439219039, "script": 0.9993444491948126, "iframe": 0.9595553655408294, "beacon": 0.15704717115576458, "image": 0.998061849793359, "stylesheet": 0.9865754595981189, "font": 0.7293430240843666, "xhr": 0.9850078381074533, "plugin": 0.00045603534273906226, "media": 0.008094627333618355, "referer_leaked": 0.9956961664529, "referer_leaked_header": 0.9948696023941855, "referer_leaked_url": 0.0, "hosts": 23.513296280461734, "trackers": 16.99857488955394, "companies": 11.08154481972353}