{"id": "blogjav.net", "month": "2019-04", "country": "global", "site": "blogjav.net", "category": "Adult", "popularity": 0.0013305061671129415, "cookies": 0.9766457382039574, "bad_qs": 0.039214442753255536, "tracked": 0.9766563081346187, "https": 0.037602528327414175, "requests": 27.473189370877726, "requests_tracking": 11.024580373752748, "content_length": 780279.5393782767, "requests_failed": 6.385591070522578, "has_blocking": 0.41661381701336037, "script": 0.8818915947911382, "iframe": 0.6456060798241163, "beacon": 0.0007081853543040757, "image": 0.989361364789447, "stylesheet": 0.021367114831726704, "font": 0.01197044647387113, "xhr": 0.1511605783866058, "plugin": 0.003081134787755792, "media": 0.0026054879079993234, "referer_leaked": 0.9808948503297819, "referer_leaked_header": 0.9420450701843396, "referer_leaked_url": 0.0, "hosts": 9.729304075765263, "trackers": 9.039357136817182, "companies": 5.728072678843227}