{"id": "blog.jp", "month": "2019-04", "country": "global", "site": "blog.jp", "category": "Business", "popularity": 0.0010781040506507025, "cookies": 0.9637036022462676, "bad_qs": 0.05819815941717051, "tracked": 0.9638014362024772, "https": 4.5655846231109894e-05, "requests": 161.79771198987746, "requests_tracking": 48.75954370242824, "content_length": 2734842.81986812, "requests_failed": 60.180699317118986, "has_blocking": 0.49162215221659133, "script": 0.966632098668806, "iframe": 0.9215306448562167, "beacon": 0.01148570645899779, "image": 0.9975084952485309, "stylesheet": 0.9964844998402045, "font": 0.19906601183138645, "xhr": 0.5041579431389046, "plugin": 0.004956920447949074, "media": 0.0037763907096875185, "referer_leaked": 0.9892056534982162, "referer_leaked_header": 0.919697888743225, "referer_leaked_url": 0.0, "hosts": 17.4427834412768, "trackers": 10.22510941097436, "companies": 7.700393292503962}