{"id": "bloomberg.com", "month": "2019-04", "country": "global", "site": "bloomberg.com", "category": "News and Portals", "popularity": 0.0050317780557978635, "cookies": 0.6219649043372784, "bad_qs": 0.1438036185676934, "tracked": 0.6232673315753361, "https": 0.9887532892576304, "requests": 155.9995989306681, "requests_tracking": 16.728682885519163, "content_length": 3075171.4993942035, "requests_failed": 45.659176312593715, "has_blocking": 0.504591335504977, "script": 0.9897370969567642, "iframe": 0.6478695113242694, "beacon": 0.048403618288202555, "image": 0.9395992381080148, "stylesheet": 0.9939252669486729, "font": 0.32654450122766343, "xhr": 0.39130392251396406, "plugin": 0.001240939256861849, "media": 0.09927653800306602, "referer_leaked": 0.9950446276972611, "referer_leaked_header": 0.993782726628628, "referer_leaked_url": 0.0, "hosts": 19.056216784262432, "trackers": 16.883157463732573, "companies": 13.6001716073657}