{"id": "blu-ray.com", "month": "2019-04", "country": "global", "site": "blu-ray.com", "category": "Entertainment", "popularity": 0.0004504915445958995, "cookies": 0.8749726844191927, "bad_qs": 0.005900165454375175, "tracked": 0.875050728935785, "https": 0.9608840882839572, "requests": 92.34133549776793, "requests_tracking": 49.59351293978085, "content_length": 1179612.4676115257, "requests_failed": 28.53216994973933, "has_blocking": 0.453157681141323, "script": 0.9950207598414136, "iframe": 0.23595979146505167, "beacon": 0.0024974245309524554, "image": 0.9531264633346861, "stylesheet": 0.061062029781787534, "font": 0.3760340898448475, "xhr": 0.13063091187213186, "plugin": 0.0007180095526488309, "media": 0.00012487122654762276, "referer_leaked": 0.9214559985015452, "referer_leaked_header": 0.8692910436112758, "referer_leaked_url": 0.0, "hosts": 3.6131801579621015, "trackers": 3.4136515468423188, "companies": 2.5784659569818627}