{"id": "bluesystem.world", "month": "2019-04", "country": "global", "site": "bluesystem.world", "category": "Entertainment", "popularity": 0.00015542120017174736, "cookies": 0.6261141021580781, "bad_qs": 0.005202913631633715, "tracked": 0.6267475003393205, "https": 0.016830294530154277, "requests": 2.0977242908202505, "requests_tracking": 0.8080351083563317, "content_length": 15006.551327874044, "requests_failed": 0.9138126046238068, "has_blocking": 0.005564855449486495, "script": 0.08709224992082523, "iframe": 0.04506175632267113, "beacon": 0.0, "image": 0.971451839116862, "stylesheet": 0.03551554087680405, "font": 0.012622720897615708, "xhr": 0.0006786409084739628, "plugin": 0.0, "media": 0.0, "referer_leaked": 0.7051531466316789, "referer_leaked_header": 0.7043387775415102, "referer_leaked_url": 0.0, "hosts": 1.15151789349862, "trackers": 1.1511559516807672, "companies": 1.1384427453286885}