{"id": "bmo.com", "month": "2019-04", "country": "global", "site": "bmo.com", "category": "Banking", "popularity": 0.00046595420664076546, "cookies": 0.3806836188032898, "bad_qs": 0.01572474156794688, "tracked": 0.3845318041198219, "https": 0.9701350637591488, "requests": 15.978103071002792, "requests_tracking": 4.8522296838451675, "content_length": 76233.08622953294, "requests_failed": 8.732422847657134, "has_blocking": 0.45138459216781107, "script": 0.561714328831208, "iframe": 0.8598204180185618, "beacon": 0.005553459594054177, "image": 0.2888553535048668, "stylesheet": 0.3248170225609296, "font": 0.09454463140421036, "xhr": 0.8334867577152343, "plugin": 0.0009205462914057195, "media": 0.001931638119671018, "referer_leaked": 0.6274503885912623, "referer_leaked_header": 0.6165849241681128, "referer_leaked_url": 0.0, "hosts": 3.822998566362333, "trackers": 3.7670112427374933, "companies": 3.148811589828718}