{"id": "bnf.fr", "month": "2019-04", "country": "global", "site": "bnf.fr", "category": "Reference", "popularity": 0.0003660903019744687, "cookies": 0.5572287421009162, "bad_qs": 0.003495764746557056, "tracked": 0.558611682000653, "https": 0.9286633501719072, "requests": 10.470199565910532, "requests_tracking": 3.9850757735820066, "content_length": 87935.47945758024, "requests_failed": 4.6317154217006316, "has_blocking": 0.018554443654802834, "script": 0.12252463361696406, "iframe": 0.02758196800030732, "beacon": 0.000384149972149127, "image": 0.9694408697155369, "stylesheet": 0.06572806023471563, "font": 0.012772986573958473, "xhr": 0.004744252156041719, "plugin": 0.0013253174039144881, "media": 0.00023048998328947622, "referer_leaked": 0.5827747152488332, "referer_leaked_header": 0.5733630409311795, "referer_leaked_url": 0.0, "hosts": 1.2538078865989282, "trackers": 1.232545185640474, "companies": 1.205558650096998}