{"id": "bnpparibasfortis.be", "month": "2019-04", "country": "global", "site": "bnpparibasfortis.be", "category": "Banking", "popularity": 0.00031975856927159385, "cookies": 0.6735937018955886, "bad_qs": 0.040022870211549454, "tracked": 0.6739455513040419, "https": 0.9986145929542156, "requests": 17.480142499010423, "requests_tracking": 5.726041254343141, "content_length": 68855.7053701016, "requests_failed": 8.27208954567445, "has_blocking": 0.49967014117957514, "script": 0.7048643180718652, "iframe": 0.2340238377974227, "beacon": 0.01479966574306197, "image": 0.9181730219466069, "stylesheet": 0.04140827725733386, "font": 0.009741830496547478, "xhr": 0.9333025465100937, "plugin": 0.01134714342261512, "media": 2.1990588028323877e-05, "referer_leaked": 0.6680300831244228, "referer_leaked_header": 0.18689800765272463, "referer_leaked_url": 0.0, "hosts": 4.69232968289572, "trackers": 4.269208778642741, "companies": 3.3456040814531383}