{"id": "boardgamegeek.com", "month": "2019-04", "country": "global", "site": "boardgamegeek.com", "category": "Entertainment", "popularity": 0.0014972132120241203, "cookies": 0.5199038154458868, "bad_qs": 0.006020927654937912, "tracked": 0.5202795363603915, "https": 0.9974122222013488, "requests": 91.45128778343447, "requests_tracking": 2.7950254550919578, "content_length": 2310967.9434258235, "requests_failed": 22.84111232176739, "has_blocking": 0.4481599068212132, "script": 0.9977926396272848, "iframe": 0.7197121977794894, "beacon": 0.013497773853581559, "image": 0.9807443031316339, "stylesheet": 0.9696276605737258, "font": 0.3191983994289042, "xhr": 0.8104628881666698, "plugin": 0.0013291127350603972, "media": 0.0007608348518720295, "referer_leaked": 0.9605164283969867, "referer_leaked_header": 0.8956529090191806, "referer_leaked_url": 0.0, "hosts": 7.174559936878886, "trackers": 5.507899532227461, "companies": 3.4318817982002967}