{"id": "bodybuilding.com", "month": "2019-04", "country": "global", "site": "bodybuilding.com", "category": "Business", "popularity": 0.0004315060113893792, "cookies": 0.6851350910927876, "bad_qs": 0.014617214744320959, "tracked": 0.6854284131277907, "https": 0.9187009092983085, "requests": 57.9172505947919, "requests_tracking": 7.158426490238894, "content_length": 1813097.841508327, "requests_failed": 18.954469901900076, "has_blocking": 0.4956327608121761, "script": 0.9904344425251768, "iframe": 0.4473486947169442, "beacon": 0.12961574813414595, "image": 0.8953003291725059, "stylesheet": 0.9360069093634912, "font": 0.6372258253756151, "xhr": 0.4675064367891015, "plugin": 0.0009288531108431379, "media": 0.0009125574422318548, "referer_leaked": 0.9813740507773034, "referer_leaked_header": 0.9723462503666526, "referer_leaked_url": 0.0, "hosts": 12.558485154645895, "trackers": 9.74536388228009, "companies": 6.85496854935958}