{"id": "boerse.de", "month": "2019-04", "country": "global", "site": "boerse.de", "category": "News and Portals", "popularity": 0.00011247170505121925, "cookies": 0.7356673960612692, "bad_qs": 0.17117849327914975, "tracked": 0.7369803063457331, "https": 0.9935604876523914, "requests": 50.777117849327915, "requests_tracking": 14.868083776180056, "content_length": 275863.11303532356, "requests_failed": 21.08446389496718, "has_blocking": 0.45289152860268833, "script": 0.9714910909659269, "iframe": 0.7035948733979368, "beacon": 0.1753047827446077, "image": 0.8203188496405127, "stylesheet": 0.7377930603313535, "font": 0.12066270709596749, "xhr": 0.6068771491090966, "plugin": 0.0, "media": 0.003313535479837449, "referer_leaked": 0.9322913410440763, "referer_leaked_header": 0.9256642700844013, "referer_leaked_url": 0.0, "hosts": 15.058580806502032, "trackers": 13.683588621444201, "companies": 10.332478899656143}