{"id": "boerse-online.de", "month": "2019-04", "country": "global", "site": "boerse-online.de", "category": "News and Portals", "popularity": 0.0001169368211942342, "cookies": 0.9761876127480457, "bad_qs": 0.21719783523752256, "tracked": 0.9764882742032471, "https": 0.9876728803367408, "requests": 111.38472639807577, "requests_tracking": 63.309440769693325, "content_length": 423767.72176788934, "requests_failed": 36.717859290438966, "has_blocking": 0.4471437161755863, "script": 0.9894167167769092, "iframe": 0.6201443174984967, "beacon": 0.1021046301864101, "image": 0.9972339146121467, "stylesheet": 0.5232110643415514, "font": 0.5545399879735418, "xhr": 0.9691521346963319, "plugin": 0.0038484666265784727, "media": 0.00877931449188214, "referer_leaked": 0.9779915814792544, "referer_leaked_header": 0.9689717378232111, "referer_leaked_url": 0.0, "hosts": 16.79759470835839, "trackers": 12.842633794347565, "companies": 8.039266386049308}