{"id": "boerse.to", "month": "2019-04", "country": "global", "site": "boerse.to", "category": "Reference", "popularity": 0.000348827530114466, "cookies": 0.6409248508305112, "bad_qs": 0.0017739074342847927, "tracked": 0.6418521206257055, "https": 0.5613207547169812, "requests": 16.852846315110465, "requests_tracking": 5.304850024189647, "content_length": 544773.3838695372, "requests_failed": 5.812227866473149, "has_blocking": 0.20488630865989357, "script": 0.23451862602805998, "iframe": 0.12502015803902597, "beacon": 0.0005039509756490888, "image": 0.8459119496855346, "stylesheet": 0.2299830672472182, "font": 0.09675858732462506, "xhr": 0.10689808095468473, "plugin": 0.0023584905660377358, "media": 2.0158039025963555e-05, "referer_leaked": 0.916465086276407, "referer_leaked_header": 0.9133002741493308, "referer_leaked_url": 0.0, "hosts": 3.0356797290759556, "trackers": 1.8456095791001452, "companies": 1.4991936784389615}