{"id": "boerse-stuttgart.de", "month": "2019-04", "country": "global", "site": "boerse-stuttgart.de", "category": "Business", "popularity": 3.881486788888591e-05, "cookies": 0.026268115942028984, "bad_qs": 0.003985507246376811, "tracked": 0.028985507246376812, "https": 0.9297101449275362, "requests": 3.4070652173913043, "requests_tracking": 0.15833333333333333, "content_length": 98367.64474637681, "requests_failed": 1.1172101449275362, "has_blocking": 0.16340579710144928, "script": 0.9855072463768116, "iframe": 0.01576086956521739, "beacon": 0.0009057971014492754, "image": 0.4572463768115942, "stylesheet": 0.0411231884057971, "font": 0.017210144927536232, "xhr": 0.0030797101449275364, "plugin": 0.00036231884057971015, "media": 0.0, "referer_leaked": 0.7206521739130435, "referer_leaked_header": 0.7197463768115943, "referer_leaked_url": 0.0, "hosts": 2.007427536231884, "trackers": 1.9907608695652175, "companies": 1.1360507246376812}