{"id": "bongacams2.com", "month": "2019-04", "country": "global", "site": "bongacams2.com", "category": "Adult", "popularity": 0.0002012185252732535, "cookies": 0.8664733016494269, "bad_qs": 0.03655297735532569, "tracked": 0.8839809896561365, "https": 0.9917179200447303, "requests": 363.89107492311996, "requests_tracking": 2.00020967291026, "content_length": 32879165.79700168, "requests_failed": 58.8458904109589, "has_blocking": 0.361965334078837, "script": 0.987279843444227, "iframe": 0.07929130556332122, "beacon": 0.0029004752585965895, "image": 0.9944786133631535, "stylesheet": 0.9557939614201845, "font": 0.6558918087783059, "xhr": 0.6067584568073805, "plugin": 0.0005940732457366508, "media": 0.31325132792843163, "referer_leaked": 0.9673958624545709, "referer_leaked_header": 0.9472672630696114, "referer_leaked_url": 0.0, "hosts": 4.522330164942689, "trackers": 4.333170254403131, "companies": 2.37363712608331}