{"id": "bongacams.com", "month": "2019-04", "country": "global", "site": "bongacams.com", "category": "Adult", "popularity": 0.0005338310036935582, "cookies": 0.870320609078216, "bad_qs": 0.006098685423746674, "tracked": 0.871650991859638, "https": 0.9901999525804157, "requests": 318.6274006164546, "requests_tracking": 1.7631260043731394, "content_length": 18967102.08323454, "requests_failed": 43.39882504807819, "has_blocking": 0.32793276956716455, "script": 0.9746041781922601, "iframe": 0.0319160146473827, "beacon": 0.0006059169103506415, "image": 0.990292157327643, "stylesheet": 0.9739587449616691, "font": 0.5425854211122527, "xhr": 0.40908611923391025, "plugin": 0.0007376379778181722, "media": 0.3584261966858979, "referer_leaked": 0.9813087805263574, "referer_leaked_header": 0.9785821544297795, "referer_leaked_url": 0.0, "hosts": 5.11898364024342, "trackers": 4.715719592191575, "companies": 2.9085197186438}