{"id": "bonus-bunny.de", "month": "2019-04", "country": "global", "site": "bonus-bunny.de", "category": "Business", "popularity": 0.00011477106407289781, "cookies": 0.8288199975493199, "bad_qs": 0.0053914961401789, "tracked": 0.8288199975493199, "https": 0.9747579953437079, "requests": 41.42942041416493, "requests_tracking": 5.410795245680676, "content_length": 351623.7842788874, "requests_failed": 4.991238818772209, "has_blocking": 0.11757137605685578, "script": 0.7974512927337336, "iframe": 0.8237961034186987, "beacon": 0.004227423109913001, "image": 0.5995588775885308, "stylesheet": 0.6422007106972185, "font": 0.02371032961646857, "xhr": 0.536944001960544, "plugin": 0.0, "media": 0.0020830780541600293, "referer_leaked": 0.5606543315770126, "referer_leaked_header": 0.5606543315770126, "referer_leaked_url": 0.0, "hosts": 3.5745006739370173, "trackers": 1.5515868153412573, "companies": 1.4694277662051218}