{"id": "boohoo.com", "month": "2019-04", "country": "global", "site": "boohoo.com", "category": "E-Commerce", "popularity": 0.0003884299460474743, "cookies": 0.6557929036929762, "bad_qs": 0.08546343229543808, "tracked": 0.6563721940622738, "https": 0.9424511223750905, "requests": 188.79380883417812, "requests_tracking": 8.449511223750905, "content_length": 2858174.7364771906, "requests_failed": 42.74581824764663, "has_blocking": 0.4334178131788559, "script": 0.9892288196958725, "iframe": 0.3442070963070239, "beacon": 0.04589065894279508, "image": 0.9532223026792179, "stylesheet": 0.9751267197682838, "font": 0.05103186097031137, "xhr": 0.69605358435916, "plugin": 0.0024257784214337438, "media": 0.0012128892107168719, "referer_leaked": 0.9803222302679218, "referer_leaked_header": 0.9783852280955829, "referer_leaked_url": 0.0, "hosts": 16.633037653874005, "trackers": 13.723968139029688, "companies": 11.181752353367125}