{"id": "booru.org", "month": "2019-04", "country": "global", "site": "booru.org", "category": "Reference", "popularity": 0.00047499694579024136, "cookies": 0.39731462154520286, "bad_qs": 0.0021761335879557668, "tracked": 0.39823244659590534, "https": 0.9978682773015943, "requests": 10.768219567437935, "requests_tracking": 1.9823836804784534, "content_length": 175140.87779603558, "requests_failed": 6.613388402836375, "has_blocking": 0.4910512057556513, "script": 0.9525987772201744, "iframe": 0.9665141892792113, "beacon": 0.0, "image": 0.2918091516039733, "stylesheet": 0.24378617637044603, "font": 0.03918520821305384, "xhr": 0.004115409098310906, "plugin": 0.00016283992835043154, "media": 0.016757708990244407, "referer_leaked": 0.6066823585143077, "referer_leaked_header": 0.6063862859173069, "referer_leaked_url": 0.0, "hosts": 4.077334162336605, "trackers": 3.919867951621738, "companies": 3.0760758537993516}