{"id": "boredomtherapy.com", "month": "2019-04", "country": "global", "site": "boredomtherapy.com", "category": "Entertainment", "popularity": 0.00013908660993517454, "cookies": 0.9966127401415571, "bad_qs": 0.026693629929221436, "tracked": 0.9966127401415571, "https": 0.012740141557128413, "requests": 49.57861476238625, "requests_tracking": 12.928614762386248, "content_length": 1086311.149494439, "requests_failed": 28.22366026289181, "has_blocking": 0.37795753286147626, "script": 0.9990899898887765, "iframe": 0.5988372093023255, "beacon": 0.3440849342770475, "image": 0.9991405460060667, "stylesheet": 0.04373104145601618, "font": 0.011577350859453994, "xhr": 0.29762386248736095, "plugin": 0.00020222446916076846, "media": 0.0017189079878665318, "referer_leaked": 0.9957027300303337, "referer_leaked_header": 0.9950455005055612, "referer_leaked_url": 0.0, "hosts": 20.00080889787664, "trackers": 17.26370070778564, "companies": 14.16572295247725}