{"id": "bostonglobe.com", "month": "2019-04", "country": "global", "site": "bostonglobe.com", "category": "News and Portals", "popularity": 0.0004058685098816114, "cookies": 0.9183471933471934, "bad_qs": 0.15602910602910602, "tracked": 0.9189015939015939, "https": 0.454002079002079, "requests": 149.83889466389468, "requests_tracking": 48.467169092169094, "content_length": 1955056.1279625779, "requests_failed": 57.061659736659735, "has_blocking": 0.5973839223839224, "script": 0.9881323631323631, "iframe": 0.7898302148302149, "beacon": 0.024497574497574497, "image": 0.995997920997921, "stylesheet": 0.6089743589743589, "font": 0.41755024255024253, "xhr": 0.952009702009702, "plugin": 0.0011954261954261955, "media": 0.014466389466389467, "referer_leaked": 0.985966735966736, "referer_leaked_header": 0.9823111573111573, "referer_leaked_url": 0.0, "hosts": 25.424220374220376, "trackers": 20.10051975051975, "companies": 14.253326403326403}