{"id": "boulanger.com", "month": "2019-04", "country": "global", "site": "boulanger.com", "category": "Business", "popularity": 0.0006763561046428025, "cookies": 0.934045141235302, "bad_qs": 0.14468691195275868, "tracked": 0.9355318286254899, "https": 0.9960701550105524, "requests": 123.84809797581794, "requests_tracking": 22.950928919708485, "content_length": 6357823.049580504, "requests_failed": 42.778785074906175, "has_blocking": 0.4879869421023631, "script": 0.9955399378294364, "iframe": 0.8132283988480772, "beacon": 0.30606007048769585, "image": 0.988979799765041, "stylesheet": 0.3019638828531922, "font": 0.041897553723476144, "xhr": 0.9348976472912139, "plugin": 0.0011020200234958986, "media": 0.04140892220362419, "referer_leaked": 0.9707756765467267, "referer_leaked_header": 0.9088442305093204, "referer_leaked_url": 0.0, "hosts": 32.20028694106272, "trackers": 23.24607275411438, "companies": 20.061182904134654}