{"id": "boxnovel.com", "month": "2019-04", "country": "global", "site": "boxnovel.com", "category": "Entertainment", "popularity": 0.0006591636495724535, "cookies": 0.03103198139574577, "bad_qs": 0.0071472765676004356, "tracked": 0.035981737108233235, "https": 0.9990292504960423, "requests": 7.21330886902349, "requests_tracking": 0.2578886731667769, "content_length": 26012.320955388193, "requests_failed": 4.709724563162723, "has_blocking": 0.4780354590258369, "script": 0.9979838279533186, "iframe": 0.0037443195152653025, "beacon": 2.133515393313563e-05, "image": 0.3656418681060784, "stylesheet": 0.9698960978003456, "font": 0.004715069019222974, "xhr": 0.004459047172025346, "plugin": 0.0019308314309487743, "media": 0.00028802457809733097, "referer_leaked": 0.9870922318704529, "referer_leaked_header": 0.9823878304281966, "referer_leaked_url": 0.0, "hosts": 3.6934565082887074, "trackers": 3.688154722536323, "companies": 1.1235198736958887}