{"id": "boyfriendtv.com", "month": "2019-04", "country": "global", "site": "boyfriendtv.com", "category": "Adult", "popularity": 0.00039803521951418047, "cookies": 0.851376179203618, "bad_qs": 0.00247323605271526, "tracked": 0.8514998410062538, "https": 0.9970497827085468, "requests": 22.10514786418401, "requests_tracking": 4.974490336713423, "content_length": 555056054.4604989, "requests_failed": 5.035031622089531, "has_blocking": 0.10120835247146946, "script": 0.9945058827686111, "iframe": 0.052397272373953294, "beacon": 0.3280217644772639, "image": 0.9879518072289156, "stylesheet": 0.9822456983358655, "font": 0.41530933116630747, "xhr": 0.835830124015122, "plugin": 0.005423453344168463, "media": 0.4731300568844292, "referer_leaked": 0.996272479949122, "referer_leaked_header": 0.9857788926968872, "referer_leaked_url": 0.0, "hosts": 6.835635798325266, "trackers": 6.680899551284316, "companies": 5.0009186305338655}