{"id": "br.de", "month": "2019-04", "country": "global", "site": "br.de", "category": "News and Portals", "popularity": 0.0003842250020261783, "cookies": 0.5879543208520918, "bad_qs": 0.12812488561912083, "tracked": 0.5950550858314118, "https": 0.9689982065078145, "requests": 72.3097068189305, "requests_tracking": 11.643644083305881, "content_length": 83064264.4183412, "requests_failed": 8.668130741920134, "has_blocking": 0.07188609494528019, "script": 0.9775264448592658, "iframe": 0.1905127923575272, "beacon": 0.10724351231653308, "image": 0.7156216829545039, "stylesheet": 0.23545990263899563, "font": 0.23836975220526335, "xhr": 0.5333809157790711, "plugin": 0.0010797554994326707, "media": 0.0906079572490026, "referer_leaked": 0.9093554408696607, "referer_leaked_header": 0.8696057977380037, "referer_leaked_url": 0.0, "hosts": 4.759800153727902, "trackers": 3.988031184802899, "companies": 3.6368178324365874}