{"id": "brack.ch", "month": "2019-04", "country": "global", "site": "brack.ch", "category": "E-Commerce", "popularity": 0.0001438611199526661, "cookies": 0.7805855613666357, "bad_qs": 0.052201964905420596, "tracked": 0.7811232220538639, "https": 0.9954543232807077, "requests": 58.22699056649885, "requests_tracking": 8.96446551639865, "content_length": 1191500.9321081187, "requests_failed": 16.100640305000244, "has_blocking": 0.4878048780487805, "script": 0.992961532821741, "iframe": 0.49733613568600615, "beacon": 0.1053814946967105, "image": 0.9881714648809815, "stylesheet": 0.992961532821741, "font": 0.3222542646268146, "xhr": 0.9237010606579011, "plugin": 9.775648858692995e-05, "media": 9.775648858692995e-05, "referer_leaked": 0.9922283591573391, "referer_leaked_header": 0.9913485507600567, "referer_leaked_url": 0.0, "hosts": 11.295713377975463, "trackers": 9.755022239601153, "companies": 5.853463023608192}