{"id": "brands4friends.de", "month": "2019-04", "country": "global", "site": "brands4friends.de", "category": "E-Commerce", "popularity": 0.00018746456121697437, "cookies": 0.6698799699924981, "bad_qs": 0.0751687921980495, "tracked": 0.6710052513128282, "https": 0.9996999249812453, "requests": 24.836984246061515, "requests_tracking": 9.792910727681921, "content_length": 87740.58495873968, "requests_failed": 8.407314328582146, "has_blocking": 0.29797449362340583, "script": 0.9990997749437359, "iframe": 0.4891972993248312, "beacon": 0.3396849212303076, "image": 0.6462490622655664, "stylesheet": 0.0768192048012003, "font": 0.03469617404351088, "xhr": 0.0540510127531883, "plugin": 0.0, "media": 0.0, "referer_leaked": 0.7546511627906977, "referer_leaked_header": 0.7510127531882971, "referer_leaked_url": 0.0, "hosts": 7.219804951237809, "trackers": 6.57595648912228, "companies": 5.268754688672168}