{"id": "bravotube.net", "month": "2019-04", "country": "global", "site": "bravotube.net", "category": "Adult", "popularity": 0.00029369916702590344, "cookies": 0.9739274085424249, "bad_qs": 0.03232139436889485, "tracked": 0.9745977782034093, "https": 0.990566941199004, "requests": 85.35761827236162, "requests_tracking": 47.81854529783566, "content_length": 147783845.44816607, "requests_failed": 21.80573644895614, "has_blocking": 0.4624353572112622, "script": 0.9832407584753878, "iframe": 0.34289408159356444, "beacon": 0.0, "image": 0.9915724956904808, "stylesheet": 0.9960256655813062, "font": 0.7662325225052672, "xhr": 0.0718971461405861, "plugin": 0.002633595096724765, "media": 0.8634361233480177, "referer_leaked": 0.28634361233480177, "referer_leaked_header": 0.032680520972993676, "referer_leaked_url": 0.0, "hosts": 8.946466194215667, "trackers": 7.10330875311243, "companies": 5.232354912851944}