{"id": "brazzers.com", "month": "2019-04", "country": "global", "site": "brazzers.com", "category": "Adult", "popularity": 0.0005012180766521355, "cookies": 0.9210718294051627, "bad_qs": 0.01735409652076319, "tracked": 0.9245230078563412, "https": 0.9964085297418631, "requests": 116.18225308641975, "requests_tracking": 4.63162177328844, "content_length": 500560943.97093153, "requests_failed": 30.12509820426487, "has_blocking": 0.38082210998877664, "script": 0.9923260381593715, "iframe": 0.5086139169472503, "beacon": 2.8058361391694725e-05, "image": 0.9953563411896745, "stylesheet": 0.9671857463524131, "font": 0.5524130190796858, "xhr": 0.45733726150392817, "plugin": 0.0010662177328843996, "media": 0.460479797979798, "referer_leaked": 0.9884118967452301, "referer_leaked_header": 0.986125140291807, "referer_leaked_url": 0.0, "hosts": 8.713608305274972, "trackers": 6.824480920314254, "companies": 3.158656004489338}