{"id": "breakflip.com", "month": "2019-04", "country": "global", "site": "breakflip.com", "category": "Entertainment", "popularity": 0.0005066113744185804, "cookies": 0.9819007037073022, "bad_qs": 0.060654850306050216, "tracked": 0.9827890127278027, "https": 0.9993754077199606, "requests": 60.24468749566255, "requests_tracking": 18.257998251141615, "content_length": 698773.2642302942, "requests_failed": 22.906880230960347, "has_blocking": 0.5176482018682249, "script": 0.999222729607062, "iframe": 0.9875220342276569, "beacon": 0.021055699751551072, "image": 0.7539384013213597, "stylesheet": 0.9914777853345733, "font": 0.20025816480908296, "xhr": 0.653670520632365, "plugin": 2.775965689064083e-05, "media": 0.0026232875761655586, "referer_leaked": 0.9965300428886699, "referer_leaked_header": 0.9879939483947978, "referer_leaked_url": 0.0, "hosts": 17.196010937304816, "trackers": 14.021319416492013, "companies": 8.906894110788791}