{"id": "breuninger.com", "month": "2019-04", "country": "global", "site": "breuninger.com", "category": "Business", "popularity": 0.00014781292353120847, "cookies": 0.6348889206032063, "bad_qs": 0.14062128347842634, "tracked": 0.6351743494600638, "https": 0.9995718567147138, "requests": 252.00694543551685, "requests_tracking": 14.564958850673136, "content_length": 187016.07306978735, "requests_failed": 64.8197041054184, "has_blocking": 0.24042624042624042, "script": 0.9970505684791399, "iframe": 0.45330859616573904, "beacon": 0.2615479758336901, "image": 0.9978117120974264, "stylesheet": 0.9976689976689976, "font": 0.20137005851291565, "xhr": 0.47043432757718473, "plugin": 0.0026164311878597592, "media": 0.0, "referer_leaked": 0.9967651396222825, "referer_leaked_header": 0.9942438513867086, "referer_leaked_url": 0.0, "hosts": 14.165643879929593, "trackers": 11.820370106084392, "companies": 10.51277294134437}