{"id": "bricoprive.com", "month": "2019-04", "country": "global", "site": "bricoprive.com", "category": "E-Commerce", "popularity": 0.0002732088545207923, "cookies": 0.5598651361507181, "bad_qs": 0.10500849333401967, "tracked": 0.560971843310856, "https": 0.9931281206568179, "requests": 54.3560251196788, "requests_tracking": 8.459721006846141, "content_length": 216196.38703865753, "requests_failed": 22.876795181963246, "has_blocking": 0.512405415143872, "script": 0.9975549492973697, "iframe": 0.3600658876820919, "beacon": 0.34099449220157513, "image": 0.724301230246564, "stylesheet": 0.9743913110619241, "font": 0.27837545683842074, "xhr": 0.9508930869408555, "plugin": 0.002496525454264683, "media": 2.5737375817161683e-05, "referer_leaked": 0.993642868173161, "referer_leaked_header": 0.9920728882483142, "referer_leaked_url": 0.0, "hosts": 19.483553816852833, "trackers": 16.138441344520512, "companies": 13.73776187779894}