{"id": "bricklink.com", "month": "2019-04", "country": "global", "site": "bricklink.com", "category": "Business", "popularity": 0.000405432545785758, "cookies": 0.5478337784869403, "bad_qs": 0.0026535779943806584, "tracked": 0.5479378403690728, "https": 0.9838010336813625, "requests": 6.7453432307745675, "requests_tracking": 1.5274029622949115, "content_length": 77542.89848763398, "requests_failed": 3.018297547608311, "has_blocking": 0.33197474764993584, "script": 0.9889347531999029, "iframe": 0.8285233618925387, "beacon": 0.002514828818203892, "image": 0.7098581289673592, "stylesheet": 0.028478268410281313, "font": 0.010371500919213293, "xhr": 0.3807971140171355, "plugin": 5.203094106628742e-05, "media": 8.671823511047904e-05, "referer_leaked": 0.8703215512157897, "referer_leaked_header": 0.8503416698463353, "referer_leaked_url": 0.0, "hosts": 4.011412119740539, "trackers": 3.948749523049707, "companies": 3.7448576086579486}