{"id": "brigitte.de", "month": "2019-04", "country": "global", "site": "brigitte.de", "category": "News and Portals", "popularity": 0.0002296124449354494, "cookies": 0.7547008023519324, "bad_qs": 0.22490353402339683, "tracked": 0.7564463771666564, "https": 0.9852085502541802, "requests": 133.87511484044833, "requests_tracking": 40.3807803025663, "content_length": 1633476.731793961, "requests_failed": 36.817939609236234, "has_blocking": 0.4414773075274086, "script": 0.9930483248606603, "iframe": 0.6931463220432412, "beacon": 0.16341030195381884, "image": 0.9127825075029093, "stylesheet": 0.5286335517853862, "font": 0.264041158816684, "xhr": 0.904330250505298, "plugin": 0.006216696269982238, "media": 0.036840815826544984, "referer_leaked": 0.9432841305812458, "referer_leaked_header": 0.8937343051387273, "referer_leaked_url": 0.0, "hosts": 21.868714399461016, "trackers": 18.585655662399706, "companies": 12.74046058675813}