{"id": "bringatrailer.com", "month": "2019-04", "country": "global", "site": "bringatrailer.com", "category": "Entertainment", "popularity": 0.0002521560076984509, "cookies": 0.9382598996095929, "bad_qs": 0.017707752370329056, "tracked": 0.9385387618516453, "https": 0.9890128276631344, "requests": 182.0569715560513, "requests_tracking": 6.458784160624651, "content_length": 1219846.4970719465, "requests_failed": 31.07914110429448, "has_blocking": 0.4714723926380368, "script": 0.9956497490239822, "iframe": 0.9735359732292248, "beacon": 0.004406023424428332, "image": 0.5474344673731176, "stylesheet": 0.9810652537646403, "font": 0.5597322922476297, "xhr": 0.6761851645287228, "plugin": 0.0010875627440044618, "media": 0.0004182933630786392, "referer_leaked": 0.9980200780814278, "referer_leaked_header": 0.9911321807027329, "referer_leaked_url": 0.0, "hosts": 10.242638036809815, "trackers": 9.219297267150028, "companies": 4.628165086447295}