{"id": "britannica.com", "month": "2019-04", "country": "global", "site": "britannica.com", "category": "Reference", "popularity": 0.0002799733296854858, "cookies": 0.6189471569218404, "bad_qs": 0.07479405264215391, "tracked": 0.6275868997387984, "https": 0.9813391601366285, "requests": 74.09247538677918, "requests_tracking": 17.11882157926462, "content_length": 541592.786392405, "requests_failed": 26.168726140245127, "has_blocking": 0.5216998191681737, "script": 0.9824944745830821, "iframe": 0.7021046815350613, "beacon": 0.01810829817158931, "image": 0.5750452079566004, "stylesheet": 0.9621006630500302, "font": 0.7961623467952582, "xhr": 0.9275668073136427, "plugin": 0.0017329716696805305, "media": 0.0021599357042395018, "referer_leaked": 0.9798071127185051, "referer_leaked_header": 0.9287723528229858, "referer_leaked_url": 0.0, "hosts": 19.459790034157123, "trackers": 16.79450472171991, "companies": 12.17133815551537}