{"id": "britishairways.com", "month": "2019-04", "country": "global", "site": "britishairways.com", "category": "Recreation", "popularity": 0.0006457331427485817, "cookies": 0.45144394110985275, "bad_qs": 0.026189127972819932, "tracked": 0.46140778813485495, "https": 0.9872157853471557, "requests": 33.55851990591515, "requests_tracking": 3.6026548479832736, "content_length": 119066.3282624793, "requests_failed": 8.425145918634028, "has_blocking": 0.4349682028051224, "script": 0.9973974213781688, "iframe": 0.19066338531230945, "beacon": 0.02936884746058019, "image": 0.5895657287220141, "stylesheet": 0.08732250196010105, "font": 0.020951302378255945, "xhr": 0.9751938322153497, "plugin": 0.016508406655632024, "media": 0.00017423120480878124, "referer_leaked": 0.9765005662514157, "referer_leaked_header": 0.8938605279205506, "referer_leaked_url": 0.0, "hosts": 8.194093562156983, "trackers": 7.856270145483056, "companies": 5.870644219879781}