{"id": "broadcastify.com", "month": "2019-04", "country": "global", "site": "broadcastify.com", "category": "Business", "popularity": 0.000359079718045987, "cookies": 0.8144949672972231, "bad_qs": 0.007147612893118709, "tracked": 0.8144949672972231, "https": 0.8912975365213646, "requests": 31.872047937962638, "requests_tracking": 8.711079779109388, "content_length": 240745.4094700975, "requests_failed": 11.683997180119844, "has_blocking": 0.2015039360827165, "script": 0.9993929424666118, "iframe": 0.8163553048995418, "beacon": 0.0020169976109348686, "image": 0.9659068656248776, "stylesheet": 0.15152939333411664, "font": 0.14032820271805116, "xhr": 0.3786276583245212, "plugin": 0.0013120275721615164, "media": 0.00011749500646222535, "referer_leaked": 0.9865076567579211, "referer_leaked_header": 0.9858614342223789, "referer_leaked_url": 0.0, "hosts": 11.16096815885325, "trackers": 9.428993851094662, "companies": 5.4880938393451615}