{"id": "bt.dk", "month": "2019-04", "country": "global", "site": "bt.dk", "category": "News and Portals", "popularity": 0.0012624746731229105, "cookies": 0.8756217242858177, "bad_qs": 0.08067238123882567, "tracked": 0.8759503400337527, "https": 0.9946251831058087, "requests": 85.65452459326839, "requests_tracking": 16.579371842643184, "content_length": 11105001.188241126, "requests_failed": 27.04073721322706, "has_blocking": 0.5141611108326232, "script": 0.9937340217554764, "iframe": 0.9363153820018826, "beacon": 0.020084548933112772, "image": 0.9881754028327792, "stylesheet": 0.18173007836650124, "font": 0.44873315844291833, "xhr": 0.6993778579822993, "plugin": 0.002367147336820002, "media": 0.2795016180148267, "referer_leaked": 0.994357834700709, "referer_leaked_header": 0.9898519001230917, "referer_leaked_url": 0.0, "hosts": 19.166023359566896, "trackers": 13.026885223987836, "companies": 10.673439492929191}