{"id": "buffstreamz.com", "month": "2019-04", "country": "global", "site": "buffstreamz.com", "category": "Entertainment", "popularity": 2.6931330437397293e-06, "cookies": 0.9033942558746736, "bad_qs": 0.020887728459530026, "tracked": 0.9033942558746736, "https": 0.005221932114882507, "requests": 50.32637075718016, "requests_tracking": 13.671018276762402, "content_length": 6995183.020887729, "requests_failed": 13.195822454308095, "has_blocking": 0.0731070496083551, "script": 0.9738903394255874, "iframe": 0.12010443864229765, "beacon": 0.02349869451697128, "image": 0.783289817232376, "stylesheet": 0.9973890339425587, "font": 0.7650130548302873, "xhr": 0.08877284595300261, "plugin": 0.013054830287206266, "media": 0.0, "referer_leaked": 0.9947780678851175, "referer_leaked_header": 0.9947780678851175, "referer_leaked_url": 0.0, "hosts": 7.8877284595300265, "trackers": 6.9164490861618795, "companies": 4.861618798955614}