{"id": "bugsnag.com", "month": "2019-04", "country": "global", "site": "bugsnag.com", "category": "Business", "popularity": 5.221021631793078e-05, "cookies": 0.9003367003367003, "bad_qs": 0.015218855218855219, "tracked": 0.9003367003367003, "https": 0.9948821548821549, "requests": 55.461548821548824, "requests_tracking": 11.604579124579125, "content_length": 645168.3802020202, "requests_failed": 14.567811447811447, "has_blocking": 0.08255892255892255, "script": 0.995016835016835, "iframe": 0.7982491582491582, "beacon": 0.0, "image": 0.8632996632996633, "stylesheet": 0.8188552188552188, "font": 0.5446464646464646, "xhr": 0.9092255892255893, "plugin": 0.0, "media": 0.0, "referer_leaked": 0.9477441077441078, "referer_leaked_header": 0.9426262626262626, "referer_leaked_url": 0.0, "hosts": 6.68013468013468, "trackers": 5.165925925925926, "companies": 4.2475420875420875}