{"id": "buhl.de", "month": "2019-04", "country": "global", "site": "buhl.de", "category": "E-Commerce", "popularity": 0.0001175063871904298, "cookies": 0.44617317934294776, "bad_qs": 0.012686254562862785, "tracked": 0.4469511100472742, "https": 0.9913230806055892, "requests": 13.402130333313387, "requests_tracking": 2.966967865477829, "content_length": 1936012.9476392795, "requests_failed": 4.398539883908803, "has_blocking": 0.26868529710968825, "script": 0.9632577344264257, "iframe": 0.14990126264137393, "beacon": 0.0016157022320627131, "image": 0.49326790736640536, "stylesheet": 0.8558434564059602, "font": 0.32320028723595234, "xhr": 0.13236790138232302, "plugin": 0.0018550655257016336, "media": 0.008617078571001137, "referer_leaked": 0.9107174914726827, "referer_leaked_header": 0.8934234935072707, "referer_leaked_url": 0.0, "hosts": 4.9880916761414635, "trackers": 4.845850038896535, "companies": 2.375561007719466}