{"id": "bulbagarden.net", "month": "2019-04", "country": "global", "site": "bulbagarden.net", "category": "Entertainment", "popularity": 0.0008633284483322004, "cookies": 0.6109369018627268, "bad_qs": 0.005424468752290738, "tracked": 0.6109857709505853, "https": 0.9954714645251146, "requests": 25.112325598442705, "requests_tracking": 4.125919349715337, "content_length": 1495503.8778354253, "requests_failed": 9.734510535360858, "has_blocking": 0.47452698795376985, "script": 0.9868786499099994, "iframe": 0.5278757421992718, "beacon": 0.002533047720664294, "image": 0.7987896755907051, "stylesheet": 0.9672577111348216, "font": 0.017959389787989607, "xhr": 0.4848546551878609, "plugin": 0.0018570253386220547, "media": 0.0011239890207449278, "referer_leaked": 0.9489399480358699, "referer_leaked_header": 0.9377163475243735, "referer_leaked_url": 0.0, "hosts": 8.725290567451559, "trackers": 8.654560707624393, "companies": 7.206382302874317}