{"id": "bundeskampf.com", "month": "2019-04", "country": "global", "site": "bundeskampf.com", "category": "Entertainment", "popularity": 8.303709690214742e-05, "cookies": 0.7732238123465154, "bad_qs": 0.0001693623507494284, "tracked": 0.7733931746972648, "https": 0.0007621305783724278, "requests": 2.1586078414768397, "requests_tracking": 0.7796595816749936, "content_length": 7133.416462020493, "requests_failed": 0.9734101109323398, "has_blocking": 0.04936912524345838, "script": 0.05512744516893894, "iframe": 0.0001693623507494284, "beacon": 0.0, "image": 0.9995765941231264, "stylesheet": 0.0003387247014988568, "font": 0.0, "xhr": 0.0, "plugin": 0.000423405876873571, "media": 0.0, "referer_leaked": 0.8429164196799052, "referer_leaked_header": 0.8429164196799052, "referer_leaked_url": 0.0, "hosts": 1.05478872046744, "trackers": 1.05478872046744, "companies": 1.05478872046744}