{"id": "burbuja.info", "month": "2019-04", "country": "global", "site": "burbuja.info", "category": "Reference", "popularity": 0.0005782571513968156, "cookies": 0.8461379444525512, "bad_qs": 0.0024928255265333917, "tracked": 0.8462109051996692, "https": 0.9995500753927721, "requests": 26.05645945814485, "requests_tracking": 6.960795758548567, "content_length": 465550.6222822122, "requests_failed": 9.827314071696094, "has_blocking": 0.4832068680383287, "script": 0.9837419135171944, "iframe": 0.8554404397101026, "beacon": 0.005362614913176711, "image": 0.451870227151126, "stylesheet": 0.12139452307991634, "font": 0.10333673816819884, "xhr": 0.8802470937302398, "plugin": 6.080062259837541e-05, "media": 0.002699547643367868, "referer_leaked": 0.8426601488399241, "referer_leaked_header": 0.8176467727029525, "referer_leaked_url": 0.0, "hosts": 8.283233620312272, "trackers": 7.614669974220536, "companies": 4.986927866141349}