{"id": "businessinsider.de", "month": "2019-04", "country": "global", "site": "businessinsider.de", "category": "News and Portals", "popularity": 0.00012357472613755093, "cookies": 0.9333674746785023, "bad_qs": 0.19113463070444975, "tracked": 0.9360987822920223, "https": 0.9853192215773301, "requests": 87.02492318197336, "requests_tracking": 28.864060543985435, "content_length": 1512063.6053829521, "requests_failed": 27.06691703653124, "has_blocking": 0.4383179697280073, "script": 0.9881074314327984, "iframe": 0.9783202458176852, "beacon": 0.17912825765335155, "image": 0.8129054284738819, "stylesheet": 0.8191077728462501, "font": 0.08523955843860248, "xhr": 0.8082394446341186, "plugin": 0.0133720268578582, "media": 0.020655513827244794, "referer_leaked": 0.966655286218277, "referer_leaked_header": 0.8080118356663253, "referer_leaked_url": 0.0, "hosts": 23.302264709229544, "trackers": 17.781040172982816, "companies": 14.850631614885627}