{"id": "but.fr", "month": "2019-04", "country": "global", "site": "but.fr", "category": "Business", "popularity": 0.00023201727914160864, "cookies": 0.7301794156867499, "bad_qs": 0.01860831615953449, "tracked": 0.7303915626136501, "https": 0.9974239301733544, "requests": 37.27006303794399, "requests_tracking": 4.630924960601285, "content_length": 220417.3635289126, "requests_failed": 17.026912353012488, "has_blocking": 0.5429445993453752, "script": 0.9975451569887259, "iframe": 0.5569766032246333, "beacon": 0.16401988119772093, "image": 0.7813068250697054, "stylesheet": 0.9497817917323312, "font": 0.477118438598618, "xhr": 0.6515032125106074, "plugin": 0.0007576675960722512, "media": 3.030670384289005e-05, "referer_leaked": 0.9895441871742029, "referer_leaked_header": 0.9849072614862407, "referer_leaked_url": 0.0, "hosts": 15.749696932961571, "trackers": 13.08294944841799, "companies": 9.460874045338828}