{"id": "buttinette.com", "month": "2019-04", "country": "global", "site": "buttinette.com", "category": "E-Commerce", "popularity": 0.00016308573024400924, "cookies": 0.7036174707886, "bad_qs": 0.06717544086577847, "tracked": 0.7036605872461519, "https": 0.9976285948346484, "requests": 37.72789203639029, "requests_tracking": 11.739878411589704, "content_length": 244926.2744362523, "requests_failed": 11.287414306040615, "has_blocking": 0.48738843616608457, "script": 0.9981028758677187, "iframe": 0.8653041866080283, "beacon": 0.16655887552278706, "image": 0.8455999655068339, "stylesheet": 0.9490363471737162, "font": 0.18078730651489675, "xhr": 0.6410986073384211, "plugin": 0.002242055792696072, "media": 0.0, "referer_leaked": 0.9464062432630536, "referer_leaked_header": 0.9455439141120165, "referer_leaked_url": 0.0, "hosts": 11.312766783081102, "trackers": 10.37994222394688, "companies": 5.173931789764153}