{"id": "bvg.de", "month": "2019-04", "country": "global", "site": "bvg.de", "category": "Business", "popularity": 0.0001627200829378096, "cookies": 0.6103884879650836, "bad_qs": 0.08098180718205782, "tracked": 0.6158765826887342, "https": 0.9977096927531222, "requests": 15.183267793094508, "requests_tracking": 4.354176569724731, "content_length": 74438.93543926365, "requests_failed": 6.2481742362041395, "has_blocking": 0.386500151246705, "script": 0.9865174365844173, "iframe": 0.033533555161833976, "beacon": 0.008556242167581348, "image": 0.29709174192990795, "stylesheet": 0.9363035305302277, "font": 0.008858735577546347, "xhr": 0.009852642496002765, "plugin": 0.0013396136727021305, "media": 0.0, "referer_leaked": 0.7762845166587442, "referer_leaked_header": 0.6919752819670715, "referer_leaked_url": 0.0, "hosts": 4.7087852728922694, "trackers": 4.652521498638779, "companies": 3.685406853636403}