{"id": "bwin.com", "month": "2019-04", "country": "global", "site": "bwin.com", "category": "Entertainment", "popularity": 0.0001992144967681208, "cookies": 0.8781899685856482, "bad_qs": 0.07391196922099467, "tracked": 0.8785076418057958, "https": 0.9659736684197522, "requests": 104.42194063040486, "requests_tracking": 34.5433976915746, "content_length": 2657269.565705411, "requests_failed": 21.629875401503654, "has_blocking": 0.31424940877484026, "script": 0.9645264904168579, "iframe": 0.6883272740108008, "beacon": 0.1335639405598108, "image": 0.8761074441424588, "stylesheet": 0.9180050121774734, "font": 0.7322367724400833, "xhr": 0.8877201651900745, "plugin": 0.0019413363453460873, "media": 0.03582647982775052, "referer_leaked": 0.9409127810525573, "referer_leaked_header": 0.8912145706116974, "referer_leaked_url": 0.0, "hosts": 12.206558187144823, "trackers": 8.432247361547422, "companies": 5.7473791959337825}