{"id": "caf.fr", "month": "2019-04", "country": "global", "site": "caf.fr", "category": "Reference", "popularity": 0.0016451878641715325, "cookies": 0.4965679067222868, "bad_qs": 0.012715414073719483, "tracked": 0.5024405046844013, "https": 0.8480433221637147, "requests": 3.1734895370307052, "requests_tracking": 1.3162953908226767, "content_length": 21534.746721773918, "requests_failed": 0.9326702796963687, "has_blocking": 0.006834267934076455, "script": 0.23893438418929083, "iframe": 0.01778875743691445, "beacon": 0.00024362305956370103, "image": 0.9079147575736853, "stylesheet": 0.04935717704985297, "font": 0.015378171373863093, "xhr": 0.005458011351979758, "plugin": 0.0018592286124598236, "media": 0.0, "referer_leaked": 0.6726902824317855, "referer_leaked_header": 0.6315179853655201, "referer_leaked_url": 0.0, "hosts": 1.2657158243862408, "trackers": 1.1386044245366889, "companies": 1.1115408944812966}