{"id": "calcalist.co.il", "month": "2019-04", "country": "global", "site": "calcalist.co.il", "category": "Business", "popularity": 0.0002700235039494761, "cookies": 0.8281294757949011, "bad_qs": 0.20439571886148797, "tracked": 0.828858623473347, "https": 0.9976823520220828, "requests": 97.59227624280618, "requests_tracking": 8.790448165412359, "content_length": 5209949.322882216, "requests_failed": 27.832139788026353, "has_blocking": 0.5582406708158641, "script": 0.9947918022968152, "iframe": 0.6664930600765605, "beacon": 0.2045259238040676, "image": 0.9822140048436239, "stylesheet": 0.9065909741933804, "font": 0.5341006744616026, "xhr": 0.9675529283091586, "plugin": 0.0003645738392229369, "media": 0.04348845082159319, "referer_leaked": 0.9885159240644775, "referer_leaked_header": 0.9877346944089997, "referer_leaked_url": 0.0, "hosts": 16.010624723314496, "trackers": 11.431551261685893, "companies": 7.937032889768496}