{"id": "cambridge.org", "month": "2019-04", "country": "global", "site": "cambridge.org", "category": "Reference", "popularity": 0.0009787042367961206, "cookies": 0.8453568990911376, "bad_qs": 0.05420842763228796, "tracked": 0.8460897366813953, "https": 0.9904228185508496, "requests": 36.2772425189496, "requests_tracking": 7.83677838847577, "content_length": 243750.4055537594, "requests_failed": 21.165994898875596, "has_blocking": 0.495635305528613, "script": 0.9926285160038797, "iframe": 0.855587886625714, "beacon": 0.06571828860868628, "image": 0.9586737076552789, "stylesheet": 0.17019793799619212, "font": 0.12106908071990516, "xhr": 0.8409742429141072, "plugin": 0.0013363508998814528, "media": 0.0019326795272479075, "referer_leaked": 0.9663756870352409, "referer_leaked_header": 0.17545712540862882, "referer_leaked_url": 0.0, "hosts": 13.818349678485468, "trackers": 12.101375866652297, "companies": 9.862176240255774}