{"id": "camelcamelcamel.com", "month": "2019-04", "country": "global", "site": "camelcamelcamel.com", "category": "Business", "popularity": 0.0002071040405672748, "cookies": 0.6132821783859029, "bad_qs": 0.01636505619121991, "tracked": 0.6143007503480121, "https": 0.9758937968967507, "requests": 55.127355447662374, "requests_tracking": 4.243167079754184, "content_length": 254814.62995280616, "requests_failed": 27.25780056360982, "has_blocking": 0.5067395511492887, "script": 0.9935490442399756, "iframe": 0.8845278918955625, "beacon": 0.005704002987811089, "image": 0.9887957084167996, "stylesheet": 0.9538926425151937, "font": 0.2158014463721862, "xhr": 0.9034054255933182, "plugin": 0.00044138118358061997, "media": 0.0003055715886327369, "referer_leaked": 0.9922928054867076, "referer_leaked_header": 0.9902896139612264, "referer_leaked_url": 0.0, "hosts": 17.214375445625233, "trackers": 16.134213832207244, "companies": 12.199368485383493}