{"id": "cams.com", "month": "2019-04", "country": "global", "site": "cams.com", "category": "Adult", "popularity": 0.00011984090460693526, "cookies": 0.879950712902658, "bad_qs": 0.0038725576483013553, "tracked": 0.8803027635979581, "https": 0.9996479493046999, "requests": 201.7296837411254, "requests_tracking": 8.006043536935985, "content_length": 4006469.213753447, "requests_failed": 63.19644428797747, "has_blocking": 0.3446576306988206, "script": 0.9959514170040485, "iframe": 0.837000528076043, "beacon": 0.44686968256762305, "image": 0.994191163527548, "stylesheet": 0.9938391128322478, "font": 0.21962095875139354, "xhr": 0.572375755442117, "plugin": 0.0667722818752567, "media": 0.19967141935105323, "referer_leaked": 0.995364665845215, "referer_leaked_header": 0.9912574077333802, "referer_leaked_url": 0.0, "hosts": 8.587748635803555, "trackers": 6.83835005574136, "companies": 4.6769348119462535}