{"id": "canalblog.com", "month": "2019-04", "country": "global", "site": "canalblog.com", "category": "Entertainment", "popularity": 0.00023312828441813833, "cookies": 0.865838209567473, "bad_qs": 0.01906255655426193, "tracked": 0.866109670024733, "https": 0.1367255836399831, "requests": 70.30708210170718, "requests_tracking": 18.196808831513543, "content_length": 783965.3589612113, "requests_failed": 30.019726126560897, "has_blocking": 0.5078120287144839, "script": 0.9863968148639681, "iframe": 0.7436810038004464, "beacon": 0.2885926283404717, "image": 0.8551004403691862, "stylesheet": 0.437684743922302, "font": 0.23270193641792847, "xhr": 0.6738553417385534, "plugin": 0.005911805513663509, "media": 0.0008747059178379683, "referer_leaked": 0.9824757193702117, "referer_leaked_header": 0.9377149061953309, "referer_leaked_url": 0.0, "hosts": 21.822404536405863, "trackers": 18.347982143934367, "companies": 14.213729866682753}