{"id": "canada.ca", "month": "2019-04", "country": "global", "site": "canada.ca", "category": "Reference", "popularity": 0.0008094587557784404, "cookies": 0.31987734111678656, "bad_qs": 0.0718232044198895, "tracked": 0.3576653115118663, "https": 0.9747993328468675, "requests": 13.210683137009624, "requests_tracking": 2.220247402619966, "content_length": 119230.01919802633, "requests_failed": 4.951283922304458, "has_blocking": 0.33499252927481843, "script": 0.9908787657667049, "iframe": 0.12562979950658465, "beacon": 0.0003909100385697905, "image": 0.5915424441432989, "stylesheet": 0.7935386914069287, "font": 0.5923416379999306, "xhr": 0.5571510476389033, "plugin": 0.02399318947843914, "media": 0.00034747558983981374, "referer_leaked": 0.8962959102123076, "referer_leaked_header": 0.8817279961082733, "referer_leaked_url": 0.0, "hosts": 4.955071406233712, "trackers": 4.8327773723895895, "companies": 2.21242920184857}