{"id": "canadiantire.ca", "month": "2019-04", "country": "global", "site": "canadiantire.ca", "category": "Business", "popularity": 0.0004419269596160692, "cookies": 0.6696474032586558, "bad_qs": 0.2002609470468432, "tracked": 0.7025521894093686, "https": 0.7880600814663951, "requests": 130.58308935845213, "requests_tracking": 18.134101323828922, "content_length": 871744.7256396385, "requests_failed": 35.506269093686356, "has_blocking": 0.39463467413441955, "script": 0.9982497454175153, "iframe": 0.7624268075356415, "beacon": 0.12301107433808554, "image": 0.9889415733197556, "stylesheet": 0.9856320010183299, "font": 0.5564377545824847, "xhr": 0.7855619908350305, "plugin": 0.0012888238289205703, "media": 0.004662041751527495, "referer_leaked": 0.9916942464358453, "referer_leaked_header": 0.7900330957230143, "referer_leaked_url": 0.0, "hosts": 17.358404404276985, "trackers": 16.08060717922607, "companies": 9.425996053971486}