{"id": "canadacomputers.com", "month": "2019-04", "country": "global", "site": "canadacomputers.com", "category": "E-Commerce", "popularity": 0.0001533749815928224, "cookies": 0.9676783421969558, "bad_qs": 0.009306803594351733, "tracked": 0.9683201907207042, "https": 0.9090867412433523, "requests": 40.08958371538603, "requests_tracking": 6.697505960022006, "content_length": 996030.8325692279, "requests_failed": 13.792453695213643, "has_blocking": 0.34930313588850176, "script": 0.9948652118100129, "iframe": 0.3349532367504126, "beacon": 0.0036677058499908306, "image": 0.9346231432239135, "stylesheet": 0.9782229965156795, "font": 0.45557491289198604, "xhr": 0.2249220612506877, "plugin": 0.0013295433706216762, "media": 0.011507427104346232, "referer_leaked": 0.9977993764900055, "referer_leaked_header": 0.9943609022556391, "referer_leaked_url": 0.0, "hosts": 8.41600953603521, "trackers": 7.292499541536769, "companies": 6.621034293049697}