{"id": "canaltech.com.br", "month": "2019-04", "country": "global", "site": "canaltech.com.br", "category": "Entertainment", "popularity": 0.00017932890865403215, "cookies": 0.9944320276045956, "bad_qs": 0.008626436105556209, "tracked": 0.9959612594596714, "https": 0.9980394463396464, "requests": 64.85338979727875, "requests_tracking": 19.78924048151198, "content_length": 959823.8233541152, "requests_failed": 23.62776928204525, "has_blocking": 0.6194173234521428, "script": 0.9972944359487119, "iframe": 0.9380465043328235, "beacon": 0.002901619417323452, "image": 0.9357330510136063, "stylesheet": 0.9631808022585578, "font": 0.3158059836097714, "xhr": 0.44112457357957885, "plugin": 0.00043132180527781044, "media": 0.0028624083441163785, "referer_leaked": 0.9991765674626515, "referer_leaked_header": 0.9974904913147473, "referer_leaked_url": 0.0, "hosts": 15.095361330039603, "trackers": 13.203309414578676, "companies": 8.366231423754067}