{"id": "capitalone.com", "month": "2019-04", "country": "global", "site": "capitalone.com", "category": "Banking", "popularity": 0.0015624390661069657, "cookies": 0.7907065706570657, "bad_qs": 0.04039153915391539, "tracked": 0.79507200720072, "https": 0.9940909090909091, "requests": 33.75649864986499, "requests_tracking": 4.696575157515752, "content_length": 126085.99671017102, "requests_failed": 13.192034203420341, "has_blocking": 0.43196219621962195, "script": 0.9938703870387039, "iframe": 0.28901890189018903, "beacon": 0.03662016201620162, "image": 0.9060126012601261, "stylesheet": 0.07255175517551755, "font": 0.043744374437443743, "xhr": 0.845981098109811, "plugin": 0.0018181818181818182, "media": 0.00023402340234023402, "referer_leaked": 0.8822997299729973, "referer_leaked_header": 0.6772142214221422, "referer_leaked_url": 0.0, "hosts": 8.612218721872187, "trackers": 7.9361476147614765, "companies": 6.220211521152115}