{"id": "car.gr", "month": "2019-04", "country": "global", "site": "car.gr", "category": "E-Commerce", "popularity": 0.0006551204341673613, "cookies": 0.6620047871027295, "bad_qs": 0.025266457007309454, "tracked": 0.6638080006869385, "https": 0.9992593944207713, "requests": 12.443783743170865, "requests_tracking": 1.7400367082765358, "content_length": 101772.42326145523, "requests_failed": 7.36501121641783, "has_blocking": 0.5525668960039499, "script": 0.9998175319587408, "iframe": 0.4700162074554295, "beacon": 0.08685478763940022, "image": 0.6088958536820978, "stylesheet": 0.03074049824508678, "font": 0.013792437236360514, "xhr": 0.683396481586828, "plugin": 0.0015992787145663165, "media": 0.00012880097030064293, "referer_leaked": 0.8645872465572574, "referer_leaked_header": 0.8617106915538764, "referer_leaked_url": 0.0, "hosts": 6.978865907456503, "trackers": 5.119398499468696, "companies": 1.8004980304184959}