{"id": "caradisiac.com", "month": "2019-04", "country": "global", "site": "caradisiac.com", "category": "Entertainment", "popularity": 0.0007625715204373007, "cookies": 0.6396521835349661, "bad_qs": 0.03308498082030097, "tracked": 0.6410445559161995, "https": 0.5221304219533786, "requests": 21.658868766597816, "requests_tracking": 5.08679735910298, "content_length": 707559.8386138979, "requests_failed": 8.084741074063146, "has_blocking": 0.5290553998229566, "script": 0.9955923576276188, "iframe": 0.2784283712009442, "beacon": 0.08765491295367366, "image": 0.43584943936264386, "stylesheet": 0.8746311596341103, "font": 0.5156757155503098, "xhr": 0.22001327825317202, "plugin": 0.0027939657716140455, "media": 0.000746901740926527, "referer_leaked": 0.7571831661257008, "referer_leaked_header": 0.7488289318383003, "referer_leaked_url": 0.0, "hosts": 6.57984471820596, "trackers": 6.10915830628504, "companies": 4.136221968132192}