{"id": "cardgames.io", "month": "2019-04", "country": "global", "site": "cardgames.io", "category": "Entertainment", "popularity": 0.0015502461347810003, "cookies": 0.04905971895893244, "bad_qs": 0.00844121088966099, "tracked": 0.04909146988651311, "https": 0.999296943746428, "requests": 6.292140284669745, "requests_tracking": 0.39244600074387886, "content_length": 23105.786298113995, "requests_failed": 2.001138497546107, "has_blocking": 0.4910779893498317, "script": 0.9946658441664474, "iframe": 0.042083586584779516, "beacon": 0.0008119165767057052, "image": 0.695653751598886, "stylesheet": 0.05448459172842978, "font": 0.0077562980232779655, "xhr": 0.013004272767683, "plugin": 0.0014650785155080602, "media": 1.8143387188954305e-05, "referer_leaked": 0.712649569548139, "referer_leaked_header": 0.7126450337013417, "referer_leaked_url": 0.0, "hosts": 1.9290412127039998, "trackers": 1.9088294793755045, "companies": 1.7555722877904076}