{"id": "carmax.com", "month": "2019-04", "country": "global", "site": "carmax.com", "category": "Business", "popularity": 0.0002821672135226837, "cookies": 0.7655751594896332, "bad_qs": 0.09118321371610845, "tracked": 0.7687400318979266, "https": 0.9960625996810207, "requests": 67.55392743221691, "requests_tracking": 18.65465510366826, "content_length": 178211.36328748005, "requests_failed": 25.883497807017545, "has_blocking": 0.42730761562998404, "script": 0.9971092503987241, "iframe": 0.6707785087719298, "beacon": 0.1095494417862839, "image": 0.7336024720893142, "stylesheet": 0.8493819776714514, "font": 0.3053977272727273, "xhr": 0.7828448963317385, "plugin": 0.001270933014354067, "media": 0.00291566985645933, "referer_leaked": 0.9826056618819776, "referer_leaked_header": 0.9681519138755981, "referer_leaked_url": 0.0, "hosts": 18.158966307814993, "trackers": 16.086199162679424, "companies": 10.309908293460925}