{"id": "cars.com", "month": "2019-04", "country": "global", "site": "cars.com", "category": "E-Commerce", "popularity": 0.0005633078019164222, "cookies": 0.8001747597054051, "bad_qs": 0.10988640619148671, "tracked": 0.8020222194482587, "https": 0.868343527649482, "requests": 114.33236799400824, "requests_tracking": 22.00439395830733, "content_length": 2108390.0481462986, "requests_failed": 35.52997128947697, "has_blocking": 0.4794657346149045, "script": 0.9971039820247161, "iframe": 0.6438147547122707, "beacon": 0.057995256522281866, "image": 0.9899637997753089, "stylesheet": 0.05437523405317688, "font": 0.37896642117089, "xhr": 0.6899138684309075, "plugin": 0.0006241418050181001, "media": 0.012894769691673948, "referer_leaked": 0.9906253900886282, "referer_leaked_header": 0.9866433653726127, "referer_leaked_url": 0.0, "hosts": 23.505267756834353, "trackers": 18.276320059917612, "companies": 15.025477468480839}