{"id": "carsales.com.au", "month": "2019-04", "country": "global", "site": "carsales.com.au", "category": "E-Commerce", "popularity": 0.0006213472800966512, "cookies": 0.7234280928885066, "bad_qs": 0.23507310669503417, "tracked": 0.724310805305328, "https": 0.9952242994884795, "requests": 107.47479742881717, "requests_tracking": 11.584853560273414, "content_length": 1039951.7280566747, "requests_failed": 29.22362047892807, "has_blocking": 0.5065637589968766, "script": 0.998030872300937, "iframe": 0.6182268797247747, "beacon": 0.04728169842922457, "image": 0.9985401294644878, "stylesheet": 0.997136843058259, "font": 0.3419831605631253, "xhr": 0.9813159205106152, "plugin": 0.0007808609841111765, "media": 0.002795255986600878, "referer_leaked": 0.9955524874383233, "referer_leaked_header": 0.9942850029423748, "referer_leaked_url": 0.0, "hosts": 14.442544475125617, "trackers": 11.773708750169753, "companies": 8.73000316871124}