{"id": "carview.co.jp", "month": "2019-04", "country": "global", "site": "carview.co.jp", "category": "Business", "popularity": 0.00033642364841953944, "cookies": 0.7451091045899172, "bad_qs": 0.04786389097901513, "tracked": 0.7455271298386422, "https": 0.9720759133851684, "requests": 65.24067803695343, "requests_tracking": 18.737501045063123, "content_length": 586319.1821336008, "requests_failed": 26.567950004180254, "has_blocking": 0.5311846835548867, "script": 0.9927263606721846, "iframe": 0.696743583312432, "beacon": 0.015592341777443357, "image": 0.9070520859459912, "stylesheet": 0.4151826770336928, "font": 0.041050079424797256, "xhr": 0.22859710726527882, "plugin": 0.0038249310258339606, "media": 0.0009823593345038041, "referer_leaked": 0.9219128835381657, "referer_leaked_header": 0.8746551291698018, "referer_leaked_url": 0.0, "hosts": 12.698854610818493, "trackers": 8.893779784298971, "companies": 7.000020901262436}