{"id": "cas.sk", "month": "2019-04", "country": "global", "site": "cas.sk", "category": "News and Portals", "popularity": 0.00024376721469275507, "cookies": 0.9816251766809935, "bad_qs": 0.06513398909625868, "tracked": 0.9817694060634032, "https": 0.9936827530504514, "requests": 102.06100902875934, "requests_tracking": 20.707387428967028, "content_length": 759396.8086941472, "requests_failed": 32.09755675426198, "has_blocking": 0.48960106152825456, "script": 0.9974904087460698, "iframe": 0.9525196873106989, "beacon": 0.042172671416620996, "image": 0.9974904087460698, "stylesheet": 0.9904520148844722, "font": 0.6217440216920991, "xhr": 0.6323304583609773, "plugin": 0.0014134479476158883, "media": 0.0030865087835693886, "referer_leaked": 0.9944615917154642, "referer_leaked_header": 0.9931635272737762, "referer_leaked_url": 0.0, "hosts": 15.245507254737936, "trackers": 9.398159633080452, "companies": 4.595725041105374}