{"id": "cbr.ru", "month": "2019-04", "country": "global", "site": "cbr.ru", "category": "Banking", "popularity": 0.00038521646876029655, "cookies": 0.3249183140755344, "bad_qs": 0.006571381632988336, "tracked": 0.33077779603161567, "https": 0.9453115017432415, "requests": 6.861873208842159, "requests_tracking": 1.9402004271398061, "content_length": 74314.36467517295, "requests_failed": 3.244236350692733, "has_blocking": 0.47051092492196483, "script": 0.9959841556687293, "iframe": 0.006772173849551868, "beacon": 0.0738002665060329, "image": 0.2904733220159538, "stylesheet": 0.012887209535804902, "font": 0.005676943577387145, "xhr": 0.28434003249183143, "plugin": 0.0, "media": 0.0, "referer_leaked": 0.80378949674169, "referer_leaked_header": 0.7963601847288393, "referer_leaked_url": 0.0, "hosts": 2.884015114177756, "trackers": 2.880966723253564, "companies": 2.0445393644013654}