{"id": "cbslocal.com", "month": "2019-04", "country": "global", "site": "cbslocal.com", "category": "Entertainment", "popularity": 0.00034557186275349606, "cookies": 0.9172855834774647, "bad_qs": 0.053128497303896634, "tracked": 0.9200936005697427, "https": 0.9411740767117713, "requests": 291.3101027571472, "requests_tracking": 66.80040695899888, "content_length": 44242685.395971105, "requests_failed": 108.49994913012515, "has_blocking": 0.5195442059212534, "script": 0.9783294333095941, "iframe": 0.9745650625699461, "beacon": 0.04256791128293824, "image": 0.9991453861023502, "stylesheet": 0.9988401668531895, "font": 0.8379489266456405, "xhr": 0.9600569742598433, "plugin": 0.004191677688472887, "media": 0.017234713602604538, "referer_leaked": 0.9967239800590091, "referer_leaked_header": 0.9887272357310001, "referer_leaked_url": 0.0, "hosts": 32.56795197883813, "trackers": 28.957432088717063, "companies": 19.539017194017703}