{"id": "cdiscount.com", "month": "2019-04", "country": "global", "site": "cdiscount.com", "category": "E-Commerce", "popularity": 0.0044569031419833946, "cookies": 0.8291124462002549, "bad_qs": 0.06664226482727284, "tracked": 0.8312455035403703, "https": 0.8860597129838822, "requests": 154.98848748564288, "requests_tracking": 12.86151693193149, "content_length": 799743.6807324338, "requests_failed": 68.9355270797309, "has_blocking": 0.5160421057945954, "script": 0.9759967941031693, "iframe": 0.910356372035492, "beacon": 0.18163330346211615, "image": 0.9927725327847127, "stylesheet": 0.4644543033485214, "font": 0.07222103017834379, "xhr": 0.9617122518269825, "plugin": 0.09521292708477956, "media": 0.0010807280162566737, "referer_leaked": 0.9056611215590251, "referer_leaked_header": 0.7105021519898017, "referer_leaked_url": 0.0, "hosts": 21.38220064622802, "trackers": 16.980053074000683, "companies": 14.252738896111273}