{"id": "cdkeys.com", "month": "2019-04", "country": "global", "site": "cdkeys.com", "category": "Entertainment", "popularity": 0.00031932963685470583, "cookies": 0.8771937550921542, "bad_qs": 0.07867791161121265, "tracked": 0.8816858608768414, "https": 0.9807544095303107, "requests": 44.50578028317882, "requests_tracking": 14.59813269328166, "content_length": 957459.4959152666, "requests_failed": 16.60343954374298, "has_blocking": 0.4126571686521481, "script": 0.9937462841036707, "iframe": 0.7788298504833417, "beacon": 0.03591482615110211, "image": 0.9399951555721929, "stylesheet": 0.9881311518728118, "font": 0.4526677383128179, "xhr": 0.6698742650782815, "plugin": 0.0031708982009556737, "media": 8.808050558210205e-05, "referer_leaked": 0.9867218637834981, "referer_leaked_header": 0.9802919868760047, "referer_leaked_url": 0.0, "hosts": 11.66392883095149, "trackers": 10.34360205227578, "companies": 6.806134807213794}