{"id": "cengage.com", "month": "2019-04", "country": "global", "site": "cengage.com", "category": "Business", "popularity": 0.0002798326961061782, "cookies": 0.5044728113378228, "bad_qs": 0.01924816564478842, "tracked": 0.5073625489998995, "https": 0.9812292692732938, "requests": 45.51610714644688, "requests_tracking": 7.742536938385768, "content_length": 873181.6147854056, "requests_failed": 12.341617247964619, "has_blocking": 0.35026133279726607, "script": 0.9752236405668911, "iframe": 0.16639863302844507, "beacon": 0.007890240225148256, "image": 0.8299829128555634, "stylesheet": 0.4622575133179214, "font": 0.6506181525781486, "xhr": 0.23984822595235702, "plugin": 0.003517941501658458, "media": 0.008995878982812342, "referer_leaked": 0.8557392702784199, "referer_leaked_header": 0.7183133983314905, "referer_leaked_url": 0.0, "hosts": 7.7450497537440945, "trackers": 6.834480852346969, "companies": 4.81437832948035}