{"id": "censor.net.ua", "month": "2019-04", "country": "global", "site": "censor.net.ua", "category": "News and Portals", "popularity": 0.0007071900169059844, "cookies": 0.8404724973153561, "bad_qs": 0.0347412798790916, "tracked": 0.8412878335918546, "https": 0.8987193254583781, "requests": 42.47137374219464, "requests_tracking": 13.502455951954818, "content_length": 919471.8791413117, "requests_failed": 15.847263651911069, "has_blocking": 0.39262418963528617, "script": 0.9891321640217954, "iframe": 0.67633138448077, "beacon": 0.00707950523008392, "image": 0.9794475599570457, "stylesheet": 0.209919261822376, "font": 0.07097402855665592, "xhr": 0.9312035158891143, "plugin": 0.0006164737700353975, "media": 0.006880642723620888, "referer_leaked": 0.9541920216362407, "referer_leaked_header": 0.8759097959670684, "referer_leaked_url": 0.0, "hosts": 11.017877739331027, "trackers": 8.86032891858569, "companies": 8.107037744103726}