{"id": "centurylink.net", "month": "2019-04", "country": "global", "site": "centurylink.net", "category": "News and Portals", "popularity": 0.00045682005566473956, "cookies": 0.7697872733429794, "bad_qs": 0.08884647354000554, "tracked": 0.7927993104085214, "https": 0.944340116368562, "requests": 122.2503001570052, "requests_tracking": 11.071591293907582, "content_length": 1344062.2979866392, "requests_failed": 45.873887879814056, "has_blocking": 0.4833605270449158, "script": 0.92903980543669, "iframe": 0.7480836129667826, "beacon": 0.008912354154480806, "image": 0.9561616845734692, "stylesheet": 0.871425053104701, "font": 0.31184003940522736, "xhr": 0.808607579349198, "plugin": 0.0014007326909460333, "media": 0.003601884062432657, "referer_leaked": 0.9470338330819198, "referer_leaked_header": 0.9394606409506511, "referer_leaked_url": 0.0, "hosts": 18.63514761567589, "trackers": 12.24568235692516, "companies": 8.181972108487516}