{"id": "centraldispatch.com", "month": "2019-04", "country": "global", "site": "centraldispatch.com", "category": "Business", "popularity": 0.00016514601218086495, "cookies": 0.8874648726901132, "bad_qs": 0.0008089925913310057, "tracked": 0.887975815379375, "https": 0.9996593715404922, "requests": 19.279996593715406, "requests_tracking": 0.9776036787873627, "content_length": 177018.77395043857, "requests_failed": 5.490292088904028, "has_blocking": 0.08694541428936388, "script": 1.0, "iframe": 0.010218853785233756, "beacon": 0.028485054926339095, "image": 0.10772375031933919, "stylesheet": 0.9686621817252832, "font": 0.0630162650089415, "xhr": 0.028783104828408415, "plugin": 0.0035340202673933407, "media": 0.0, "referer_leaked": 0.9985523290470919, "referer_leaked_header": 0.9979136506855147, "referer_leaked_url": 0.0, "hosts": 8.657114876947968, "trackers": 7.757983479519714, "companies": 4.8112066763178065}