{"id": "centralpoint.nl", "month": "2019-04", "country": "global", "site": "centralpoint.nl", "category": "E-Commerce", "popularity": 4.498165034152232e-05, "cookies": 0.7603564170705018, "bad_qs": 0.030170392371424104, "tracked": 0.7603564170705018, "https": 0.9946850085977802, "requests": 105.599187118962, "requests_tracking": 9.989682663748631, "content_length": 1688582.9491949352, "requests_failed": 33.84070658120994, "has_blocking": 0.5823042050961388, "script": 0.9957792715335313, "iframe": 0.8702516804752227, "beacon": 0.01062998280443958, "image": 0.945599499765515, "stylesheet": 0.9516961075504142, "font": 0.478505549476317, "xhr": 0.9363764264498984, "plugin": 0.0001563232765358762, "media": 0.003439112083789276, "referer_leaked": 0.80553384398937, "referer_leaked_header": 0.2218227294044083, "referer_leaked_url": 0.0, "hosts": 17.81194309832734, "trackers": 13.378458652493356, "companies": 7.125683914334845}