{"id": "centerparcs.de", "month": "2019-04", "country": "global", "site": "centerparcs.de", "category": "Recreation", "popularity": 2.319047722781626e-05, "cookies": 0.813826561552456, "bad_qs": 0.20133414190418436, "tracked": 0.8141297756215888, "https": 0.9902971497877502, "requests": 99.15767131594906, "requests_tracking": 33.16130988477865, "content_length": 1375126.0682231656, "requests_failed": 29.86082474226804, "has_blocking": 0.3471801091570649, "script": 0.9960582171012735, "iframe": 0.7704669496664646, "beacon": 0.5939963614311704, "image": 0.8135233474833232, "stylesheet": 0.047604608853850816, "font": 0.09915100060642813, "xhr": 0.8001819284414797, "plugin": 0.0, "media": 0.005154639175257732, "referer_leaked": 0.8502122498483929, "referer_leaked_header": 0.8374772589448151, "referer_leaked_url": 0.0, "hosts": 23.028198908429353, "trackers": 20.54548211036992, "companies": 17.871134020618555}