{"id": "champion.gg", "month": "2019-04", "country": "global", "site": "champion.gg", "category": "Entertainment", "popularity": 0.0003904550695895031, "cookies": 0.9403724247226625, "bad_qs": 0.03538755222590405, "tracked": 0.940912692695577, "https": 0.07129736349229218, "requests": 137.28056115833454, "requests_tracking": 61.672021322576, "content_length": 1100209.592493877, "requests_failed": 49.53344258752341, "has_blocking": 0.49645224031119434, "script": 0.9972266244057052, "iframe": 0.9043365509292609, "beacon": 0.2636687797147385, "image": 0.9648105460308313, "stylesheet": 0.039097392306584065, "font": 0.030471113672381502, "xhr": 0.7380420688661576, "plugin": 0.0013326609998559286, "media": 0.005258608269701772, "referer_leaked": 0.9887804350958075, "referer_leaked_header": 0.9349517360610863, "referer_leaked_url": 0.0, "hosts": 25.77341161215963, "trackers": 20.858845987609854, "companies": 16.07452096239735}