{"id": "chase.com", "month": "2019-04", "country": "global", "site": "chase.com", "category": "Banking", "popularity": 0.004116527689985313, "cookies": 0.650350343168906, "bad_qs": 0.010108877979454279, "tracked": 0.6508235028850785, "https": 0.9936883568546665, "requests": 64.87276103213728, "requests_tracking": 6.491056085653866, "content_length": 2356328.017816086, "requests_failed": 19.41360821008975, "has_blocking": 0.4174959772883336, "script": 0.7985706135361258, "iframe": 0.025946917287582034, "beacon": 7.857525972539654e-05, "image": 0.947175219412872, "stylesheet": 0.7715185181389279, "font": 0.6588142651675873, "xhr": 0.8349782893141063, "plugin": 0.00134944467789268, "media": 0.0001571505194507931, "referer_leaked": 0.39410104778400684, "referer_leaked_header": 0.3863921315418174, "referer_leaked_url": 0.0, "hosts": 5.102586834202786, "trackers": 4.753526491819632, "companies": 4.483852784126431}