{"id": "chaturbate.com", "month": "2019-04", "country": "global", "site": "chaturbate.com", "category": "Adult", "popularity": 0.020844420826128616, "cookies": 0.9925319436680915, "bad_qs": 0.006501911543102573, "tracked": 0.9931607473993534, "https": 0.9987295735772894, "requests": 493.06959244814817, "requests_tracking": 249.76155452156775, "content_length": 47906158.92343505, "requests_failed": 71.3778017439858, "has_blocking": 0.48660536729863013, "script": 0.996943352677594, "iframe": 0.9109939113312524, "beacon": 0.07569191180960201, "image": 0.9866932446441203, "stylesheet": 0.9894479717200244, "font": 0.5212526552957992, "xhr": 0.6448483466408759, "plugin": 0.19494905981360558, "media": 0.0011601158968937298, "referer_leaked": 0.5758479320487161, "referer_leaked_header": 0.39227165130809055, "referer_leaked_url": 0.0, "hosts": 7.1011712818858985, "trackers": 6.868154970433743, "companies": 4.995169613397028}