{"id": "chaturbate.eu", "month": "2019-04", "country": "global", "site": "chaturbate.eu", "category": "Adult", "popularity": 0.00028718080062499815, "cookies": 0.9664307925858818, "bad_qs": 0.01848632501652751, "tracked": 0.9821013197522098, "https": 0.9987512548664332, "requests": 410.61920618985823, "requests_tracking": 100.90107979726255, "content_length": 46062685.230381235, "requests_failed": 75.30799931441443, "has_blocking": 0.447638402585637, "script": 0.9981391248989986, "iframe": 0.9422639014715605, "beacon": 4.8970397394774857e-05, "image": 0.9782081731593252, "stylesheet": 0.9753923753091256, "font": 0.5056683234984451, "xhr": 0.5714110820009305, "plugin": 0.13843931343502852, "media": 2.4485198697387428e-05, "referer_leaked": 0.3741828064934747, "referer_leaked_header": 0.1377047574741069, "referer_leaked_url": 0.0, "hosts": 6.135403148796552, "trackers": 6.118581817291448, "companies": 4.149775960431919}