{"id": "cheatsheet.com", "month": "2019-04", "country": "global", "site": "cheatsheet.com", "category": "Entertainment", "popularity": 0.0001763966985254696, "cookies": 0.8977915969066411, "bad_qs": 0.020728693295064975, "tracked": 0.8978314597783624, "https": 0.9947779638045124, "requests": 40.66108586462569, "requests_tracking": 10.952443594036515, "content_length": 300606.1817348322, "requests_failed": 25.35346408355258, "has_blocking": 0.5266682611815355, "script": 0.9920672885274655, "iframe": 0.17838635095272262, "beacon": 0.004066012915570438, "image": 0.9438332137447182, "stylesheet": 0.14059634856095032, "font": 0.07928725185362354, "xhr": 0.4682691541098621, "plugin": 0.0006378059475404608, "media": 0.003029578250817189, "referer_leaked": 0.9778761061946902, "referer_leaked_header": 0.9774376146057562, "referer_leaked_url": 0.0, "hosts": 18.384158494777964, "trackers": 14.74623295862234, "companies": 12.56047197640118}