{"id": "chegg.com", "month": "2019-04", "country": "global", "site": "chegg.com", "category": "Business", "popularity": 0.0013699679494666422, "cookies": 0.7984119325764264, "bad_qs": 0.08075327981604287, "tracked": 0.7985043217607325, "https": 0.9440275525078531, "requests": 125.97836553267497, "requests_tracking": 23.487332416285135, "content_length": 1026876.1662800008, "requests_failed": 34.723284127538136, "has_blocking": 0.4860338349723859, "script": 0.9977108013221919, "iframe": 0.6768534296918307, "beacon": 0.14420925123698852, "image": 0.9837549017595006, "stylesheet": 0.9935789516907221, "font": 0.6053493337713265, "xhr": 0.9058964830517174, "plugin": 0.0027254809370316382, "media": 0.011682099082267436, "referer_leaked": 0.9849148992957891, "referer_leaked_header": 0.9713747510624756, "referer_leaked_url": 0.0, "hosts": 19.24469275463486, "trackers": 15.088575564087298, "companies": 11.973977046420432}