{"id": "chicagotribune.com", "month": "2019-04", "country": "global", "site": "chicagotribune.com", "category": "News and Portals", "popularity": 0.00042060690899304345, "cookies": 0.6948642503677945, "bad_qs": 0.1697204761267888, "tracked": 0.6965193259328608, "https": 0.5419787347866791, "requests": 111.59365387187374, "requests_tracking": 23.400127056306005, "content_length": 6225151.427661495, "requests_failed": 38.34527551156881, "has_blocking": 0.48278052694931123, "script": 0.8675605189247024, "iframe": 0.5347231509963889, "beacon": 0.04181155543667246, "image": 0.9864919085194597, "stylesheet": 0.15032767152601312, "font": 0.14148388391065936, "xhr": 0.7430453390397218, "plugin": 0.0024575364450983013, "media": 0.044035040791761404, "referer_leaked": 0.954226293968169, "referer_leaked_header": 0.8748829744549953, "referer_leaked_url": 0.0, "hosts": 18.126404306540056, "trackers": 13.215510900093621, "companies": 10.631352815300254}