{"id": "chipdip.ru", "month": "2019-04", "country": "global", "site": "chipdip.ru", "category": "Business", "popularity": 0.0002258294016520761, "cookies": 0.7686822767467929, "bad_qs": 0.05635820151949184, "tracked": 0.7828496699464441, "https": 0.9988167891393698, "requests": 17.42626728110599, "requests_tracking": 7.365549881678914, "content_length": 140580.45173745175, "requests_failed": 8.525158799352347, "has_blocking": 0.4810997633578279, "script": 0.9892576908705941, "iframe": 0.031012579399676173, "beacon": 0.2031386224934612, "image": 0.983435047951177, "stylesheet": 0.049134387844065264, "font": 0.033628098144227174, "xhr": 0.32999128160418484, "plugin": 0.0, "media": 0.0, "referer_leaked": 0.8455598455598455, "referer_leaked_header": 0.8241686386847678, "referer_leaked_url": 0.0, "hosts": 3.551718769460705, "trackers": 4.120656370656371, "companies": 3.1086063021546892}