{"id": "chip.de", "month": "2019-04", "country": "global", "site": "chip.de", "category": "News and Portals", "popularity": 0.0022070963619738445, "cookies": 0.6020377279142599, "bad_qs": 0.10943389012963595, "tracked": 0.6047585215959016, "https": 0.7455994188843471, "requests": 65.37372363235514, "requests_tracking": 17.70789380621195, "content_length": 817759.989457721, "requests_failed": 23.108153141815794, "has_blocking": 0.43572204575648577, "script": 0.9778640813816789, "iframe": 0.8850799193319718, "beacon": 0.1143466112737711, "image": 0.7815686936685793, "stylesheet": 0.29995635260721487, "font": 0.09561327772804169, "xhr": 0.6884340781001597, "plugin": 0.004718378738303614, "media": 0.2393438235753268, "referer_leaked": 0.9623581061491848, "referer_leaked_header": 0.9470751467922353, "referer_leaked_url": 0.0, "hosts": 14.684916799148716, "trackers": 12.619209950331179, "companies": 11.051370113961113}