{"id": "chobirich.com", "month": "2019-04", "country": "global", "site": "chobirich.com", "category": "Business", "popularity": 0.0002583438851879834, "cookies": 0.9816004354926511, "bad_qs": 0.6060696788241698, "tracked": 0.982144801306478, "https": 0.010887316276537834, "requests": 113.77920522591181, "requests_tracking": 60.347795318454004, "content_length": 503862.8454001089, "requests_failed": 40.55198693522047, "has_blocking": 0.45936309199782255, "script": 0.9989384866630375, "iframe": 0.7649428415895482, "beacon": 0.01888949373979314, "image": 0.9961350027218291, "stylesheet": 0.9835601524224279, "font": 0.017610234077299947, "xhr": 0.9416712030484485, "plugin": 0.0005715841045182363, "media": 0.004001088731627654, "referer_leaked": 0.9994556341861731, "referer_leaked_header": 0.9839139902014153, "referer_leaked_url": 0.0, "hosts": 31.16091453456723, "trackers": 17.98274360370169, "companies": 15.720821992378879}