{"id": "christ.de", "month": "2019-04", "country": "global", "site": "christ.de", "category": "Business", "popularity": 6.613294066937899e-05, "cookies": 0.8237107921318447, "bad_qs": 0.15513024986709198, "tracked": 0.8250930356193514, "https": 0.9658692185007974, "requests": 125.61212121212121, "requests_tracking": 18.822115895800106, "content_length": 1248906.7603402445, "requests_failed": 29.92589048378522, "has_blocking": 0.4421052631578947, "script": 0.9976608187134502, "iframe": 0.988835725677831, "beacon": 0.22073365231259967, "image": 0.9857522594364699, "stylesheet": 0.9946836788942052, "font": 0.020095693779904306, "xhr": 0.8046783625730994, "plugin": 0.0001063264221158958, "media": 0.0003189792663476874, "referer_leaked": 0.9541733120680489, "referer_leaked_header": 0.8128654970760234, "referer_leaked_url": 0.0, "hosts": 22.873471557682084, "trackers": 20.79351408825093, "companies": 18.42668793195109}