{"id": "cic.fr", "month": "2019-04", "country": "global", "site": "cic.fr", "category": "Banking", "popularity": 0.0008344282477844973, "cookies": 0.14579453428501604, "bad_qs": 0.003606731441765613, "tracked": 0.14729453007154475, "https": 0.9989297782871397, "requests": 62.28290089072784, "requests_tracking": 0.5705461501512636, "content_length": 432813.6979278148, "requests_failed": 17.219252193111817, "has_blocking": 0.2724009202221342, "script": 0.9874522824374089, "iframe": 0.10128342336117033, "beacon": 0.0002528082786284308, "image": 0.9627697675006531, "stylesheet": 0.9865421726343465, "font": 0.35073777882646395, "xhr": 0.9451911651933562, "plugin": 0.0034213387041047635, "media": 0.0001432580245561108, "referer_leaked": 0.9818399386518577, "referer_leaked_header": 0.9785112963165834, "referer_leaked_url": 0.0, "hosts": 3.2202044376279844, "trackers": 3.181288816604448, "companies": 1.9882781228142619}