{"id": "cinecalidad.to", "month": "2019-04", "country": "global", "site": "cinecalidad.to", "category": "Entertainment", "popularity": 0.00042557127434260025, "cookies": 0.701877003403721, "bad_qs": 0.007385744026965401, "tracked": 0.7023396450877367, "https": 0.991441128845709, "requests": 25.19530088232378, "requests_tracking": 4.869303724265556, "content_length": 249525772.24467134, "requests_failed": 9.121063414956545, "has_blocking": 0.31671127854333964, "script": 0.9973728561514821, "iframe": 0.6895013383563002, "beacon": 0.0016192458940550544, "image": 0.6853871319520175, "stylesheet": 0.3917253230230329, "font": 0.044182280823502194, "xhr": 0.07879779253825055, "plugin": 0.0017183833977727108, "media": 0.05642576253263276, "referer_leaked": 0.9784871616932685, "referer_leaked_header": 0.975579128250884, "referer_leaked_url": 0.0, "hosts": 6.196226165691814, "trackers": 4.90593503188923, "companies": 3.107481576947226}