{"id": "circleci.com", "month": "2019-04", "country": "global", "site": "circleci.com", "category": "Business", "popularity": 0.0005520219571769907, "cookies": 0.6654735367174065, "bad_qs": 0.020966817400165594, "tracked": 0.6667218648493727, "https": 0.9923571747022483, "requests": 105.95013056493217, "requests_tracking": 3.4085090121648305, "content_length": 313095.5048850392, "requests_failed": 37.84227756193873, "has_blocking": 0.5192662887714158, "script": 0.9983440545188205, "iframe": 0.8761098019234443, "beacon": 0.00016559454811795426, "image": 0.9624864658302019, "stylesheet": 0.9908540857270237, "font": 0.5620151582701739, "xhr": 0.946003439271384, "plugin": 0.00020380867460671295, "media": 0.045207311636201515, "referer_leaked": 0.9894274250047768, "referer_leaked_header": 0.9262849500031846, "referer_leaked_url": 0.0, "hosts": 12.140194892045093, "trackers": 10.118591172536782, "companies": 9.276644799694287}