{"id": "cisco.com", "month": "2019-04", "country": "global", "site": "cisco.com", "category": "Business", "popularity": 0.0016313706150045651, "cookies": 0.6195049201949975, "bad_qs": 0.0644905453808787, "tracked": 0.6257117364861662, "https": 0.9750606673189571, "requests": 73.37072365443551, "requests_tracking": 9.416149791166493, "content_length": 1463043.234488347, "requests_failed": 28.6797756925557, "has_blocking": 0.4420029051348474, "script": 0.9522118248470925, "iframe": 0.6300177152881644, "beacon": 0.020982487295422902, "image": 0.7742098162523761, "stylesheet": 0.29573324482873065, "font": 0.4914031284078223, "xhr": 0.748878247264044, "plugin": 0.0003749951509247725, "media": 0.001991353560083275, "referer_leaked": 0.9081520497579773, "referer_leaked_header": 0.8824928987987224, "referer_leaked_url": 0.0, "hosts": 12.668573251207958, "trackers": 10.106908100326288, "companies": 6.862450054525157}