{"id": "citethisforme.com", "month": "2019-04", "country": "global", "site": "citethisforme.com", "category": "Reference", "popularity": 0.00041160635991735977, "cookies": 0.9284713680470138, "bad_qs": 0.17146713133798006, "tracked": 0.9291205412054121, "https": 0.03741287412874129, "requests": 225.30804974716415, "requests_tracking": 112.0549405494055, "content_length": 2263137.9666529996, "requests_failed": 59.48508610086101, "has_blocking": 0.29762880962142957, "script": 0.9950457837911713, "iframe": 0.8769816864835315, "beacon": 0.1790863741970753, "image": 0.736059860598606, "stylesheet": 0.9109095257619243, "font": 0.4286763700970343, "xhr": 0.9703942872762061, "plugin": 0.0015033483668170015, "media": 0.03823288232882329, "referer_leaked": 0.9963612136121361, "referer_leaked_header": 0.9946016126827935, "referer_leaked_url": 0.0, "hosts": 30.8120131201312, "trackers": 26.29848298482985, "companies": 20.63709512095121}