{"id": "citibankonline.com", "month": "2019-04", "country": "global", "site": "citibankonline.com", "category": "Banking", "popularity": 0.00019696435949919988, "cookies": 0.8926136160793974, "bad_qs": 0.04558923280139945, "tracked": 0.8930420192067402, "https": 0.9935025525686337, "requests": 19.81982078469173, "requests_tracking": 4.069187105065867, "content_length": 94077.86565991932, "requests_failed": 8.088251044232623, "has_blocking": 0.48527364249759025, "script": 0.9495912320159937, "iframe": 0.5301131698261398, "beacon": 0.00039270286673092714, "image": 0.6824461818571276, "stylesheet": 0.055371104209060724, "font": 0.006069044304023419, "xhr": 0.25943379386669524, "plugin": 0.03170183142336939, "media": 3.570026061190247e-05, "referer_leaked": 0.6766984398986112, "referer_leaked_header": 0.13366177573096283, "referer_leaked_url": 0.0, "hosts": 7.127021527257149, "trackers": 6.668130377351755, "companies": 5.434722073471137}