{"id": "city-data.com", "month": "2019-04", "country": "global", "site": "city-data.com", "category": "Business", "popularity": 0.00023566672052463975, "cookies": 0.7080113382067731, "bad_qs": 0.015485603461136805, "tracked": 0.7083097120692228, "https": 0.0011039832910637029, "requests": 27.12734596449351, "requests_tracking": 7.296822318364911, "content_length": 326809.92492913624, "requests_failed": 11.381441145755632, "has_blocking": 0.455318514098165, "script": 0.9909294345815307, "iframe": 0.5969864239892585, "beacon": 0.0012531702222885275, "image": 0.643353722213934, "stylesheet": 0.3127554826197225, "font": 0.05155900343129942, "xhr": 0.23723705803371625, "plugin": 0.01858869163061316, "media": 0.00017902431746978965, "referer_leaked": 0.9101894674026555, "referer_leaked_header": 0.8513799791138297, "referer_leaked_url": 0.0, "hosts": 7.4755184245860065, "trackers": 6.840817544383112, "companies": 4.445531851409816}