{"id": "ck101.com", "month": "2019-04", "country": "global", "site": "ck101.com", "category": "Entertainment", "popularity": 0.000358446866939103, "cookies": 0.9969789704959197, "bad_qs": 0.06936597614563716, "tracked": 0.9972339924670434, "https": 0.963512241054614, "requests": 186.508749215317, "requests_tracking": 86.66419491525424, "content_length": 948603.5892576899, "requests_failed": 71.45696013810421, "has_blocking": 0.4584902699309479, "script": 0.9921727871939736, "iframe": 0.7696563088512242, "beacon": 0.025541431261770244, "image": 0.9915450408035154, "stylesheet": 0.7398579723791588, "font": 0.08307831136220967, "xhr": 0.8157172002510985, "plugin": 0.08664861895794099, "media": 0.012378374136848714, "referer_leaked": 0.9942325800376648, "referer_leaked_header": 0.9800690521029504, "referer_leaked_url": 0.0, "hosts": 23.05743879472693, "trackers": 13.54676710608914, "companies": 7.66929535467671}