{"id": "clarin.com", "month": "2019-04", "country": "global", "site": "clarin.com", "category": "News and Portals", "popularity": 0.0011839941041903279, "cookies": 0.8570257750326642, "bad_qs": 0.11933721344577741, "tracked": 0.8576196697945124, "https": 0.9930751870768499, "requests": 53.59945955576672, "requests_tracking": 17.231939660292195, "content_length": 930281.7599893099, "requests_failed": 16.951621332699844, "has_blocking": 0.5037059033139327, "script": 0.9979332462287682, "iframe": 0.8591162845943698, "beacon": 0.014728590093835373, "image": 0.6226570851645088, "stylesheet": 0.77609573583561, "font": 0.2476244209526072, "xhr": 0.22935027913053807, "plugin": 0.0010036821475234588, "media": 0.005131250742368453, "referer_leaked": 0.98415488775389, "referer_leaked_header": 0.9704774913885259, "referer_leaked_url": 0.0, "hosts": 14.743063309181613, "trackers": 12.897707566219266, "companies": 8.949507067347666}