{"id": "click-tt.de", "month": "2019-04", "country": "global", "site": "click-tt.de", "category": "Reference", "popularity": 5.07124686983053e-05, "cookies": 0.5564337215751525, "bad_qs": 0.045618413754853024, "tracked": 0.5565723793677204, "https": 0.9309484193011647, "requests": 16.08166943982252, "requests_tracking": 4.467415418746533, "content_length": 61437.972545757075, "requests_failed": 6.8254298391569606, "has_blocking": 0.40321686078757624, "script": 0.992928452579035, "iframe": 0.10149750415973377, "beacon": 0.042290626733222404, "image": 0.49681087077093733, "stylesheet": 0.9717138103161398, "font": 0.053521907931225736, "xhr": 0.13990571270105379, "plugin": 0.0020798668885191347, "media": 0.0019412090959511925, "referer_leaked": 0.9682473655019412, "referer_leaked_header": 0.9682473655019412, "referer_leaked_url": 0.0, "hosts": 6.511785912368275, "trackers": 5.733915696062119, "companies": 3.755268996117582}