{"id": "cloudflare.com", "month": "2019-04", "country": "global", "site": "cloudflare.com", "category": "Business", "popularity": 0.0004725499215102899, "cookies": 0.5618945582786483, "bad_qs": 0.01305001264824487, "tracked": 0.5637992351531925, "https": 0.9920390458759282, "requests": 32.69617427793402, "requests_tracking": 7.1643676621579395, "content_length": 1942102.3073225897, "requests_failed": 7.648066306563695, "has_blocking": 0.4079282174902906, "script": 0.9907593411008437, "iframe": 0.2088894841004122, "beacon": 0.026516673362796304, "image": 0.720875556150767, "stylesheet": 0.2672797345356606, "font": 0.16203145692900614, "xhr": 0.3460559796437659, "plugin": 0.001458268232072973, "media": 0.03322768328794846, "referer_leaked": 0.8437272145588739, "referer_leaked_header": 0.6039016115351993, "referer_leaked_url": 0.0, "hosts": 6.1839054804101, "trackers": 5.337708138029552, "companies": 4.268529678734581}