{"id": "cmb.fr", "month": "2019-04", "country": "global", "site": "cmb.fr", "category": "Banking", "popularity": 0.00025458896862047163, "cookies": 0.29978456609401755, "bad_qs": 0.08976412749268077, "tracked": 0.3130420372313981, "https": 0.9980666187924654, "requests": 16.317433574545657, "requests_tracking": 2.769402861404187, "content_length": 164405.8130144175, "requests_failed": 6.653897144119759, "has_blocking": 0.3329006242059327, "script": 0.9975418438932774, "iframe": 0.4297077832403469, "beacon": 0.00011047892614483787, "image": 0.44382146605534994, "stylesheet": 0.04203723139811081, "font": 0.008921173286195658, "xhr": 0.08995746561343423, "plugin": 0.0011047892614483787, "media": 0.0, "referer_leaked": 0.7391316356405015, "referer_leaked_header": 0.7100756780644092, "referer_leaked_url": 0.0, "hosts": 5.179224437938463, "trackers": 5.036761862674695, "companies": 3.39871844445672}