{"id": "cnbeta.com", "month": "2019-04", "country": "global", "site": "cnbeta.com", "category": "News and Portals", "popularity": 0.0002313281746030016, "cookies": 0.6731716213751596, "bad_qs": 0.10578150647455772, "tracked": 0.6750258374369262, "https": 0.9440695483008086, "requests": 82.53237278861937, "requests_tracking": 23.71381238981093, "content_length": 2342539.8688674085, "requests_failed": 32.64058605386346, "has_blocking": 0.46972460331935073, "script": 0.9957444221533224, "iframe": 0.7149066812572192, "beacon": 0.001671834154051918, "image": 0.9994224572922367, "stylesheet": 0.08283178308711776, "font": 0.01601921089427929, "xhr": 0.0455042859748313, "plugin": 0.003799623077390723, "media": 0.03526050215818591, "referer_leaked": 0.9694814274423977, "referer_leaked_header": 0.968569517903824, "referer_leaked_url": 0.0, "hosts": 9.63216608912396, "trackers": 5.594808195027054, "companies": 3.7985895799136724}