{"id": "cnblogs.com", "month": "2019-04", "country": "global", "site": "cnblogs.com", "category": "Reference", "popularity": 0.0009971834891171337, "cookies": 0.15339919471416583, "bad_qs": 0.003011007453477467, "tracked": 0.15536657429149656, "https": 0.8324483651005197, "requests": 30.65953050848653, "requests_tracking": 0.7605438147419489, "content_length": 537982.0471959552, "requests_failed": 11.371679606242022, "has_blocking": 0.45017734622354794, "script": 0.9951696953029694, "iframe": 0.00868749691495138, "beacon": 0.002122513450811985, "image": 0.4707325844598168, "stylesheet": 0.06292088877606425, "font": 0.03462305994513902, "xhr": 0.02822731343388829, "plugin": 0.005260448618955949, "media": 0.00439310923540155, "referer_leaked": 0.2986115518323426, "referer_leaked_header": 0.028121540338332876, "referer_leaked_url": 0.0, "hosts": 3.122534605431096, "trackers": 3.005768159477622, "companies": 1.4616995620993845}