{"id": "cnews.fr", "month": "2019-04", "country": "global", "site": "cnews.fr", "category": "News and Portals", "popularity": 0.0008442725983360263, "cookies": 0.9739645364671392, "bad_qs": 0.09684592769037287, "tracked": 0.9739978511997468, "https": 0.9260079788784595, "requests": 148.0668126962446, "requests_tracking": 28.55185854564535, "content_length": 22671721.6444152, "requests_failed": 39.22180116101843, "has_blocking": 0.39169796863417927, "script": 0.9988672990913406, "iframe": 0.9042867732182864, "beacon": 0.028858887121357243, "image": 0.8614190410354219, "stylesheet": 0.3795963920144586, "font": 0.2666511197914498, "xhr": 0.857296342875228, "plugin": 0.0004830636228105974, "media": 0.015291462266900981, "referer_leaked": 0.8932346106757061, "referer_leaked_header": 0.37540706438904947, "referer_leaked_url": 0.0, "hosts": 15.740886338461026, "trackers": 13.037287514471087, "companies": 11.225124305596042}