{"id": "codeproject.com", "month": "2019-04", "country": "global", "site": "codeproject.com", "category": "Reference", "popularity": 0.00024800028542991257, "cookies": 0.7915733363577079, "bad_qs": 0.04201990416513085, "tracked": 0.7963367263035527, "https": 0.9910402903399586, "requests": 48.179846323967226, "requests_tracking": 4.87303297513397, "content_length": 323870.68340468965, "requests_failed": 15.168164677195271, "has_blocking": 0.5376109331140662, "script": 0.9785930987552809, "iframe": 0.14610564518415606, "beacon": 0.0034307749014715473, "image": 0.9631971419660325, "stylesheet": 0.9509484249624316, "font": 0.3406390881510675, "xhr": 0.8508038220533614, "plugin": 0.0003118886274065043, "media": 0.0004820096969009612, "referer_leaked": 0.5731662366384077, "referer_leaked_header": 0.20077121551504154, "referer_leaked_url": 0.0, "hosts": 10.330346763446652, "trackers": 9.481612747738808, "companies": 6.392781195951119}