{"id": "codecanyon.net", "month": "2019-04", "country": "global", "site": "codecanyon.net", "category": "Business", "popularity": 0.00039497643916424106, "cookies": 0.7636324793932813, "bad_qs": 0.021933025938651617, "tracked": 0.764166562817112, "https": 0.8848160082604903, "requests": 68.96076267112923, "requests_tracking": 12.830517526837692, "content_length": 1676005.1953321109, "requests_failed": 17.571522671841343, "has_blocking": 0.4634953979811647, "script": 0.9896921899200655, "iframe": 0.19018710722614873, "beacon": 0.05388901746452796, "image": 0.9891403037154404, "stylesheet": 0.9794733937441028, "font": 0.6357551049473927, "xhr": 0.30232682344982287, "plugin": 0.02212885652738958, "media": 0.01826565309501344, "referer_leaked": 0.6793363123319862, "referer_leaked_header": 0.09472859660678998, "referer_leaked_url": 0.0, "hosts": 10.263338733510174, "trackers": 7.646205337273682, "companies": 5.1322746613020955}