{"id": "coedcherry.com", "month": "2019-04", "country": "global", "site": "coedcherry.com", "category": "Adult", "popularity": 0.00040187451622927675, "cookies": 0.016219904815229565, "bad_qs": 0.0031494960806270995, "tracked": 0.01928191489361702, "https": 0.9952232642777156, "requests": 2.6630039193729003, "requests_tracking": 0.11464165733482642, "content_length": 24869.594607362822, "requests_failed": 1.2512597984322509, "has_blocking": 0.2011478163493841, "script": 0.9718120100783875, "iframe": 0.007681270996640538, "beacon": 3.499440089585666e-05, "image": 0.2801651735722284, "stylesheet": 0.031949888017917136, "font": 0.011233202687569988, "xhr": 0.0038318868980963044, "plugin": 0.0003324468085106383, "media": 3.499440089585666e-05, "referer_leaked": 0.6638962765957447, "referer_leaked_header": 0.6632663773796192, "referer_leaked_url": 0.0, "hosts": 1.7027750559910415, "trackers": 1.7013052911534154, "companies": 1.0434980403135499}