{"id": "coinmarketcap.com", "month": "2019-04", "country": "global", "site": "coinmarketcap.com", "category": "Business", "popularity": 0.0021053198406289653, "cookies": 0.6038576510078322, "bad_qs": 0.06763080108882617, "tracked": 0.6048095389188557, "https": 0.9916501060436532, "requests": 80.42923464871996, "requests_tracking": 33.643877022761814, "content_length": 298489.38658005046, "requests_failed": 26.189225296838732, "has_blocking": 0.5291494798016065, "script": 0.9983634207845561, "iframe": 0.5612097326363955, "beacon": 0.048576343080442876, "image": 0.6052069938711778, "stylesheet": 0.2628379619578831, "font": 0.057220153304053036, "xhr": 0.5362769492827442, "plugin": 0.00027053656418563483, "media": 0.011790050266361617, "referer_leaked": 0.6789131778026419, "referer_leaked_header": 0.6341009669177201, "referer_leaked_url": 0.0, "hosts": 14.475780297590221, "trackers": 10.87223994255273, "companies": 8.308969456087908}