{"id": "coinbase.com", "month": "2019-04", "country": "global", "site": "coinbase.com", "category": "Business", "popularity": 0.001245943195875307, "cookies": 0.41007957559681696, "bad_qs": 0.012353970314351826, "tracked": 0.4128618996557368, "https": 0.9969242056549467, "requests": 37.60015237880241, "requests_tracking": 2.495135165641402, "content_length": 170177.46472712906, "requests_failed": 14.84352954455669, "has_blocking": 0.38776454653197134, "script": 0.9938032620351036, "iframe": 0.1396918561995598, "beacon": 0.004396410632654213, "image": 0.9278740335233365, "stylesheet": 0.06463683052090975, "font": 0.03716914047068119, "xhr": 0.8680004514927478, "plugin": 0.013398047293865342, "media": 0.0029234155426378465, "referer_leaked": 0.3959534962469665, "referer_leaked_header": 0.12428466617754952, "referer_leaked_url": 0.0, "hosts": 5.523810598792257, "trackers": 5.431198148879734, "companies": 4.217692872058243}