{"id": "collegeboard.org", "month": "2019-04", "country": "global", "site": "collegeboard.org", "category": "Reference", "popularity": 0.00026469349129371966, "cookies": 0.6140052599420875, "bad_qs": 0.033127009005658424, "tracked": 0.616582100257684, "https": 0.9906224264803549, "requests": 43.19828387748054, "requests_tracking": 10.405759370932179, "content_length": 196938.15495576867, "requests_failed": 15.616741492442154, "has_blocking": 0.4171559121217756, "script": 0.9803416305820472, "iframe": 0.4479717344526207, "beacon": 0.014132773689663416, "image": 0.6458571314719869, "stylesheet": 0.8535185824721728, "font": 0.04829583189437611, "xhr": 0.7076747336822251, "plugin": 0.0022314905825784343, "media": 0.0005844380097229233, "referer_leaked": 0.9186834205562787, "referer_leaked_header": 0.9072603140026034, "referer_leaked_url": 0.0, "hosts": 10.522407884600058, "trackers": 9.989347289004597, "companies": 6.205961267699174}