{"id": "collinsdictionary.com", "month": "2019-04", "country": "global", "site": "collinsdictionary.com", "category": "Reference", "popularity": 0.00025538354834355934, "cookies": 0.6689886836091302, "bad_qs": 0.013023486329469423, "tracked": 0.6695668933616014, "https": 0.9954844571711776, "requests": 42.68110355461329, "requests_tracking": 5.413475040612352, "content_length": 281681.31096671167, "requests_failed": 30.71675982268234, "has_blocking": 0.5282634433767449, "script": 0.9941077672843416, "iframe": 0.36303312315867725, "beacon": 0.014675514193672733, "image": 0.9744486357003221, "stylesheet": 0.6173077452573034, "font": 0.15460227429169304, "xhr": 0.9809190781684518, "plugin": 0.0018172306506236404, "media": 0.0017070954596767533, "referer_leaked": 0.4071973347283791, "referer_leaked_header": 0.11376965224813458, "referer_leaked_url": 0.0, "hosts": 14.016300008260139, "trackers": 12.51201850271208, "companies": 8.537982873977807}