{"id": "colorado.edu", "month": "2019-04", "country": "global", "site": "colorado.edu", "category": "Reference", "popularity": 0.000249645698307811, "cookies": 0.41526068219587076, "bad_qs": 0.010590654310903305, "tracked": 0.4156268484353435, "https": 0.9593273807847225, "requests": 33.94839872686815, "requests_tracking": 4.5559530180548125, "content_length": 1994901.5613891783, "requests_failed": 8.805903726445653, "has_blocking": 0.31084697067853423, "script": 0.9592710475171112, "iframe": 0.25772469932118414, "beacon": 0.04123595189138946, "image": 0.6821677041376785, "stylesheet": 0.811142720333493, "font": 0.3488437596822804, "xhr": 0.16677463876292145, "plugin": 0.007633157761315945, "media": 0.004731994479339774, "referer_leaked": 0.8855871334816776, "referer_leaked_header": 0.8697011520153226, "referer_leaked_url": 0.0, "hosts": 5.054896769287103, "trackers": 4.5815846548179024, "companies": 3.2660901895614454}