{"id": "comdirect.de", "month": "2019-04", "country": "global", "site": "comdirect.de", "category": "Banking", "popularity": 0.0009131478938019027, "cookies": 0.4131231615099105, "bad_qs": 0.012852104541744314, "tracked": 0.41825168255532796, "https": 0.9967426960927754, "requests": 3.6430210531179252, "requests_tracking": 1.1556113412699636, "content_length": 62261.37411251944, "requests_failed": 1.3164744112981472, "has_blocking": 0.16910258582187246, "script": 0.20129060079160954, "iframe": 0.3655495834039211, "beacon": 0.04846683402380989, "image": 0.6133972986708968, "stylesheet": 0.084366481341732, "font": 0.0219694752891531, "xhr": 0.009371486655064607, "plugin": 0.0021099320817483174, "media": 0.00012320771280282145, "referer_leaked": 0.5212764319046372, "referer_leaked_header": 0.379564460735242, "referer_leaked_url": 0.0, "hosts": 1.3133018126934746, "trackers": 1.2467388458517503, "companies": 1.2219124917219817}