{"id": "comicbook.com", "month": "2019-04", "country": "global", "site": "comicbook.com", "category": "Entertainment", "popularity": 0.00021833363187498327, "cookies": 0.9388083735909822, "bad_qs": 0.041932367149758454, "tracked": 0.9390016103059581, "https": 0.9778099838969404, "requests": 109.92837359098229, "requests_tracking": 21.162512077294686, "content_length": 4825612.72057971, "requests_failed": 41.0677616747182, "has_blocking": 0.48901771336553945, "script": 0.9815458937198067, "iframe": 0.854621578099839, "beacon": 0.01288244766505636, "image": 0.993365539452496, "stylesheet": 0.9949436392914653, "font": 0.9098228663446055, "xhr": 0.8810628019323672, "plugin": 0.0008373590982286635, "media": 0.10528180354267311, "referer_leaked": 0.9963285024154589, "referer_leaked_header": 0.9953945249597423, "referer_leaked_url": 0.0, "hosts": 23.13694041867955, "trackers": 18.478357487922704, "companies": 13.389919484702093}