{"id": "commentcamarche.net", "month": "2019-04", "country": "global", "site": "commentcamarche.net", "category": "News and Portals", "popularity": 0.0010201981743708155, "cookies": 0.5586548667686752, "bad_qs": 0.020353445542643674, "tracked": 0.5591649090884028, "https": 0.9677019147264381, "requests": 73.22359152502654, "requests_tracking": 7.17089863942765, "content_length": 615698.4114387329, "requests_failed": 26.784024647450476, "has_blocking": 0.4373612891664254, "script": 0.9918531078119185, "iframe": 0.5508319203782585, "beacon": 0.14587210344209642, "image": 0.9986559695628799, "stylesheet": 0.9992556139117489, "font": 0.695242821498973, "xhr": 0.5646444177935845, "plugin": 0.0023572226127951696, "media": 0.0006203217402092552, "referer_leaked": 0.9980218628951105, "referer_leaked_header": 0.8497580745213184, "referer_leaked_url": 0.0, "hosts": 16.069462249975878, "trackers": 14.503067146382145, "companies": 10.600140606261114}