{"id": "commandersact.com", "month": "2019-04", "country": "global", "site": "commandersact.com", "category": "Business", "popularity": 0.0001824017523619023, "cookies": 0.41229760986892827, "bad_qs": 0.11969930609097919, "tracked": 0.41229760986892827, "https": 0.988396299151889, "requests": 11.957093292212798, "requests_tracking": 9.536892829606785, "content_length": 25581.26256746338, "requests_failed": 1.556823438704703, "has_blocking": 0.09683885890516576, "script": 0.41507324595219736, "iframe": 0.01881264456437934, "beacon": 7.710100231303006e-05, "image": 0.40316114109483425, "stylesheet": 0.6492289899768697, "font": 0.08272937548188126, "xhr": 0.005628373168851195, "plugin": 0.0, "media": 0.0, "referer_leaked": 0.99745566692367, "referer_leaked_header": 0.9760986892829607, "referer_leaked_url": 0.0, "hosts": 2.276407093292213, "trackers": 1.8225905936777178, "companies": 1.6499614494988435}