{"id": "computrabajo.com.co", "month": "2019-04", "country": "global", "site": "computrabajo.com.co", "category": "Reference", "popularity": 0.00019748470374263786, "cookies": 0.8764821078867723, "bad_qs": 0.006943208118212569, "tracked": 0.8767313512551184, "https": 0.9990030265266157, "requests": 13.346733131564893, "requests_tracking": 2.564714260281289, "content_length": 120191.38978102189, "requests_failed": 5.016022787965106, "has_blocking": 0.5079223784938579, "script": 0.9885348050560797, "iframe": 0.020473562399857575, "beacon": 0.0, "image": 0.9897810218978103, "stylesheet": 0.02186220402350009, "font": 0.007833363005162899, "xhr": 0.6774078689692007, "plugin": 0.0, "media": 3.5606195478013175e-05, "referer_leaked": 0.9734733843688802, "referer_leaked_header": 0.9690582161296065, "referer_leaked_url": 0.0, "hosts": 5.193234822859178, "trackers": 4.379704468577533, "companies": 2.929998219690226}