{"id": "computerbild.de", "month": "2019-04", "country": "global", "site": "computerbild.de", "category": "News and Portals", "popularity": 0.0011291259132234844, "cookies": 0.9222802767519632, "bad_qs": 0.10771779271003942, "tracked": 0.9240239884915025, "https": 0.9952982058451708, "requests": 107.40673944587331, "requests_tracking": 18.827521998791855, "content_length": 1304128.3906474775, "requests_failed": 38.66586123791078, "has_blocking": 0.4704347447019187, "script": 0.9874016826818287, "iframe": 0.44254158441121705, "beacon": 0.1007242631261015, "image": 0.9616445692720627, "stylesheet": 0.938123143414063, "font": 0.5533357828331579, "xhr": 0.6477826836969179, "plugin": 0.013196161343156243, "media": 0.005312093263667898, "referer_leaked": 0.9703942656793937, "referer_leaked_header": 0.9625973831868823, "referer_leaked_url": 0.0, "hosts": 17.35981491745393, "trackers": 14.74121449522659, "companies": 10.633023409330104}