{"id": "computerbase.de", "month": "2019-04", "country": "global", "site": "computerbase.de", "category": "Reference", "popularity": 0.0007804952701200489, "cookies": 0.30115228339504674, "bad_qs": 0.05292034919862699, "tracked": 0.30392713316576125, "https": 0.9976305665918899, "requests": 8.842437182986927, "requests_tracking": 2.2281413011162465, "content_length": 182688.15794120563, "requests_failed": 3.9052406821805996, "has_blocking": 0.296062055731236, "script": 0.9708550681549952, "iframe": 0.08933574781300395, "beacon": 0.10815607629035019, "image": 0.3154139301062191, "stylesheet": 0.09794859320522176, "font": 0.04764993648476986, "xhr": 0.0935700964890943, "plugin": 0.0021892483580637314, "media": 0.0013153508653387029, "referer_leaked": 0.3738209140787589, "referer_leaked_header": 0.3654152814940944, "referer_leaked_url": 0.0, "hosts": 3.0647945439966846, "trackers": 2.9551249132859447, "companies": 2.639125381767075}