{"id": "concursolutions.com", "month": "2019-04", "country": "global", "site": "concursolutions.com", "category": "Business", "popularity": 0.0018682889743850421, "cookies": 0.26492306997470794, "bad_qs": 0.09611360351680115, "tracked": 0.3226092978441527, "https": 0.9789082259424304, "requests": 20.91809059978321, "requests_tracking": 5.340283632422016, "content_length": 136502.1108371974, "requests_failed": 3.442934782608696, "has_blocking": 0.2933051306756594, "script": 0.995122244971697, "iframe": 0.009473232566542214, "beacon": 0.00013925689509815728, "image": 0.6971049620619053, "stylesheet": 0.062710767192581, "font": 0.01379019631458509, "xhr": 0.07555627484041913, "plugin": 8.280139708539082e-05, "media": 0.00010914729615801518, "referer_leaked": 0.9861872214862099, "referer_leaked_header": 0.9752762555702758, "referer_leaked_url": 0.0, "hosts": 3.3490154161146575, "trackers": 3.326007918824521, "companies": 2.418527188967843}