{"id": "confirmit.com", "month": "2019-04", "country": "global", "site": "confirmit.com", "category": "Business", "popularity": 0.00021315831615646515, "cookies": 0.18364452068351256, "bad_qs": 0.0025070924325394208, "tracked": 0.18380946097512701, "https": 0.9181236392425942, "requests": 6.1064524642079565, "requests_tracking": 0.7126080358910074, "content_length": 261786.82423962525, "requests_failed": 1.5843834531899452, "has_blocking": 0.07445404763475622, "script": 0.6814343207758792, "iframe": 0.034604473180708584, "beacon": 0.0009896417496866134, "image": 0.4435244441512173, "stylesheet": 0.5073563370060038, "font": 0.04931714719271624, "xhr": 0.04394009368608564, "plugin": 0.0035956983571946957, "media": 0.021310285676585078, "referer_leaked": 0.8966154252160717, "referer_leaked_header": 0.896549449099426, "referer_leaked_url": 0.0, "hosts": 1.9311539222801346, "trackers": 1.7566470937520617, "companies": 1.5594114930395198}