{"id": "congstar.de", "month": "2019-04", "country": "global", "site": "congstar.de", "category": "Business", "popularity": 0.0002400333931621394, "cookies": 0.9120576517459573, "bad_qs": 0.09391844387157253, "tracked": 0.9122041246777596, "https": 0.9951663932505272, "requests": 112.11430747597844, "requests_tracking": 34.09148699320366, "content_length": 956002.3102296696, "requests_failed": 31.722931802202954, "has_blocking": 0.32783571595969063, "script": 0.9968361846730724, "iframe": 0.7195629247715022, "beacon": 0.16240918678228264, "image": 0.9693871572533396, "stylesheet": 0.9740157018982892, "font": 0.4537731427232247, "xhr": 0.033307944691820954, "plugin": 0.0016697914225451136, "media": 0.0003515350363252871, "referer_leaked": 0.9636747129130536, "referer_leaked_header": 0.9248593859854699, "referer_leaked_url": 0.0, "hosts": 17.7048277478322, "trackers": 14.210686665104289, "companies": 11.083196625263652}