{"id": "consorsbank.de", "month": "2019-04", "country": "global", "site": "consorsbank.de", "category": "Banking", "popularity": 0.0013186859147721413, "cookies": 0.803124750046658, "bad_qs": 0.003162076412403018, "tracked": 0.8033487082411284, "https": 0.9996000746527315, "requests": 12.690863038899405, "requests_tracking": 2.797717759351588, "content_length": 63694.89842962647, "requests_failed": 2.8011784466899514, "has_blocking": 0.11654891086997093, "script": 0.6888794091769537, "iframe": 0.04757511931106193, "beacon": 0.0010664675927160264, "image": 0.9955261684485562, "stylesheet": 0.06511851121124057, "font": 0.021302690164502626, "xhr": 0.08724238142213453, "plugin": 0.0006452128935931959, "media": 0.0, "referer_leaked": 0.8830884901485057, "referer_leaked_header": 0.7881782067347428, "referer_leaked_url": 0.0, "hosts": 2.6695496840589756, "trackers": 2.2582771216039674, "companies": 2.1087317034153625}