{"id": "consolegameswiki.com", "month": "2019-04", "country": "global", "site": "consolegameswiki.com", "category": "Entertainment", "popularity": 0.00027029773942912586, "cookies": 0.23111342351716962, "bad_qs": 0.006971904266389178, "tracked": 0.23126951092611864, "https": 0.994588969823101, "requests": 20.89604578563996, "requests_tracking": 5.568626430801249, "content_length": 911634.655723205, "requests_failed": 13.522398543184183, "has_blocking": 0.49648803329864727, "script": 0.979474505723205, "iframe": 0.10718002081165452, "beacon": 0.00200312174817898, "image": 0.3174557752341311, "stylesheet": 0.08912591050988554, "font": 0.21123829344432882, "xhr": 0.11069198751300728, "plugin": 0.0, "media": 0.007492195629552549, "referer_leaked": 0.35122268470343393, "referer_leaked_header": 0.3447190426638918, "referer_leaked_url": 0.0, "hosts": 3.959755463059313, "trackers": 3.8224765868886577, "companies": 3.254812695109261}