{"id": "cont.ws", "month": "2019-04", "country": "global", "site": "cont.ws", "category": "Entertainment", "popularity": 0.00046750117601314855, "cookies": 0.9096939159208844, "bad_qs": 0.08412423855004889, "tracked": 0.9278784688275551, "https": 0.990644506279612, "requests": 62.85659923290968, "requests_tracking": 14.888305632849516, "content_length": 1470769.9986763932, "requests_failed": 29.060885914115968, "has_blocking": 0.5187335489208093, "script": 0.9959690155674212, "iframe": 0.8825599759344213, "beacon": 0.07503948259005791, "image": 0.9880123336090848, "stylesheet": 0.9978040159434459, "font": 0.6906069038128901, "xhr": 0.36178085282394523, "plugin": 0.004783033767015116, "media": 0.0020004512296006617, "referer_leaked": 0.9879371286756411, "referer_leaked_header": 0.9531322854779274, "referer_leaked_url": 0.0, "hosts": 17.88895239527713, "trackers": 17.414710084981575, "companies": 11.755929909002031}