{"id": "convert2mp3.net", "month": "2019-04", "country": "global", "site": "convert2mp3.net", "category": "Business", "popularity": 0.0021725356598590122, "cookies": 0.8209629600859647, "bad_qs": 0.006091324555611657, "tracked": 0.821147447599073, "https": 0.010428399425175748, "requests": 11.62636423661009, "requests_tracking": 4.278702373092011, "content_length": 141946.90373959424, "requests_failed": 5.722802656620189, "has_blocking": 0.4714594580598387, "script": 0.9938439429836485, "iframe": 0.3899418702502557, "beacon": 6.149583770277444e-05, "image": 0.29050310068486945, "stylesheet": 0.2553663209953263, "font": 0.00686487746145182, "xhr": 0.20514687795341852, "plugin": 0.002453360262037001, "media": 3.236623036988128e-06, "referer_leaked": 0.880866379254541, "referer_leaked_header": 0.8796655921078184, "referer_leaked_url": 0.0, "hosts": 4.5961665436749914, "trackers": 3.2408791962817673, "companies": 3.0642372574151033}