{"id": "coolmathgames.com", "month": "2019-04", "country": "global", "site": "coolmathgames.com", "category": "Entertainment", "popularity": 0.00027974128427962834, "cookies": 0.7001231681874167, "bad_qs": 0.011487318703969032, "tracked": 0.7002237136465325, "https": 0.9668702712213759, "requests": 49.681296030968, "requests_tracking": 20.52346479652113, "content_length": 1314328.362039062, "requests_failed": 9.977704044441094, "has_blocking": 0.507930523087751, "script": 0.9963300907422769, "iframe": 0.9374858607948119, "beacon": 0.0008295000377045472, "image": 0.536711660759621, "stylesheet": 0.411230927783224, "font": 0.17288791694945077, "xhr": 0.7047985320362969, "plugin": 0.1431515974159817, "media": 0.5701430259155921, "referer_leaked": 0.9971847271447604, "referer_leaked_header": 0.9963803634718347, "referer_leaked_url": 0.0, "hosts": 8.028253274011513, "trackers": 5.765427443883065, "companies": 4.305783877535631}