{"id": "costco.ca", "month": "2019-04", "country": "global", "site": "costco.ca", "category": "Business", "popularity": 0.0003903003726522648, "cookies": 0.6951140417252188, "bad_qs": 0.25865672179584187, "tracked": 0.7204446366158613, "https": 0.9934061182574857, "requests": 56.34567434151263, "requests_tracking": 7.013962454509422, "content_length": 1130021.3393687168, "requests_failed": 15.438799409072892, "has_blocking": 0.46167981839801103, "script": 0.996901235902425, "iframe": 0.12114005693078225, "beacon": 0.0879184232335243, "image": 0.9086765394732101, "stylesheet": 0.31652433971102223, "font": 0.050426980866933306, "xhr": 0.6608114438078766, "plugin": 0.002828523042553958, "media": 0.005080531834396281, "referer_leaked": 0.9404929196843584, "referer_leaked_header": 0.9388894894245667, "referer_leaked_url": 0.0, "hosts": 7.306579468886246, "trackers": 6.223002918603394, "companies": 5.104240982956798}