{"id": "coub.com", "month": "2019-04", "country": "global", "site": "coub.com", "category": "Entertainment", "popularity": 0.0007939468719808168, "cookies": 0.3797892126472412, "bad_qs": 0.025179346382074218, "tracked": 0.3893809228589142, "https": 0.9920644761314321, "requests": 529.7516340448144, "requests_tracking": 9.606669028429723, "content_length": 52452281.25877247, "requests_failed": 114.7350278983261, "has_blocking": 0.5229031972367372, "script": 0.9985386591090248, "iframe": 0.08480205473385882, "beacon": 0.029067398813214063, "image": 0.9931095562837658, "stylesheet": 0.9868656452041449, "font": 0.7686387388185281, "xhr": 0.9330794438048002, "plugin": 0.001381631387831016, "media": 0.4940837835444159, "referer_leaked": 0.9889203790629705, "referer_leaked_header": 0.9768222478079887, "referer_leaked_url": 0.0, "hosts": 10.7789921176158, "trackers": 10.210406518466035, "companies": 7.476963953591356}