{"id": "couchsurfing.com", "month": "2019-04", "country": "global", "site": "couchsurfing.com", "category": "Recreation", "popularity": 0.0004776338254022581, "cookies": 0.6760150752289256, "bad_qs": 0.09636957865912905, "tracked": 0.677266437004976, "https": 0.9897977210493772, "requests": 41.037010864764596, "requests_tracking": 9.396563907781998, "content_length": 253556.81390042105, "requests_failed": 18.53191708624091, "has_blocking": 0.4961428613491152, "script": 0.9981450401907959, "iframe": 0.967567647145423, "beacon": 0.2527014692459441, "image": 0.49352236257103316, "stylesheet": 0.9796984954214881, "font": 0.4008038159173218, "xhr": 0.980419868680623, "plugin": 0.0002355504519624297, "media": 0.001943291228690045, "referer_leaked": 0.9815828990371875, "referer_leaked_header": 0.9753113682536878, "referer_leaked_url": 0.0, "hosts": 15.929349586314519, "trackers": 14.704148632335189, "companies": 10.45811618526043}