{"id": "coursera.org", "month": "2019-04", "country": "global", "site": "coursera.org", "category": "Business", "popularity": 0.0010548221615963363, "cookies": 0.5549896673555096, "bad_qs": 0.03717085527631491, "tracked": 0.5554563029131391, "https": 0.9478034797680155, "requests": 86.75672955136324, "requests_tracking": 8.972868475434971, "content_length": 15431274.247936804, "requests_failed": 30.04972335177655, "has_blocking": 0.331571228584761, "script": 0.9902606492900473, "iframe": 0.33327111525898273, "beacon": 0.031071261915872277, "image": 0.9817278848076795, "stylesheet": 0.9750416638890741, "font": 0.707726151589894, "xhr": 0.913185787614159, "plugin": 0.00217318845410306, "media": 0.13075794947003533, "referer_leaked": 0.9914205719618692, "referer_leaked_header": 0.9880874608359442, "referer_leaked_url": 0.0, "hosts": 11.158749416705552, "trackers": 10.296526898206785, "companies": 7.343290447303513}