{"id": "coursehero.com", "month": "2019-04", "country": "global", "site": "coursehero.com", "category": "Business", "popularity": 0.00045535746643994096, "cookies": 0.8501806726582044, "bad_qs": 0.02506254053553229, "tracked": 0.8504740727014423, "https": 0.9859013558170419, "requests": 37.34076098705951, "requests_tracking": 9.307158961055006, "content_length": 296681.7717656506, "requests_failed": 14.8823465826616, "has_blocking": 0.4390345594366719, "script": 0.9734550171407393, "iframe": 0.7549800796812749, "beacon": 0.032629173229562373, "image": 0.9141418820840669, "stylesheet": 0.9530868772970135, "font": 0.6165724698106798, "xhr": 0.7311065814262331, "plugin": 0.0006948948392476606, "media": 0.001080947527718583, "referer_leaked": 0.971215911547608, "referer_leaked_header": 0.9517434139411347, "referer_leaked_url": 0.0, "hosts": 15.316022730782297, "trackers": 14.213950399950585, "companies": 10.267858797368666}