{"id": "cowcotland.com", "month": "2019-04", "country": "global", "site": "cowcotland.com", "category": "Entertainment", "popularity": 0.00040787957006570947, "cookies": 0.8291556045926284, "bad_qs": 0.048512222873495846, "tracked": 0.8299313864083026, "https": 0.9604696065924214, "requests": 34.39799331103679, "requests_tracking": 8.4154053028997, "content_length": 1067714.0108437059, "requests_failed": 13.901751542943833, "has_blocking": 0.5058269834155087, "script": 0.996758955970072, "iframe": 0.4828810812674551, "beacon": 0.011274695721132297, "image": 0.9288349481088163, "stylesheet": 0.9886046271075406, "font": 0.4302141157811261, "xhr": 0.523842361135055, "plugin": 0.0033444816053511705, "media": 0.009998965624245768, "referer_leaked": 0.9737785746302107, "referer_leaked_header": 0.9527979864151984, "referer_leaked_url": 0.0, "hosts": 10.129659000793021, "trackers": 9.441126779988277, "companies": 5.51375719753129}