{"id": "cppreference.com", "month": "2019-04", "country": "global", "site": "cppreference.com", "category": "Reference", "popularity": 0.0002558687341921704, "cookies": 0.08854567439815324, "bad_qs": 0.00217104539958228, "tracked": 0.08969990106628559, "https": 0.9907661866549412, "requests": 5.6813235132461255, "requests_tracking": 0.17961965483126305, "content_length": 39606.88048257667, "requests_failed": 3.1897328789710895, "has_blocking": 0.5114873035066505, "script": 0.9712267780587007, "iframe": 0.0014290425414971969, "beacon": 0.00016488952401890733, "image": 0.24862592063317576, "stylesheet": 0.03927118830383643, "font": 0.022067714631197097, "xhr": 0.006485654611410355, "plugin": 0.0006870396834121139, "media": 0.0004397053973837529, "referer_leaked": 0.8868033417610202, "referer_leaked_header": 0.885044520171485, "referer_leaked_url": 0.0, "hosts": 3.0239089809827417, "trackers": 2.975431460921183, "companies": 2.8191711553259315}