{"id": "cpubenchmark.net", "month": "2019-04", "country": "global", "site": "cpubenchmark.net", "category": "Business", "popularity": 0.0002129825241823307, "cookies": 0.3139753705965862, "bad_qs": 0.008583974380138004, "tracked": 0.3142064775991284, "https": 0.9892040014526726, "requests": 12.908250519990755, "requests_tracking": 0.8796922975337581, "content_length": 87021.5347155733, "requests_failed": 10.77153422034402, "has_blocking": 0.5163260589653009, "script": 0.9850770906929909, "iframe": 0.03252005678629205, "beacon": 0.001419657301330516, "image": 0.051668922711215294, "stylesheet": 0.0734920268084123, "font": 0.030043910330483013, "xhr": 0.009211264815609627, "plugin": 0.002410115883654132, "media": 9.904585823236159e-05, "referer_leaked": 0.8209581036019677, "referer_leaked_header": 0.8200997061639539, "referer_leaked_url": 0.0, "hosts": 2.2077982105714944, "trackers": 2.174023572914259, "companies": 1.8876489814784245}