{"id": "cra-arc.gc.ca", "month": "2019-04", "country": "global", "site": "cra-arc.gc.ca", "category": "Government", "popularity": 0.0005409119044116937, "cookies": 0.18498537536561585, "bad_qs": 0.031095222619434513, "tracked": 0.19933701657458563, "https": 0.9992850178745531, "requests": 3.284146896327592, "requests_tracking": 0.45773155671108223, "content_length": 11388.610503737407, "requests_failed": 1.939486512837179, "has_blocking": 0.3328956776080598, "script": 0.9702307442313942, "iframe": 0.014728631784205394, "beacon": 0.0, "image": 0.5437764055898603, "stylesheet": 0.056249593760155994, "font": 0.005940851478713032, "xhr": 0.39699707507312315, "plugin": 0.0009359766005849854, "media": 0.00010399740006499837, "referer_leaked": 0.7007604809879753, "referer_leaked_header": 0.7005914852128696, "referer_leaked_url": 0.0, "hosts": 2.0686902827429314, "trackers": 2.057289567760806, "companies": 1.0729411764705883}