{"id": "crazygames.com", "month": "2019-04", "country": "global", "site": "crazygames.com", "category": "Entertainment", "popularity": 0.00031614428628338965, "cookies": 0.5112766903914591, "bad_qs": 0.015680604982206407, "tracked": 0.5120551601423488, "https": 0.8411254448398576, "requests": 77.92026245551601, "requests_tracking": 27.320284697508896, "content_length": 3345740.7673042705, "requests_failed": 23.41303380782918, "has_blocking": 0.5168816725978648, "script": 0.9965080071174377, "iframe": 0.36183274021352313, "beacon": 0.10889679715302492, "image": 0.32615658362989325, "stylesheet": 0.6251779359430605, "font": 0.4550044483985765, "xhr": 0.5818282918149467, "plugin": 0.06654804270462633, "media": 0.01794928825622776, "referer_leaked": 0.945017793594306, "referer_leaked_header": 0.9445951957295373, "referer_leaked_url": 0.0, "hosts": 10.499621886120996, "trackers": 9.202535587188612, "companies": 5.804248220640569}