{"id": "crazyshit.com", "month": "2019-04", "country": "global", "site": "crazyshit.com", "category": "Adult", "popularity": 0.00040868821314672796, "cookies": 0.15151150186679513, "bad_qs": 0.005196056502813097, "tracked": 0.15539994150135064, "https": 0.99667934137403, "requests": 13.854097486278626, "requests_tracking": 0.9047848454087163, "content_length": 210139.89484007502, "requests_failed": 6.297448426558387, "has_blocking": 0.5113298119440478, "script": 0.9947695325269696, "iframe": 0.9724024018857211, "beacon": 0.004266960306945854, "image": 0.27638891278539596, "stylesheet": 0.9886959962836153, "font": 0.5031744120025464, "xhr": 0.22757695153214844, "plugin": 0.00619397463911495, "media": 0.0030625763493401697, "referer_leaked": 0.9914660793861083, "referer_leaked_header": 0.9887992291942671, "referer_leaked_url": 0.0, "hosts": 8.574164243560848, "trackers": 8.305896319746735, "companies": 5.925603482390186}