{"id": "creativemarket.com", "month": "2019-04", "country": "global", "site": "creativemarket.com", "category": "Entertainment", "popularity": 0.00035771557232670365, "cookies": 0.923101116527756, "bad_qs": 0.11648844157886461, "tracked": 0.9240446611102374, "https": 0.9878911778581538, "requests": 105.98912958012266, "requests_tracking": 24.222145777637994, "content_length": 12572160.924044661, "requests_failed": 29.489758609844316, "has_blocking": 0.5217211825758767, "script": 0.9964420506368926, "iframe": 0.9763917282591602, "beacon": 0.13319704356030823, "image": 0.9843725428526497, "stylesheet": 0.9943583896839125, "font": 0.6958641295801227, "xhr": 0.9488913351155842, "plugin": 0.0012187450857052997, "media": 0.00013760025161188867, "referer_leaked": 0.9989778267023117, "referer_leaked_header": 0.9953215914451958, "referer_leaked_url": 0.0, "hosts": 15.82790139959113, "trackers": 12.542675735178488, "companies": 10.698124705142318}