{"id": "creditkarma.com", "month": "2019-04", "country": "global", "site": "creditkarma.com", "category": "Business", "popularity": 0.0011592988476639208, "cookies": 0.8368452337627678, "bad_qs": 0.024559041172331805, "tracked": 0.8375791542324769, "https": 0.9963122012761725, "requests": 47.693154523618894, "requests_tracking": 8.390118155130164, "content_length": 540681.6079348327, "requests_failed": 15.03730256932819, "has_blocking": 0.4965730159885484, "script": 0.997907416842565, "iframe": 0.15997040056287454, "beacon": 0.02804667976805687, "image": 0.9175764854307689, "stylesheet": 0.9907319795230124, "font": 0.5640694373680762, "xhr": 0.711629909988597, "plugin": 0.0013162044787345028, "media": 0.00010311279326491496, "referer_leaked": 0.9890882402892011, "referer_leaked_header": 0.9852306087294078, "referer_leaked_url": 0.0, "hosts": 9.780879248853628, "trackers": 9.058713637576728, "companies": 6.827910813499284}