{"id": "creditmutuel.fr", "month": "2019-04", "country": "global", "site": "creditmutuel.fr", "category": "Banking", "popularity": 0.001604460379604064, "cookies": 0.15619521772666714, "bad_qs": 0.004040740481032186, "tracked": 0.1579876937101185, "https": 0.9779512306289881, "requests": 61.004102096627165, "requests_tracking": 0.5829578921534254, "content_length": 465293.16577992425, "requests_failed": 17.055439660612862, "has_blocking": 0.2892635509431316, "script": 0.9911559497931421, "iframe": 0.11214588738517635, "beacon": 0.004904109108758152, "image": 0.9636508659981768, "stylesheet": 0.9917782764182035, "font": 0.3033666993899446, "xhr": 0.8419158894888157, "plugin": 0.0010474370661243953, "media": 0.00015777294719865367, "referer_leaked": 0.9864227613771825, "referer_leaked_header": 0.9840342542598696, "referer_leaked_url": 0.0, "hosts": 3.6675943131617696, "trackers": 3.2188135474370663, "companies": 2.1390067316457473}