{"id": "crooksandliars.com", "month": "2019-04", "country": "global", "site": "crooksandliars.com", "category": "News and Portals", "popularity": 0.0004175973503958617, "cookies": 0.9317202128376103, "bad_qs": 0.05347881726948205, "tracked": 0.9324442648346467, "https": 0.7736243012056307, "requests": 68.75171751869064, "requests_tracking": 10.56267259378999, "content_length": 3087279.340893783, "requests_failed": 36.53268337037785, "has_blocking": 0.5263521250084192, "script": 0.9974237219640332, "iframe": 0.8028894726207315, "beacon": 0.029635616622886777, "image": 0.5504815787701219, "stylesheet": 0.8351182056981208, "font": 0.33912574930962486, "xhr": 0.9334714083653264, "plugin": 0.006937428436721223, "media": 0.1686872768909544, "referer_leaked": 0.9942075840237085, "referer_leaked_header": 0.9936519162120294, "referer_leaked_url": 0.0, "hosts": 20.1273321209672, "trackers": 17.094177274870344, "companies": 13.291978177409577}