{"id": "csdn.net", "month": "2019-04", "country": "global", "site": "csdn.net", "category": "News and Portals", "popularity": 0.0027349645019047624, "cookies": 0.9703457265605516, "bad_qs": 0.13482230318113686, "tracked": 0.9722174372475568, "https": 0.2631501816433517, "requests": 120.72330048412516, "requests_tracking": 18.31981313745504, "content_length": 853830.4442227645, "requests_failed": 38.03860917498181, "has_blocking": 0.49332431758405343, "script": 0.996747645578212, "iframe": 0.5081385991479602, "beacon": 0.040388328546930315, "image": 0.9974675343039833, "stylesheet": 0.9980100218794752, "font": 0.08907594568953771, "xhr": 0.8170762747815267, "plugin": 0.005543143188438587, "media": 0.0007430280062424636, "referer_leaked": 0.993423302283847, "referer_leaked_header": 0.9873299584264261, "referer_leaked_url": 0.0, "hosts": 8.891049983416849, "trackers": 4.69833834255905, "companies": 3.7689697106818634}