{"id": "csfd.cz", "month": "2019-04", "country": "global", "site": "csfd.cz", "category": "Entertainment", "popularity": 0.0007862823419085549, "cookies": 0.7956000715435522, "bad_qs": 0.020398855303165802, "tracked": 0.7956626721516723, "https": 0.993122876050796, "requests": 40.49872115900555, "requests_tracking": 11.79930245036666, "content_length": 216771.86583795387, "requests_failed": 18.92228581649079, "has_blocking": 0.44470577714183507, "script": 0.9890180647469147, "iframe": 0.8386424610981935, "beacon": 0.002307279556429977, "image": 0.25076909318547663, "stylesheet": 0.9592291182257199, "font": 0.006939724557324271, "xhr": 0.5683419781792166, "plugin": 0.001108925058129136, "media": 0.017876945090323733, "referer_leaked": 0.9859506349490252, "referer_leaked_header": 0.9579681631192989, "referer_leaked_url": 0.0, "hosts": 8.803228402790198, "trackers": 7.8008853514576995, "companies": 5.541137542478984}