{"id": "ctvnews.ca", "month": "2019-04", "country": "global", "site": "ctvnews.ca", "category": "News and Portals", "popularity": 0.0003271910539379983, "cookies": 0.8637037673808858, "bad_qs": 0.11151705314736413, "tracked": 0.8653370871032215, "https": 0.9798413960585416, "requests": 182.44862564741786, "requests_tracking": 23.119726633857, "content_length": 17078208.565794848, "requests_failed": 46.09653779200963, "has_blocking": 0.5046098300058026, "script": 0.9963035395757667, "iframe": 0.9081257656186198, "beacon": 0.014979261137736132, "image": 0.9751133652833595, "stylesheet": 0.49253186048011005, "font": 0.07380026219079754, "xhr": 0.8295329995057059, "plugin": 0.0007092046162773205, "media": 0.010294212460510198, "referer_leaked": 0.9886312350905848, "referer_leaked_header": 0.967118695063506, "referer_leaked_url": 0.0, "hosts": 21.451849304764565, "trackers": 16.586211342975652, "companies": 13.130063828415466}