{"id": "cuisineactuelle.fr", "month": "2019-04", "country": "global", "site": "cuisineactuelle.fr", "category": "Reference", "popularity": 0.00016693909031703633, "cookies": 0.9869845415104671, "bad_qs": 0.09119245187650057, "tracked": 0.9870687839602376, "https": 0.831641464133777, "requests": 123.64310686154754, "requests_tracking": 19.877132387009816, "content_length": 1453256.1022282129, "requests_failed": 57.66185080662146, "has_blocking": 0.5310644033528495, "script": 0.9968409081336085, "iframe": 0.8591045027589402, "beacon": 0.07320668885051178, "image": 0.9906912093003665, "stylesheet": 0.995577271387052, "font": 0.6667789899330272, "xhr": 0.99330272524325, "plugin": 0.0010951518470157112, "media": 0.1066930626342614, "referer_leaked": 0.9927551493197422, "referer_leaked_header": 0.9154205804304789, "referer_leaked_url": 0.0, "hosts": 28.352049197590667, "trackers": 22.566025020007583, "companies": 18.923802704182638}