{"id": "cultura.com", "month": "2019-04", "country": "global", "site": "cultura.com", "category": "Business", "popularity": 0.0001686970100583808, "cookies": 0.841982410070443, "bad_qs": 0.0170897419865783, "tracked": 0.8421074569630278, "https": 0.9759493143262057, "requests": 48.38114292859822, "requests_tracking": 5.75515818431912, "content_length": 642277.4170313868, "requests_failed": 19.156683756408654, "has_blocking": 0.5077320661914885, "script": 0.9957900879496477, "iframe": 0.9580259263890626, "beacon": 0.02371722729356842, "image": 0.8955441623942312, "stylesheet": 0.9372264599224709, "font": 0.319536492851486, "xhr": 0.8328956692092868, "plugin": 0.003793089075069818, "media": 0.011712725605435372, "referer_leaked": 0.9814513775999333, "referer_leaked_header": 0.9636113542578467, "referer_leaked_url": 0.0, "hosts": 15.388729106748364, "trackers": 12.021716477012212, "companies": 9.990079613188279}