{"id": "cuny.edu", "month": "2019-04", "country": "global", "site": "cuny.edu", "category": "Reference", "popularity": 0.000298994021286833, "cookies": 0.47832835540086077, "bad_qs": 0.00867806495613932, "tracked": 0.47856353331295126, "https": 0.8922649984713436, "requests": 18.58594576797347, "requests_tracking": 3.243526727969709, "content_length": 313906.26525716705, "requests_failed": 5.3073069777286515, "has_blocking": 0.33265915665200724, "script": 0.9503774605489053, "iframe": 0.18042849415582887, "beacon": 0.004680040450600879, "image": 0.36953505326779706, "stylesheet": 0.6586157428094354, "font": 0.27264175348651254, "xhr": 0.5848639495778557, "plugin": 0.0030102772747583545, "media": 0.0012934785164977305, "referer_leaked": 0.8655958232402813, "referer_leaked_header": 0.8556713153500624, "referer_leaked_url": 0.0, "hosts": 5.034030243879495, "trackers": 4.3367277345311726, "companies": 2.9520707415159566}