{"id": "currys.co.uk", "month": "2019-04", "country": "global", "site": "currys.co.uk", "category": "Business", "popularity": 0.00024949100137057267, "cookies": 0.8070234773540769, "bad_qs": 0.09971534060483075, "tracked": 0.8087145232659734, "https": 0.9839632479355148, "requests": 127.78019221555199, "requests_tracking": 11.579605986302528, "content_length": 1382911.1594092613, "requests_failed": 41.35283672951721, "has_blocking": 0.47388743271046474, "script": 0.9952087032496265, "iframe": 0.7990473774696316, "beacon": 0.20788591076914406, "image": 0.9908965361742904, "stylesheet": 0.9956596488261323, "font": 0.5129787773738057, "xhr": 0.7086327893802317, "plugin": 0.0009018911530114709, "media": 0.009103463825709535, "referer_leaked": 0.9943068120966151, "referer_leaked_header": 0.9715340604830754, "referer_leaked_url": 0.0, "hosts": 22.252106761365237, "trackers": 18.010230827766975, "companies": 13.61207406781094}