{"id": "curseforge.com", "month": "2019-04", "country": "global", "site": "curseforge.com", "category": "Entertainment", "popularity": 0.0011345403060268253, "cookies": 0.9400484669687071, "bad_qs": 0.005323929171289209, "tracked": 0.9408479860177134, "https": 0.8567683316082728, "requests": 49.847787687406644, "requests_tracking": 4.683359467483126, "content_length": 1215356.8270621703, "requests_failed": 17.884323848599603, "has_blocking": 0.383341493799079, "script": 0.9958040744482389, "iframe": 0.2895684456481992, "beacon": 0.004065771287969407, "image": 0.9726180220270597, "stylesheet": 0.797145283147502, "font": 0.5001208575306637, "xhr": 0.28682281046440283, "plugin": 0.0010226406440776712, "media": 0.00029129763801000327, "referer_leaked": 0.9909077950008367, "referer_leaked_header": 0.9889802723323025, "referer_leaked_url": 0.0, "hosts": 8.522525984369093, "trackers": 8.238281467892183, "companies": 4.466305540233162}