{"id": "cyberport.de", "month": "2019-04", "country": "global", "site": "cyberport.de", "category": "Business", "popularity": 0.00017917421171679385, "cookies": 0.772300930104784, "bad_qs": 0.10662846827047603, "tracked": 0.7732820532946116, "https": 0.998194733330717, "requests": 84.3194537106079, "requests_tracking": 14.360072210666772, "content_length": 707175.9463914289, "requests_failed": 22.043561869628352, "has_blocking": 0.345512342529728, "script": 0.9846159883835014, "iframe": 0.4184294179977238, "beacon": 0.13280483497507947, "image": 0.9529845767434559, "stylesheet": 0.17448294807896078, "font": 0.10227228130764099, "xhr": 0.7744986460499981, "plugin": 0.0009811231898277147, "media": 0.0024331855107727327, "referer_leaked": 0.9862250304148189, "referer_leaked_header": 0.9806130057690043, "referer_leaked_url": 0.0, "hosts": 18.515796083356225, "trackers": 15.624779247282289, "companies": 12.061967740669518}