{"id": "czc.cz", "month": "2019-04", "country": "global", "site": "czc.cz", "category": "E-Commerce", "popularity": 0.00020653447457107918, "cookies": 0.9467179626855509, "bad_qs": 0.04167234100503881, "tracked": 0.9497140133460439, "https": 0.9987062508511507, "requests": 81.95053111807164, "requests_tracking": 38.56465341141223, "content_length": 502562.4503608879, "requests_failed": 23.850606019338144, "has_blocking": 0.4504630260111671, "script": 0.9853602069998638, "iframe": 0.6827250442598393, "beacon": 0.07609287757047528, "image": 0.9852580689091652, "stylesheet": 0.14762358708974532, "font": 0.06584502247037996, "xhr": 0.6391120795315266, "plugin": 0.0017023015116437424, "media": 3.4046030232874844e-05, "referer_leaked": 0.9853942530300966, "referer_leaked_header": 0.9791638294974806, "referer_leaked_url": 0.0, "hosts": 8.545655726542286, "trackers": 6.194539016750647, "companies": 3.9977189159743975}