{"id": "cztorrent.net", "month": "2019-04", "country": "global", "site": "cztorrent.net", "category": "Entertainment", "popularity": 0.0002958578924682744, "cookies": 0.9024123588829471, "bad_qs": 0.0033986928104575162, "tracked": 0.9038383838383839, "https": 0.9993345216874628, "requests": 8.94053475935829, "requests_tracking": 2.544313725490196, "content_length": 258176.629637552, "requests_failed": 3.907023172905526, "has_blocking": 0.44240047534165183, "script": 0.9870469399881164, "iframe": 0.21219251336898395, "beacon": 0.0012596553773024362, "image": 0.9878550207961972, "stylesheet": 0.12943553178847297, "font": 0.11548425430778372, "xhr": 0.11755199049316696, "plugin": 0.005014854426619132, "media": 7.130124777183601e-05, "referer_leaked": 0.9561259655377302, "referer_leaked_header": 0.9317884729649436, "referer_leaked_url": 0.0, "hosts": 5.092263814616755, "trackers": 4.942840166369578, "companies": 2.933832442067736}