{"id": "daenischesbettenlager.de", "month": "2019-04", "country": "global", "site": "daenischesbettenlager.de", "category": "Business", "popularity": 0.00013290576412460737, "cookies": 0.48896883762763876, "bad_qs": 0.037458335537802236, "tracked": 0.48933918840273, "https": 0.998518596899635, "requests": 18.289455584360617, "requests_tracking": 3.7445108724406118, "content_length": 214122.89815353684, "requests_failed": 6.102798793714618, "has_blocking": 0.3107772075551558, "script": 0.9883604042114174, "iframe": 0.226972117877361, "beacon": 0.03729961377704883, "image": 0.541294111422676, "stylesheet": 0.9950796254166446, "font": 0.371144383895032, "xhr": 0.017565208190042855, "plugin": 0.003227342468652452, "media": 0.0, "referer_leaked": 0.9931749642876039, "referer_leaked_header": 0.9923813554838369, "referer_leaked_url": 0.0, "hosts": 7.83440029628062, "trackers": 7.504735199195809, "companies": 5.0089413258557745}