{"id": "daftsex.com", "month": "2019-04", "country": "global", "site": "daftsex.com", "category": "Adult", "popularity": 0.00011463043049359026, "cookies": 0.9504968715495031, "bad_qs": 0.006870322659796344, "tracked": 0.9506808980493191, "https": 0.9892037786774629, "requests": 106.93424119739909, "requests_tracking": 13.302110170531224, "content_length": 1156309562.2840142, "requests_failed": 36.66304747883695, "has_blocking": 0.41123788492209545, "script": 0.9827015090172985, "iframe": 0.8171390013495277, "beacon": 0.0011655011655011655, "image": 0.9871181450128819, "stylesheet": 0.9877315666789351, "font": 0.7275794381057539, "xhr": 0.4516623727150043, "plugin": 0.0037418721629247946, "media": 0.7464728254201939, "referer_leaked": 0.9826401668506932, "referer_leaked_header": 0.9801864801864801, "referer_leaked_url": 0.0, "hosts": 11.781131149552202, "trackers": 8.870077291129922, "companies": 6.093485461906514}