{"id": "daft.ie", "month": "2019-04", "country": "global", "site": "daft.ie", "category": "Business", "popularity": 0.00024289528650104823, "cookies": 0.9972498045913789, "bad_qs": 0.013085140259965839, "tracked": 0.9974813999942101, "https": 0.8933792664215615, "requests": 135.50554381495527, "requests_tracking": 45.142691717569406, "content_length": 1238659.4697912748, "requests_failed": 42.053816981732915, "has_blocking": 0.5331615667429002, "script": 0.9988130735604899, "iframe": 0.07138928292273398, "beacon": 0.11217902324638857, "image": 0.9884781287091451, "stylesheet": 0.9951364965405437, "font": 0.5495758909185653, "xhr": 0.899748139999421, "plugin": 0.0005789885070781345, "media": 0.00031844367889297397, "referer_leaked": 0.9968155632110702, "referer_leaked_header": 0.995049648264482, "referer_leaked_url": 0.0, "hosts": 22.005529340242596, "trackers": 16.72263555568422, "companies": 11.304924297252699}