{"id": "dagbladet.no", "month": "2019-04", "country": "global", "site": "dagbladet.no", "category": "News and Portals", "popularity": 0.0013250777109516697, "cookies": 0.8679024007132092, "bad_qs": 0.06949014030693469, "tracked": 0.868427755725839, "https": 0.9974315977160324, "requests": 94.75763622084014, "requests_tracking": 19.170602407081148, "content_length": 2817919.6661023963, "requests_failed": 27.161459107214874, "has_blocking": 0.44993207531149837, "script": 0.9959988113179512, "iframe": 0.958358981978731, "beacon": 0.07658508628558086, "image": 0.9954893761541891, "stylesheet": 0.9670246863789773, "font": 0.18790728280019528, "xhr": 0.976544756001783, "plugin": 0.0007959924433784042, "media": 0.004871473753475833, "referer_leaked": 0.9814003099063913, "referer_leaked_header": 0.9736791832056207, "referer_leaked_url": 0.0, "hosts": 13.73966271146866, "trackers": 8.869696037018954, "companies": 6.163056398717922}