{"id": "dagospia.com", "month": "2019-04", "country": "global", "site": "dagospia.com", "category": "News and Portals", "popularity": 0.000711162915521423, "cookies": 0.7910161464152585, "bad_qs": 0.20756004231883485, "tracked": 0.791154572510555, "https": 0.9747570127648635, "requests": 44.6382926129903, "requests_tracking": 9.531704519612012, "content_length": 576359.0004251659, "requests_failed": 20.851122734508635, "has_blocking": 0.5569178441124415, "script": 0.9920899374116298, "iframe": 0.9121192046432067, "beacon": 0.036445613375915835, "image": 0.7697183028960717, "stylesheet": 0.9954813767463935, "font": 0.27530972838822587, "xhr": 0.643285839999209, "plugin": 0.0008206689935434114, "media": 0.011281726766663041, "referer_leaked": 0.9864836805521223, "referer_leaked_header": 0.9861573904703521, "referer_leaked_url": 0.0, "hosts": 16.33486261210042, "trackers": 14.045117019488417, "companies": 10.15810237598505}