{"id": "dailymail.co.uk", "month": "2019-04", "country": "global", "site": "dailymail.co.uk", "category": "News and Portals", "popularity": 0.010499267067006402, "cookies": 0.7875400666247862, "bad_qs": 0.07982383409972822, "tracked": 0.7892097046622616, "https": 0.9935813032686864, "requests": 141.41499312186818, "requests_tracking": 28.050353014925612, "content_length": 6020001.945356692, "requests_failed": 91.39607457582622, "has_blocking": 0.5049593540583657, "script": 0.9922184017820188, "iframe": 0.8169023894643361, "beacon": 0.1353444892568537, "image": 0.9925037069580976, "stylesheet": 0.4480315952041941, "font": 0.05097720371459302, "xhr": 0.9353817262704452, "plugin": 0.0031216136753602144, "media": 0.021722037748687664, "referer_leaked": 0.9682226291206841, "referer_leaked_header": 0.9440259373212657, "referer_leaked_url": 0.0, "hosts": 26.335964927555256, "trackers": 22.658939763102943, "companies": 18.598161723832625}