{"id": "dailycaller.com", "month": "2019-04", "country": "global", "site": "dailycaller.com", "category": "News and Portals", "popularity": 0.0007061001066663509, "cookies": 0.9810191501439, "bad_qs": 0.19334375653524802, "tracked": 0.9811187348755689, "https": 0.9320832130017825, "requests": 174.77094515868828, "requests_tracking": 74.21425655018572, "content_length": 2146590.9225629126, "requests_failed": 54.40033062130914, "has_blocking": 0.46630550603981397, "script": 0.9847934114741528, "iframe": 0.9639104932431759, "beacon": 0.5190455799316849, "image": 0.9903601979744465, "stylesheet": 0.9990240696296444, "font": 0.7934313910991166, "xhr": 0.9771751795014788, "plugin": 0.0027286216477289704, "media": 0.04719320433791091, "referer_leaked": 0.9970522919425994, "referer_leaked_header": 0.993795871217025, "referer_leaked_url": 0.0, "hosts": 34.369220351135766, "trackers": 28.76440244181762, "companies": 23.059501877172192}