{"id": "danawa.com", "month": "2019-04", "country": "global", "site": "danawa.com", "category": "E-Commerce", "popularity": 0.0005659798399232658, "cookies": 0.9708286743694869, "bad_qs": 0.01094545906323767, "tracked": 0.9710771524412971, "https": 0.008820971549260778, "requests": 19.051422536961113, "requests_tracking": 6.0549260777736365, "content_length": 441196.9163374332, "requests_failed": 6.3698844576966085, "has_blocking": 0.2937010808796124, "script": 0.996061622561809, "iframe": 0.1484283761958007, "beacon": 0.0006211951795254069, "image": 0.9832153062492235, "stylesheet": 0.15544788172443783, "font": 0.038340166480308115, "xhr": 0.09745309976394584, "plugin": 0.03410361535594484, "media": 2.4847807181016276e-05, "referer_leaked": 0.9871039880730526, "referer_leaked_header": 0.9633619083115915, "referer_leaked_url": 0.0, "hosts": 6.159945334824202, "trackers": 4.327456826935023, "companies": 3.1982482295937382}