{"id": "danishbits.org", "month": "2019-04", "country": "global", "site": "danishbits.org", "category": "Entertainment", "popularity": 0.0003041974637212126, "cookies": 0.16698643119668985, "bad_qs": 0.0008090427868056679, "tracked": 0.1670095467048843, "https": 0.999329650262361, "requests": 5.2125470978479465, "requests_tracking": 0.9751970597073577, "content_length": 137485.16120755413, "requests_failed": 1.3721827974388017, "has_blocking": 0.054159635699590855, "script": 0.15078245995238204, "iframe": 0.08238367120501144, "beacon": 0.0011788909179168304, "image": 0.12847599454474007, "stylesheet": 0.9847206490834701, "font": 0.24987864358197914, "xhr": 0.10741776657959826, "plugin": 0.04884306881486789, "media": 2.3115508194447656e-05, "referer_leaked": 0.93597004230138, "referer_leaked_header": 0.9316705577772127, "referer_leaked_url": 0.0, "hosts": 1.8682416032916485, "trackers": 1.7501675874344098, "companies": 1.1142368414969603}