{"id": "darksky.net", "month": "2019-04", "country": "global", "site": "darksky.net", "category": "Reference", "popularity": 0.00025726100662731524, "cookies": 0.020335647515443065, "bad_qs": 0.0009293172251680971, "tracked": 0.020827638987590883, "https": 0.9860875744820423, "requests": 8.333952878150113, "requests_tracking": 0.07251407642267534, "content_length": 60988.62455584103, "requests_failed": 3.088093806374023, "has_blocking": 0.23107199475209098, "script": 0.9975127097796972, "iframe": 0.0054392390531897445, "beacon": 8.199857869130268e-05, "image": 0.2886623298529492, "stylesheet": 0.9825069698791887, "font": 0.6337943475646423, "xhr": 0.007434537801344777, "plugin": 0.0009566500847318646, "media": 0.0, "referer_leaked": 0.9644672825671021, "referer_leaked_header": 0.9617066637511617, "referer_leaked_url": 0.0, "hosts": 3.5193243317115837, "trackers": 3.5126551139780244, "companies": 1.0608702782485104}