{"id": "darty.com", "month": "2019-04", "country": "global", "site": "darty.com", "category": "Business", "popularity": 0.001164734335504158, "cookies": 0.7462946975688386, "bad_qs": 0.17882649827035577, "tracked": 0.7511183825260654, "https": 0.9860602145604047, "requests": 69.50526137852343, "requests_tracking": 12.121280359331324, "content_length": 415642.0269438122, "requests_failed": 32.20292077444594, "has_blocking": 0.5029853719791597, "script": 0.9972832813132014, "iframe": 0.7876371188292753, "beacon": 0.049649543289402985, "image": 0.9345331168007921, "stylesheet": 0.978604331053302, "font": 0.40026925700762495, "xhr": 0.9597925634353813, "plugin": 0.0022156350179001576, "media": 0.0008210527586768976, "referer_leaked": 0.9433111367354701, "referer_leaked_header": 0.8723987418573904, "referer_leaked_url": 0.0, "hosts": 23.276658556758292, "trackers": 17.318496024534987, "companies": 14.359548662468834}