{"id": "daserste.de", "month": "2019-04", "country": "global", "site": "daserste.de", "category": "News and Portals", "popularity": 0.0006714268976880726, "cookies": 0.63047986092202, "bad_qs": 0.13446997465597052, "tracked": 0.6389732526234212, "https": 0.8312946400519448, "requests": 129.25048698238484, "requests_tracking": 70.0051840060323, "content_length": 216863008.92678508, "requests_failed": 11.035303604716923, "has_blocking": 0.28735102528119305, "script": 0.9933707559223341, "iframe": 0.1137234777873196, "beacon": 0.0022621117231845507, "image": 0.8812600800117295, "stylesheet": 0.04113692059568942, "font": 0.021563370546467547, "xhr": 0.7635779067088369, "plugin": 0.23886224158515384, "media": 0.018096893785476405, "referer_leaked": 0.8939111492784283, "referer_leaked_header": 0.8849883752592003, "referer_leaked_url": 0.0, "hosts": 4.0407075382778626, "trackers": 3.7436273380390843, "companies": 3.7353852920847035}