{"id": "dastelefonbuch.de", "month": "2019-04", "country": "global", "site": "dastelefonbuch.de", "category": "Reference", "popularity": 0.00027696377108830407, "cookies": 0.9324667411394333, "bad_qs": 0.1499187569818219, "tracked": 0.9334568904234792, "https": 0.9954808571138418, "requests": 86.99535391489793, "requests_tracking": 42.38476185640297, "content_length": 153943.8543718899, "requests_failed": 28.123667106733016, "has_blocking": 0.3935970346298365, "script": 0.9851985376256728, "iframe": 0.3185741850309739, "beacon": 0.05712399715649436, "image": 0.966436478115162, "stylesheet": 0.8943586879252564, "font": 0.5073880369655732, "xhr": 0.679166243525947, "plugin": 0.0027165634203310655, "media": 0.00035543820452929825, "referer_leaked": 0.9735706306489286, "referer_leaked_header": 0.9606733015131512, "referer_leaked_url": 0.0, "hosts": 10.368767137199146, "trackers": 9.244769980704783, "companies": 7.499517619579567}