{"id": "datadoghq.com", "month": "2019-04", "country": "global", "site": "datadoghq.com", "category": "Business", "popularity": 0.0013517207425514867, "cookies": 0.38136012027071314, "bad_qs": 0.000983181867837468, "tracked": 0.3814901707823319, "https": 0.9984497979015049, "requests": 38.82540458714165, "requests_tracking": 2.4626260839710143, "content_length": 477275.1545208159, "requests_failed": 8.261079003084799, "has_blocking": 0.43434790072464147, "script": 0.9931229289456025, "iframe": 0.02734181956271816, "beacon": 0.0007907071106417733, "image": 0.9492959065300963, "stylesheet": 0.039769446453002344, "font": 0.023591162807634486, "xhr": 0.9677214630162355, "plugin": 0.004104394146686573, "media": 0.08118793339332997, "referer_leaked": 0.984341918401107, "referer_leaked_header": 0.9744580795180848, "referer_leaked_url": 0.0, "hosts": 8.30105653035639, "trackers": 6.314909510854016, "companies": 6.094650762356099}