{"id": "datorama.com", "month": "2019-04", "country": "global", "site": "datorama.com", "category": "Business", "popularity": 0.00023289623901228087, "cookies": 0.7977416140817004, "bad_qs": 0.01591135533347423, "tracked": 0.7979831526825881, "https": 0.948310739410042, "requests": 169.62425651399414, "requests_tracking": 54.00694423477552, "content_length": 5484650.357114822, "requests_failed": 19.94725400803116, "has_blocking": 0.32049153105280637, "script": 0.9682074816581625, "iframe": 0.31623441321216145, "beacon": 6.038465022191359e-05, "image": 0.7910087255819571, "stylesheet": 0.8861447420065819, "font": 0.7979831526825881, "xhr": 0.7335829232209172, "plugin": 0.0, "media": 0.006340388273300927, "referer_leaked": 0.9843905679176354, "referer_leaked_header": 0.9728269074001389, "referer_leaked_url": 0.0, "hosts": 9.788472570272637, "trackers": 7.15207874158389, "companies": 4.342320582108028}