{"id": "dawn.com", "month": "2019-04", "country": "global", "site": "dawn.com", "category": "News and Portals", "popularity": 0.00026034791369311614, "cookies": 0.8355975692099933, "bad_qs": 0.017204591492234977, "tracked": 0.8357866306549628, "https": 0.988116137744767, "requests": 29.57860904794058, "requests_tracking": 7.485806887238352, "content_length": 301643.9531397704, "requests_failed": 10.963457123565158, "has_blocking": 0.49925725860904796, "script": 0.9960027008777853, "iframe": 0.6536124240378123, "beacon": 0.0029979743416610398, "image": 0.4264956110735989, "stylesheet": 0.92, "font": 0.397947332883187, "xhr": 0.42284942606347065, "plugin": 5.401755570560432e-05, "media": 0.005563808237677245, "referer_leaked": 0.9939500337609724, "referer_leaked_header": 0.9914922349763673, "referer_leaked_url": 0.0, "hosts": 11.507575962187712, "trackers": 10.070465901417961, "companies": 6.881377447670493}