{"id": "dazn.com", "month": "2019-04", "country": "global", "site": "dazn.com", "category": "Business", "popularity": 0.00029712359468204243, "cookies": 0.6457697313927346, "bad_qs": 0.056537687847592, "tracked": 0.648869956218199, "https": 0.9856585019524317, "requests": 1878.7339249792924, "requests_tracking": 15.958821441249556, "content_length": 932758621.2746184, "requests_failed": 243.04356880842505, "has_blocking": 0.3339013134540291, "script": 0.9894687019287658, "iframe": 0.2737900840137262, "beacon": 0.054857413323866996, "image": 0.5527866524671636, "stylesheet": 0.05682167790793989, "font": 0.01318187196781446, "xhr": 0.8759200094663353, "plugin": 0.001774937877174299, "media": 0.0076203999526683235, "referer_leaked": 0.9643355815879777, "referer_leaked_header": 0.9598627381374986, "referer_leaked_url": 0.0, "hosts": 10.325286948290143, "trackers": 8.063424446811029, "companies": 6.346586202816235}