{"id": "dcinside.com", "month": "2019-04", "country": "global", "site": "dcinside.com", "category": "Entertainment", "popularity": 0.0021108959620485097, "cookies": 0.7370368889866021, "bad_qs": 0.00952371434852997, "tracked": 0.7370635380648772, "https": 0.9966222293286431, "requests": 20.166260268222974, "requests_tracking": 2.562525399902731, "content_length": 334756.9809525713, "requests_failed": 13.469423513814215, "has_blocking": 0.5098734835008895, "script": 0.9911025389909327, "iframe": 0.29508857487391654, "beacon": 0.0056762536725761, "image": 0.9617952151579957, "stylesheet": 0.5548504653595294, "font": 0.18055083644794437, "xhr": 0.0740777753349456, "plugin": 0.006552342120866895, "media": 0.0015289908660284213, "referer_leaked": 0.9758592662176298, "referer_leaked_header": 0.9757693255784515, "referer_leaked_url": 0.0, "hosts": 10.101812803549658, "trackers": 5.491162499417052, "companies": 4.082695421022126}