{"id": "ddl-mdh.org", "month": "2019-04", "country": "global", "site": "ddl-mdh.org", "category": "Adult", "popularity": 0.0001617004894878298, "cookies": 0.5773177943990259, "bad_qs": 0.0016089754739954775, "tracked": 0.5785788832840494, "https": 0.9969125065228736, "requests": 9.071751608975474, "requests_tracking": 2.9372064706905547, "content_length": 173269.82409984345, "requests_failed": 2.3568011828144027, "has_blocking": 0.12445642720473125, "script": 0.9994346842929205, "iframe": 0.24852148199686902, "beacon": 0.0, "image": 0.4791268046616803, "stylesheet": 0.24634719081579406, "font": 0.17024699947817012, "xhr": 0.11315011306314142, "plugin": 0.0005218298834579927, "media": 0.0006957731779439903, "referer_leaked": 0.9775178291876848, "referer_leaked_header": 0.9773438858931989, "referer_leaked_url": 0.0, "hosts": 3.1366759436423726, "trackers": 3.1304574708644983, "companies": 2.052965733170986}