{"id": "ddl-music.to", "month": "2019-04", "country": "global", "site": "ddl-music.to", "category": "Entertainment", "popularity": 0.00013628800170695414, "cookies": 0.6692291817149932, "bad_qs": 0.009183778763801465, "tracked": 0.6756784645547416, "https": 0.9774017129295223, "requests": 138.4351976060262, "requests_tracking": 3.9792075121246517, "content_length": 342383.3659065112, "requests_failed": 5.833195748632752, "has_blocking": 0.33866474048085854, "script": 0.9933443401093799, "iframe": 0.15514394799298317, "beacon": 0.0, "image": 0.9593437209782272, "stylesheet": 0.15968424311216592, "font": 0.11474564028480033, "xhr": 0.42658136415230624, "plugin": 0.001496233618821587, "media": 0.0007223196780518006, "referer_leaked": 0.9523269012485811, "referer_leaked_header": 0.9484573315447322, "referer_leaked_url": 0.0, "hosts": 4.3857703023423795, "trackers": 3.681766587555464, "companies": 2.5497368692601383}