{"id": "ddl-warez.to", "month": "2019-04", "country": "global", "site": "ddl-warez.to", "category": "Recreation", "popularity": 0.0006318807351867873, "cookies": 0.804923104315506, "bad_qs": 0.008168079944804256, "tracked": 0.805768845563197, "https": 0.8719814827179453, "requests": 30.178751863969197, "requests_tracking": 7.864492221406156, "content_length": 526403.4835303021, "requests_failed": 7.944014155037724, "has_blocking": 0.2171106808217044, "script": 0.8772339809930783, "iframe": 0.2916471923616212, "beacon": 0.00045625514678061915, "image": 0.7945516458569807, "stylesheet": 0.9880038280919632, "font": 0.4701208519730253, "xhr": 0.3636909928557121, "plugin": 0.000957022990808128, "media": 0.000478511495404064, "referer_leaked": 0.9886381340277314, "referer_leaked_header": 0.9863457301195165, "referer_leaked_url": 0.0, "hosts": 6.344394738599186, "trackers": 5.949400191404598, "companies": 3.3038993122788276}