{"id": "deadline.com", "month": "2019-04", "country": "global", "site": "deadline.com", "category": "Entertainment", "popularity": 0.00028117574678856544, "cookies": 0.9737664741040838, "bad_qs": 0.14007052291994898, "tracked": 0.9744667016780454, "https": 0.9879710906044464, "requests": 156.72333508390227, "requests_tracking": 40.01855603070998, "content_length": 1740854.9806437092, "requests_failed": 58.71060594693275, "has_blocking": 0.5449521094355666, "script": 0.9779428314202115, "iframe": 0.9434316152749643, "beacon": 0.00790256833470878, "image": 0.9991247155325481, "stylesheet": 0.9982994473203791, "font": 0.7926326055968189, "xhr": 0.941606021957136, "plugin": 0.002025658338960162, "media": 0.006377072548578288, "referer_leaked": 0.9979743416610398, "referer_leaked_header": 0.9831445219696401, "referer_leaked_url": 0.0, "hosts": 35.76634906344562, "trackers": 31.971390701978144, "companies": 25.11768824868082}