{"id": "deadspin.com", "month": "2019-04", "country": "global", "site": "deadspin.com", "category": "Entertainment", "popularity": 0.000984125661278427, "cookies": 0.9926691245820115, "bad_qs": 0.2169824802080654, "tracked": 0.9927191403012375, "https": 0.9874317642687702, "requests": 170.33859212895482, "requests_tracking": 44.31754980136614, "content_length": 14783140.111606505, "requests_failed": 59.208987110234645, "has_blocking": 0.5096530338106262, "script": 0.9946768984537998, "iframe": 0.8853711166366572, "beacon": 0.2762653976964189, "image": 0.9959487267426905, "stylesheet": 0.9829303495384264, "font": 0.8168210008859927, "xhr": 0.8966389436680099, "plugin": 0.001743405070164909, "media": 0.6193017805596045, "referer_leaked": 0.9925548029380662, "referer_leaked_header": 0.9864243047815028, "referer_leaked_url": 0.0, "hosts": 31.508945668638717, "trackers": 25.449284060704795, "companies": 20.310611906599217}