{"id": "dealabs.com", "month": "2019-04", "country": "global", "site": "dealabs.com", "category": "E-Commerce", "popularity": 0.002101093801570773, "cookies": 0.9155801127160279, "bad_qs": 0.0028312873990977362, "tracked": 0.9157541398374854, "https": 0.9981559818476325, "requests": 43.04636149449137, "requests_tracking": 3.1384452684703015, "content_length": 109403.81579563861, "requests_failed": 15.358034028995595, "has_blocking": 0.2905483192996078, "script": 0.997463220037215, "iframe": 0.04882799427049169, "beacon": 0.06350985930576565, "image": 0.6018259461051392, "stylesheet": 0.06807137789320089, "font": 0.012653779735211042, "xhr": 0.9418147012757526, "plugin": 0.0019042583097950497, "media": 2.6773403301160628e-05, "referer_leaked": 0.918464946921728, "referer_leaked_header": 0.8882846280504947, "referer_leaked_url": 0.0, "hosts": 3.4433976787459337, "trackers": 3.411212701302526, "companies": 3.3265049999330665}