{"id": "deezer.com", "month": "2019-04", "country": "global", "site": "deezer.com", "category": "Business", "popularity": 0.000703681209102261, "cookies": 0.6321385388666274, "bad_qs": 0.01974558572242263, "tracked": 0.6326981303648337, "https": 0.9899473384429367, "requests": 120.85447623235038, "requests_tracking": 8.365453219150021, "content_length": 44331455.7964386, "requests_failed": 37.03914142675847, "has_blocking": 0.4126887372218281, "script": 0.9882585712429927, "iframe": 0.3697001189131934, "beacon": 0.03231640902141437, "image": 0.947668202212385, "stylesheet": 0.9855305626892369, "font": 0.8054720054360317, "xhr": 0.579427018276658, "plugin": 0.06307395601211116, "media": 0.06022603499445405, "referer_leaked": 0.9824727948597524, "referer_leaked_header": 0.9809938744716357, "referer_leaked_url": 0.0, "hosts": 9.00537607546491, "trackers": 8.162951045736612, "companies": 5.947758136560311}