{"id": "def-shop.com", "month": "2019-04", "country": "global", "site": "def-shop.com", "category": "E-Commerce", "popularity": 7.61108931212502e-05, "cookies": 0.873059866962306, "bad_qs": 0.06513303769401331, "tracked": 0.8735218033998522, "https": 0.9963045084996305, "requests": 38.617054693274206, "requests_tracking": 9.534737620103474, "content_length": 266430.62684774573, "requests_failed": 12.972376201034738, "has_blocking": 0.4102919438285292, "script": 0.9954730229120473, "iframe": 0.8286215816703622, "beacon": 0.4124168514412417, "image": 0.9835550628233555, "stylesheet": 0.20842572062084258, "font": 0.02383592017738359, "xhr": 0.4087213599408721, "plugin": 0.0016629711751662971, "media": 0.0, "referer_leaked": 0.9878972653362897, "referer_leaked_header": 0.9866038433111604, "referer_leaked_url": 0.0, "hosts": 16.222560975609756, "trackers": 13.03889504804139, "companies": 9.966371027346637}