{"id": "deine-tierwelt.de", "month": "2019-04", "country": "global", "site": "deine-tierwelt.de", "category": "E-Commerce", "popularity": 0.00010394227846621587, "cookies": 0.7693140305777296, "bad_qs": 0.18826951698011093, "tracked": 0.7813557028818834, "https": 0.90454606954404, "requests": 288.96779867406303, "requests_tracking": 25.297388716005955, "content_length": 540429.2118793126, "requests_failed": 237.70396428088216, "has_blocking": 0.39926938168042214, "script": 0.9949262616695982, "iframe": 0.920037883912867, "beacon": 0.12366391557299418, "image": 0.9824110404546069, "stylesheet": 0.36375321336760924, "font": 0.35475578406169667, "xhr": 0.7032877824381004, "plugin": 0.004532539575158977, "media": 0.043160600730618316, "referer_leaked": 0.9943174130699499, "referer_leaked_header": 0.9915437694493303, "referer_leaked_url": 0.0, "hosts": 16.035448518468407, "trackers": 13.630767149235556, "companies": 10.734880259775403}