{"id": "dejure.org", "month": "2019-04", "country": "global", "site": "dejure.org", "category": "Reference", "popularity": 0.0001431368570192322, "cookies": 0.22450383179406563, "bad_qs": 0.05330123796423659, "tracked": 0.22474945961878562, "https": 0.9963647081941442, "requests": 41.821674199253295, "requests_tracking": 17.374435056003144, "content_length": 432852.8543426999, "requests_failed": 8.3817547651798, "has_blocking": 0.43387698958538023, "script": 0.9798585183729613, "iframe": 0.17729416388288466, "beacon": 0.04942031833366084, "image": 0.18397524071526822, "stylesheet": 0.15440165061898212, "font": 0.08685399882098645, "xhr": 0.07206720377284338, "plugin": 0.0006386323442719591, "media": 0.005698565533503635, "referer_leaked": 0.28109648260955, "referer_leaked_header": 0.28050697583022205, "referer_leaked_url": 0.0, "hosts": 5.338917272548635, "trackers": 4.731970917665553, "companies": 3.5528591078797405}