{"id": "delfi.lv", "month": "2019-04", "country": "global", "site": "delfi.lv", "category": "News and Portals", "popularity": 0.0004150237558945334, "cookies": 0.8854833790789874, "bad_qs": 0.058029209447324724, "tracked": 0.8877198332825048, "https": 0.8795195012029413, "requests": 250.09962386906577, "requests_tracking": 13.257564975771746, "content_length": 10072847.7065501, "requests_failed": 88.91804750770899, "has_blocking": 0.5392734912405543, "script": 0.9965436616854733, "iframe": 0.8016332892819626, "beacon": 0.02058554437328454, "image": 0.9961878621530954, "stylesheet": 0.9993053437701196, "font": 0.6422689844464776, "xhr": 0.17554471214123546, "plugin": 0.0028972247636474533, "media": 0.006455220087425028, "referer_leaked": 0.9849378197960083, "referer_leaked_header": 0.9817017383348582, "referer_leaked_url": 0.0, "hosts": 13.949798380264985, "trackers": 12.572633933109689, "companies": 9.159669275863237}