{"id": "dell.com", "month": "2019-04", "country": "global", "site": "dell.com", "category": "Business", "popularity": 0.002352096613918902, "cookies": 0.5113542600896861, "bad_qs": 0.04544693572496263, "tracked": 0.5171210762331838, "https": 0.8434080717488789, "requests": 66.43510313901345, "requests_tracking": 9.626149476831092, "content_length": 809289.6521763827, "requests_failed": 24.213037369207772, "has_blocking": 0.4678804185351271, "script": 0.9801644245142003, "iframe": 0.7666816143497758, "beacon": 0.014071748878923767, "image": 0.9153602391629297, "stylesheet": 0.8776651718983558, "font": 0.7126786248131539, "xhr": 0.9012077727952167, "plugin": 0.0007443946188340808, "media": 0.01677727952167414, "referer_leaked": 0.9694977578475337, "referer_leaked_header": 0.9169536621823617, "referer_leaked_url": 0.0, "hosts": 10.139976083707026, "trackers": 7.898092675635277, "companies": 7.0906816143497755}