{"id": "demotywatory.pl", "month": "2019-04", "country": "global", "site": "demotywatory.pl", "category": "Entertainment", "popularity": 0.0010391063591087166, "cookies": 0.9664760615801049, "bad_qs": 0.023989172728810692, "tracked": 0.96715953307393, "https": 0.9908983251564879, "requests": 57.878781931991206, "requests_tracking": 25.018020639485705, "content_length": 8502697.103481645, "requests_failed": 17.90908475723228, "has_blocking": 0.5188428353916427, "script": 0.9978413128066317, "iframe": 0.6891896464219253, "beacon": 0.020862798172897986, "image": 0.9830823887667062, "stylesheet": 0.5930367112163762, "font": 0.07392319404500085, "xhr": 0.9443342919979699, "plugin": 7.443748942649298e-05, "media": 0.6513551006597869, "referer_leaked": 0.9850651328032481, "referer_leaked_header": 0.9675046523430891, "referer_leaked_url": 0.0, "hosts": 13.119539840974454, "trackers": 9.796447301641008, "companies": 7.666729825748605}