{"id": "der-betze-brennt.de", "month": "2019-04", "country": "global", "site": "der-betze-brennt.de", "category": "News and Portals", "popularity": 5.6893314508872456e-05, "cookies": 0.7554072426152515, "bad_qs": 0.06772957607217897, "tracked": 0.7554072426152515, "https": 0.8645408478556421, "requests": 66.24694104560623, "requests_tracking": 23.08008898776418, "content_length": 1008432.8817204301, "requests_failed": 22.671610431343467, "has_blocking": 0.4318378445186009, "script": 0.9933259176863182, "iframe": 0.5283648498331479, "beacon": 0.12186379928315412, "image": 0.7364973427264863, "stylesheet": 0.7488567544184896, "font": 0.024348041033246816, "xhr": 0.5986899023606477, "plugin": 0.00012359411692003462, "media": 0.010629094055122976, "referer_leaked": 0.9545173649734273, "referer_leaked_header": 0.9326412062785812, "referer_leaked_url": 0.0, "hosts": 14.705969595847238, "trackers": 11.619330119886293, "companies": 9.07143739957978}