{"id": "der-postillon.com", "month": "2019-04", "country": "global", "site": "der-postillon.com", "category": "News and Portals", "popularity": 0.00016208723183092557, "cookies": 0.9447312481020346, "bad_qs": 0.0918832154787211, "tracked": 0.9447746301678885, "https": 0.9921044640145764, "requests": 132.56123378595288, "requests_tracking": 37.30150535768513, "content_length": 4524057.073879658, "requests_failed": 40.07001865428832, "has_blocking": 0.46561971281072406, "script": 0.9708906338119822, "iframe": 0.9834280508437812, "beacon": 0.20294130406489957, "image": 0.9992191228146284, "stylesheet": 0.9991757407487745, "font": 0.740054661402976, "xhr": 0.752678842566483, "plugin": 0.0012146978439113271, "media": 0.007374951195175914, "referer_leaked": 0.9930154873975099, "referer_leaked_header": 0.9660318424363368, "referer_leaked_url": 0.0, "hosts": 27.843781180859832, "trackers": 21.005726432692725, "companies": 11.392304021517505}