{"id": "derpibooru.org", "month": "2019-04", "country": "global", "site": "derpibooru.org", "category": "Entertainment", "popularity": 0.0011597699701546011, "cookies": 0.9874617273471368, "bad_qs": 8.488192318185952e-05, "tracked": 0.9874617273471368, "https": 0.9997756692030194, "requests": 30.86658986873617, "requests_tracking": 23.0393003304332, "content_length": 2355331.2610664805, "requests_failed": 6.961348409979689, "has_blocking": 0.0006366144238639464, "script": 0.992130233122139, "iframe": 0.0014733076666565616, "beacon": 0.0, "image": 0.9991390547791554, "stylesheet": 0.9814593627792767, "font": 0.3933913359808409, "xhr": 0.0006305514293509564, "plugin": 0.0, "media": 0.02454906478309637, "referer_leaked": 0.09150877618455755, "referer_leaked_header": 0.07738806196380392, "referer_leaked_url": 0.0, "hosts": 1.4127322884772788, "trackers": 1.0917816109376421, "companies": 1.086427986782672}