{"id": "derwesten.de", "month": "2019-04", "country": "global", "site": "derwesten.de", "category": "News and Portals", "popularity": 0.00021150587159960135, "cookies": 0.9674856211975132, "bad_qs": 0.20166893846204995, "tracked": 0.9677183417001896, "https": 0.9649921872402673, "requests": 148.51015658765252, "requests_tracking": 58.16011170584128, "content_length": 2433238.0978423483, "requests_failed": 40.23288673160677, "has_blocking": 0.4267429103361149, "script": 0.9879317796469298, "iframe": 0.9356694039030553, "beacon": 0.14824296020479405, "image": 0.9832108780212108, "stylesheet": 0.7299777253233153, "font": 0.25270122012034973, "xhr": 0.8645566674424017, "plugin": 0.003025366534791715, "media": 0.08637255227899863, "referer_leaked": 0.993483825925064, "referer_leaked_header": 0.9828784201602447, "referer_leaked_url": 0.0, "hosts": 31.34788390571495, "trackers": 23.078260580471426, "companies": 17.057781176235913}