{"id": "desire2learn.com", "month": "2019-04", "country": "global", "site": "desire2learn.com", "category": "Business", "popularity": 0.00042490326484088937, "cookies": 0.17027156734572294, "bad_qs": 0.003392523209823423, "tracked": 0.17109901203104572, "https": 0.9937445181789597, "requests": 49.802323464676384, "requests_tracking": 2.5317159547884223, "content_length": 1183997.2801396726, "requests_failed": 10.304251410793189, "has_blocking": 0.2660069174375693, "script": 0.9724626408724577, "iframe": 0.10915650288778195, "beacon": 0.0018369272014165854, "image": 0.8155460307478445, "stylesheet": 0.8827676369834676, "font": 0.2691015605606765, "xhr": 0.8349247852781042, "plugin": 0.003723501083952538, "media": 0.0016052426895262052, "referer_leaked": 0.9769142932794943, "referer_leaked_header": 0.9759875552319327, "referer_leaked_url": 0.0, "hosts": 2.4207556224866367, "trackers": 2.227613484038592, "companies": 2.078507951743426}