{"id": "detik.com", "month": "2019-04", "country": "global", "site": "detik.com", "category": "News and Portals", "popularity": 0.0008910192000978585, "cookies": 0.6975890778518723, "bad_qs": 0.049812571518762574, "tracked": 0.6982914414236673, "https": 0.9838535295742414, "requests": 29.62796038353786, "requests_tracking": 7.3861736968788225, "content_length": 1083569.3592076707, "requests_failed": 13.474624156571835, "has_blocking": 0.4844888134790672, "script": 0.9973404884978101, "iframe": 0.5582212050664878, "beacon": 0.028212918754685713, "image": 0.7070670402083415, "stylesheet": 0.49843349248313146, "font": 0.02642938878585803, "xhr": 0.13121572031724738, "plugin": 0.00045772008049560037, "media": 0.004158939352089335, "referer_leaked": 0.9170895316260901, "referer_leaked_header": 0.8943534703863, "referer_leaked_url": 0.0, "hosts": 12.184682160754448, "trackers": 10.901085112259796, "companies": 9.3759144536953}