{"id": "deutschepost.de", "month": "2019-04", "country": "global", "site": "deutschepost.de", "category": "Business", "popularity": 0.0006031211682183918, "cookies": 0.37028400876742995, "bad_qs": 0.04036282236627338, "tracked": 0.3838781886862846, "https": 0.9960476612414307, "requests": 18.256657184162663, "requests_tracking": 2.0593433754605233, "content_length": 130284.80029613394, "requests_failed": 5.106701487664973, "has_blocking": 0.3692580329244975, "script": 0.8466749055635872, "iframe": 0.09213962598516999, "beacon": 0.001375740334841207, "image": 0.7867835657324068, "stylesheet": 0.43629622720701394, "font": 0.019178752972998182, "xhr": 0.6199342442755211, "plugin": 0.0015739402135895163, "media": 2.331763279391876e-05, "referer_leaked": 0.472730028447512, "referer_leaked_header": 0.05855057594553001, "referer_leaked_url": 0.0, "hosts": 3.7932075735671313, "trackers": 3.712108846709882, "companies": 2.41211584199972}