{"id": "deutsche-rentenversicherung.de", "month": "2019-04", "country": "global", "site": "deutsche-rentenversicherung.de", "category": "Business", "popularity": 0.000135057457888013, "cookies": 0.6862081532774509, "bad_qs": 0.0007809652730775238, "tracked": 0.6862081532774509, "https": 0.9945332430884574, "requests": 32.2361118342271, "requests_tracking": 13.072369448638517, "content_length": 89072.28557296819, "requests_failed": 8.79221117300984, "has_blocking": 0.00098922267923153, "script": 0.07044306763159265, "iframe": 0.014578018430780444, "beacon": 0.00046857916384651426, "image": 0.919768834279169, "stylesheet": 0.9949497579007653, "font": 0.0035924402561566095, "xhr": 0.005102306450773156, "plugin": 0.0013016087884625397, "media": 0.0, "referer_leaked": 0.9835476649138335, "referer_leaked_header": 0.9833394075076795, "referer_leaked_url": 0.0, "hosts": 1.1508824907585775, "trackers": 1.095486020721612, "companies": 1.0868433383662206}