{"id": "deutschlandfunk.de", "month": "2019-04", "country": "global", "site": "deutschlandfunk.de", "category": "News and Portals", "popularity": 0.00015554777039312415, "cookies": 0.547172370146015, "bad_qs": 0.1362054156683694, "tracked": 0.5645314407124452, "https": 0.9948917318385245, "requests": 21.512589846751954, "requests_tracking": 9.773925229420009, "content_length": 3010112.9146060306, "requests_failed": 9.694995705438272, "has_blocking": 0.24352425297228877, "script": 0.9571447945391257, "iframe": 0.022015279598571493, "beacon": 0.0002712354776004701, "image": 0.924460919488269, "stylesheet": 0.02992631436191854, "font": 0.007594593372813164, "xhr": 0.01500836309389268, "plugin": 0.001627412865602821, "media": 0.09714750689390173, "referer_leaked": 0.6327471633289634, "referer_leaked_header": 0.6308937208986936, "referer_leaked_url": 0.0, "hosts": 2.2005334297726145, "trackers": 2.187197685457258, "companies": 2.1764838840920393}