{"id": "developpez.net", "month": "2019-04", "country": "global", "site": "developpez.net", "category": "Reference", "popularity": 0.00022904287893925378, "cookies": 0.11997666779234335, "bad_qs": 0.01802106038743745, "tracked": 0.1352961041353268, "https": 0.9720627513584871, "requests": 10.261136524115065, "requests_tracking": 1.851472078101495, "content_length": 53394.04945814018, "requests_failed": 5.512848064347772, "has_blocking": 0.5233475577932644, "script": 0.9931538390691678, "iframe": 0.021950695361188714, "beacon": 0.0011666103828324073, "image": 0.2599699137322322, "stylesheet": 0.0968286617750898, "font": 0.0294722623031345, "xhr": 0.021950695361188714, "plugin": 0.001995517760108065, "media": 6.140054646486354e-05, "referer_leaked": 0.911399011451202, "referer_leaked_header": 0.9022196297547048, "referer_leaked_url": 0.0, "hosts": 4.967580511466552, "trackers": 4.705860682160071, "companies": 1.1197003653332516}