{"id": "deviantart.com", "month": "2019-04", "country": "global", "site": "deviantart.com", "category": "Entertainment", "popularity": 0.012232231379702746, "cookies": 0.3626741718877275, "bad_qs": 0.013351429561810289, "tracked": 0.36369510269379723, "https": 0.9932610518921423, "requests": 88.70439109467812, "requests_tracking": 2.43168759977213, "content_length": 2323094.036970227, "requests_failed": 29.177191279089485, "has_blocking": 0.5032510552779996, "script": 0.9968935191013509, "iframe": 0.7835862378987221, "beacon": 0.00786852526660033, "image": 0.9977874084050888, "stylesheet": 0.06573851639668911, "font": 0.02008520403382638, "xhr": 0.044946823646275065, "plugin": 0.0030041578786713413, "media": 0.00020062210096752738, "referer_leaked": 0.9753579724866046, "referer_leaked_header": 0.9367649485022037, "referer_leaked_url": 0.0, "hosts": 9.79941641387707, "trackers": 8.672570360010324, "companies": 6.94444319893952}