{"id": "dhgate.com", "month": "2019-04", "country": "global", "site": "dhgate.com", "category": "E-Commerce", "popularity": 0.0008640738063025304, "cookies": 0.8306112318221398, "bad_qs": 0.03473222496195568, "tracked": 0.8317912160347648, "https": 0.8907822888438596, "requests": 128.8118128626417, "requests_tracking": 6.798304077862682, "content_length": 1933984.2931650432, "requests_failed": 36.51666219086448, "has_blocking": 0.46383958724966023, "script": 0.9931560915667749, "iframe": 0.2578631706582684, "beacon": 0.014932903656323495, "image": 0.9955974382135853, "stylesheet": 0.9799402683853747, "font": 0.14161438115931416, "xhr": 0.11071507043285075, "plugin": 0.019970215570908913, "media": 0.011710326082533792, "referer_leaked": 0.70035725039265, "referer_leaked_header": 0.544924847212389, "referer_leaked_url": 0.0, "hosts": 13.102113392413923, "trackers": 11.002498311401903, "companies": 6.8713247560687805}