{"id": "dhnet.be", "month": "2019-04", "country": "global", "site": "dhnet.be", "category": "Entertainment", "popularity": 0.0005137907186422312, "cookies": 0.9286965566321782, "bad_qs": 0.16945858652214377, "tracked": 0.9289976460283571, "https": 0.9957436908085618, "requests": 139.871188481962, "requests_tracking": 27.023430229375375, "content_length": 110944599.70498714, "requests_failed": 39.323041550336676, "has_blocking": 0.5085399901461652, "script": 0.9967427601686101, "iframe": 0.9721081732085181, "beacon": 0.14768434882575135, "image": 0.9917610992500137, "stylesheet": 0.9880248535610664, "font": 0.4809766245141512, "xhr": 0.7821207642196311, "plugin": 0.001067498768270652, "media": 0.4764876553347567, "referer_leaked": 0.9953194284775825, "referer_leaked_header": 0.9848907866644769, "referer_leaked_url": 0.0, "hosts": 29.1900832101604, "trackers": 22.452373131877156, "companies": 17.074054305578365}