{"id": "diary.ru", "month": "2019-04", "country": "global", "site": "diary.ru", "category": "Entertainment", "popularity": 0.0003332242344902925, "cookies": 0.6522399713013568, "bad_qs": 0.017261389773998184, "tracked": 0.6535693937411635, "https": 0.20013083204963178, "requests": 28.08274072042035, "requests_tracking": 6.686804954736331, "content_length": 2123511.9877186688, "requests_failed": 14.354702568106523, "has_blocking": 0.7351073033826415, "script": 0.9978264998206334, "iframe": 0.23271223279664058, "beacon": 0.018168773344024985, "image": 0.9761548038574352, "stylesheet": 0.158348983941421, "font": 0.0868344974572158, "xhr": 0.28802042668129735, "plugin": 0.00031652915233493006, "media": 0.0007807719090928275, "referer_leaked": 0.6888518432547638, "referer_leaked_header": 0.5999493553356264, "referer_leaked_url": 0.0, "hosts": 8.83698748654751, "trackers": 8.45200362953428, "companies": 5.974065711452025}