{"id": "diariodelweb.it", "month": "2019-04", "country": "global", "site": "diariodelweb.it", "category": "News and Portals", "popularity": 8.930232286029912e-07, "cookies": 0.84251968503937, "bad_qs": 0.023622047244094488, "tracked": 0.84251968503937, "https": 0.984251968503937, "requests": 49.74015748031496, "requests_tracking": 18.165354330708663, "content_length": 935729.2283464567, "requests_failed": 15.244094488188976, "has_blocking": 0.4881889763779528, "script": 1.0, "iframe": 0.8818897637795275, "beacon": 0.031496062992125984, "image": 0.8188976377952756, "stylesheet": 1.0, "font": 0.8267716535433071, "xhr": 0.7716535433070866, "plugin": 0.0, "media": 0.023622047244094488, "referer_leaked": 1.0, "referer_leaked_header": 1.0, "referer_leaked_url": 0.0, "hosts": 12.11023622047244, "trackers": 9.433070866141732, "companies": 4.921259842519685}