{"id": "dickssportinggoods.com", "month": "2019-04", "country": "global", "site": "dickssportinggoods.com", "category": "Business", "popularity": 0.0003400308997287783, "cookies": 0.8870484107781706, "bad_qs": 0.0853237380317224, "tracked": 0.889323159004901, "https": 0.9882126682796699, "requests": 126.15675083235105, "requests_tracking": 13.514465330769072, "content_length": 1072398.4787931426, "requests_failed": 37.26478069359141, "has_blocking": 0.5135761110077135, "script": 0.9928242033211324, "iframe": 0.9130012200922307, "beacon": 0.07097214467398721, "image": 0.9927208056744629, "stylesheet": 0.9583307483921666, "font": 0.6509295448435594, "xhr": 0.9612052029695805, "plugin": 0.00438406021878942, "media": 0.011373741133651798, "referer_leaked": 0.978059019376719, "referer_leaked_header": 0.9210248774737887, "referer_leaked_url": 0.0, "hosts": 28.454287900407387, "trackers": 23.969063424116467, "companies": 18.09589097752135}