{"id": "dict.cc", "month": "2019-04", "country": "global", "site": "dict.cc", "category": "Reference", "popularity": 0.0020927471986388695, "cookies": 0.1393401586602916, "bad_qs": 0.020385260250590523, "tracked": 0.14080848876240268, "https": 0.9914521011904562, "requests": 22.515219224708265, "requests_tracking": 8.645013557693277, "content_length": 75343.11019195813, "requests_failed": 8.952751354929323, "has_blocking": 0.48643390666527786, "script": 0.9847051747716025, "iframe": 0.06785902687010487, "beacon": 0.036530171327578735, "image": 0.5198762167483713, "stylesheet": 0.05689863146258446, "font": 0.024014085216906293, "xhr": 0.06850751133167796, "plugin": 0.003017300759029222, "media": 0.0010920075130116894, "referer_leaked": 0.7564588044365745, "referer_leaked_header": 0.755927920784095, "referer_leaked_url": 0.0, "hosts": 4.429061511943202, "trackers": 4.168212837304321, "companies": 3.290043915502139}