{"id": "dictionary.com", "month": "2019-04", "country": "global", "site": "dictionary.com", "category": "Reference", "popularity": 0.000545869238082285, "cookies": 0.6382455236377689, "bad_qs": 0.04122117737987891, "tracked": 0.6386577354115677, "https": 0.9926961226330027, "requests": 45.84267680020611, "requests_tracking": 13.485508179827386, "content_length": 478808.8704238052, "requests_failed": 16.220997037227875, "has_blocking": 0.5181115548112843, "script": 0.9810897848769805, "iframe": 0.7059641891021512, "beacon": 0.06489759113744686, "image": 0.5656704882133196, "stylesheet": 0.3327321911632101, "font": 0.19853149555584182, "xhr": 0.6204817725106273, "plugin": 0.0015329125338142471, "media": 0.7293829705010949, "referer_leaked": 0.9632487440422517, "referer_leaked_header": 0.9582764395208038, "referer_leaked_url": 0.0, "hosts": 13.281244364292155, "trackers": 10.834174932371505, "companies": 8.328339559448667}