{"id": "digg.com", "month": "2019-04", "country": "global", "site": "digg.com", "category": "Entertainment", "popularity": 0.0005445050923630017, "cookies": 0.844374709437471, "bad_qs": 0.07859393563717135, "tracked": 0.8448783511545018, "https": 0.01345627356784958, "requests": 104.09842967095408, "requests_tracking": 18.315680045456894, "content_length": 13364466.953871584, "requests_failed": 34.48930729893073, "has_blocking": 0.519190040807893, "script": 0.9917351102846221, "iframe": 0.8936928560359523, "beacon": 0.2684152073970763, "image": 0.8527170824939305, "stylesheet": 0.7427811353892246, "font": 0.20553747610930317, "xhr": 0.880301151919004, "plugin": 0.0015884084921741826, "media": 0.040446304044630406, "referer_leaked": 0.9918642491864249, "referer_leaked_header": 0.9830957177540163, "referer_leaked_url": 0.0, "hosts": 22.14360245880469, "trackers": 17.570845601529005, "companies": 13.021914871635932}