{"id": "digitec.ch", "month": "2019-04", "country": "global", "site": "digitec.ch", "category": "E-Commerce", "popularity": 0.0006452409252210053, "cookies": 0.8511584315947778, "bad_qs": 0.07315664436259017, "tracked": 0.8525860377934221, "https": 0.9844489004162943, "requests": 83.7213116540616, "requests_tracking": 19.05630871166714, "content_length": 948188.3452627449, "requests_failed": 23.061855670103093, "has_blocking": 0.3741526993744687, "script": 0.9972210719034023, "iframe": 0.6183823369150628, "beacon": 0.10698328284039145, "image": 0.9777794729844598, "stylesheet": 0.9780083258865325, "font": 0.3308668076109937, "xhr": 0.33210915193653145, "plugin": 0.0016891523724417515, "media": 0.0004250125324208278, "referer_leaked": 0.8319783788496328, "referer_leaked_header": 0.5781478171792245, "referer_leaked_url": 0.0, "hosts": 9.670321047928336, "trackers": 8.345077483053988, "companies": 4.622577973453064}