{"id": "digital-eliteboard.com", "month": "2019-04", "country": "global", "site": "digital-eliteboard.com", "category": "Reference", "popularity": 0.0002004520722660273, "cookies": 0.24253692075630548, "bad_qs": 0.0313957975234153, "tracked": 0.25285017714947206, "https": 0.9862139123723997, "requests": 68.12870523029432, "requests_tracking": 13.819342617602693, "content_length": 185851.23927456414, "requests_failed": 21.03185182586733, "has_blocking": 0.31255481109902833, "script": 0.9915810151892518, "iframe": 0.23692426421580665, "beacon": 0.03276388255516189, "image": 0.9978952537973129, "stylesheet": 0.052127547619882836, "font": 0.018451608376889885, "xhr": 0.15013856245834356, "plugin": 0.00042094924053741187, "media": 0.0004560283439155295, "referer_leaked": 0.9454870733504052, "referer_leaked_header": 0.9276318097309433, "referer_leaked_url": 0.0, "hosts": 6.787140000701582, "trackers": 6.24990353246571, "companies": 5.384747605851194}