{"id": "dinotube.com", "month": "2019-04", "country": "global", "site": "dinotube.com", "category": "Adult", "popularity": 0.00020409448197009306, "cookies": 0.019948320413436693, "bad_qs": 0.007545219638242894, "tracked": 0.027217915590008614, "https": 0.9989664082687338, "requests": 141.5456330749354, "requests_tracking": 0.041722652885443585, "content_length": 868734.5319552111, "requests_failed": 38.106391042205, "has_blocking": 0.25832902670111973, "script": 0.9705426356589147, "iframe": 0.004478897502153316, "beacon": 0.00013781223083548665, "image": 0.9585529715762274, "stylesheet": 0.05929371231696813, "font": 6.890611541774332e-05, "xhr": 0.0005167958656330749, "plugin": 0.0, "media": 3.445305770887166e-05, "referer_leaked": 0.3603100775193798, "referer_leaked_header": 0.04682170542635659, "referer_leaked_url": 0.0, "hosts": 2.026322136089578, "trackers": 2.0098191214470282, "companies": 1.958621877691645}