{"id": "diply.com", "month": "2019-04", "country": "global", "site": "diply.com", "category": "Reference", "popularity": 2.408350045641925e-05, "cookies": 0.9573722627737227, "bad_qs": 0.023065693430656935, "tracked": 0.9573722627737227, "https": 0.9249635036496351, "requests": 904.0014598540146, "requests_tracking": 58.91007299270073, "content_length": 2587108.68729927, "requests_failed": 790.6770802919708, "has_blocking": 0.48905109489051096, "script": 0.9967883211678832, "iframe": 0.9635036496350365, "beacon": 0.021897810218978103, "image": 0.9924087591240875, "stylesheet": 0.40963503649635036, "font": 0.978978102189781, "xhr": 0.9556204379562043, "plugin": 0.0020437956204379564, "media": 0.3021897810218978, "referer_leaked": 0.9991240875912408, "referer_leaked_header": 0.997956204379562, "referer_leaked_url": 0.0, "hosts": 18.635912408759125, "trackers": 15.047299270072992, "companies": 10.894598540145985}