{"id": "dir.bg", "month": "2019-04", "country": "global", "site": "dir.bg", "category": "News and Portals", "popularity": 0.0002736026285428534, "cookies": 0.7330763299922899, "bad_qs": 0.06227190953482395, "tracked": 0.7340786430223593, "https": 0.9644821382677975, "requests": 37.72611153945001, "requests_tracking": 11.534618350038551, "content_length": 684463.9990490876, "requests_failed": 12.737856592135698, "has_blocking": 0.4758673862760216, "script": 0.9877152402981239, "iframe": 0.6033410434335646, "beacon": 0.03749678745823696, "image": 0.7519917758930866, "stylesheet": 0.2668722693395014, "font": 0.15787715240298125, "xhr": 0.7158314058082755, "plugin": 0.0012850167052171678, "media": 0.002313030069390902, "referer_leaked": 0.9473914160884092, "referer_leaked_header": 0.938627602158828, "referer_leaked_url": 0.0, "hosts": 10.085016705217168, "trackers": 8.471909534823952, "companies": 6.072911847854022}