{"id": "discordapp.com", "month": "2019-04", "country": "global", "site": "discordapp.com", "category": "Business", "popularity": 0.0015821558939258852, "cookies": 0.396175179107927, "bad_qs": 0.009866491262377557, "tracked": 0.3993395672965814, "https": 0.9503342162805994, "requests": 24.09286057136762, "requests_tracking": 6.651455085242929, "content_length": 2503577.9093793887, "requests_failed": 5.473564914401522, "has_blocking": 0.1278110611366909, "script": 0.5803185721142735, "iframe": 0.17852127073296475, "beacon": 0.009693161010470925, "image": 0.4770137419779204, "stylesheet": 0.5313016657481645, "font": 0.3014524186236689, "xhr": 0.3300919094771648, "plugin": 0.0010044265879717695, "media": 0.10991804590140619, "referer_leaked": 0.8698600913761533, "referer_leaked_header": 0.8662868215676166, "referer_leaked_url": 0.0, "hosts": 2.612353558158966, "trackers": 2.4113215765053067, "companies": 1.6352864837958436}