{"id": "disqus.com", "month": "2019-04", "country": "global", "site": "disqus.com", "category": "Business", "popularity": 0.0015589583850191037, "cookies": 0.18674815633386707, "bad_qs": 0.011952820188989874, "tracked": 0.18904399990979004, "https": 0.9634694752035362, "requests": 27.431875690670033, "requests_tracking": 2.983951647459462, "content_length": 1078741.9269479713, "requests_failed": 7.221280530434586, "has_blocking": 0.07218601294512979, "script": 0.5322387857738887, "iframe": 0.22090615908527098, "beacon": 0.0016914368191966803, "image": 0.9460769942040098, "stylesheet": 0.5207099524142441, "font": 0.31414717755576105, "xhr": 0.1079858370357006, "plugin": 0.0008209106695834555, "media": 0.00015786743645835683, "referer_leaked": 0.8997857513362351, "referer_leaked_header": 0.8953789946099546, "referer_leaked_url": 0.0, "hosts": 2.0327101328341715, "trackers": 1.905220901648587, "companies": 1.5170338963938568}