{"id": "dizibox.pw", "month": "2019-04", "country": "global", "site": "dizibox.pw", "category": "Entertainment", "popularity": 0.0006497130730429856, "cookies": 0.9144245546440399, "bad_qs": 0.008766423515660511, "tracked": 0.9154202471914976, "https": 0.9809736141474924, "requests": 41.62421264529535, "requests_tracking": 18.02260871447434, "content_length": 100251065.83739908, "requests_failed": 9.016667027424836, "has_blocking": 0.5110067317474404, "script": 0.9991774713738393, "iframe": 0.9872075153141843, "beacon": 0.004015238425074136, "image": 0.8457001233792939, "stylesheet": 0.7782960670144375, "font": 0.18182211736184767, "xhr": 0.5272083811337908, "plugin": 0.0031385960735080846, "media": 0.10188532219312106, "referer_leaked": 0.9994588627459469, "referer_leaked_header": 0.9975215913764367, "referer_leaked_url": 0.0, "hosts": 8.381101322539449, "trackers": 7.323199636355765, "companies": 5.122589233533193}