{"id": "dizilab.pw", "month": "2019-04", "country": "global", "site": "dizilab.pw", "category": "Entertainment", "popularity": 0.0001157906575228776, "cookies": 0.7764012874233315, "bad_qs": 0.0027327382036800873, "tracked": 0.7770692900953422, "https": 0.992773425639157, "requests": 34.34505374385134, "requests_tracking": 13.933199732798931, "content_length": 72982742.11580737, "requests_failed": 7.114471366976377, "has_blocking": 0.5965871136211818, "script": 0.998724722171616, "iframe": 0.9429161353009048, "beacon": 0.0006680026720106881, "image": 0.8543146899860327, "stylesheet": 0.9947774336551891, "font": 0.4215704135543815, "xhr": 0.21206048460557478, "plugin": 0.0015181878909333818, "media": 0.08605088965810409, "referer_leaked": 0.9989676322341653, "referer_leaked_header": 0.9989676322341653, "referer_leaked_url": 0.0, "hosts": 7.735835306977592, "trackers": 7.439849395761219, "companies": 2.9336855529240298}