{"id": "djangoproject.com", "month": "2019-04", "country": "global", "site": "djangoproject.com", "category": "Business", "popularity": 0.00024075062441660796, "cookies": 0.0722588936269642, "bad_qs": 5.841462702260646e-05, "tracked": 0.0722881009404755, "https": 0.9839943921958059, "requests": 6.542671885040014, "requests_tracking": 0.12687656989310123, "content_length": 82834.09282084234, "requests_failed": 2.1095858402944097, "has_blocking": 0.0011974998539634324, "script": 0.051580115660961504, "iframe": 0.00651323091302062, "beacon": 2.920731351130323e-05, "image": 0.028681581868099774, "stylesheet": 0.978999941585373, "font": 0.73666686138209, "xhr": 0.03534084934867691, "plugin": 0.00020445119457912261, "media": 0.00032128044862433556, "referer_leaked": 0.7552427127752789, "referer_leaked_header": 0.7551842981482563, "referer_leaked_url": 0.0, "hosts": 2.5133185349611544, "trackers": 2.5105438401775806, "companies": 1.7102342426543606}