{"id": "dji.com", "month": "2019-04", "country": "global", "site": "dji.com", "category": "Business", "popularity": 0.00022679977334929825, "cookies": 0.6342779190177963, "bad_qs": 0.044986668320208346, "tracked": 0.6353320518385317, "https": 0.9725305388478949, "requests": 105.88203013579711, "requests_tracking": 10.874527190425994, "content_length": 7716222.2960252995, "requests_failed": 29.430024183047063, "has_blocking": 0.44484405035034413, "script": 0.9928380976002976, "iframe": 0.7140819743287654, "beacon": 0.03497240652322193, "image": 0.9846220623798598, "stylesheet": 0.9720964841570038, "font": 0.6857754077013704, "xhr": 0.18586841942084703, "plugin": 0.0020462578284863894, "media": 0.14720654802505115, "referer_leaked": 0.9674148942766788, "referer_leaked_header": 0.9348297885533577, "referer_leaked_url": 0.0, "hosts": 13.988466546784895, "trackers": 12.028306566627395, "companies": 9.197339864822968}