{"id": "dl-protect.top", "month": "2019-04", "country": "global", "site": "dl-protect.top", "category": "Business", "popularity": 0.0001366817757290153, "cookies": 0.8876942072229653, "bad_qs": 0.003241074184586892, "tracked": 0.8883115546866962, "https": 0.9986109682066057, "requests": 8.223839901224405, "requests_tracking": 1.729910484617759, "content_length": 99598.21782076346, "requests_failed": 4.5358575985183665, "has_blocking": 0.464965531433275, "script": 0.9930033954110505, "iframe": 0.04146517131392118, "beacon": 0.00041156497582055766, "image": 0.15989299310628666, "stylesheet": 0.08668587303220496, "font": 0.005453235929622389, "xhr": 0.10196522275954316, "plugin": 0.02129848749871386, "media": 0.00010289124395513942, "referer_leaked": 0.9787015125012861, "referer_leaked_header": 0.9783928387694207, "referer_leaked_url": 0.0, "hosts": 5.282487910278835, "trackers": 5.2579483485955345, "companies": 2.144202078403128}