{"id": "dlbooks.to", "month": "2019-04", "country": "global", "site": "dlbooks.to", "category": "Adult", "popularity": 6.047243910224979e-07, "cookies": 0.7093023255813954, "bad_qs": 0.0, "tracked": 0.7093023255813954, "https": 0.023255813953488372, "requests": 2.1627906976744184, "requests_tracking": 0.7209302325581395, "content_length": 40536.186046511626, "requests_failed": 1.5232558139534884, "has_blocking": 0.03488372093023256, "script": 0.3023255813953488, "iframe": 0.0, "beacon": 0.0, "image": 0.9767441860465116, "stylesheet": 0.13953488372093023, "font": 0.046511627906976744, "xhr": 0.0, "plugin": 0.011627906976744186, "media": 0.0, "referer_leaked": 0.5232558139534884, "referer_leaked_header": 0.5232558139534884, "referer_leaked_url": 0.0, "hosts": 1.4651162790697674, "trackers": 1.3953488372093024, "companies": 1.3488372093023255}