{"id": "dlero.net", "month": "2019-04", "country": "global", "site": "dlero.net", "category": "Adult", "popularity": 6.651968301247478e-06, "cookies": 0.5517970401691332, "bad_qs": 0.015856236786469344, "tracked": 0.5517970401691332, "https": 0.959830866807611, "requests": 62.81818181818182, "requests_tracking": 31.151162790697676, "content_length": 289551744.81606764, "requests_failed": 20.963002114164905, "has_blocking": 0.9291754756871036, "script": 0.9936575052854123, "iframe": 0.8224101479915433, "beacon": 0.09513742071881606, "image": 0.5433403805496829, "stylesheet": 0.42917547568710357, "font": 0.25158562367864695, "xhr": 0.113107822410148, "plugin": 0.003171247357293869, "media": 0.10042283298097252, "referer_leaked": 0.985200845665962, "referer_leaked_header": 0.985200845665962, "referer_leaked_url": 0.0, "hosts": 13.871035940803383, "trackers": 5.454545454545454, "companies": 3.996828752642706}