{"id": "dmax.de", "month": "2019-04", "country": "global", "site": "dmax.de", "category": "Entertainment", "popularity": 3.749994392236025e-05, "cookies": 0.7875492218263641, "bad_qs": 0.1299456216013501, "tracked": 0.788299268704294, "https": 0.9947496718544909, "requests": 1273.7339208700544, "requests_tracking": 38.906806675417215, "content_length": 923193698.887868, "requests_failed": 261.6285392837052, "has_blocking": 0.44684042752672043, "script": 0.9891243202700168, "iframe": 0.400150009375586, "beacon": 0.014250890680667542, "image": 0.9906244140258766, "stylesheet": 0.9921245077817363, "font": 0.045377836114757174, "xhr": 0.8177386086630415, "plugin": 0.0063753984624039, "media": 0.06600412525782862, "referer_leaked": 0.9780611288205513, "referer_leaked_header": 0.9375585974123383, "referer_leaked_url": 0.0, "hosts": 13.946184136508531, "trackers": 12.081567597974873, "companies": 9.383273954622164}