{"id": "dmi.dk", "month": "2019-04", "country": "global", "site": "dmi.dk", "category": "News and Portals", "popularity": 0.00017217065946727747, "cookies": 0.9113334694711047, "bad_qs": 0.030957729221972638, "tracked": 0.9115785174596692, "https": 0.9750051051664285, "requests": 38.15192975290994, "requests_tracking": 10.461752093118236, "content_length": 207225.40134776392, "requests_failed": 11.42564835613641, "has_blocking": 0.376679599754952, "script": 0.9976312027772105, "iframe": 0.8878088625689198, "beacon": 0.01270165407392281, "image": 0.8099652848682867, "stylesheet": 0.9335103124361854, "font": 0.6465182764958137, "xhr": 0.9085971002654687, "plugin": 0.0005717786399836635, "media": 0.0008985092914028998, "referer_leaked": 0.9736981825607515, "referer_leaked_header": 0.9672044108637942, "referer_leaked_url": 0.0, "hosts": 9.963447008372473, "trackers": 7.559689605881152, "companies": 6.456238513375536}