{"id": "dmm.co.jp", "month": "2019-04", "country": "global", "site": "dmm.co.jp", "category": "Adult", "popularity": 0.002127111013742671, "cookies": 0.5704651839314522, "bad_qs": 0.1458493110834898, "tracked": 0.571271784835903, "https": 0.9476635019702219, "requests": 19.232238251395025, "requests_tracking": 6.936909925158014, "content_length": 533026.0034941686, "requests_failed": 6.017123740512522, "has_blocking": 0.3737702641948536, "script": 0.9938579324570915, "iframe": 0.13917832491471188, "beacon": 0.0066214000476026765, "image": 0.6354362256366858, "stylesheet": 0.08788313542961415, "font": 0.03779784730119271, "xhr": 0.08692777616163753, "plugin": 0.010241186893396452, "media": 4.958612117525719e-05, "referer_leaked": 0.9609492767037792, "referer_leaked_header": 0.9564501626424775, "referer_leaked_url": 0.0, "hosts": 7.565215666569698, "trackers": 6.7347076402295505, "companies": 4.849644963372385}