{"id": "dmm.com", "month": "2019-04", "country": "global", "site": "dmm.com", "category": "Entertainment", "popularity": 0.00042096552462027775, "cookies": 0.7145338834416289, "bad_qs": 0.20517146341056008, "tracked": 0.7156530308851287, "https": 0.6533983663788063, "requests": 271.15928641822705, "requests_tracking": 61.3720747657307, "content_length": 44369958.05144738, "requests_failed": 37.409841816025526, "has_blocking": 0.4316401356339887, "script": 0.9887918218718159, "iframe": 0.4922244308216547, "beacon": 0.01312910284463895, "image": 0.8233417408589039, "stylesheet": 0.3426929694155378, "font": 0.15577864265789165, "xhr": 0.36465832595586883, "plugin": 0.022700319040539863, "media": 0.04200978836420732, "referer_leaked": 0.9524779928842267, "referer_leaked_header": 0.9399502229943041, "referer_leaked_url": 0.0, "hosts": 10.90507291162076, "trackers": 8.839661249102177, "companies": 5.939432408505521}