{"id": "dn.se", "month": "2019-04", "country": "global", "site": "dn.se", "category": "News and Portals", "popularity": 0.0004473554157773409, "cookies": 0.8306664570889657, "bad_qs": 0.037016661427224144, "tracked": 0.8309336686576548, "https": 0.9868751964790946, "requests": 97.02228858849418, "requests_tracking": 21.678025778057215, "content_length": 1501060.7966048412, "requests_failed": 36.6730116315624, "has_blocking": 0.49154353976736875, "script": 0.9644608613643508, "iframe": 0.42760138321282615, "beacon": 0.011018547626532538, "image": 0.9947657969192077, "stylesheet": 0.9122917321596982, "font": 0.4142565231059415, "xhr": 0.5526563973593209, "plugin": 0.00036152153410877084, "media": 0.03283558629361836, "referer_leaked": 0.9945143036780887, "referer_leaked_header": 0.9924394844388557, "referer_leaked_url": 0.0, "hosts": 13.317085822068531, "trackers": 7.458692235146181, "companies": 4.330996541967934}