{"id": "dnb.no", "month": "2019-04", "country": "global", "site": "dnb.no", "category": "Banking", "popularity": 0.0002740526559966376, "cookies": 0.983347872940935, "bad_qs": 0.02563247293067173, "tracked": 0.9834761635962437, "https": 0.9988197259711603, "requests": 18.45530353569046, "requests_tracking": 8.028454867347463, "content_length": 97638.7502950685, "requests_failed": 3.211602606866116, "has_blocking": 0.1279057833427413, "script": 0.9948683737876534, "iframe": 0.0914712372350798, "beacon": 0.0, "image": 0.7243290398727357, "stylesheet": 0.09188176733206753, "font": 0.015677118078719146, "xhr": 0.2023400215528301, "plugin": 7.697439318520039e-05, "media": 0.0, "referer_leaked": 0.994996664442962, "referer_leaked_header": 0.9867604043721455, "referer_leaked_url": 0.0, "hosts": 3.1495355878277826, "trackers": 3.0496228254733926, "companies": 2.9777287422384155}