{"id": "dndbeyond.com", "month": "2019-04", "country": "global", "site": "dndbeyond.com", "category": "Entertainment", "popularity": 0.001048191288331985, "cookies": 0.988032227119349, "bad_qs": 0.023586709332045323, "tracked": 0.9880657690837006, "https": 0.9969275560653934, "requests": 57.551208516975585, "requests_tracking": 21.513701892437627, "content_length": 1113659.2307620062, "requests_failed": 20.66044127808301, "has_blocking": 0.4086015013383244, "script": 0.9984436528540858, "iframe": 0.2502767212059007, "beacon": 0.05442519135690663, "image": 0.975038070129539, "stylesheet": 0.6301864262378662, "font": 0.4198179342174995, "xhr": 0.5783573829217734, "plugin": 0.0018515164322083358, "media": 0.04822663634473089, "referer_leaked": 0.9561002770566256, "referer_leaked_header": 0.8879295887084331, "referer_leaked_url": 0.0, "hosts": 13.216687798104209, "trackers": 12.069888036922995, "companies": 6.829143941985818}