{"id": "dnevnik.ru", "month": "2019-04", "country": "global", "site": "dnevnik.ru", "category": "Business", "popularity": 0.00029765097060444577, "cookies": 0.5395936687928183, "bad_qs": 0.051807228915662654, "tracked": 0.5836758799905505, "https": 0.867280888258918, "requests": 13.666666666666666, "requests_tracking": 2.6924403496338294, "content_length": 179289.84079848806, "requests_failed": 6.747129695251594, "has_blocking": 0.46000472478147886, "script": 0.9986061894637372, "iframe": 0.05346090243326246, "beacon": 0.07713205764233404, "image": 0.8570517363571934, "stylesheet": 0.0742735648476258, "font": 0.045570517363571934, "xhr": 0.3630285849279471, "plugin": 0.0009213323883770375, "media": 2.3623907394283014e-05, "referer_leaked": 0.8094968107725018, "referer_leaked_header": 0.7340184266477675, "referer_leaked_url": 0.0, "hosts": 4.752421450507914, "trackers": 4.678029766123317, "companies": 3.440963855421687}