{"id": "dobreprogramy.pl", "month": "2019-04", "country": "global", "site": "dobreprogramy.pl", "category": "News and Portals", "popularity": 0.00033530561146404437, "cookies": 0.7824682814302192, "bad_qs": 0.018538324420677363, "tracked": 0.7854461570724547, "https": 0.9868721820278914, "requests": 129.15665303554576, "requests_tracking": 26.73123623781063, "content_length": 12352162.254419629, "requests_failed": 37.88170284156443, "has_blocking": 0.48203837684806544, "script": 0.9910244311628394, "iframe": 0.9523749606794589, "beacon": 0.021851735346545036, "image": 0.9953863898500577, "stylesheet": 0.9954493027157387, "font": 0.6268218517353465, "xhr": 0.40606060606060607, "plugin": 0.001027576806123519, "media": 0.1556464296948726, "referer_leaked": 0.9282164202579427, "referer_leaked_header": 0.9014994232987312, "referer_leaked_url": 0.0, "hosts": 10.733543042885604, "trackers": 8.701184858970326, "companies": 5.3413232672748245}