{"id": "doccheck.com", "month": "2019-04", "country": "global", "site": "doccheck.com", "category": "Reference", "popularity": 0.00014775667009948545, "cookies": 0.49074382525103505, "bad_qs": 0.09279969542664065, "tracked": 0.49812021129776807, "https": 0.9578832151525246, "requests": 59.57097986960453, "requests_tracking": 1.481463855708371, "content_length": 621509.0303621568, "requests_failed": 16.845381430542997, "has_blocking": 0.44724694236900964, "script": 0.9905772616951412, "iframe": 0.09103888069290439, "beacon": 0.0006662542235758816, "image": 0.9865321467662875, "stylesheet": 0.992623613953267, "font": 0.6530243182791605, "xhr": 0.16090039499357542, "plugin": 0.0007614333983724361, "media": 0.00014276876219483176, "referer_leaked": 0.9946223766239947, "referer_leaked_header": 0.9871984009898634, "referer_leaked_url": 0.0, "hosts": 8.464664731356779, "trackers": 6.621139294722314, "companies": 4.280968923999429}