{"id": "docker.com", "month": "2019-04", "country": "global", "site": "docker.com", "category": "Business", "popularity": 0.0011278953694045433, "cookies": 0.35728357501776786, "bad_qs": 0.0172566426852533, "tracked": 0.35831847483198465, "https": 0.8693532499594768, "requests": 33.8492662186257, "requests_tracking": 3.080666076482837, "content_length": 250918.84184112417, "requests_failed": 11.659985536339946, "has_blocking": 0.4804366529095647, "script": 0.9697385319385045, "iframe": 0.05514270395630977, "beacon": 0.006209398885300682, "image": 0.7971658707497413, "stylesheet": 0.9250944501938878, "font": 0.6887694667148788, "xhr": 0.46579219710477426, "plugin": 0.0002119674318275333, "media": 0.000548621588259498, "referer_leaked": 0.9636600541140384, "referer_leaked_header": 0.8997019987281955, "referer_leaked_url": 0.0, "hosts": 8.685589955237466, "trackers": 7.3164549070460465, "companies": 5.427862495480106}