{"id": "dofus.com", "month": "2019-04", "country": "global", "site": "dofus.com", "category": "Entertainment", "popularity": 0.00026583965496507623, "cookies": 0.9980426387345924, "bad_qs": 0.16068877955880018, "tracked": 0.9989684177114744, "https": 0.9526001163836428, "requests": 110.17071364333704, "requests_tracking": 59.11902872559911, "content_length": 1696386.2513886685, "requests_failed": 35.291937787652756, "has_blocking": 0.5323758133629583, "script": 0.9967200973390468, "iframe": 0.959874094059144, "beacon": 0.011691265936623816, "image": 0.998492302809078, "stylesheet": 0.9959530233296302, "font": 0.7298312437179284, "xhr": 0.9681267523673491, "plugin": 0.0006348198698619266, "media": 0.027297254404062846, "referer_leaked": 0.9974342696926414, "referer_leaked_header": 0.9772787388245252, "referer_leaked_url": 0.0, "hosts": 10.234618843569804, "trackers": 9.917949531820346, "companies": 6.801301380733217}