{"id": "dogdrip.net", "month": "2019-04", "country": "global", "site": "dogdrip.net", "category": "Entertainment", "popularity": 0.00028600651023778003, "cookies": 0.19567782858828736, "bad_qs": 0.010596449820524169, "tracked": 0.19587451443182377, "https": 0.9926980380587107, "requests": 15.470128337512907, "requests_tracking": 1.9384127452426612, "content_length": 573329.6959482717, "requests_failed": 9.613684417564047, "has_blocking": 0.5021635442789005, "script": 0.9898460933274328, "iframe": 0.11783940600875252, "beacon": 0.008309976889413385, "image": 0.3849633672616413, "stylesheet": 0.04285292816049565, "font": 0.03638688105423612, "xhr": 0.047376702561833114, "plugin": 0.0001475143826523086, "media": 0.0, "referer_leaked": 0.8683434134828145, "referer_leaked_header": 0.8650980970644638, "referer_leaked_url": 0.0, "hosts": 3.8127550769533363, "trackers": 3.6603727196735014, "companies": 1.6753454295127108}