{"id": "domain.com.au", "month": "2019-04", "country": "global", "site": "domain.com.au", "category": "Business", "popularity": 0.0003081703623366511, "cookies": 0.6317026422671473, "bad_qs": 0.27581800757541186, "tracked": 0.6325240724683977, "https": 0.9276685072787842, "requests": 112.14103500205357, "requests_tracking": 23.429950257837813, "content_length": 2181007.385593027, "requests_failed": 34.20645279058093, "has_blocking": 0.4600237302058139, "script": 0.9939761785241638, "iframe": 0.6985122986355131, "beacon": 0.0131200657144161, "image": 0.9691507324419294, "stylesheet": 0.4253639392141651, "font": 0.2550768949938393, "xhr": 0.8645096518048647, "plugin": 0.0007986126956601104, "media": 0.002989093232327842, "referer_leaked": 0.9954821338931228, "referer_leaked_header": 0.994318441108018, "referer_leaked_url": 0.0, "hosts": 18.049536804636517, "trackers": 15.290238671108474, "companies": 11.168689818829005}