{"id": "dominos.com", "month": "2019-04", "country": "global", "site": "dominos.com", "category": "Business", "popularity": 0.00037187034208400934, "cookies": 0.9478491065519523, "bad_qs": 0.05039236078283067, "tracked": 0.9483785572468564, "https": 0.997844379313605, "requests": 68.73786517916233, "requests_tracking": 16.2722700198544, "content_length": 486432.3053606883, "requests_failed": 31.616148246194573, "has_blocking": 0.487661907913397, "script": 0.9977498345466579, "iframe": 0.5594213860262834, "beacon": 0.054722511109010115, "image": 0.9358986480098327, "stylesheet": 0.507100311997731, "font": 0.1469225678358703, "xhr": 0.9442942233147396, "plugin": 0.0016450789448804008, "media": 0.0003025432542308783, "referer_leaked": 0.845967665689704, "referer_leaked_header": 0.7647537108821026, "referer_leaked_url": 0.0, "hosts": 15.244568403138887, "trackers": 14.57577763070814, "companies": 10.017868960953011}