{"id": "donanimhaber.com", "month": "2019-04", "country": "global", "site": "donanimhaber.com", "category": "Entertainment", "popularity": 0.0003636503093734826, "cookies": 0.8435300487276665, "bad_qs": 0.012626653260112924, "tracked": 0.8447675767654111, "https": 0.4312205120272256, "requests": 52.2207247273571, "requests_tracking": 8.158577616211618, "content_length": 545176.5506999767, "requests_failed": 26.375918477840514, "has_blocking": 0.49634542501353546, "script": 0.9967514889009204, "iframe": 0.8682032639801995, "beacon": 0.008237296001237527, "image": 0.8569494933869596, "stylesheet": 0.8877330033258566, "font": 0.0671939051744141, "xhr": 0.5886766184546368, "plugin": 0.004563384639183232, "media": 0.0004060638873849486, "referer_leaked": 0.9276046097919406, "referer_leaked_header": 0.8607780957537319, "referer_leaked_url": 0.0, "hosts": 18.235207672673834, "trackers": 10.765024363833243, "companies": 7.891600278443809}