{"id": "donkeymails.com", "month": "2019-04", "country": "global", "site": "donkeymails.com", "category": "Business", "popularity": 0.0003967413905845509, "cookies": 0.9630995001949594, "bad_qs": 0.001134309311970508, "tracked": 0.9630995001949594, "https": 0.00912764524476268, "requests": 22.042483428449895, "requests_tracking": 4.118216298606926, "content_length": 255369.4893658502, "requests_failed": 11.682659246393252, "has_blocking": 0.24593243770160575, "script": 0.9809117011094963, "iframe": 0.9800077983765197, "beacon": 8.861791499769593e-05, "image": 0.978731700400553, "stylesheet": 0.6855127432561766, "font": 0.04996278047570097, "xhr": 0.8206373400446634, "plugin": 0.0, "media": 0.0010279678139732728, "referer_leaked": 0.9775087731735848, "referer_leaked_header": 0.18886250044308958, "referer_leaked_url": 0.0, "hosts": 9.557194002339513, "trackers": 3.312874410690865, "companies": 3.011467158200702}