{"id": "donnons.org", "month": "2019-04", "country": "global", "site": "donnons.org", "category": "E-commerce", "popularity": 0.00016850012304735023, "cookies": 0.4618787297083003, "bad_qs": 0.02841881233568418, "tracked": 0.46212911572006843, "https": 0.9969119058548596, "requests": 18.205566915661645, "requests_tracking": 3.287276217501982, "content_length": 76693.01410507866, "requests_failed": 9.105788089972041, "has_blocking": 0.5258106247130994, "script": 0.9995826899803865, "iframe": 0.6878103743270876, "beacon": 0.008513124400116846, "image": 0.07378041146767934, "stylesheet": 0.06372323999499228, "font": 0.2434586654425573, "xhr": 0.5864457705629512, "plugin": 8.346200392271419e-05, "media": 0.00016692400784542837, "referer_leaked": 0.7976881024913408, "referer_leaked_header": 0.7936401953010892, "referer_leaked_url": 0.0, "hosts": 7.283061386303885, "trackers": 6.485122897800776, "companies": 4.641614155155866}