{"id": "doordash.com", "month": "2019-04", "country": "global", "site": "doordash.com", "category": "Business", "popularity": 0.0005932838493458282, "cookies": 0.9172721131167554, "bad_qs": 0.06775864316783806, "tracked": 0.917378782311877, "https": 0.9917983241084233, "requests": 123.00551124174795, "requests_tracking": 37.360257428324225, "content_length": 1472389.949474358, "requests_failed": 44.82646107166985, "has_blocking": 0.44833062709634597, "script": 0.998435518471549, "iframe": 0.6182309506595712, "beacon": 0.19209936828132224, "image": 0.8199542507674256, "stylesheet": 0.3541180235383357, "font": 0.20865679779076246, "xhr": 0.7221267467080701, "plugin": 0.003342301447145414, "media": 9.481706233036634e-05, "referer_leaked": 0.9894397496829554, "referer_leaked_header": 0.9848292700271414, "referer_leaked_url": 0.0, "hosts": 17.106029179950934, "trackers": 14.48888862550816, "companies": 11.532682256171999}