{"id": "doramatv.ru", "month": "2019-04", "country": "global", "site": "doramatv.ru", "category": "Entertainment", "popularity": 0.00031404181427274167, "cookies": 0.8429502250285484, "bad_qs": 0.0699043908555563, "tracked": 0.857929737354739, "https": 0.0009628087145384116, "requests": 159.89482994111194, "requests_tracking": 55.56017554465865, "content_length": 222690229.30617318, "requests_failed": 42.10597613130024, "has_blocking": 0.510042318801639, "script": 0.9989028458834329, "iframe": 0.4691789256846018, "beacon": 0.15071315017576856, "image": 0.99870132778039, "stylesheet": 0.36546427531851056, "font": 0.16087861892926714, "xhr": 0.5786256465372472, "plugin": 0.05084973466783099, "media": 0.07064329056671369, "referer_leaked": 0.9581514072680862, "referer_leaked_header": 0.9195494950851973, "referer_leaked_url": 0.0, "hosts": 13.237298761783212, "trackers": 7.67441391818365, "companies": 6.116522245359486}