{"id": "douban.com", "month": "2019-04", "country": "global", "site": "douban.com", "category": "E-Commerce", "popularity": 0.001758257261934809, "cookies": 0.6761981699513694, "bad_qs": 0.00391924750447914, "tracked": 0.6768940363450218, "https": 0.9850228756078833, "requests": 75.73432700921423, "requests_tracking": 32.781413968518045, "content_length": 1501384.0986490594, "requests_failed": 19.552273963399028, "has_blocking": 0.4762325633478372, "script": 0.9972525275147172, "iframe": 0.021675838239058103, "beacon": 0.0002039608395188124, "image": 0.9836871320706424, "stylesheet": 0.9923254735090863, "font": 0.09794519452265166, "xhr": 0.05771691835167648, "plugin": 0.00669471461479396, "media": 0.014977124392116714, "referer_leaked": 0.9662224852828257, "referer_leaked_header": 0.9599836831328386, "referer_leaked_url": 0.0, "hosts": 2.8656178013821347, "trackers": 2.673022779626312, "companies": 2.288204664704377}