{"id": "douyu.com", "month": "2019-04", "country": "global", "site": "douyu.com", "category": "Entertainment", "popularity": 0.001458778054799365, "cookies": 0.34888507553336096, "bad_qs": 0.04076487771018712, "tracked": 0.369915838386565, "https": 0.8790984199211407, "requests": 795.0370725640853, "requests_tracking": 4.573046110538036, "content_length": 59303655.85876659, "requests_failed": 129.75877527017516, "has_blocking": 0.3875724242979302, "script": 0.9905619450683993, "iframe": 0.020780109708953137, "beacon": 3.856202219244377e-05, "image": 0.9959654484281155, "stylesheet": 0.9810419458396399, "font": 0.5206114008618612, "xhr": 0.9801405585708914, "plugin": 0.012161497748941954, "media": 0.08997483828051943, "referer_leaked": 0.9941433928795226, "referer_leaked_header": 0.9910343298402569, "referer_leaked_url": 0.0, "hosts": 5.449825988874856, "trackers": 2.868354076487771, "companies": 2.8461712732215676}