{"id": "doviz.com", "month": "2019-04", "country": "global", "site": "doviz.com", "category": "Business", "popularity": 0.001992686406961542, "cookies": 0.48114768849664946, "bad_qs": 0.0395430983072618, "tracked": 0.4856785949955361, "https": 0.9992236764565771, "requests": 39.1642524180714, "requests_tracking": 13.063598541923236, "content_length": 1082216.7009213548, "requests_failed": 17.41208665182242, "has_blocking": 0.5096987511777181, "script": 0.999855321521453, "iframe": 0.4491313998172111, "beacon": 0.041395688581339296, "image": 0.582193255159905, "stylesheet": 0.994106998556744, "font": 0.012918729511233755, "xhr": 0.22445630886385048, "plugin": 1.7643716895976173e-05, "media": 0.002706546171842745, "referer_leaked": 0.9988602158885199, "referer_leaked_header": 0.994378711796942, "referer_leaked_url": 0.0, "hosts": 10.43545399047945, "trackers": 7.772699523972518, "companies": 4.987508248437649}