{"id": "downloadhelper.net", "month": "2019-04", "country": "global", "site": "downloadhelper.net", "category": "Business", "popularity": 0.00015660252223793084, "cookies": 0.09308068789008127, "bad_qs": 0.0022001706254770777, "tracked": 0.09429302680616047, "https": 0.9459386646311346, "requests": 13.180997710026492, "requests_tracking": 0.38862197476538995, "content_length": 146769.43644200978, "requests_failed": 3.8873422836873064, "has_blocking": 0.3702572852588568, "script": 0.9652911858470656, "iframe": 0.09864846661577836, "beacon": 0.00017960576534506757, "image": 0.21256342328588748, "stylesheet": 0.9989223654079296, "font": 0.7238112343406223, "xhr": 0.06789097930043554, "plugin": 0.0031431008935386825, "media": 8.980288267253378e-05, "referer_leaked": 0.9849580171523505, "referer_leaked_header": 0.9839252840016165, "referer_leaked_url": 0.0, "hosts": 3.9489919626420007, "trackers": 3.9176507565892864, "companies": 2.1957702842261235}