{"id": "dpstream.net", "month": "2019-04", "country": "global", "site": "dpstream.net", "category": "Entertainment", "popularity": 2.7282914385666187e-06, "cookies": 0.30412371134020616, "bad_qs": 0.007731958762886598, "tracked": 0.30927835051546393, "https": 0.9690721649484536, "requests": 2.6829896907216493, "requests_tracking": 0.4381443298969072, "content_length": 12430.664948453608, "requests_failed": 1.4329896907216495, "has_blocking": 0.10051546391752578, "script": 0.6881443298969072, "iframe": 0.03350515463917526, "beacon": 0.0, "image": 0.3582474226804124, "stylesheet": 0.2860824742268041, "font": 0.023195876288659795, "xhr": 0.015463917525773196, "plugin": 0.03350515463917526, "media": 0.0, "referer_leaked": 0.44329896907216493, "referer_leaked_header": 0.44329896907216493, "referer_leaked_url": 0.0, "hosts": 1.402061855670103, "trackers": 1.3969072164948453, "companies": 1.092783505154639}