{"id": "dreamies.de", "month": "2019-04", "country": "global", "site": "dreamies.de", "category": "Entertainment", "popularity": 0.0002498918070715992, "cookies": 0.7932072710901007, "bad_qs": 0.15774663740221734, "tracked": 0.7933198266644156, "https": 0.9668523833642861, "requests": 34.44723957453993, "requests_tracking": 21.740137317800663, "content_length": 174843.56815240026, "requests_failed": 9.454865214699758, "has_blocking": 0.20634250661264, "script": 0.99304969328606, "iframe": 0.9971579717485508, "beacon": 0.05633406494456638, "image": 0.5880465980077664, "stylesheet": 0.24770668017333558, "font": 0.05104395295176994, "xhr": 0.6011874613090213, "plugin": 0.0, "media": 8.441668073611346e-05, "referer_leaked": 0.8340649445663797, "referer_leaked_header": 0.8324328887388148, "referer_leaked_url": 0.0, "hosts": 6.2049637008272835, "trackers": 5.825257470876245, "companies": 5.0717823175192756}