{"id": "dribbble.com", "month": "2019-04", "country": "global", "site": "dribbble.com", "category": "Reference", "popularity": 0.000918288051125594, "cookies": 0.3911005949782913, "bad_qs": 0.04021655065738593, "tracked": 0.39337483632353953, "https": 0.993414654690527, "requests": 27.3379813619413, "requests_tracking": 3.542701369904972, "content_length": 238466.4463715513, "requests_failed": 12.544722917767414, "has_blocking": 0.5157244262709334, "script": 0.9957807845749772, "iframe": 0.17372294073954958, "beacon": 0.0037904022420803566, "image": 0.7592673420474298, "stylesheet": 0.06466655946337094, "font": 0.03224521988161693, "xhr": 0.4642362148047751, "plugin": 0.00033692464374047613, "media": 0.00015314756533658006, "referer_leaked": 0.8340033539316809, "referer_leaked_header": 0.19321862580689622, "referer_leaked_url": 0.0, "hosts": 9.482728783319168, "trackers": 8.584212017489453, "companies": 5.744794897123123}