{"id": "drivethrurpg.com", "month": "2019-04", "country": "global", "site": "drivethrurpg.com", "category": "E-Commerce", "popularity": 0.00023599720943601253, "cookies": 0.5839640069125797, "bad_qs": 0.0019963053453310293, "tracked": 0.5845897145581312, "https": 0.9498242059472022, "requests": 12.860705559859365, "requests_tracking": 2.4682378880877183, "content_length": 239730.58870150766, "requests_failed": 5.242834157678327, "has_blocking": 0.49153804898396997, "script": 0.9941898575770216, "iframe": 0.4604016447172397, "beacon": 0.0003277516238603182, "image": 0.5621834217269531, "stylesheet": 0.9869495262499255, "font": 0.38904117752219775, "xhr": 0.21059531613133903, "plugin": 0.0011918240867647934, "media": 0.00011918240867647935, "referer_leaked": 0.9869197306477564, "referer_leaked_header": 0.9841785352481973, "referer_leaked_url": 0.0, "hosts": 5.627405994875156, "trackers": 5.548149693105298, "companies": 5.251653655920387}