{"id": "drive2.ru", "month": "2019-04", "country": "global", "site": "drive2.ru", "category": "E-Commerce", "popularity": 0.001750255211272209, "cookies": 0.9111727130288056, "bad_qs": 0.051456349684624966, "tracked": 0.9234703306415973, "https": 0.9973926318749748, "requests": 113.53519746092965, "requests_tracking": 15.31071873367884, "content_length": 3149654.0059017316, "requests_failed": 40.03341368366076, "has_blocking": 0.5094411634727412, "script": 0.9923988590253505, "iframe": 0.6604716564219999, "beacon": 0.28121811096380217, "image": 0.9996705636575469, "stylesheet": 0.5369691856494315, "font": 0.46795227190550803, "xhr": 0.9587160017677072, "plugin": 0.0033988188501868147, "media": 0.0008115383070186011, "referer_leaked": 0.9047487043509702, "referer_leaked_header": 0.2612711421799044, "referer_leaked_url": 0.0, "hosts": 11.724052870515447, "trackers": 10.807910489735246, "companies": 7.088160379253545}