{"id": "dromadaire.com", "month": "2019-04", "country": "global", "site": "dromadaire.com", "category": "Entertainment", "popularity": 8.09135298546033e-05, "cookies": 0.9004953506561224, "bad_qs": 0.01651168853741201, "tracked": 0.9018858086382202, "https": 0.995481011558182, "requests": 57.78178500043452, "requests_tracking": 24.18936299643695, "content_length": 4615111.038324499, "requests_failed": 20.335969409924395, "has_blocking": 0.4044494655427131, "script": 0.9986964456417833, "iframe": 0.1673763795950291, "beacon": 0.02216042408968454, "image": 0.9896584687581472, "stylesheet": 0.991744155731294, "font": 0.5132528026418701, "xhr": 0.1449552446337012, "plugin": 0.0018249761015034327, "media": 0.3642130876857565, "referer_leaked": 0.9951333970626575, "referer_leaked_header": 0.9949595898148953, "referer_leaked_url": 0.0, "hosts": 10.005040410185105, "trackers": 9.264360823846355, "companies": 6.337968193273659}