{"id": "dropbox.com", "month": "2019-04", "country": "global", "site": "dropbox.com", "category": "Business", "popularity": 0.006674511864010479, "cookies": 0.8951902958894065, "bad_qs": 0.018810458425252263, "tracked": 0.8953188243647849, "https": 0.9936104491543458, "requests": 286.54013354319295, "requests_tracking": 97.41011013415422, "content_length": 24101331.22462774, "requests_failed": 57.41922406727307, "has_blocking": 0.11377719904846788, "script": 0.9788865641388698, "iframe": 0.3536081735682244, "beacon": 0.0030035629778994233, "image": 0.9236604066978085, "stylesheet": 0.9660379306494059, "font": 0.7613889924842447, "xhr": 0.9286287697296477, "plugin": 0.06063172799160561, "media": 0.03876608449588393, "referer_leaked": 0.3113928904789898, "referer_leaked_header": 0.20057606041259748, "referer_leaked_url": 0.0, "hosts": 4.7601521692867514, "trackers": 4.27095698931528, "companies": 3.2516387380610743}