{"id": "drtuber.com", "month": "2019-04", "country": "global", "site": "drtuber.com", "category": "Adult", "popularity": 0.0005530274872690398, "cookies": 0.8805182585698301, "bad_qs": 0.021157562811514596, "tracked": 0.8817388871935714, "https": 0.9803046485606755, "requests": 165.91852303936528, "requests_tracking": 8.719255416539518, "content_length": 173468525.91016936, "requests_failed": 80.61780337707252, "has_blocking": 0.48944664835723733, "script": 0.9935789848438612, "iframe": 0.9722434136913845, "beacon": 2.542976299460889e-05, "image": 0.9967322754551927, "stylesheet": 0.9943418777336995, "font": 0.013655782728104974, "xhr": 0.7689070287864918, "plugin": 0.001996236395076798, "media": 0.8563981283694436, "referer_leaked": 0.8800732377174245, "referer_leaked_header": 0.8257044044349506, "referer_leaked_url": 0.0, "hosts": 8.617065913945682, "trackers": 6.219191842132031, "companies": 4.236089919641949}