{"id": "drudgereport.com", "month": "2019-04", "country": "global", "site": "drudgereport.com", "category": "News and Portals", "popularity": 0.04542977924198585, "cookies": 0.6114033553483894, "bad_qs": 0.005984927399844909, "tracked": 0.6114819842339797, "https": 0.99752597616678, "requests": 17.940354572935256, "requests_tracking": 4.05915152002947, "content_length": 555497.6726026316, "requests_failed": 7.798398013846732, "has_blocking": 0.5046165061842857, "script": 0.9959170248563243, "iframe": 0.9860528144652384, "beacon": 0.001296757487157024, "image": 0.8049339625707931, "stylesheet": 0.041328766253968204, "font": 0.005667935357150044, "xhr": 0.00909061359939202, "plugin": 0.0008183285789686305, "media": 0.00027705847481631333, "referer_leaked": 0.8025136478385569, "referer_leaked_header": 0.8022525318346378, "referer_leaked_url": 0.0, "hosts": 7.6635678940305505, "trackers": 6.64644335856784, "companies": 6.082827327562056}