{"id": "dsgvo-gesetz.de", "month": "2019-04", "country": "global", "site": "dsgvo-gesetz.de", "category": "Reference", "popularity": 6.0528692533972816e-05, "cookies": 0.03729089219330855, "bad_qs": 0.00383364312267658, "tracked": 0.04077602230483272, "https": 0.9957016728624535, "requests": 2.6383596654275094, "requests_tracking": 0.05947955390334572, "content_length": 11414.494539962825, "requests_failed": 1.1746050185873607, "has_blocking": 0.20283457249070633, "script": 0.9763011152416357, "iframe": 0.006737918215613383, "beacon": 0.0025557620817843866, "image": 0.41310408921933084, "stylesheet": 0.041008364312267655, "font": 0.0033689591078066915, "xhr": 0.007202602230483271, "plugin": 0.00046468401486988845, "media": 0.0, "referer_leaked": 0.4715381040892193, "referer_leaked_header": 0.4715381040892193, "referer_leaked_url": 0.0, "hosts": 1.112918215613383, "trackers": 1.1078066914498141, "companies": 1.0379879182156133}