{"id": "dstv.com", "month": "2019-04", "country": "global", "site": "dstv.com", "category": "Entertainment", "popularity": 0.00026384265813890896, "cookies": 0.7793561110814988, "bad_qs": 0.04647939875273173, "tracked": 0.7798624806780022, "https": 0.9733223175736901, "requests": 822.7653643195991, "requests_tracking": 7.4575449069879, "content_length": 137284822.51204628, "requests_failed": 108.54677256009808, "has_blocking": 0.5143382548904643, "script": 0.9961622514791323, "iframe": 0.10647087042268535, "beacon": 0.07622194978945686, "image": 0.7456159053355365, "stylesheet": 0.7488406801343211, "font": 0.05927189382229092, "xhr": 0.8193060071424764, "plugin": 0.00023985928255423485, "media": 0.001572410852299984, "referer_leaked": 0.934784926176643, "referer_leaked_header": 0.8713821224881403, "referer_leaked_url": 0.0, "hosts": 16.511593198656787, "trackers": 13.986274718831618, "companies": 11.000559671659293}