{"id": "dtf.ru", "month": "2019-04", "country": "global", "site": "dtf.ru", "category": "Entertainment", "popularity": 0.0003318952471658361, "cookies": 0.6560169491525424, "bad_qs": 0.01336864406779661, "tracked": 0.6569491525423728, "https": 0.997457627118644, "requests": 152.5675847457627, "requests_tracking": 9.159618644067796, "content_length": 6902903.467944915, "requests_failed": 44.55146186440678, "has_blocking": 0.3822669491525424, "script": 0.9972669491525423, "iframe": 0.14334745762711865, "beacon": 0.08641949152542373, "image": 0.9948516949152543, "stylesheet": 0.9989618644067797, "font": 0.9022669491525424, "xhr": 0.9684322033898305, "plugin": 2.1186440677966103e-05, "media": 0.26523305084745763, "referer_leaked": 0.9986228813559322, "referer_leaked_header": 0.06832627118644068, "referer_leaked_url": 0.0, "hosts": 10.252796610169492, "trackers": 8.52802966101695, "companies": 4.637711864406779}