{"id": "dtvideo.com", "month": "2019-04", "country": "global", "site": "dtvideo.com", "category": "Adult", "popularity": 5.885515294021288e-06, "cookies": 0.5113500597371565, "bad_qs": 0.015531660692951015, "tracked": 0.5197132616487455, "https": 0.977299880525687, "requests": 72.77538829151733, "requests_tracking": 24.462365591397848, "content_length": 13030360.512544803, "requests_failed": 14.391875746714456, "has_blocking": 0.5424133811230586, "script": 0.985663082437276, "iframe": 0.11589008363201912, "beacon": 0.0, "image": 0.6905615292712067, "stylesheet": 0.5770609318996416, "font": 0.11230585424133811, "xhr": 0.3058542413381123, "plugin": 0.0, "media": 0.0, "referer_leaked": 0.7216248506571087, "referer_leaked_header": 0.7216248506571087, "referer_leaked_url": 0.0, "hosts": 4.039426523297491, "trackers": 3.5005973715651133, "companies": 2.967741935483871}