{"id": "duden.de", "month": "2019-04", "country": "global", "site": "duden.de", "category": "Reference", "popularity": 0.0007505051593327122, "cookies": 0.5520462466739122, "bad_qs": 0.1213506727129633, "tracked": 0.5556815200689578, "https": 0.9934321478094666, "requests": 80.71408762133193, "requests_tracking": 29.620835363339953, "content_length": 307146.529794251, "requests_failed": 27.297764494247275, "has_blocking": 0.5105685267773489, "script": 0.9847374732976052, "iframe": 0.5019675448787617, "beacon": 0.16047670801633998, "image": 0.7544785069145149, "stylesheet": 0.7674174568077052, "font": 0.40194131094704494, "xhr": 0.5384795562717836, "plugin": 0.0014522355057527264, "media": 0.004581568789116666, "referer_leaked": 0.9349117415582956, "referer_leaked_header": 0.9317543004909493, "referer_leaked_url": 0.0, "hosts": 18.18848143012405, "trackers": 14.52954128096541, "companies": 10.159277442566427}