{"id": "dwatchseries.to", "month": "2019-04", "country": "global", "site": "dwatchseries.to", "category": "Entertainment", "popularity": 3.797106641304057e-07, "cookies": 0.07407407407407407, "bad_qs": 0.0, "tracked": 0.07407407407407407, "https": 0.8888888888888888, "requests": 2.2962962962962963, "requests_tracking": 0.2777777777777778, "content_length": 8650.925925925925, "requests_failed": 1.8703703703703705, "has_blocking": 0.7407407407407407, "script": 0.2962962962962963, "iframe": 0.018518518518518517, "beacon": 0.0, "image": 0.7592592592592593, "stylesheet": 0.18518518518518517, "font": 0.018518518518518517, "xhr": 0.0, "plugin": 0.0, "media": 0.0, "referer_leaked": 0.07407407407407407, "referer_leaked_header": 0.07407407407407407, "referer_leaked_url": 0.0, "hosts": 1.2407407407407407, "trackers": 1.2037037037037037, "companies": 1.1296296296296295}