{"id": "dzone.com", "month": "2019-04", "country": "global", "site": "dzone.com", "category": "Entertainment", "popularity": 0.00024489228332721556, "cookies": 0.5775691274011543, "bad_qs": 0.034542165561202515, "tracked": 0.5778562609469664, "https": 0.8652769403049358, "requests": 33.57197002325782, "requests_tracking": 6.169839492347891, "content_length": 533568.1313061705, "requests_failed": 14.855973813420622, "has_blocking": 0.5380021247882391, "script": 0.98748097740259, "iframe": 0.1448301605076521, "beacon": 0.001349527665317139, "image": 0.8504034226318661, "stylesheet": 0.11008700146438108, "font": 0.09966405375139978, "xhr": 0.6567892726907285, "plugin": 0.00028713354581215726, "media": 0.0008039739282740402, "referer_leaked": 0.35630401699830594, "referer_leaked_header": 0.06549516179975307, "referer_leaked_url": 0.0, "hosts": 13.41215149165877, "trackers": 10.802251126999167, "companies": 8.281448301605076}