{"id": "e-recht24.de", "month": "2019-04", "country": "global", "site": "e-recht24.de", "category": "Business", "popularity": 4.934832297902198e-05, "cookies": 0.5176688515246509, "bad_qs": 0.0008549444286121402, "tracked": 0.518096323738957, "https": 0.9948703334283272, "requests": 13.072955257908236, "requests_tracking": 2.927187232829866, "content_length": 367640.25377600454, "requests_failed": 4.027928184667997, "has_blocking": 0.22171558848674836, "script": 0.9893131946423482, "iframe": 0.3248788828726133, "beacon": 0.0009974351667141636, "image": 0.6343687660302081, "stylesheet": 0.786406383585067, "font": 0.29495582787118835, "xhr": 0.12225705329153605, "plugin": 0.00014249073810202338, "media": 0.04830436021658592, "referer_leaked": 0.9011114277571958, "referer_leaked_header": 0.8989740666856655, "referer_leaked_url": 0.0, "hosts": 3.1104303220290683, "trackers": 3.0465944713593616, "companies": 1.9592476489028212}