{"id": "ea.com", "month": "2019-04", "country": "global", "site": "ea.com", "category": "Entertainment", "popularity": 0.0008711054852679083, "cookies": 0.6119725870377695, "bad_qs": 0.014739714085064134, "tracked": 0.6135870135531106, "https": 0.9839364561723561, "requests": 54.598823083070315, "requests_tracking": 7.966557154734709, "content_length": 1190974.188508512, "requests_failed": 16.55101184181849, "has_blocking": 0.31553159029083894, "script": 0.9673724401249566, "iframe": 0.2834690796961649, "beacon": 0.004770630352832915, "image": 0.8987673853555371, "stylesheet": 0.6484182656215945, "font": 0.3647877432738955, "xhr": 0.21746325161644456, "plugin": 0.0014610559963836847, "media": 0.0010978100304319398, "referer_leaked": 0.9484594334977358, "referer_leaked_header": 0.9364158116932912, "referer_leaked_url": 0.0, "hosts": 7.687479315160272, "trackers": 7.102193198421091, "companies": 5.466585407198727}