{"id": "easeus.com", "month": "2019-04", "country": "global", "site": "easeus.com", "category": "Business", "popularity": 0.00020911510075137288, "cookies": 0.6271898853357544, "bad_qs": 0.012441575036147819, "tracked": 0.62877030162413, "https": 0.9668112579441138, "requests": 37.05181747873163, "requests_tracking": 3.9050741450620396, "content_length": 215244.32610376945, "requests_failed": 23.98207740677225, "has_blocking": 0.4623894549245099, "script": 0.9705773563334342, "iframe": 0.5472275463196477, "beacon": 0.04075456471300313, "image": 0.5845522714280911, "stylesheet": 0.11177242005447392, "font": 0.37156595716063084, "xhr": 0.6756111503413027, "plugin": 0.0014122868959951579, "media": 0.04172971518880931, "referer_leaked": 0.8769292847775648, "referer_leaked_header": 0.871683647735297, "referer_leaked_url": 0.0, "hosts": 6.848380913951377, "trackers": 5.985709001647668, "companies": 3.5439994619859445}