{"id": "easports.com", "month": "2019-04", "country": "global", "site": "easports.com", "category": "Entertainment", "popularity": 0.00020133103213669954, "cookies": 0.9576697401508801, "bad_qs": 0.0214445375803297, "tracked": 0.957809443978765, "https": 0.9867979882648784, "requests": 271.5234003911707, "requests_tracking": 7.282865325509919, "content_length": 1141822.0156119028, "requests_failed": 25.769977647387538, "has_blocking": 0.09045822855546241, "script": 0.9887189158982956, "iframe": 0.1723595976529757, "beacon": 0.0020257055043308185, "image": 0.9824322436434758, "stylesheet": 0.9591366303436715, "font": 0.10128527521654093, "xhr": 0.8638586197261805, "plugin": 0.0006286672254819782, "media": 0.005169041631740709, "referer_leaked": 0.9573554065381391, "referer_leaked_header": 0.8970732048058117, "referer_leaked_url": 0.0, "hosts": 5.472897457390332, "trackers": 4.240954177144454, "companies": 3.769872869516625}