{"id": "eastday.com", "month": "2019-04", "country": "global", "site": "eastday.com", "category": "News and Portals", "popularity": 0.0005316019614615334, "cookies": 0.577598179918255, "bad_qs": 0.09338500813481303, "tracked": 0.5792912792158834, "https": 0.29540614542135685, "requests": 86.06527691432653, "requests_tracking": 36.78682821655798, "content_length": 833837.3387389056, "requests_failed": 21.944577452679198, "has_blocking": 0.3470456739990212, "script": 0.9985979021441516, "iframe": 0.39457150037697913, "beacon": 0.0015079165619502387, "image": 0.6063279586248859, "stylesheet": 0.36682054470178965, "font": 0.00465602306847793, "xhr": 0.1859896033121255, "plugin": 0.009682411608312059, "media": 0.007169217338394995, "referer_leaked": 0.9947619740479623, "referer_leaked_header": 0.9930027380590204, "referer_leaked_url": 0.0, "hosts": 6.548061533577598, "trackers": 3.3536857978069072, "companies": 3.329109403314771}