{"id": "eastmoney.com", "month": "2019-04", "country": "global", "site": "eastmoney.com", "category": "Business", "popularity": 0.0005680401218601215, "cookies": 0.3231125360533776, "bad_qs": 0.0007179728408204697, "tracked": 0.3232858398425411, "https": 0.0018320686283005087, "requests": 77.2281668172759, "requests_tracking": 3.891313766510281, "content_length": 913988.1328744909, "requests_failed": 6.857086268150478, "has_blocking": 0.0714135399774705, "script": 0.9977965661092062, "iframe": 0.16528229949370535, "beacon": 0.00025995568374534244, "image": 0.9661438669026899, "stylesheet": 0.9760964559375116, "font": 0.003082331678694775, "xhr": 0.00512484062240818, "plugin": 0.0019310993649654011, "media": 2.4757684166223092e-05, "referer_leaked": 0.9900226532810121, "referer_leaked_header": 0.9872250349702288, "referer_leaked_url": 0.0, "hosts": 1.7055073468427764, "trackers": 1.3179629377468032, "companies": 1.3134446603864673}