{"id": "eatsmarter.de", "month": "2019-04", "country": "global", "site": "eatsmarter.de", "category": "Reference", "popularity": 9.320490468608384e-05, "cookies": 0.8706903055450773, "bad_qs": 0.13579781214635986, "tracked": 0.8725763862693323, "https": 0.9914749151263674, "requests": 72.04488872123727, "requests_tracking": 19.839984911354207, "content_length": 475209.28743870236, "requests_failed": 28.711655978875896, "has_blocking": 0.44858543945680873, "script": 0.9893625047152018, "iframe": 0.395850622406639, "beacon": 0.12267069030554507, "image": 0.8447378347793285, "stylesheet": 0.9986420218785365, "font": 0.6110147114296491, "xhr": 0.5364768012070916, "plugin": 0.008449641644662392, "media": 0.0012825348924933987, "referer_leaked": 0.9913994718973972, "referer_leaked_header": 0.9594869860430026, "referer_leaked_url": 0.0, "hosts": 20.19313466616371, "trackers": 16.87144473783478, "companies": 11.723123349679366}