{"id": "ebates.com", "month": "2019-04", "country": "global", "site": "ebates.com", "category": "Business", "popularity": 0.00021041596135996777, "cookies": 0.9428552332575859, "bad_qs": 0.11348750167089962, "tracked": 0.9429220692420799, "https": 0.9903087822483625, "requests": 44.20685737200909, "requests_tracking": 18.143864456623447, "content_length": 241135.55029407833, "requests_failed": 13.005781312658735, "has_blocking": 0.3524595642293811, "script": 0.9746691618767545, "iframe": 0.8311388851757786, "beacon": 0.0643630530677717, "image": 0.9600989172570512, "stylesheet": 0.11699639085683732, "font": 0.0653990108274295, "xhr": 0.6501136211736399, "plugin": 0.005112952813794947, "media": 0.0002673439379762064, "referer_leaked": 0.932662745622243, "referer_leaked_header": 0.5687408100521321, "referer_leaked_url": 0.0, "hosts": 14.892728244887047, "trackers": 11.522657398743483, "companies": 8.687441518513568}