{"id": "ebaumsworld.com", "month": "2019-04", "country": "global", "site": "ebaumsworld.com", "category": "Entertainment", "popularity": 0.00047462426680507634, "cookies": 0.8294023526623011, "bad_qs": 0.04976443746481377, "tracked": 0.829446798423657, "https": 0.9646656197220659, "requests": 129.70511718865745, "requests_tracking": 28.210732169842068, "content_length": 5394705.480473495, "requests_failed": 49.59843254614952, "has_blocking": 0.4938961154404575, "script": 0.9966073068831669, "iframe": 0.7125988918190168, "beacon": 0.287993718332395, "image": 0.9764733769889479, "stylesheet": 0.8649145159856588, "font": 0.5734688435212896, "xhr": 0.9749474058490621, "plugin": 0.003985303268244985, "media": 0.041764200420753204, "referer_leaked": 0.9882366884944739, "referer_leaked_header": 0.9778067498296246, "referer_leaked_url": 0.0, "hosts": 31.946042845713947, "trackers": 26.089928590476756, "companies": 20.682049838513734}