{"id": "ebay.es", "month": "2019-04", "country": "global", "site": "ebay.es", "category": "E-Commerce", "popularity": 0.0008812451663359832, "cookies": 0.5773628565729104, "bad_qs": 0.009615000997406743, "tracked": 0.5774027528426092, "https": 0.9453341312587273, "requests": 78.30254139237981, "requests_tracking": 8.863315380011969, "content_length": 1026847.9642210254, "requests_failed": 21.29279074406543, "has_blocking": 0.4339836425294235, "script": 0.99672052663076, "iframe": 0.42207061639736687, "beacon": 0.007340913624576102, "image": 0.9748334330740076, "stylesheet": 0.9929862357869539, "font": 0.17886295631358468, "xhr": 0.04054258926790345, "plugin": 0.0015320167564332734, "media": 0.00038300418910831835, "referer_leaked": 0.9898902852583283, "referer_leaked_header": 0.9895950528625573, "referer_leaked_url": 0.0, "hosts": 4.285282266108119, "trackers": 2.074614003590664, "companies": 1.9427328944743667}