{"id": "ebay.de", "month": "2019-04", "country": "global", "site": "ebay.de", "category": "E-Commerce", "popularity": 0.04483319753520526, "cookies": 0.697793468141222, "bad_qs": 0.060929081564795366, "tracked": 0.6982283879516077, "https": 0.8831025576358932, "requests": 132.56716021360475, "requests_tracking": 45.161754723420486, "content_length": 1180962.9031625085, "requests_failed": 40.91460875724291, "has_blocking": 0.36581226019026686, "script": 0.9977894843824108, "iframe": 0.4903119377253804, "beacon": 0.06662789559666042, "image": 0.9932053386132254, "stylesheet": 0.9959941266220486, "font": 0.22307590723049087, "xhr": 0.1397199888078335, "plugin": 0.0029108102275322277, "media": 0.000924420253304324, "referer_leaked": 0.9849300991485421, "referer_leaked_header": 0.981903226656428, "referer_leaked_url": 0.0, "hosts": 6.076885133490425, "trackers": 3.668419050020954, "companies": 3.114889094664147}