{"id": "ebay-kleinanzeigen.de", "month": "2019-04", "country": "global", "site": "ebay-kleinanzeigen.de", "category": "E-Commerce", "popularity": 0.028495541486603534, "cookies": 0.9353889941201031, "bad_qs": 0.1474107527985526, "tracked": 0.9360012160538854, "https": 0.9970188419258267, "requests": 71.70616579789224, "requests_tracking": 15.081457103008253, "content_length": 507529.3956710653, "requests_failed": 26.471216685601703, "has_blocking": 0.4428119074575097, "script": 0.9991452088760089, "iframe": 0.5026512343637877, "beacon": 0.22057411167362379, "image": 0.9813984224859419, "stylesheet": 0.06754774640143794, "font": 0.019309297185999982, "xhr": 0.47473406224182296, "plugin": 0.0027573429617426684, "media": 0.0011230237890541331, "referer_leaked": 0.9911325291453175, "referer_leaked_header": 0.9863921892227224, "referer_leaked_url": 0.0, "hosts": 14.023751792741777, "trackers": 11.28234979711049, "companies": 6.62395236266833}