{"id": "ebay.ca", "month": "2019-04", "country": "global", "site": "ebay.ca", "category": "E-Commerce", "popularity": 0.0018730845794394297, "cookies": 0.7360517760475715, "bad_qs": 0.014903633182920512, "tracked": 0.73631080644798, "https": 0.9837148713482344, "requests": 80.351425418015, "requests_tracking": 13.812142894683495, "content_length": 1033997.7230777317, "requests_failed": 21.931672285248784, "has_blocking": 0.447709645691461, "script": 0.9973045822102425, "iframe": 0.46046220033185925, "beacon": 0.01106698000585634, "image": 0.9793301248601611, "stylesheet": 0.9967602429630075, "font": 0.15110482096869862, "xhr": 0.049655001539166146, "plugin": 0.0018958022058878736, "media": 0.0007282883721628663, "referer_leaked": 0.9881784531755625, "referer_leaked_header": 0.9877317195864523, "referer_leaked_url": 0.0, "hosts": 4.762698120715675, "trackers": 2.453986440321648, "companies": 2.239389138742689}