{"id": "ebay.it", "month": "2019-04", "country": "global", "site": "ebay.it", "category": "E-Commerce", "popularity": 0.002512257165713314, "cookies": 0.6222762730318493, "bad_qs": 0.013712049754112355, "tracked": 0.6225421731597612, "https": 0.9856917741696218, "requests": 81.45793599923869, "requests_tracking": 12.092586424538943, "content_length": 969241.1274473307, "requests_failed": 23.522838022038922, "has_blocking": 0.4370950271078183, "script": 0.9974333640284709, "iframe": 0.4267305200166817, "beacon": 0.010963482116117187, "image": 0.9773145206660379, "stylesheet": 0.9935708148019604, "font": 0.19872535875525152, "xhr": 0.0686554130268671, "plugin": 0.001332299588274644, "media": 0.0009684362553424934, "referer_leaked": 0.9884879239357697, "referer_leaked_header": 0.9877573983211906, "referer_leaked_url": 0.0, "hosts": 4.580417995001078, "trackers": 2.34176003493088, "companies": 2.1223812336086567}