{"id": "ebay.nl", "month": "2019-04", "country": "global", "site": "ebay.nl", "category": "E-Commerce", "popularity": 0.00039447718995769927, "cookies": 0.5961853832442068, "bad_qs": 0.0033155080213903743, "tracked": 0.5962923351158645, "https": 0.982174688057041, "requests": 69.98409982174688, "requests_tracking": 10.038324420677363, "content_length": 968011.7835294118, "requests_failed": 19.983582887700535, "has_blocking": 0.49679144385026736, "script": 0.9986452762923351, "iframe": 0.35955436720142603, "beacon": 0.0069696969696969695, "image": 0.9584135472370766, "stylesheet": 0.9925490196078431, "font": 0.1228698752228164, "xhr": 0.032139037433155083, "plugin": 0.0058288770053475936, "media": 0.00030303030303030303, "referer_leaked": 0.9911051693404634, "referer_leaked_header": 0.9910873440285205, "referer_leaked_url": 0.0, "hosts": 3.6739928698752227, "trackers": 1.4986096256684491, "companies": 1.4076470588235295}