{"id": "ebook3000.com", "month": "2019-04", "country": "global", "site": "ebook3000.com", "category": "Business", "popularity": 0.0006688181447919173, "cookies": 0.15145876044787887, "bad_qs": 0.010692319823371708, "tracked": 0.15269936392787678, "https": 0.059033801188035535, "requests": 5.8747936708195345, "requests_tracking": 1.0214582347684382, "content_length": 44789.04404142354, "requests_failed": 3.7531199074804182, "has_blocking": 0.35809283498922356, "script": 0.9381590705987489, "iframe": 0.16314987120853702, "beacon": 0.05712032802397098, "image": 0.17642853388003996, "stylesheet": 0.08551753140934658, "font": 0.013163013194553961, "xhr": 0.06888503390632392, "plugin": 0.0011564947694895653, "media": 0.0, "referer_leaked": 0.3022446512116911, "referer_leaked_header": 0.30162434947169214, "referer_leaked_url": 0.0, "hosts": 2.4851285286232456, "trackers": 2.32020186090522, "companies": 2.248467644430426}