{"id": "eclipse.org", "month": "2019-04", "country": "global", "site": "eclipse.org", "category": "Business", "popularity": 0.0002087916435189655, "cookies": 0.31731384501397636, "bad_qs": 0.01562657865490183, "tracked": 0.31761694675512747, "https": 0.9588455191459266, "requests": 9.811032903377901, "requests_tracking": 1.879567574849291, "content_length": 106881.6985821574, "requests_failed": 3.3357356952817163, "has_blocking": 0.12989593506887145, "script": 0.8620550298050046, "iframe": 0.03835920924123531, "beacon": 0.00020206782743407536, "image": 0.2785505001178729, "stylesheet": 0.8746169130771563, "font": 0.5941467685986597, "xhr": 0.02407974943589398, "plugin": 0.001010339137170377, "media": 3.3677971239012565e-05, "referer_leaked": 0.881925032836022, "referer_leaked_header": 0.8784225238271647, "referer_leaked_url": 0.0, "hosts": 3.4411140672885865, "trackers": 3.3201091166268144, "companies": 1.3550331728016705}