{"id": "ecnavi.jp", "month": "2019-04", "country": "global", "site": "ecnavi.jp", "category": "Business", "popularity": 0.0004896087746802967, "cookies": 0.621838601732037, "bad_qs": 0.036608309755992476, "tracked": 0.6224274368438438, "https": 0.9953467664335263, "requests": 28.504861480130405, "requests_tracking": 7.993206853466228, "content_length": 262640.85585029225, "requests_failed": 13.185554869379137, "has_blocking": 0.47488833675623665, "script": 0.9976015740567867, "iframe": 0.22168923867928592, "beacon": 0.011489465596231456, "image": 0.7642792514613164, "stylesheet": 0.9195306553303939, "font": 0.3582989846184779, "xhr": 0.1860718953309684, "plugin": 7.180915997644659e-05, "media": 0.0011345847276278563, "referer_leaked": 0.9381148659322983, "referer_leaked_header": 0.9171322293871806, "referer_leaked_url": 0.0, "hosts": 9.957905470421807, "trackers": 7.0615691737638056, "companies": 3.9846184779330454}