{"id": "economist.com", "month": "2019-04", "country": "global", "site": "economist.com", "category": "News and Portals", "popularity": 0.00037622295136357825, "cookies": 0.8951480263157895, "bad_qs": 0.06535959928229665, "tracked": 0.8954096889952153, "https": 0.9797959031100478, "requests": 112.4178192284689, "requests_tracking": 29.63901764354067, "content_length": 579919.509961872, "requests_failed": 49.821415221291865, "has_blocking": 0.4926173744019139, "script": 0.9700396232057417, "iframe": 0.8034726375598086, "beacon": 0.1494654605263158, "image": 0.921575956937799, "stylesheet": 0.9083806818181818, "font": 0.06386438397129186, "xhr": 0.8902511961722488, "plugin": 0.0004298744019138756, "media": 0.010316985645933014, "referer_leaked": 0.9632363935406698, "referer_leaked_header": 0.9533119019138756, "referer_leaked_url": 0.0, "hosts": 30.574611244019138, "trackers": 25.82889129784689, "companies": 21.7110870215311}