{"id": "ed-protect.org", "month": "2019-04", "country": "global", "site": "ed-protect.org", "category": "News and Portals", "popularity": 0.0007432484666404423, "cookies": 0.9263103122043519, "bad_qs": 0.015364238410596026, "tracked": 0.9273320719016084, "https": 0.9457332071901609, "requests": 18.562109744560075, "requests_tracking": 4.837880794701987, "content_length": 349963.10564806056, "requests_failed": 7.4394512771996215, "has_blocking": 0.45151371807000945, "script": 0.999120151371807, "iframe": 0.38480605487228003, "beacon": 0.00013245033112582781, "image": 0.41922421948912014, "stylesheet": 0.3669063386944182, "font": 0.3005771050141911, "xhr": 0.25596026490066226, "plugin": 0.004739829706717124, "media": 0.0005203405865657521, "referer_leaked": 0.9903973509933774, "referer_leaked_header": 0.9897540208136235, "referer_leaked_url": 0.0, "hosts": 6.930993377483444, "trackers": 6.8506338694418165, "companies": 2.8360927152317883}