{"id": "edeka.de", "month": "2019-04", "country": "global", "site": "edeka.de", "category": "Business", "popularity": 8.331133238179716e-05, "cookies": 0.7489027683997299, "bad_qs": 0.05072586090479406, "tracked": 0.7494091829844699, "https": 0.9559419311276165, "requests": 31.27346387575962, "requests_tracking": 8.175810263335585, "content_length": 624937.836006077, "requests_failed": 8.63192099932478, "has_blocking": 0.27709318028359214, "script": 0.9911377447670493, "iframe": 0.5459149223497637, "beacon": 0.13293382849426064, "image": 0.7806380823767725, "stylesheet": 0.3187879810938555, "font": 0.29540850776502364, "xhr": 0.17083051991897366, "plugin": 0.0007596218771100607, "media": 0.00033760972316002703, "referer_leaked": 0.8469783929777177, "referer_leaked_header": 0.8306043214044565, "referer_leaked_url": 0.0, "hosts": 7.668804861580013, "trackers": 6.153106009453072, "companies": 3.8570222822417284}