{"id": "edf.fr", "month": "2019-04", "country": "global", "site": "edf.fr", "category": "Business", "popularity": 0.0006600496411220912, "cookies": 0.7442152810329399, "bad_qs": 0.07336898623599096, "tracked": 0.7473579920739762, "https": 0.9977415093535603, "requests": 37.67942216729876, "requests_tracking": 4.769463501938893, "content_length": 230079.15390761493, "requests_failed": 16.13643627221204, "has_blocking": 0.5138598883538587, "script": 0.9921378957685261, "iframe": 0.6816913112029659, "beacon": 0.18752929645885713, "image": 0.8161247709549581, "stylesheet": 0.7787957557421059, "font": 0.15384369540205395, "xhr": 0.34663570119742615, "plugin": 0.001576682149401287, "media": 3.195977329867473e-05, "referer_leaked": 0.91824689990199, "referer_leaked_header": 0.7822047982272979, "referer_leaked_url": 0.0, "hosts": 12.403119273873951, "trackers": 10.717933694123664, "companies": 8.26382792858056}