{"id": "edx.org", "month": "2019-04", "country": "global", "site": "edx.org", "category": "Business", "popularity": 0.000837697978503398, "cookies": 0.9500889769331498, "bad_qs": 0.09587684249404023, "tracked": 0.9502820400899842, "https": 0.9849578618675083, "requests": 131.41299566867005, "requests_tracking": 28.858644192996003, "content_length": 7709869.255162341, "requests_failed": 35.17457106402981, "has_blocking": 0.5041550548970889, "script": 0.9926132357385086, "iframe": 0.3704881979652822, "beacon": 0.04126515126078636, "image": 0.9244451532753585, "stylesheet": 0.9729207937413961, "font": 0.6694926636000403, "xhr": 0.8513497632877817, "plugin": 0.002249605479636034, "media": 0.012649833797804117, "referer_leaked": 0.9656935164355505, "referer_leaked_header": 0.9539166638686499, "referer_leaked_url": 0.0, "hosts": 14.025089816338179, "trackers": 10.896954638552193, "companies": 8.492025652217707}