{"id": "egy.best", "month": "2019-04", "country": "global", "site": "egy.best", "category": "Entertainment", "popularity": 0.0002862596506805336, "cookies": 0.7685335298452469, "bad_qs": 0.010759027266028003, "tracked": 0.769319577499386, "https": 0.9937607467452715, "requests": 112.34755588307542, "requests_tracking": 8.231515598133138, "content_length": 88040057.57710636, "requests_failed": 18.653009088676, "has_blocking": 0.19169737165315648, "script": 0.9932694669614346, "iframe": 0.8831245394252026, "beacon": 0.030041758781626137, "image": 0.8028248587570621, "stylesheet": 0.32461311717022845, "font": 0.07352001965119136, "xhr": 0.5643576516826333, "plugin": 9.825595676737903e-05, "media": 0.0005404077622205846, "referer_leaked": 0.9549987718005404, "referer_leaked_header": 0.93701793171211, "referer_leaked_url": 0.0, "hosts": 5.787472365512159, "trackers": 4.526750184229919, "companies": 2.60665684107099}