{"id": "ehorses.de", "month": "2019-04", "country": "global", "site": "ehorses.de", "category": "E-Commerce", "popularity": 4.972100196418701e-05, "cookies": 0.9377740065054447, "bad_qs": 0.07269127421863951, "tracked": 0.9377740065054447, "https": 0.9961815867628341, "requests": 59.814311978503746, "requests_tracking": 24.13463442228822, "content_length": 868830.5934097016, "requests_failed": 15.157686324423702, "has_blocking": 0.3003818413237166, "script": 0.9984443501626361, "iframe": 0.8537689152877952, "beacon": 0.1091783340404469, "image": 0.6823645877527931, "stylesheet": 0.6075519728468392, "font": 0.3189082166595955, "xhr": 0.6074105501343515, "plugin": 0.007071135624381276, "media": 0.1303917409135907, "referer_leaked": 0.961108754065903, "referer_leaked_header": 0.9595531042285391, "referer_leaked_url": 0.0, "hosts": 12.94343091500495, "trackers": 10.265733276764248, "companies": 6.651675859142978}