{"id": "ekino-tv.pl", "month": "2019-04", "country": "global", "site": "ekino-tv.pl", "category": "Entertainment", "popularity": 0.0002792068766782596, "cookies": 0.5319716926486514, "bad_qs": 0.010879693756768328, "tracked": 0.5339864507517567, "https": 0.9991437278061802, "requests": 32.64809731281638, "requests_tracking": 5.698718110156899, "content_length": 822624502.7678747, "requests_failed": 14.9770317576246, "has_blocking": 0.2866497091192989, "script": 0.9839574886040244, "iframe": 0.231596443951948, "beacon": 0.01070340242274662, "image": 0.39564812249729264, "stylesheet": 0.9907321127257158, "font": 0.32090059687208805, "xhr": 0.1511824111617599, "plugin": 0.006119827738182184, "media": 0.13428362757196463, "referer_leaked": 0.9684186667338253, "referer_leaked_header": 0.9668320447276298, "referer_leaked_url": 0.0, "hosts": 4.80607953257612, "trackers": 3.7513032966479463, "companies": 3.0572946835570556}