{"id": "eldorado.ru", "month": "2019-04", "country": "global", "site": "eldorado.ru", "category": "E-Commerce", "popularity": 0.00030907744892318486, "cookies": 0.7921510635877602, "bad_qs": 0.10558525764986919, "tracked": 0.8225457854624048, "https": 0.9961096576043681, "requests": 68.33770902058924, "requests_tracking": 17.564622909794107, "content_length": 320039.4724604709, "requests_failed": 28.169468774883402, "has_blocking": 0.5243317028779434, "script": 0.9941531111363895, "iframe": 0.8059378910249119, "beacon": 0.04347628256171084, "image": 0.7988624729837334, "stylesheet": 0.3330451598225458, "font": 0.09307246047093619, "xhr": 0.9123876692071436, "plugin": 0.00175179160505062, "media": 0.0003412581048799909, "referer_leaked": 0.8906381526561256, "referer_leaked_header": 0.8059151404845865, "referer_leaked_url": 0.0, "hosts": 16.5400068251621, "trackers": 13.938391536799, "companies": 10.26024343078148}