{"id": "eleconomista.es", "month": "2019-04", "country": "global", "site": "eleconomista.es", "category": "News and Portals", "popularity": 0.00027824353666000285, "cookies": 0.7185494061157442, "bad_qs": 0.05324740965377812, "tracked": 0.7188273944907758, "https": 0.916173869092747, "requests": 185.21662875916098, "requests_tracking": 24.437048268890575, "content_length": 3360689.7243366186, "requests_failed": 57.45802375537023, "has_blocking": 0.511751326762699, "script": 0.9957038160222391, "iframe": 0.2866818296689411, "beacon": 0.006570634318928481, "image": 0.9982815264088957, "stylesheet": 0.9924943138741471, "font": 0.8597422289613343, "xhr": 0.577407126611069, "plugin": 0.0007834217841799343, "media": 0.007278241091736163, "referer_leaked": 0.9977508213292898, "referer_leaked_header": 0.9922921405104878, "referer_leaked_url": 0.0, "hosts": 20.02840535759414, "trackers": 16.88129896386151, "companies": 10.948395248925953}