{"id": "elektroda.pl", "month": "2019-04", "country": "global", "site": "elektroda.pl", "category": "Entertainment", "popularity": 0.0002998589177995745, "cookies": 0.22096895225588595, "bad_qs": 0.009966232060782291, "tracked": 0.22359534752837446, "https": 0.9942078604258512, "requests": 13.037402682675172, "requests_tracking": 1.2307944845699277, "content_length": 388881.05074570864, "requests_failed": 7.660726010693181, "has_blocking": 0.5013600975518244, "script": 0.988298471062752, "iframe": 0.05695994747209455, "beacon": 0.006659788012381577, "image": 0.402471625551074, "stylesheet": 0.07360941750304849, "font": 0.28988837820091923, "xhr": 0.04600881718412907, "plugin": 0.001149047931713723, "media": 4.689991558015196e-05, "referer_leaked": 0.4133758559234593, "referer_leaked_header": 0.3216630710064722, "referer_leaked_url": 0.0, "hosts": 4.265758371634931, "trackers": 4.045211518619267, "companies": 1.7010130381765314}