{"id": "elespanol.com", "month": "2019-04", "country": "global", "site": "elespanol.com", "category": "News and Portals", "popularity": 0.0004975123818373814, "cookies": 0.7377213687052139, "bad_qs": 0.05078229898378867, "tracked": 0.7383008494339462, "https": 0.9846932285556796, "requests": 101.944383983718, "requests_tracking": 16.83561121083205, "content_length": 2624459.316877023, "requests_failed": 30.24001809110568, "has_blocking": 0.4943818636665583, "script": 0.9907848430455246, "iframe": 0.46905431571806144, "beacon": 0.017511624948765424, "image": 0.9825307760801663, "stylesheet": 0.652424632171074, "font": 0.6944581855186353, "xhr": 0.6111684310205928, "plugin": 0.0012437635153279719, "media": 0.17008466072110018, "referer_leaked": 0.9688917784404901, "referer_leaked_header": 0.9527511200938477, "referer_leaked_url": 0.0, "hosts": 14.151527143725355, "trackers": 10.959634220457083, "companies": 7.3942023659774145}