{"id": "elperiodico.com", "month": "2019-04", "country": "global", "site": "elperiodico.com", "category": "News and Portals", "popularity": 0.0005052894187730894, "cookies": 0.8461570575710767, "bad_qs": 0.07631611906650523, "tracked": 0.846379715832394, "https": 0.9958947383069623, "requests": 84.35704643816362, "requests_tracking": 28.770202758179213, "content_length": 793753.9890897452, "requests_failed": 24.970803935484767, "has_blocking": 0.5084679720007237, "script": 0.9960199835789533, "iframe": 0.9498740589209425, "beacon": 0.017645667209396178, "image": 0.7175162470950055, "stylesheet": 0.6101532167160689, "font": 0.3411681209034359, "xhr": 0.7526405878178098, "plugin": 0.001767349949206084, "media": 0.018313641993348083, "referer_leaked": 0.9910380049819786, "referer_leaked_header": 0.9888114223688056, "referer_leaked_url": 0.0, "hosts": 20.713397069260637, "trackers": 15.107571772498922, "companies": 12.217843276416316}