{"id": "elsevier.com", "month": "2019-04", "country": "global", "site": "elsevier.com", "category": "Business", "popularity": 0.00042619709377051887, "cookies": 0.6615630826087674, "bad_qs": 0.07858309547771856, "tracked": 0.6695319331474485, "https": 0.9659797726485292, "requests": 31.212172707924303, "requests_tracking": 7.0159377010773625, "content_length": 791579.7702892214, "requests_failed": 11.183696028773655, "has_blocking": 0.31698866542376797, "script": 0.9826599132170728, "iframe": 0.3916780782366237, "beacon": 0.04235204830806289, "image": 0.6064575737077428, "stylesheet": 0.48718879411327976, "font": 0.22857237135173483, "xhr": 0.7156786721882167, "plugin": 0.0011384072198115853, "media": 0.0010889112537328207, "referer_leaked": 0.9001831350744914, "referer_leaked_header": 0.8819851182128656, "referer_leaked_url": 0.0, "hosts": 7.378644140502549, "trackers": 5.882991536189801, "companies": 4.216049891933808}