{"id": "elvenar.com", "month": "2019-04", "country": "global", "site": "elvenar.com", "category": "Entertainment", "popularity": 0.0006342504109981197, "cookies": 0.21735274226986995, "bad_qs": 0.001563210235146731, "tracked": 0.21781837936119025, "https": 0.988403419106642, "requests": 483.9052982849034, "requests_tracking": 0.8045100278273595, "content_length": 24216512.07644209, "requests_failed": 116.41519307309393, "has_blocking": 0.09034468231355115, "script": 0.5269570616082219, "iframe": 0.20180933269770174, "beacon": 0.00025499174048492775, "image": 0.8645439528154414, "stylesheet": 0.9814853823213118, "font": 0.32472643820884933, "xhr": 0.23860574950941807, "plugin": 0.3994168449761084, "media": 0.1599906872581736, "referer_leaked": 0.9443120211975743, "referer_leaked_header": 0.9439239902881407, "referer_leaked_url": 0.0, "hosts": 3.4777103959023936, "trackers": 2.8442443929533585, "companies": 2.4075987538664507}