{"id": "emp.de", "month": "2019-04", "country": "global", "site": "emp.de", "category": "Business", "popularity": 0.00024247338576312554, "cookies": 0.9196415625090625, "bad_qs": 0.1344430588985877, "tracked": 0.9201925586520895, "https": 0.9977670156308905, "requests": 49.41249311254821, "requests_tracking": 12.030043789693472, "content_length": 276841.60313777806, "requests_failed": 21.472145694980135, "has_blocking": 0.40199518603369777, "script": 0.9931850477046661, "iframe": 0.453121828147203, "beacon": 0.1427370008409941, "image": 0.8441260911173621, "stylesheet": 0.6553954122321144, "font": 0.23724733926862512, "xhr": 0.9808021343850593, "plugin": 0.0020879853841023113, "media": 0.002406983151117942, "referer_leaked": 0.9758141693008149, "referer_leaked_header": 0.8755038714728997, "referer_leaked_url": 0.0, "hosts": 18.101905286662994, "trackers": 14.779833541165212, "companies": 11.155554911115622}