{"id": "empik.com", "month": "2019-04", "country": "global", "site": "empik.com", "category": "E-Commerce", "popularity": 0.00035846093029703375, "cookies": 0.9510573188434227, "bad_qs": 0.03868335360351524, "tracked": 0.9518615873514065, "https": 0.9983129977637413, "requests": 46.83494840911766, "requests_tracking": 21.66114794617286, "content_length": 487808.9129428381, "requests_failed": 15.41551257405155, "has_blocking": 0.3679038016399231, "script": 0.9974302640354663, "iframe": 0.7321785868413826, "beacon": 0.11189140413511711, "image": 0.9580014908391855, "stylesheet": 0.06587155243438346, "font": 0.02705088469535878, "xhr": 0.380203224920554, "plugin": 0.0005100239318921888, "media": 0.006689160029816784, "referer_leaked": 0.9864647494997842, "referer_leaked_header": 0.9837380830946683, "referer_leaked_url": 0.0, "hosts": 9.990093765938248, "trackers": 9.3839891717996, "companies": 5.286751147553847}