{"id": "empornium.me", "month": "2019-04", "country": "global", "site": "empornium.me", "category": "Adult", "popularity": 0.00043418508107518814, "cookies": 0.9154614799099552, "bad_qs": 0.00030770725703273033, "tracked": 0.9155910408602848, "https": 0.9988825368034074, "requests": 4.166421040698333, "requests_tracking": 3.5070043888771925, "content_length": 9069043.074303204, "requests_failed": 0.5483505271511167, "has_blocking": 0.001749072829449204, "script": 0.05572740376050658, "iframe": 0.002364487343514665, "beacon": 3.239023758239267e-05, "image": 0.9282232335174179, "stylesheet": 0.08014964289763066, "font": 0.010721168639771973, "xhr": 0.002477853175053039, "plugin": 1.6195118791196335e-05, "media": 9.7170712747178e-05, "referer_leaked": 0.013199021814825011, "referer_leaked_header": 0.0022187312743938976, "referer_leaked_url": 0.0, "hosts": 1.0761980339125787, "trackers": 1.062610329246765, "companies": 1.050804087647983}