{"id": "emulator.games", "month": "2019-04", "country": "global", "site": "emulator.games", "category": "Entertainment", "popularity": 2.930100624872964e-05, "cookies": 0.13054955603551716, "bad_qs": 0.007679385649148068, "tracked": 0.13582913366930646, "https": 0.9978401727861771, "requests": 11.64962802975762, "requests_tracking": 0.8334533237341013, "content_length": 110468.86273098152, "requests_failed": 3.839452843772498, "has_blocking": 0.2371010319174466, "script": 0.9865610751139908, "iframe": 0.09599232061435085, "beacon": 0.021358291336693064, "image": 0.28581713462922964, "stylesheet": 0.9812814974802015, "font": 0.4742020638348932, "xhr": 0.005279577633789297, "plugin": 0.0064794816414686825, "media": 0.0, "referer_leaked": 0.9757619390448764, "referer_leaked_header": 0.9733621310295176, "referer_leaked_url": 0.0, "hosts": 5.762419006479481, "trackers": 5.6707463402927765, "companies": 3.918406527477802}