{"id": "engelslose.de", "month": "2019-04", "country": "global", "site": "engelslose.de", "category": "Entertainment", "popularity": 3.167771373902736e-05, "cookies": 0.20754716981132076, "bad_qs": 0.050610432852386235, "tracked": 0.20754716981132076, "https": 0.0011098779134295228, "requests": 14.510099889012208, "requests_tracking": 5.856159822419534, "content_length": 140254.887236404, "requests_failed": 4.2834628190899, "has_blocking": 0.07214206437291898, "script": 0.16892341842397338, "iframe": 0.9076581576026637, "beacon": 0.004661487236403996, "image": 0.2690344062153163, "stylesheet": 0.14783573806881242, "font": 0.06748057713651498, "xhr": 0.042841287458379576, "plugin": 0.0, "media": 0.00244173140954495, "referer_leaked": 0.34162042175360713, "referer_leaked_header": 0.34162042175360713, "referer_leaked_url": 0.0, "hosts": 2.565593784683685, "trackers": 1.604439511653718, "companies": 1.2517203107658157}