{"id": "engelhorn.de", "month": "2019-04", "country": "global", "site": "engelhorn.de", "category": "E-Commerce", "popularity": 4.0045411707827044e-05, "cookies": 0.9747146619841967, "bad_qs": 0.11185250219490782, "tracked": 0.9747146619841967, "https": 0.9936786654960492, "requests": 41.95013169446883, "requests_tracking": 12.967164179104477, "content_length": 115322.76101843723, "requests_failed": 13.044951712028094, "has_blocking": 0.27146619841966635, "script": 0.9928007023705004, "iframe": 0.9587357330992098, "beacon": 0.009833187006145742, "image": 0.9457418788410886, "stylesheet": 0.873748902546093, "font": 0.020719929762949955, "xhr": 0.9536435469710273, "plugin": 0.003511852502194908, "media": 0.0, "referer_leaked": 0.968920105355575, "referer_leaked_header": 0.8777875329236172, "referer_leaked_url": 0.0, "hosts": 15.480070237050043, "trackers": 13.16611062335382, "companies": 9.450043898156277}