{"id": "ensonhaber.com", "month": "2019-04", "country": "global", "site": "ensonhaber.com", "category": "News and Portals", "popularity": 0.0004074365742908907, "cookies": 0.7873254750358111, "bad_qs": 0.012512296567316155, "tracked": 0.7874290250763681, "https": 0.9939078059472239, "requests": 29.613689315361647, "requests_tracking": 13.282657094040696, "content_length": 351972.2882315379, "requests_failed": 10.729941494227086, "has_blocking": 0.5222028545294514, "script": 0.9989990162746147, "iframe": 0.8470738484372573, "beacon": 0.055744438499905076, "image": 0.8606561620903301, "stylesheet": 0.6785979324508569, "font": 0.2566832922009561, "xhr": 0.46002105517491326, "plugin": 6.903336037139948e-05, "media": 0.0005004918626926462, "referer_leaked": 0.97632155739261, "referer_leaked_header": 0.9746302400635107, "referer_leaked_url": 0.0, "hosts": 9.446231641440725, "trackers": 8.422898365635193, "companies": 5.202492104309408}