{"id": "eobot.com", "month": "2019-04", "country": "global", "site": "eobot.com", "category": "Business", "popularity": 0.00015573762572518936, "cookies": 0.838360122810186, "bad_qs": 0.06727469748961531, "tracked": 0.8482932996207333, "https": 0.99349828426946, "requests": 56.06122448979592, "requests_tracking": 21.064836554090665, "content_length": 834879.4097435435, "requests_failed": 13.069803142495937, "has_blocking": 0.4223406176629944, "script": 0.9990066823189453, "iframe": 0.8850009030160737, "beacon": 0.021672385768466678, "image": 0.8874390464150261, "stylesheet": 0.7432725302510385, "font": 0.12028174101499006, "xhr": 0.8776864728192162, "plugin": 0.0013093733068448618, "media": 0.09296550478598518, "referer_leaked": 0.5669586418638252, "referer_leaked_header": 0.3472548311359942, "referer_leaked_url": 0.0, "hosts": 10.426223586779845, "trackers": 9.3150171573054, "companies": 6.356149539461803}