{"id": "epam.com", "month": "2019-04", "country": "global", "site": "epam.com", "category": "Business", "popularity": 0.000242016326630376, "cookies": 0.1687779650183044, "bad_qs": 0.0014527282236039283, "tracked": 0.16909756522749725, "https": 0.9960776337962693, "requests": 7.898396188041141, "requests_tracking": 1.7469347434481957, "content_length": 68019.2409204486, "requests_failed": 2.4538904061828113, "has_blocking": 0.29109768144575515, "script": 0.9416293799755941, "iframe": 0.08942994944505782, "beacon": 0.001598001045964321, "image": 0.42849671683421464, "stylesheet": 0.23885757452495787, "font": 0.18510663025161253, "xhr": 0.08170143529548492, "plugin": 2.9054564472078563e-05, "media": 0.00034865477366494277, "referer_leaked": 0.6128479284095532, "referer_leaked_header": 0.5753675402405718, "referer_leaked_url": 0.0, "hosts": 1.9151025626125864, "trackers": 1.8617874368063223, "companies": 1.3276483235516299}