{"id": "eprimo.de", "month": "2019-04", "country": "global", "site": "eprimo.de", "category": "Business", "popularity": 6.02474253753577e-05, "cookies": 0.7662231559290383, "bad_qs": 0.024509803921568627, "tracked": 0.7668067226890757, "https": 0.9997665732959851, "requests": 63.33368347338936, "requests_tracking": 13.311041083099907, "content_length": 619689.3361344538, "requests_failed": 8.234243697478991, "has_blocking": 0.3494397759103641, "script": 0.9572829131652661, "iframe": 0.6915266106442577, "beacon": 0.11274509803921569, "image": 0.9138655462184874, "stylesheet": 0.9256535947712419, "font": 0.3348506069094304, "xhr": 0.9554154995331466, "plugin": 0.0018674136321195146, "media": 0.0, "referer_leaked": 0.9740896358543417, "referer_leaked_header": 0.9575163398692811, "referer_leaked_url": 0.0, "hosts": 7.491479925303454, "trackers": 6.955415499533147, "companies": 5.029645191409897}