{"id": "equinepassion.de", "month": "2019-04", "country": "global", "site": "equinepassion.de", "category": "Entertainment", "popularity": 0.00022581533829414533, "cookies": 3.113906707355048e-05, "bad_qs": 0.0, "tracked": 3.113906707355048e-05, "https": 1.0, "requests": 1.3469514853334994, "requests_tracking": 0.00018683440244130286, "content_length": 32951.73886778352, "requests_failed": 0.34673351186398454, "has_blocking": 0.0, "script": 0.9999065827987793, "iframe": 0.0, "beacon": 0.0, "image": 9.341720122065143e-05, "stylesheet": 6.227813414710095e-05, "font": 3.113906707355048e-05, "xhr": 3.113906707355048e-05, "plugin": 0.0, "media": 0.0, "referer_leaked": 0.968207012517905, "referer_leaked_header": 0.968207012517905, "referer_leaked_url": 0.0, "hosts": 1.000124556268294, "trackers": 1.000124556268294, "companies": 1.000124556268294}