{"id": "erepublik.com", "month": "2019-04", "country": "global", "site": "erepublik.com", "category": "Entertainment", "popularity": 0.0006963823263361987, "cookies": 0.6651385873681022, "bad_qs": 0.02957540263543192, "tracked": 0.6757207048013328, "https": 0.9879840460443278, "requests": 38.871025395062354, "requests_tracking": 10.178855960014136, "content_length": 208367.61406573435, "requests_failed": 15.163245317312061, "has_blocking": 0.28159741505528346, "script": 0.9984752865148685, "iframe": 0.9906396728429343, "beacon": 0.020750239814207098, "image": 0.6829807643762307, "stylesheet": 0.9976573938506589, "font": 0.27014691775634875, "xhr": 0.8769525925177968, "plugin": 0.0, "media": 0.0002423385671732216, "referer_leaked": 0.642914121270258, "referer_leaked_header": 0.009794517089917706, "referer_leaked_url": 0.0, "hosts": 7.872136113495229, "trackers": 6.781905386984399, "companies": 4.893653758772151}