{"id": "ernstings-family.de", "month": "2019-04", "country": "global", "site": "ernstings-family.de", "category": "E-Commerce", "popularity": 9.68754411060111e-05, "cookies": 0.7745517892139072, "bad_qs": 0.0679393191551136, "tracked": 0.7760760688103361, "https": 0.9968062713217681, "requests": 36.70458009726355, "requests_tracking": 6.347027654786964, "content_length": 246050.87529941206, "requests_failed": 8.352834434201931, "has_blocking": 0.2761849459243667, "script": 0.9919430935617333, "iframe": 0.1341366044857371, "beacon": 0.13979821441532989, "image": 0.9691514843579879, "stylesheet": 0.9368512738622342, "font": 0.29912172461348624, "xhr": 0.016839660303404225, "plugin": 0.0011613558829933947, "media": 0.0015968643391159178, "referer_leaked": 0.9732162299484648, "referer_leaked_header": 0.08790012339406257, "referer_leaked_url": 0.0, "hosts": 9.655512811207084, "trackers": 7.834724540901503, "companies": 4.8768962764027}