{"id": "erosberry.com", "month": "2019-04", "country": "global", "site": "erosberry.com", "category": "Adult", "popularity": 0.0002282693942530622, "cookies": 0.13544650833256322, "bad_qs": 0.037149986138064875, "tracked": 0.17022456334904354, "https": 0.9953485506576718, "requests": 5.733481193974679, "requests_tracking": 0.6930659520069001, "content_length": 11520595.58817731, "requests_failed": 3.3760588978221358, "has_blocking": 0.28700366571173336, "script": 0.9505590980500878, "iframe": 0.3179619874934541, "beacon": 0.0, "image": 0.4867079444290423, "stylesheet": 0.06133136185811539, "font": 0.01281458891661276, "xhr": 0.02448941872285371, "plugin": 0.001139759110371808, "media": 0.04044604626805902, "referer_leaked": 0.4981363398330407, "referer_leaked_header": 0.49761266672827525, "referer_leaked_url": 0.0, "hosts": 1.8556818531867048, "trackers": 1.7178942180328374, "companies": 1.6027477435850044}