{"id": "erwinmueller.com", "month": "2019-04", "country": "global", "site": "erwinmueller.com", "category": "Business", "popularity": 8.521691738141457e-05, "cookies": 0.8395907253073686, "bad_qs": 0.11675880848254806, "tracked": 0.8396732403663668, "https": 0.9994223945870121, "requests": 63.6573149599802, "requests_tracking": 24.90238468520505, "content_length": 271887.14968231705, "requests_failed": 21.46901559534615, "has_blocking": 0.34928624473966496, "script": 0.9919960392771681, "iframe": 0.7729185576367688, "beacon": 0.09571746843798994, "image": 0.9981846687020381, "stylesheet": 0.7090519019721099, "font": 0.14679428995791732, "xhr": 0.9838270484363396, "plugin": 0.0, "media": 0.0, "referer_leaked": 0.973760211238551, "referer_leaked_header": 0.9644360095717468, "referer_leaked_url": 0.0, "hosts": 18.006436174601866, "trackers": 15.955606898258932, "companies": 13.337981681656903}