{"id": "eset.com", "month": "2019-04", "country": "global", "site": "eset.com", "category": "Business", "popularity": 0.0002322493245474661, "cookies": 0.3772442399103818, "bad_qs": 0.018105301401798418, "tracked": 0.3825728904901753, "https": 0.9809258530382391, "requests": 28.63871143540525, "requests_tracking": 3.083895970207999, "content_length": 297259.7312664628, "requests_failed": 9.306185473371885, "has_blocking": 0.3202640104150898, "script": 0.9300917375639589, "iframe": 0.27212449665445515, "beacon": 0.017197008689333614, "image": 0.5884828484059463, "stylesheet": 0.525447334160889, "font": 0.3822398498289382, "xhr": 0.3433649217354446, "plugin": 0.012110569499530715, "media": 0.00245239032365497, "referer_leaked": 0.6053468164340428, "referer_leaked_header": 0.43573829059311514, "referer_leaked_url": 0.0, "hosts": 5.556874262012171, "trackers": 4.856429198583063, "companies": 3.252051227708983}