{"id": "espncricinfo.com", "month": "2019-04", "country": "global", "site": "espncricinfo.com", "category": "News and Portals", "popularity": 0.0010137641881174948, "cookies": 0.9418190898308259, "bad_qs": 0.06037275180167995, "tracked": 0.9420133036463644, "https": 0.06708700085315354, "requests": 368.01188865999404, "requests_tracking": 25.550700210167093, "content_length": 6700922.669996046, "requests_failed": 244.12519161273767, "has_blocking": 0.4962648521547329, "script": 0.9910661644852293, "iframe": 0.876542439186799, "beacon": 0.005812542050759168, "image": 0.9859957966581351, "stylesheet": 0.9814803254468651, "font": 0.6898752176235166, "xhr": 0.9139147262625632, "plugin": 0.0007074931851759369, "media": 0.005472667873566806, "referer_leaked": 0.9974890928133952, "referer_leaked_header": 0.9894500280916412, "referer_leaked_url": 0.0, "hosts": 16.10602687086862, "trackers": 12.42718715969231, "companies": 9.83141547190489}