{"id": "esprit.de", "month": "2019-04", "country": "global", "site": "esprit.de", "category": "Business", "popularity": 0.0004046449977416357, "cookies": 0.686928717895249, "bad_qs": 0.0708476696903347, "tracked": 0.6872588885413409, "https": 0.9996698293539081, "requests": 102.90979390400723, "requests_tracking": 7.440899454349564, "content_length": 767340.1582212491, "requests_failed": 23.94877141764849, "has_blocking": 0.29889132172522853, "script": 0.9993222813053905, "iframe": 0.5292114134779133, "beacon": 0.08019671219546103, "image": 0.967851805512112, "stylesheet": 0.9659402912452647, "font": 0.1301567441698815, "xhr": 0.50304104542453, "plugin": 0.0003996802557953637, "media": 0.0008514927188683836, "referer_leaked": 0.9966114065269523, "referer_leaked_header": 0.9964723873075453, "referer_leaked_url": 0.0, "hosts": 10.047909498488165, "trackers": 8.561915684843429, "companies": 8.402165224342266}