{"id": "esquire.com", "month": "2019-04", "country": "global", "site": "esquire.com", "category": "Entertainment", "popularity": 0.00027311744269424234, "cookies": 0.6712494528977112, "bad_qs": 0.10584176514507865, "tracked": 0.6719188486393244, "https": 0.9891094462037537, "requests": 111.61563811436369, "requests_tracking": 21.16606163590021, "content_length": 4517238.090162457, "requests_failed": 31.777786359774463, "has_blocking": 0.5016863623490642, "script": 0.9927396308025025, "iframe": 0.5001416029453413, "beacon": 0.10748950850904972, "image": 0.9840117401714683, "stylesheet": 0.9963698154012512, "font": 0.7858191086738241, "xhr": 0.8434901264128112, "plugin": 0.0009783476223578177, "media": 0.06629592440977318, "referer_leaked": 0.9964985453515615, "referer_leaked_header": 0.9949537859478387, "referer_leaked_url": 0.0, "hosts": 15.157307999279112, "trackers": 12.755310110450298, "companies": 10.165675446049278}