{"id": "etherscan.io", "month": "2019-04", "country": "global", "site": "etherscan.io", "category": "Business", "popularity": 0.00031890773611678314, "cookies": 0.48989041518752896, "bad_qs": 0.0023372213525014885, "tracked": 0.49108107512182214, "https": 0.9980817145503054, "requests": 6.052807973011708, "requests_tracking": 0.8272661124953146, "content_length": 46338.33949242608, "requests_failed": 2.444601239168302, "has_blocking": 0.27250678014684804, "script": 0.9975525323572861, "iframe": 0.028156902520230193, "beacon": 0.0, "image": 0.32015522677661895, "stylesheet": 0.06407514387140872, "font": 0.0358079950609662, "xhr": 0.023989592750203955, "plugin": 0.00011024629021233435, "media": 4.4098516084933744e-05, "referer_leaked": 0.3042136132119154, "referer_leaked_header": 0.03194937490353449, "referer_leaked_url": 0.0, "hosts": 3.090997287941261, "trackers": 3.0663241681917404, "companies": 2.2973562939607084}