{"id": "etoland.co.kr", "month": "2019-04", "country": "global", "site": "etoland.co.kr", "category": "Entertainment", "popularity": 0.0011572455974060306, "cookies": 0.6324433696286215, "bad_qs": 0.007838323935446237, "tracked": 0.6338287478125607, "https": 0.003718646704258215, "requests": 18.32957417849504, "requests_tracking": 3.9640470056387325, "content_length": 3191958.65669964, "requests_failed": 9.35428008944196, "has_blocking": 0.4720493875170134, "script": 0.9641016916196772, "iframe": 0.7807456737312852, "beacon": 0.0007959848337546179, "image": 0.6649754520707758, "stylesheet": 0.2627236048998639, "font": 0.0297856309546957, "xhr": 0.054509770561928836, "plugin": 0.004356649815282909, "media": 0.02575102080497764, "referer_leaked": 0.7651540929418628, "referer_leaked_header": 0.7631428640871087, "referer_leaked_url": 0.0, "hosts": 5.508427717285631, "trackers": 3.0377576317324517, "companies": 2.756920814699592}