{"id": "etrade.com", "month": "2019-04", "country": "global", "site": "etrade.com", "category": "Business", "popularity": 0.0010390219789611322, "cookies": 0.7798163274974114, "bad_qs": 0.03670743014151039, "tracked": 0.7819481196239925, "https": 0.9985991080311039, "requests": 34.27107597977843, "requests_tracking": 11.653038988109337, "content_length": 6610429.238605063, "requests_failed": 8.917164648795707, "has_blocking": 0.3690639740665796, "script": 0.9957228805587326, "iframe": 0.16214478590716214, "beacon": 6.090834647374512e-05, "image": 0.8672874806277621, "stylesheet": 0.1210519548195421, "font": 0.01161995898838004, "xhr": 0.3651658398922599, "plugin": 0.0005278723361057911, "media": 0.00016918985131595865, "referer_leaked": 0.8010395024464853, "referer_leaked_header": 0.6563957147594459, "referer_leaked_url": 0.0, "hosts": 6.9615194602166985, "trackers": 4.996311661241312, "companies": 4.544784553643335}