{"id": "etsy.com", "month": "2019-04", "country": "global", "site": "etsy.com", "category": "E-Commerce", "popularity": 0.011289374642272122, "cookies": 0.6844245600441482, "bad_qs": 0.07572273345034762, "tracked": 0.6847285148196639, "https": 0.998672689289705, "requests": 83.146554784734, "requests_tracking": 6.26196728499871, "content_length": 1747353.9490825923, "requests_failed": 21.58343870016979, "has_blocking": 0.38234521040771047, "script": 0.9949828776295514, "iframe": 0.6860028825875022, "beacon": 0.00016256597624917315, "image": 0.9790103033194602, "stylesheet": 0.039722778296134166, "font": 0.012047945128688722, "xhr": 0.6160808270559613, "plugin": 0.002204917838781889, "media": 0.0024957925932200644, "referer_leaked": 0.985119918878955, "referer_leaked_header": 0.9804185855888065, "referer_leaked_url": 0.0, "hosts": 10.817094590975284, "trackers": 9.44991784501047, "companies": 7.375979600149984}