{"id": "europcar.de", "month": "2019-04", "country": "global", "site": "europcar.de", "category": "Recreation", "popularity": 5.8552790744701635e-05, "cookies": 0.6776750330250991, "bad_qs": 0.09235018614146752, "tracked": 0.678996036988111, "https": 0.9932748889155758, "requests": 102.44770025219167, "requests_tracking": 21.885312837756697, "content_length": 526282.786477723, "requests_failed": 41.54077098594932, "has_blocking": 0.413594331692086, "script": 0.9948360754173171, "iframe": 0.717185060646091, "beacon": 0.3808094151555182, "image": 0.8736639846283175, "stylesheet": 0.30130899483607543, "font": 0.21700492374204394, "xhr": 0.616548576918458, "plugin": 0.006364837276330011, "media": 0.0, "referer_leaked": 0.9682959048877147, "referer_leaked_header": 0.9609703374564669, "referer_leaked_url": 0.0, "hosts": 20.856851206917256, "trackers": 18.108322324966974, "companies": 13.86405668307914}