{"id": "euro.com.pl", "month": "2019-04", "country": "global", "site": "euro.com.pl", "category": "E-Commerce", "popularity": 0.00032822471074590886, "cookies": 0.9682291443506577, "bad_qs": 0.027850379193624406, "tracked": 0.9694931230986761, "https": 0.9921162003513433, "requests": 86.3882128625905, "requests_tracking": 35.51302540811517, "content_length": 1164432.0395903853, "requests_failed": 24.38846994301384, "has_blocking": 0.35980547581301686, "script": 0.9971721153434167, "iframe": 0.6421654740991474, "beacon": 0.04089721067740692, "image": 0.9890312352714341, "stylesheet": 0.9965936843909337, "font": 0.5012639787480183, "xhr": 0.6597754830969622, "plugin": 0.0016710227516174643, "media": 0.0027207678135309997, "referer_leaked": 0.9767556450576289, "referer_leaked_header": 0.9351728865846866, "referer_leaked_url": 0.0, "hosts": 11.773276489995286, "trackers": 9.030956767642143, "companies": 4.269677364068726}