{"id": "euronews.com", "month": "2019-04", "country": "global", "site": "euronews.com", "category": "News and Portals", "popularity": 0.000506083998496177, "cookies": 0.926665925637748, "bad_qs": 0.041807925304285, "tracked": 0.9270549658200411, "https": 0.9931917968098705, "requests": 140.79166898238205, "requests_tracking": 18.24477574612349, "content_length": 14086086.465542154, "requests_failed": 46.894959150780856, "has_blocking": 0.5128522203078976, "script": 0.99660979269716, "iframe": 0.9428110932029122, "beacon": 0.2873339632079142, "image": 0.984577335630523, "stylesheet": 0.9871338853998777, "font": 0.5118657255599399, "xhr": 0.9760184516200745, "plugin": 0.00041682876674262214, "media": 0.2889318068137609, "referer_leaked": 0.9957483465792253, "referer_leaked_header": 0.9601650641916301, "referer_leaked_url": 0.0, "hosts": 28.93497471238815, "trackers": 22.065066970488523, "companies": 15.686169621519479}