{"id": "everquote.com", "month": "2019-04", "country": "global", "site": "everquote.com", "category": "Business", "popularity": 0.0002756136887269515, "cookies": 0.3189611184814777, "bad_qs": 0.002831921624655577, "tracked": 0.3189611184814777, "https": 0.9993111541994081, "requests": 15.10052046127156, "requests_tracking": 0.7493366670068374, "content_length": 122084.13042147158, "requests_failed": 8.828171241963465, "has_blocking": 0.5063016634350443, "script": 0.9994132054291254, "iframe": 0.8732523726910909, "beacon": 0.0004082049188692724, "image": 0.0814113685069905, "stylesheet": 0.7692876824165731, "font": 0.7323196244514747, "xhr": 0.5573272782937034, "plugin": 0.00015307684457597714, "media": 0.0, "referer_leaked": 0.9710174507602817, "referer_leaked_header": 0.970966425145423, "referer_leaked_url": 0.0, "hosts": 8.790412286968058, "trackers": 8.20167874272885, "companies": 5.672339014185121}