{"id": "evernote.com", "month": "2019-04", "country": "global", "site": "evernote.com", "category": "Business", "popularity": 0.0009330545769528875, "cookies": 0.4935527872608201, "bad_qs": 0.022653794849766002, "tracked": 0.4950298810035194, "https": 0.9841815318065007, "requests": 23.448049256554604, "requests_tracking": 5.565319949055338, "content_length": 144804.76293399048, "requests_failed": 12.409999020294967, "has_blocking": 0.46109440588425915, "script": 0.991469030016655, "iframe": 0.14532040122689216, "beacon": 0.01816222408114972, "image": 0.5669477666493334, "stylesheet": 0.11340462571499627, "font": 0.07836133028871153, "xhr": 0.28103215693367395, "plugin": 0.000708402101090487, "media": 0.03837429253992298, "referer_leaked": 0.6041690217268432, "referer_leaked_header": 0.5550029014341374, "referer_leaked_url": 0.0, "hosts": 5.190741033814896, "trackers": 4.5742126562817935, "companies": 2.955423420979253}