{"id": "exceedlms.com", "month": "2019-04", "country": "global", "site": "exceedlms.com", "category": "Business", "popularity": 0.0011088606144452652, "cookies": 0.4491835505247471, "bad_qs": 0.004546751640825644, "tracked": 0.4502425568343955, "https": 0.9983512476616253, "requests": 17.06088335077206, "requests_tracking": 1.3951995941532707, "content_length": 153700.43814959258, "requests_failed": 3.6732807000856083, "has_blocking": 0.23763594280097658, "script": 0.9786106090871619, "iframe": 0.005218935286470719, "beacon": 4.4389486033165285e-05, "image": 0.7166492279400107, "stylesheet": 0.8049589397254193, "font": 0.10553917372142427, "xhr": 0.06211357367069343, "plugin": 0.0, "media": 0.0016297282729319255, "referer_leaked": 0.9701512413202702, "referer_leaked_header": 0.9576904784552459, "referer_leaked_url": 0.0, "hosts": 4.247648942579029, "trackers": 4.236323282285424, "companies": 1.8774279463521355}