{"id": "exhentai.org", "month": "2019-04", "country": "global", "site": "exhentai.org", "category": "Adult", "popularity": 0.0036246969047519567, "cookies": 0.040117870493771836, "bad_qs": 0.0005451219346590853, "tracked": 0.04024008644353526, "https": 0.532904219554164, "requests": 5.232198664936244, "requests_tracking": 0.0981743265028197, "content_length": 1436719.36904173, "requests_failed": 1.164126320853727, "has_blocking": 0.006586081737251228, "script": 0.05900120470007624, "iframe": 0.01441760220066307, "beacon": 0.0, "image": 0.9664216527864267, "stylesheet": 0.03845728552555768, "font": 0.019756305276043152, "xhr": 0.017453601587643384, "plugin": 0.009664759709863215, "media": 1.1639614263183317e-05, "referer_leaked": 0.1499415109383275, "referer_leaked_header": 0.14990659209553794, "referer_leaked_url": 0.0, "hosts": 3.4136505516207194, "trackers": 1.124571031716009, "companies": 1.1066285663293118}