{"id": "exist.ru", "month": "2019-04", "country": "global", "site": "exist.ru", "category": "E-Commerce", "popularity": 0.0005410525379910012, "cookies": 0.4584183507700305, "bad_qs": 0.04209500292416661, "tracked": 0.48877769835596857, "https": 0.9917863408928456, "requests": 14.028201962440704, "requests_tracking": 4.147468971343168, "content_length": 158263.82577165507, "requests_failed": 7.031386054974332, "has_blocking": 0.5031126129053219, "script": 0.9962570667359802, "iframe": 0.07253232828643837, "beacon": 0.11401650529599064, "image": 0.5750601078692572, "stylesheet": 0.1347196049125999, "font": 0.03382935863278966, "xhr": 0.4159334589641952, "plugin": 0.00035089999350185197, "media": 0.0, "referer_leaked": 0.6391188511274287, "referer_leaked_header": 0.5925401260640717, "referer_leaked_url": 0.0, "hosts": 4.8154395997140815, "trackers": 4.318344271882514, "companies": 3.2721034505166027}