{"id": "expedia.ca", "month": "2019-04", "country": "global", "site": "expedia.ca", "category": "Recreation", "popularity": 0.00020780017678484721, "cookies": 0.935774228478614, "bad_qs": 0.14198700595560368, "tracked": 0.9359772604223064, "https": 0.9874458581483486, "requests": 173.76478749323226, "requests_tracking": 24.116269626421225, "content_length": 1524777.8926637792, "requests_failed": 55.2620804006497, "has_blocking": 0.49428126691932867, "script": 0.9930630752571737, "iframe": 0.8156469951272334, "beacon": 0.020878451543042773, "image": 0.9916756903086086, "stylesheet": 0.9509677855982674, "font": 0.6394491066594478, "xhr": 0.883155116404981, "plugin": 0.007207634001082837, "media": 0.00047374120194910665, "referer_leaked": 0.993570655116405, "referer_leaked_header": 0.9894085002707093, "referer_leaked_url": 0.0, "hosts": 21.124221710882512, "trackers": 15.873172712506769, "companies": 12.026664861938277}