{"id": "expedia.com", "month": "2019-04", "country": "global", "site": "expedia.com", "category": "Recreation", "popularity": 0.0013992689557153718, "cookies": 0.9107565516721525, "bad_qs": 0.13928490665594612, "tracked": 0.91314857157215, "https": 0.9887484610166084, "requests": 154.08047940903037, "requests_tracking": 24.18816553179728, "content_length": 1409387.0387095152, "requests_failed": 47.69503253850599, "has_blocking": 0.4981632704339305, "script": 0.9923616171260584, "iframe": 0.6814492826452926, "beacon": 0.01265860951280183, "image": 0.9814115932561119, "stylesheet": 0.845473504359406, "font": 0.6749667077062238, "xhr": 0.9184250860574387, "plugin": 0.006618256740119098, "media": 0.0006784090052513882, "referer_leaked": 0.988009748988668, "referer_leaked_header": 0.9787632855096862, "referer_leaked_url": 0.0, "hosts": 18.82568908766552, "trackers": 14.380185431794768, "companies": 11.087348928365035}