{"id": "express.de", "month": "2019-04", "country": "global", "site": "express.de", "category": "News and Portals", "popularity": 0.0004723249077833978, "cookies": 0.8797397686501616, "bad_qs": 0.3293981033481711, "tracked": 0.8810498578255497, "https": 0.9952658141162108, "requests": 314.63269863482753, "requests_tracking": 97.73548108558754, "content_length": 9654608.164952137, "requests_failed": 130.05798633338793, "has_blocking": 0.4070208869899212, "script": 0.9785472897530184, "iframe": 0.9456759613523693, "beacon": 0.3548108558753033, "image": 0.967768828810052, "stylesheet": 0.9367435351565407, "font": 0.41102559140105105, "xhr": 0.8703160590135623, "plugin": 0.05867115272960057, "media": 0.14327611618109004, "referer_leaked": 0.9875094907028331, "referer_leaked_header": 0.9858272171026187, "referer_leaked_url": 0.0, "hosts": 43.576335025531854, "trackers": 36.34415149394828, "companies": 28.035357520358488}