{"id": "exsite24.pl", "month": "2019-04", "country": "global", "site": "exsite24.pl", "category": "Entertainment", "popularity": 0.0005676182211221989, "cookies": 0.5734053491569937, "bad_qs": 0.006218797616540515, "tracked": 0.577121762075245, "https": 0.0008671630142586376, "requests": 32.44188149598008, "requests_tracking": 3.933996506571857, "content_length": 999265.5179193043, "requests_failed": 9.42368346072371, "has_blocking": 0.34390446341191483, "script": 0.9825947994995231, "iframe": 0.21570060577530567, "beacon": 7.432825836502608e-05, "image": 0.9723622759312711, "stylesheet": 0.9994920902345057, "font": 0.4716004112830296, "xhr": 0.006070141099810463, "plugin": 0.0, "media": 0.0005202978085551825, "referer_leaked": 0.9959738860052277, "referer_leaked_header": 0.9946731414838398, "referer_leaked_url": 0.0, "hosts": 6.223789997894032, "trackers": 4.872886290152745, "companies": 3.1223195371827113}