{"id": "extreme-d0wn.com", "month": "2019-04", "country": "global", "site": "extreme-d0wn.com", "category": "Entertainment", "popularity": 7.734846861915672e-08, "cookies": 0.09090909090909091, "bad_qs": 0.0, "tracked": 0.09090909090909091, "https": 0.8181818181818182, "requests": 2.3636363636363638, "requests_tracking": 0.09090909090909091, "content_length": 19204.81818181818, "requests_failed": 0.5454545454545454, "has_blocking": 0.09090909090909091, "script": 0.18181818181818182, "iframe": 0.0, "beacon": 0.0, "image": 0.18181818181818182, "stylesheet": 0.6363636363636364, "font": 0.0, "xhr": 0.0, "plugin": 0.0, "media": 0.0, "referer_leaked": 0.7272727272727273, "referer_leaked_header": 0.7272727272727273, "referer_leaked_url": 0.0, "hosts": 1.1818181818181819, "trackers": 1.1818181818181819, "companies": 1.0909090909090908}