{"id": "ezgif.com", "month": "2019-04", "country": "global", "site": "ezgif.com", "category": "Entertainment", "popularity": 0.00030080116278093506, "cookies": 0.3646734302678947, "bad_qs": 0.01858431904249848, "tracked": 0.36614614989013045, "https": 0.9935247089625509, "requests": 18.498901304408808, "requests_tracking": 6.2967413156295295, "content_length": 126727.66393940811, "requests_failed": 7.189723689747066, "has_blocking": 0.48473514423301695, "script": 0.9875403244658469, "iframe": 0.04422834167095236, "beacon": 0.0030623217541727054, "image": 0.45708074243770164, "stylesheet": 0.49845715087194353, "font": 0.12515779138809668, "xhr": 0.047968581981392304, "plugin": 0.001098695591191734, "media": 0.006638926551030904, "referer_leaked": 0.7769180419841974, "referer_leaked_header": 0.7759829819065875, "referer_leaked_url": 0.0, "hosts": 4.035766047968582, "trackers": 3.885104492963673, "companies": 2.3529384262938895}