{"id": "fabswingers.com", "month": "2019-04", "country": "global", "site": "fabswingers.com", "category": "Adult", "popularity": 0.00046842935763657847, "cookies": 0.00532897008271162, "bad_qs": 0.006830088415869823, "tracked": 0.012023957848597205, "https": 0.9996997763333684, "requests": 41.287073870033176, "requests_tracking": 0.02649473858024228, "content_length": 104066.21520032424, "requests_failed": 15.574492997282976, "has_blocking": 0.3595928967080475, "script": 0.9252893405587163, "iframe": 0.0009757269165528319, "beacon": 0.0, "image": 0.9034480688112644, "stylesheet": 0.8586847201164868, "font": 0.0006755032499211913, "xhr": 0.001125838749868652, "plugin": 0.0, "media": 0.0, "referer_leaked": 0.987465661918129, "referer_leaked_header": 0.985168950868397, "referer_leaked_url": 0.0, "hosts": 2.31928786946275, "trackers": 2.315159794046565, "companies": 2.3079093924974106}