{"id": "facepunch.com", "month": "2019-04", "country": "global", "site": "facepunch.com", "category": "Entertainment", "popularity": 0.00025302090421119237, "cookies": 0.6183753439124031, "bad_qs": 0.003668398966178473, "tracked": 0.6190701164438763, "https": 0.9523941861434566, "requests": 31.03887947086124, "requests_tracking": 12.185948920323487, "content_length": 4021302.323875163, "requests_failed": 7.7503543339910514, "has_blocking": 0.23772336936886862, "script": 0.9892727121140539, "iframe": 0.4011060778701053, "beacon": 0.01406219603701748, "image": 0.5431453742044855, "stylesheet": 0.8345051830030847, "font": 0.542950837895673, "xhr": 0.26959953311285884, "plugin": 0.0001111636050357113, "media": 0.054803657282605674, "referer_leaked": 0.8684378734402357, "referer_leaked_header": 0.8271961759719868, "referer_leaked_url": 0.0, "hosts": 6.058388683545007, "trackers": 5.311508212211322, "companies": 2.596392741016591}