{"id": "fahrrad.de", "month": "2019-04", "country": "global", "site": "fahrrad.de", "category": "E-Commerce", "popularity": 0.00023395802253605292, "cookies": 0.8050613128155807, "bad_qs": 0.06365712911757634, "tracked": 0.8052716999278673, "https": 0.9954015388314499, "requests": 58.44764366434239, "requests_tracking": 19.419872565520556, "content_length": 394167.29529333976, "requests_failed": 21.18700408752104, "has_blocking": 0.4027109882183217, "script": 0.9943195479682616, "iframe": 0.9834094734311133, "beacon": 0.006672276989660976, "image": 0.7581750420774225, "stylesheet": 0.8220425583072855, "font": 0.3506852608800192, "xhr": 0.8122745852368358, "plugin": 0.001442654484251022, "media": 6.0110603510459244e-05, "referer_leaked": 0.9869860543399855, "referer_leaked_header": 0.9843712430872806, "referer_leaked_url": 0.0, "hosts": 24.39351406588122, "trackers": 20.52620822313056, "companies": 14.705367876893485}