{"id": "fairytail-tube.org", "month": "2019-04", "country": "global", "site": "fairytail-tube.org", "category": "Entertainment", "popularity": 5.877780447159373e-05, "cookies": 0.9109941380547912, "bad_qs": 0.045340351716712524, "tracked": 0.9111137695896638, "https": 0.009809785859552578, "requests": 207.84495753080512, "requests_tracking": 141.7537983012322, "content_length": 55800516.625792556, "requests_failed": 26.622203612872354, "has_blocking": 0.36236391912908245, "script": 0.9995214738605096, "iframe": 0.40902021772939345, "beacon": 0.04833114008852733, "image": 0.4280416317741357, "stylesheet": 0.30206962555329586, "font": 0.02237109702117478, "xhr": 0.4020815887067831, "plugin": 0.001196315348725924, "media": 0.12034932408182797, "referer_leaked": 0.9694939586074889, "referer_leaked_header": 0.9651872233520756, "referer_leaked_url": 0.0, "hosts": 10.04701519320493, "trackers": 7.767316664672808, "companies": 4.072496710132791}