{"id": "fakenamegenerator.com", "month": "2019-04", "country": "global", "site": "fakenamegenerator.com", "category": "Entertainment", "popularity": 0.0003192241616702251, "cookies": 0.034538966474294025, "bad_qs": 0.003590466540376228, "tracked": 0.03484735010352879, "https": 0.997665095378651, "requests": 18.29272214635006, "requests_tracking": 7.628970439226397, "content_length": 68212.45032820829, "requests_failed": 6.533591788184501, "has_blocking": 0.4388959866073395, "script": 0.9981276708225032, "iframe": 0.016652715978677474, "beacon": 0.00024230142297017489, "image": 0.054275518745319176, "stylesheet": 0.9871359971804925, "font": 0.0030838362923476803, "xhr": 0.008524604608132516, "plugin": 0.00017621921670558173, "media": 2.2027402088197716e-05, "referer_leaked": 0.9899555046477818, "referer_leaked_header": 0.9896471210185471, "referer_leaked_url": 0.0, "hosts": 4.319441385083043, "trackers": 4.293933653464911, "companies": 3.317613110709723}