{"id": "fakt.pl", "month": "2019-04", "country": "global", "site": "fakt.pl", "category": "Entertainment", "popularity": 0.00016319120542848992, "cookies": 0.9300672182006204, "bad_qs": 0.32247500861771805, "tracked": 0.9309289900034471, "https": 0.7573681489141675, "requests": 147.65567907618063, "requests_tracking": 48.64619958634953, "content_length": 13134329.352766287, "requests_failed": 36.71880386073768, "has_blocking": 0.3771544295070665, "script": 0.9639348500517063, "iframe": 0.7456049638055843, "beacon": 0.11108238538435022, "image": 0.9955618752154429, "stylesheet": 0.9513098931402965, "font": 0.317778352292313, "xhr": 0.9340313684936229, "plugin": 0.012668045501551189, "media": 0.1673991726990693, "referer_leaked": 0.9930196483971044, "referer_leaked_header": 0.9840572216477077, "referer_leaked_url": 0.0, "hosts": 17.109574284729405, "trackers": 12.57807652533609, "companies": 8.623965873836609}