{"id": "falk.de", "month": "2019-04", "country": "global", "site": "falk.de", "category": "Reference", "popularity": 3.3843470860363755e-05, "cookies": 0.7317681279867027, "bad_qs": 0.16455433201745273, "tracked": 0.7367546228963224, "https": 0.9923124870143362, "requests": 510.5250363598587, "requests_tracking": 69.02015375025971, "content_length": 6130830.720132973, "requests_failed": 135.06004570953667, "has_blocking": 0.39019322667774775, "script": 0.9748597548306669, "iframe": 0.21732806981092873, "beacon": 0.0874714315395803, "image": 0.9366299605235819, "stylesheet": 0.09723665073758571, "font": 0.050072719717431956, "xhr": 0.7330147517141076, "plugin": 0.001246623727404945, "media": 0.08560149594847288, "referer_leaked": 0.9794307084978184, "referer_leaked_header": 0.9769374610430085, "referer_leaked_url": 0.0, "hosts": 19.265115312694785, "trackers": 16.87949303968419, "companies": 12.500519426553085}