{"id": "familysearch.org", "month": "2019-04", "country": "global", "site": "familysearch.org", "category": "Reference", "popularity": 0.0017871082407297544, "cookies": 0.6983446848527056, "bad_qs": 0.019453002348997248, "tracked": 0.6986122423283796, "https": 0.9840291795035235, "requests": 147.37962471129367, "requests_tracking": 5.054148911473888, "content_length": 773634.2382481281, "requests_failed": 38.546887480277476, "has_blocking": 0.15432164343244764, "script": 0.9960771352463693, "iframe": 0.02509138268194892, "beacon": 0.00985241057481576, "image": 0.9062329087825741, "stylesheet": 0.9573521253113306, "font": 0.4030438597526667, "xhr": 0.958741063383579, "plugin": 0.0020263544113538804, "media": 0.00022821078807480592, "referer_leaked": 0.9897737958929927, "referer_leaked_header": 0.9880346723011123, "referer_leaked_url": 0.0, "hosts": 5.796853051925823, "trackers": 4.92269556287404, "companies": 3.9612828594024814}