{"id": "fanatik.com.tr", "month": "2019-04", "country": "global", "site": "fanatik.com.tr", "category": "News and Portals", "popularity": 0.00015069591190701342, "cookies": 0.42289207223181374, "bad_qs": 0.0405487378097149, "tracked": 0.42452522047501284, "https": 0.9934674070272036, "requests": 48.828612757220846, "requests_tracking": 14.28664084737063, "content_length": 1833679.550744249, "requests_failed": 18.182679296346414, "has_blocking": 0.503382949932341, "script": 0.9995333862162288, "iframe": 0.3260697120992954, "beacon": 0.050347627268909526, "image": 0.42051234193458076, "stylesheet": 0.8747141990574402, "font": 0.017777985161681675, "xhr": 0.89057906770566, "plugin": 4.666137837711726e-05, "media": 0.011338714945639494, "referer_leaked": 0.9699967337035136, "referer_leaked_header": 0.9686902151089544, "referer_leaked_url": 0.0, "hosts": 12.241146003452942, "trackers": 8.311184732396995, "companies": 6.033549531053147}