{"id": "fandango.com", "month": "2019-04", "country": "global", "site": "fandango.com", "category": "Entertainment", "popularity": 0.0008765690998240069, "cookies": 0.9771217712177122, "bad_qs": 0.1348467832504412, "tracked": 0.9773463821594738, "https": 0.9735520616075726, "requests": 79.0201748756618, "requests_tracking": 17.662024707203592, "content_length": 1703737.4651211295, "requests_failed": 29.994400770094657, "has_blocking": 0.4299374298090807, "script": 0.996807315899246, "iframe": 0.7781164768169421, "beacon": 0.08556072517246911, "image": 0.9448179047007862, "stylesheet": 0.3178004171346061, "font": 0.15236643670784533, "xhr": 0.969164126423873, "plugin": 0.007347986523343494, "media": 0.01505695491737526, "referer_leaked": 0.9933338681212899, "referer_leaked_header": 0.9916091769613349, "referer_leaked_url": 0.0, "hosts": 20.71292315097064, "trackers": 16.214599711214504, "companies": 11.001179207444249}