{"id": "fanfiktion.de", "month": "2019-04", "country": "global", "site": "fanfiktion.de", "category": "Entertainment", "popularity": 0.00022533718412449965, "cookies": 0.4538163889408975, "bad_qs": 0.019752855270548587, "tracked": 0.4558135180677776, "https": 0.9990326405791674, "requests": 12.734818698121451, "requests_tracking": 3.1496598639455784, "content_length": 126314.38366722837, "requests_failed": 6.312893964925419, "has_blocking": 0.4530986706609249, "script": 0.9985021531548399, "iframe": 0.17047369406478188, "beacon": 0.028427884915434062, "image": 0.31876053173563, "stylesheet": 0.1689134369344068, "font": 0.12170005616925669, "xhr": 0.04325032765399738, "plugin": 0.01563377644635836, "media": 0.002621231979030144, "referer_leaked": 0.6313112400923673, "referer_leaked_header": 0.6257255195656244, "referer_leaked_url": 0.0, "hosts": 6.024308806091244, "trackers": 4.757536041939711, "companies": 2.4125943955563875}