{"id": "fanfiction.net", "month": "2019-04", "country": "global", "site": "fanfiction.net", "category": "Reference", "popularity": 0.004007719489675056, "cookies": 0.05262723878502049, "bad_qs": 0.0011299197125371962, "tracked": 0.05270619280220089, "https": 0.9992771321093706, "requests": 8.89979682499579, "requests_tracking": 0.2944002301948234, "content_length": 27804.48193532087, "requests_failed": 2.4291343832463084, "has_blocking": 0.3245782100948852, "script": 0.9864093818426815, "iframe": 0.015839930380102184, "beacon": 0.00024563472011678174, "image": 0.6354324574701028, "stylesheet": 0.9471446718320139, "font": 0.011558868115209701, "xhr": 0.005482917859749593, "plugin": 0.0013264274886306215, "media": 0.0002315984503958228, "referer_leaked": 0.9739293835270338, "referer_leaked_header": 0.9738416568412779, "referer_leaked_url": 0.0, "hosts": 3.518206796361799, "trackers": 3.4731065072146428, "companies": 1.8470116781764079}