{"id": "fark.com", "month": "2019-04", "country": "global", "site": "fark.com", "category": "News and Portals", "popularity": 0.0012974361809387693, "cookies": 0.9306607122533371, "bad_qs": 0.01670343011061551, "tracked": 0.9307474270105629, "https": 0.9941846915935463, "requests": 87.78641071360826, "requests_tracking": 22.181732452455925, "content_length": 654670.6464368365, "requests_failed": 30.286451361150704, "has_blocking": 0.4712567678158179, "script": 0.9919409472503292, "iframe": 0.5583834201384185, "beacon": 0.07718697327559576, "image": 0.9801802583015831, "stylesheet": 0.06609290402302277, "font": 0.028420761680748783, "xhr": 0.4756846401066592, "plugin": 0.0015662853023906175, "media": 0.001018898397402893, "referer_leaked": 0.9788578582538899, "referer_leaked_header": 0.9380368862898549, "referer_leaked_url": 0.0, "hosts": 12.865093516445995, "trackers": 9.7911041498431, "companies": 7.469040121834234}