{"id": "farming-simulator.com", "month": "2019-04", "country": "global", "site": "farming-simulator.com", "category": "Entertainment", "popularity": 0.00020890415038241154, "cookies": 0.18489346662627487, "bad_qs": 0.009862331280083476, "tracked": 0.19078393752734862, "https": 0.9979804099767747, "requests": 24.2843246154364, "requests_tracking": 0.6345215254636642, "content_length": 748704.6488269548, "requests_failed": 9.95536706048672, "has_blocking": 0.5034837927900636, "script": 0.9882527180315729, "iframe": 0.0942811942509004, "beacon": 0.0009424753441717998, "image": 0.9974081928035275, "stylesheet": 0.5706351610623044, "font": 0.023090645932209095, "xhr": 0.10458110336934935, "plugin": 0.00010097950116126426, "media": 0.054024033121276384, "referer_leaked": 0.944730553031068, "referer_leaked_header": 0.9404220943148541, "referer_leaked_url": 0.0, "hosts": 4.182503618432125, "trackers": 4.1316099498468475, "companies": 3.941936786832273}