{"id": "farnell.com", "month": "2019-04", "country": "global", "site": "farnell.com", "category": "E-Commerce", "popularity": 0.0004305215763342263, "cookies": 0.4877013033678503, "bad_qs": 0.09363669029497272, "tracked": 0.49720706889230065, "https": 0.9978113873191128, "requests": 27.002580603011793, "requests_tracking": 3.746970241400712, "content_length": 145282.15062228465, "requests_failed": 14.940156142815145, "has_blocking": 0.5281906379642636, "script": 0.9933198314441577, "iframe": 0.4549537778068141, "beacon": 0.06854930911704178, "image": 0.5612321562734786, "stylesheet": 0.40100610851598995, "font": 0.02136347303433182, "xhr": 0.9777872145820403, "plugin": 0.0020252833763433837, "media": 1.6332930454382127e-05, "referer_leaked": 0.8312318296148695, "referer_leaked_header": 0.8259399601476497, "referer_leaked_url": 0.0, "hosts": 11.680054225329108, "trackers": 11.00782347368765, "companies": 7.725378107340019}