{"id": "farpost.ru", "month": "2019-04", "country": "global", "site": "farpost.ru", "category": "E-Commerce", "popularity": 0.0004146721719462645, "cookies": 0.8047208844875534, "bad_qs": 0.03403310045445296, "tracked": 0.8228990029166384, "https": 0.9987282099979652, "requests": 30.734433290375094, "requests_tracking": 10.739859594383775, "content_length": 403152.7888150309, "requests_failed": 8.26933120803093, "has_blocking": 0.3769246422030794, "script": 0.998711252797938, "iframe": 0.0691853761106966, "beacon": 0.004883673607813878, "image": 0.9968459607949536, "stylesheet": 0.07239028691582446, "font": 0.04571661127314658, "xhr": 0.17872888828596623, "plugin": 0.00032218680051549885, "media": 0.0, "referer_leaked": 0.9293223902869159, "referer_leaked_header": 0.8863698026181916, "referer_leaked_url": 0.0, "hosts": 3.9322220714915552, "trackers": 3.3656141897849827, "companies": 3.185020009496032}