{"id": "fasttech.com", "month": "2019-04", "country": "global", "site": "fasttech.com", "category": "E-Commerce", "popularity": 0.0003913762195339676, "cookies": 0.9584074453367829, "bad_qs": 0.004509603118992436, "tracked": 0.9594674715679405, "https": 0.9923642178264073, "requests": 81.47828742880756, "requests_tracking": 40.622666594800485, "content_length": 594033.6527246267, "requests_failed": 20.077687346161447, "has_blocking": 0.32898542913095813, "script": 0.9987782748522251, "iframe": 0.10206794947807184, "beacon": 0.00012576582403564564, "image": 0.9799313677931691, "stylesheet": 0.9783143786269966, "font": 0.014067805745701503, "xhr": 0.22208447870065937, "plugin": 0.003916707091395821, "media": 0.061894751971828456, "referer_leaked": 0.9928313480299682, "referer_leaked_header": 0.9910346934008876, "referer_leaked_url": 0.0, "hosts": 6.4783772615390145, "trackers": 6.391239512028602, "companies": 4.254478161662983}