{"id": "fastcompany.com", "month": "2019-04", "country": "global", "site": "fastcompany.com", "category": "Business", "popularity": 0.0002643630023823469, "cookies": 0.9617778487073093, "bad_qs": 0.15533567400787318, "tracked": 0.9620438344504735, "https": 0.9684540908607299, "requests": 156.94717523140758, "requests_tracking": 41.33721672518353, "content_length": 9740328.790456431, "requests_failed": 52.21132567294393, "has_blocking": 0.4470156399616981, "script": 0.9798382806681561, "iframe": 0.9448877540163847, "beacon": 0.22962549207362484, "image": 0.9908234918608363, "stylesheet": 0.8854931375678263, "font": 0.5057984892009788, "xhr": 0.9573358867964677, "plugin": 0.002154484519629748, "media": 0.021438450899031812, "referer_leaked": 0.9846792211937441, "referer_leaked_header": 0.9799978721140546, "referer_leaked_url": 0.0, "hosts": 32.21587402915204, "trackers": 26.267395467602938, "companies": 19.488669007341205}