{"id": "fast-torrent.ru", "month": "2019-04", "country": "global", "site": "fast-torrent.ru", "category": "Entertainment", "popularity": 0.0001262467641443945, "cookies": 0.8422078645427202, "bad_qs": 0.036315027291968366, "tracked": 0.8585273476662583, "https": 0.005179904199621254, "requests": 122.37646206973376, "requests_tracking": 12.204856856410828, "content_length": 6645005.680071293, "requests_failed": 39.990809847387766, "has_blocking": 0.5269577809958783, "script": 0.9568341316698229, "iframe": 0.797983736214771, "beacon": 0.04466971148490587, "image": 0.995042887378857, "stylesheet": 0.9444691990642754, "font": 0.059262559875236716, "xhr": 0.6360142586610226, "plugin": 0.0027291968363595855, "media": 0.005569789461958338, "referer_leaked": 0.9686977832237942, "referer_leaked_header": 0.9252534254205191, "referer_leaked_url": 0.0, "hosts": 15.75275704578367, "trackers": 11.400133674947087, "companies": 8.98256655898407}