{"id": "fastpic.ru", "month": "2019-04", "country": "global", "site": "fastpic.ru", "category": "Business", "popularity": 0.0005253578305402778, "cookies": 0.48367753938404295, "bad_qs": 0.0027170639647718605, "tracked": 0.4840924604821115, "https": 0.9969349376949125, "requests": 14.538045587782582, "requests_tracking": 1.9067230602438665, "content_length": 36584.818277943596, "requests_failed": 11.693828383280017, "has_blocking": 0.48419953689451634, "script": 0.9007803193554, "iframe": 0.47136375195749064, "beacon": 0.0022486046605008497, "image": 0.8532651613507689, "stylesheet": 0.07941054434971156, "font": 0.027732790812843817, "xhr": 0.3269310561749629, "plugin": 0.0019006063201852422, "media": 9.369186085420209e-05, "referer_leaked": 0.549877531353312, "referer_leaked_header": 0.5395580421077992, "referer_leaked_url": 0.0, "hosts": 8.903403691459317, "trackers": 3.899803247092206, "companies": 3.777080293924752}