{"id": "faz.net", "month": "2019-04", "country": "global", "site": "faz.net", "category": "News and Portals", "popularity": 0.0018152630833071274, "cookies": 0.8335496116674092, "bad_qs": 0.23573821928686253, "tracked": 0.8351610466580155, "https": 0.9954794600143325, "requests": 95.57988030446825, "requests_tracking": 30.3171273072379, "content_length": 1241837.4868354283, "requests_failed": 26.538746102147936, "has_blocking": 0.36589645755456995, "script": 0.9966338052720265, "iframe": 0.8005190680017819, "beacon": 0.13281555654548624, "image": 0.9706687842575197, "stylesheet": 0.5085045805814337, "font": 0.30384071584900546, "xhr": 0.8047800739865585, "plugin": 0.0023358060080184385, "media": 0.041203927872789606, "referer_leaked": 0.969359493327652, "referer_leaked_header": 0.9632623811276171, "referer_leaked_url": 0.0, "hosts": 23.378129418372684, "trackers": 19.54015223412291, "companies": 13.052472351881622}