{"id": "fb.ru", "month": "2019-04", "country": "global", "site": "fb.ru", "category": "Entertainment", "popularity": 0.00017096121068523246, "cookies": 0.8125282770534282, "bad_qs": 0.04540780652325916, "tracked": 0.8340394027886316, "https": 0.022786163780693456, "requests": 77.93912721589274, "requests_tracking": 27.537983794677743, "content_length": 666484.6933739152, "requests_failed": 28.093735861473284, "has_blocking": 0.5510220869493686, "script": 0.9878254431785465, "iframe": 0.33031711430099125, "beacon": 0.2686628552626167, "image": 0.9906634310862501, "stylesheet": 0.9947353267799119, "font": 0.8853288364249579, "xhr": 0.893102455476494, "plugin": 0.0012339077859581293, "media": 0.019495743018138445, "referer_leaked": 0.974992802204582, "referer_leaked_header": 0.934685147863283, "referer_leaked_url": 0.0, "hosts": 9.945749187677373, "trackers": 9.608398798996422, "companies": 4.39567309669724}