{"id": "fdesouche.com", "month": "2019-04", "country": "global", "site": "fdesouche.com", "category": "News and Portals", "popularity": 0.000337717477349169, "cookies": 0.9248979761805614, "bad_qs": 0.03733238943949363, "tracked": 0.9262305321895561, "https": 0.003997668026984259, "requests": 119.91042725077038, "requests_tracking": 21.9587115849088, "content_length": 3174543.172878321, "requests_failed": 43.042475222786706, "has_blocking": 0.4453027400682935, "script": 0.9972932456067294, "iframe": 0.9059090530523861, "beacon": 0.03749895894061797, "image": 0.9952319480303157, "stylesheet": 0.9989797618056134, "font": 0.8322645123677854, "xhr": 0.786270508869826, "plugin": 0.009890064129257933, "media": 0.0017489797618056135, "referer_leaked": 0.9963354709752644, "referer_leaked_header": 0.9751811443324727, "referer_leaked_url": 0.0, "hosts": 16.108644957108353, "trackers": 13.736133089031398, "companies": 9.132547680519696}