{"id": "feedly.com", "month": "2019-04", "country": "global", "site": "feedly.com", "category": "Business", "popularity": 0.0017063423761334241, "cookies": 0.955605464323244, "bad_qs": 0.006403890136608081, "tracked": 0.9558032678795871, "https": 0.7692827560628851, "requests": 148.4193435394474, "requests_tracking": 61.48915583211423, "content_length": 6306499.767078071, "requests_failed": 28.379436671955165, "has_blocking": 0.4012857231162302, "script": 0.9927636865637813, "iframe": 0.9798776090495127, "beacon": 0.0015288566542352626, "image": 0.9462427626563369, "stylesheet": 0.7042177487482744, "font": 0.19024169122040674, "xhr": 0.7025487812416294, "plugin": 0.1284569262151526, "media": 0.015618239136257804, "referer_leaked": 0.9920013186903757, "referer_leaked_header": 0.9892815197906579, "referer_leaked_url": 0.0, "hosts": 10.746708425195228, "trackers": 8.601615395710136, "companies": 5.490705293305586}