{"id": "fextralife.com", "month": "2019-04", "country": "global", "site": "fextralife.com", "category": "Entertainment", "popularity": 0.0015188567198795536, "cookies": 0.9350515273006731, "bad_qs": 0.022990527865482727, "tracked": 0.9356487439931112, "https": 0.9908658253164323, "requests": 413.6647438449644, "requests_tracking": 31.506999935185785, "content_length": 48860661.315265596, "requests_failed": 98.68661401283322, "has_blocking": 0.5564022555346709, "script": 0.9867038268164183, "iframe": 0.9555004120332219, "beacon": 0.059156859658706866, "image": 0.9916343367191045, "stylesheet": 0.39076952991176006, "font": 0.5667077156692993, "xhr": 0.9644956991138971, "plugin": 0.0008148072703030528, "media": 0.01027768261404987, "referer_leaked": 0.9926528458069833, "referer_leaked_header": 0.9839121859982778, "referer_leaked_url": 0.0, "hosts": 17.579878890010278, "trackers": 14.634156165220693, "companies": 8.176729845094027}