{"id": "fifa.com", "month": "2019-04", "country": "global", "site": "fifa.com", "category": "News and Portals", "popularity": 3.6824902741683976e-05, "cookies": 0.27954936032079436, "bad_qs": 0.014512125262554899, "tracked": 0.28489593278594616, "https": 0.9915982432690472, "requests": 13.865762841321366, "requests_tracking": 2.925911781554325, "content_length": 706408.8184074851, "requests_failed": 4.712621729998091, "has_blocking": 0.4559862516708039, "script": 0.9852969257208325, "iframe": 0.16154286805422952, "beacon": 0.016039717395455413, "image": 0.26331869390872636, "stylesheet": 0.1443574565590987, "font": 0.07141493221309911, "xhr": 0.1202978804659156, "plugin": 0.001336643116287951, "media": 0.0007637960664502578, "referer_leaked": 0.7194958945961428, "referer_leaked_header": 0.7133855260645408, "referer_leaked_url": 0.0, "hosts": 3.868818025587168, "trackers": 3.3973649035707467, "companies": 2.255680733244224}