{"id": "figma.com", "month": "2019-04", "country": "global", "site": "figma.com", "category": "Business", "popularity": 0.0002945921902545064, "cookies": 0.31244778613199664, "bad_qs": 0.0047977085571070536, "tracked": 0.3142857142857143, "https": 0.5029001074113856, "requests": 56.22797469865139, "requests_tracking": 3.6478100011934598, "content_length": 2355804.311469149, "requests_failed": 19.771142141066953, "has_blocking": 0.44158014082826114, "script": 0.9778255161713808, "iframe": 0.1089390142021721, "beacon": 0.0003341687552213868, "image": 0.75078171619525, "stylesheet": 0.19071488244420576, "font": 0.11123045709511875, "xhr": 0.811624298842344, "plugin": 0.00019095357441222102, "media": 0.09246926840911804, "referer_leaked": 0.8106695309702828, "referer_leaked_header": 0.2248000954767872, "referer_leaked_url": 0.0, "hosts": 7.25141424991049, "trackers": 5.165580618212197, "companies": 4.721064566177348}