{"id": "filipinocupid.com", "month": "2019-04", "country": "global", "site": "filipinocupid.com", "category": "Entertainment", "popularity": 0.0001813821589119225, "cookies": 0.4585772436518705, "bad_qs": 0.19445628997867803, "tracked": 0.5313820507850359, "https": 0.9998061639852684, "requests": 18.42353169218841, "requests_tracking": 2.639348710990502, "content_length": 80589.43520062027, "requests_failed": 8.461988757511145, "has_blocking": 0.4864120953673193, "script": 0.9993409575499128, "iframe": 0.028338825353750728, "beacon": 0.12707889125799574, "image": 0.6691994572591587, "stylesheet": 0.8608257414227564, "font": 0.15192866834657878, "xhr": 0.10819926342314402, "plugin": 0.0030626090327582865, "media": 0.0, "referer_leaked": 0.9713898042256252, "referer_leaked_header": 0.9713510370226788, "referer_leaked_url": 0.0, "hosts": 10.660942043031595, "trackers": 10.087381275440977, "companies": 7.443923240938166}