{"id": "filmezz.eu", "month": "2019-04", "country": "global", "site": "filmezz.eu", "category": "Entertainment", "popularity": 0.00017391451585069119, "cookies": 0.9082197873286701, "bad_qs": 0.003113249504710306, "tracked": 0.9082602191404197, "https": 0.9973719322362835, "requests": 16.37181094084826, "requests_tracking": 3.427525977439049, "content_length": 288215.3384142643, "requests_failed": 5.209072898556585, "has_blocking": 0.35592123883071203, "script": 0.9989487728945134, "iframe": 0.8079893260016981, "beacon": 0.00028302268224639145, "image": 0.36093478348764807, "stylesheet": 0.9847976387821938, "font": 0.3673230097440666, "xhr": 0.12400436663566894, "plugin": 0.003436703998706182, "media": 0.0, "referer_leaked": 0.9497028261836413, "referer_leaked_header": 0.7305624065014353, "referer_leaked_url": 0.0, "hosts": 7.816116120163344, "trackers": 6.012048679901346, "companies": 2.37488375854122}