{"id": "filmvilag.org", "month": "2019-04", "country": "global", "site": "filmvilag.org", "category": "Adult", "popularity": 0.00015914799002339763, "cookies": 0.8787611010471436, "bad_qs": 0.03547916758715151, "tracked": 0.8788494675915698, "https": 0.0017231476163124641, "requests": 107.47364467812486, "requests_tracking": 14.336764900808554, "content_length": 766241166.6597888, "requests_failed": 35.553086201564085, "has_blocking": 0.5058101002960279, "script": 0.9995139840056555, "iframe": 0.6744576503335837, "beacon": 0.0027835461494278265, "image": 0.8033844386515265, "stylesheet": 0.6160031811955994, "font": 0.1811072328016613, "xhr": 0.42278973180753765, "plugin": 0.00402067777139575, "media": 0.3492245835726594, "referer_leaked": 0.9659788803958821, "referer_leaked_header": 0.9613838200857155, "referer_leaked_url": 0.0, "hosts": 12.542128750055229, "trackers": 8.97706888172138, "companies": 7.232624928202183}