{"id": "filmweb.pl", "month": "2019-04", "country": "global", "site": "filmweb.pl", "category": "Entertainment", "popularity": 0.0012417241884960803, "cookies": 0.965167903052268, "bad_qs": 0.07090435471997282, "tracked": 0.9665609604167846, "https": 0.98198652245314, "requests": 92.80597429072994, "requests_tracking": 32.10665383090775, "content_length": 1472758.6641655813, "requests_failed": 26.354346225720597, "has_blocking": 0.3201766804462314, "script": 0.9964663910753724, "iframe": 0.8627442097514015, "beacon": 0.03736904694490062, "image": 0.9978481227702588, "stylesheet": 0.649142080525511, "font": 0.667155558072371, "xhr": 0.9473979274024577, "plugin": 0.0011891953111727732, "media": 0.11929894104988957, "referer_leaked": 0.9938841383996829, "referer_leaked_header": 0.9868225833852426, "referer_leaked_url": 0.0, "hosts": 12.922826887139703, "trackers": 8.44622572059573, "companies": 7.349804632198879}