{"id": "filmaffinity.com", "month": "2019-04", "country": "global", "site": "filmaffinity.com", "category": "Entertainment", "popularity": 0.00039358416672909623, "cookies": 0.5557322280385185, "bad_qs": 0.022117806799707002, "tracked": 0.5569470994943991, "https": 0.994300823611384, "requests": 18.213620852911227, "requests_tracking": 3.7210976720919016, "content_length": 544921.5624497526, "requests_failed": 7.116842048844979, "has_blocking": 0.39924606506708593, "script": 0.9963196541189502, "iframe": 0.7213835241991674, "beacon": 0.015078698658281672, "image": 0.39027745520161505, "stylesheet": 0.17560252264484663, "font": 0.054401229164061246, "xhr": 0.18357065013488646, "plugin": 0.003340896503671413, "media": 0.007110571168241831, "referer_leaked": 0.7451271148589499, "referer_leaked_header": 0.7435191967555785, "referer_leaked_url": 0.0, "hosts": 6.849320207957408, "trackers": 6.196201740124703, "companies": 4.266414163971915}