{"id": "filmeserialeonline.org", "month": "2019-04", "country": "global", "site": "filmeserialeonline.org", "category": "Entertainment", "popularity": 0.00025976428433898975, "cookies": 0.9556602241351307, "bad_qs": 0.016512370743327377, "tracked": 0.9556602241351307, "https": 0.011450381679389313, "requests": 765.9369552271128, "requests_tracking": 34.429917167451684, "content_length": 716218160.260706, "requests_failed": 705.3587244870338, "has_blocking": 0.46602782740512155, "script": 0.9995127497157706, "iframe": 0.6016999621027557, "beacon": 0.0032212657679605867, "image": 0.9734989984299713, "stylesheet": 0.9916626062476315, "font": 0.47165827513399383, "xhr": 0.4396351036760327, "plugin": 0.0019490011369173298, "media": 0.39865194088029887, "referer_leaked": 0.9975637485788533, "referer_leaked_header": 0.9958854420442856, "referer_leaked_url": 0.0, "hosts": 15.45249309728764, "trackers": 10.444561745438795, "companies": 6.505901142331222}