{"id": "fimfiction.net", "month": "2019-04", "country": "global", "site": "fimfiction.net", "category": "Entertainment", "popularity": 0.0003659004466424035, "cookies": 0.26329848566377123, "bad_qs": 0.012798831578138213, "tracked": 0.26329848566377123, "https": 0.9983280805596125, "requests": 7.630967022830348, "requests_tracking": 1.6824506111153816, "content_length": 125610.77217695442, "requests_failed": 2.377527096625413, "has_blocking": 0.2367207318010608, "script": 0.6247597816895996, "iframe": 0.07965639172880314, "beacon": 0.004765931278345761, "image": 0.22492120839418864, "stylesheet": 0.9854331616573142, "font": 0.420420478130525, "xhr": 0.013202398339611038, "plugin": 0.013951879468060573, "media": 0.0004420016911369052, "referer_leaked": 0.9630832500576524, "referer_leaked_header": 0.9624106387885311, "referer_leaked_url": 0.0, "hosts": 2.9162695057268047, "trackers": 2.829983088630948, "companies": 1.4579137520178338}