{"id": "finecobank.com", "month": "2019-04", "country": "global", "site": "finecobank.com", "category": "Banking", "popularity": 0.0005587864323416843, "cookies": 0.340694879635572, "bad_qs": 0.002567103325908868, "tracked": 0.3410723948305586, "https": 0.9960990096518052, "requests": 26.053846250644924, "requests_tracking": 3.8362590760944792, "content_length": 184218.8317037261, "requests_failed": 6.085117092629645, "has_blocking": 0.09002479016447079, "script": 0.8926472623856444, "iframe": 0.07375388526054841, "beacon": 7.550303899731964e-05, "image": 0.8868461122226836, "stylesheet": 0.8777857475430053, "font": 0.010167742584972378, "xhr": 0.13221840512413957, "plugin": 0.0003397636754879384, "media": 0.0, "referer_leaked": 0.9796645148300552, "referer_leaked_header": 0.9781922055696075, "referer_leaked_url": 0.0, "hosts": 2.422842186064656, "trackers": 2.1832458756464947, "companies": 2.0961279524834207}