{"id": "finofilipino.org", "month": "2019-04", "country": "global", "site": "finofilipino.org", "category": "Entertainment", "popularity": 0.0002405748324424735, "cookies": 0.9631718937246077, "bad_qs": 0.0265103907871277, "tracked": 0.9642533539882501, "https": 0.9961710460935902, "requests": 131.6833075146874, "requests_tracking": 32.82910004968871, "content_length": 13616983.370151697, "requests_failed": 36.93806447841464, "has_blocking": 0.49571800192909127, "script": 0.9995615701633882, "iframe": 0.9614181743781604, "beacon": 0.056002104463215734, "image": 0.956507760208108, "stylesheet": 0.9957618449127524, "font": 0.8200683950545115, "xhr": 0.8490924502382136, "plugin": 0.0, "media": 0.04469061467863093, "referer_leaked": 0.9961710460935902, "referer_leaked_header": 0.8810685996551019, "referer_leaked_url": 0.0, "hosts": 18.872650746792154, "trackers": 15.996112588782042, "companies": 9.503755882266974}