{"id": "finviz.com", "month": "2019-04", "country": "global", "site": "finviz.com", "category": "News and Portals", "popularity": 0.0008835656203945579, "cookies": 0.4263578846842545, "bad_qs": 0.012645736341570173, "tracked": 0.42672396641598026, "https": 0.9932036130675261, "requests": 24.649309617603755, "requests_tracking": 12.565484859337074, "content_length": 124640.32360829254, "requests_failed": 7.394333691456766, "has_blocking": 0.5061637022004696, "script": 0.9918586606183598, "iframe": 0.154860530818511, "beacon": 0.0033186104810791453, "image": 0.41265369464008594, "stylesheet": 0.9690024272810474, "font": 0.23392622657275874, "xhr": 0.07416338386852891, "plugin": 0.0015120767179976921, "media": 0.0013608690461979229, "referer_leaked": 0.9704985874020134, "referer_leaked_header": 0.9656360670088735, "referer_leaked_url": 0.0, "hosts": 5.448091997930843, "trackers": 5.349822927858024, "companies": 3.630766782061995}