{"id": "firefox.com", "month": "2019-04", "country": "global", "site": "firefox.com", "category": "Business", "popularity": 0.00050623166375445, "cookies": 0.5526787326545637, "bad_qs": 0.001902962788048838, "tracked": 0.5534288055783201, "https": 0.9875126748433876, "requests": 4.85394413345742, "requests_tracking": 1.4238606531190532, "content_length": 411581.3789396191, "requests_failed": 1.4055810981623214, "has_blocking": 0.1531537788396094, "script": 0.5431361382356618, "iframe": 0.012542886113927744, "beacon": 0.03768421929909852, "image": 0.664717403080855, "stylesheet": 0.3614101370966622, "font": 0.1677246398955454, "xhr": 0.07206256163793702, "plugin": 0.00030558526523411997, "media": 0.0, "referer_leaked": 0.6660369758170933, "referer_leaked_header": 0.6498687372383426, "referer_leaked_url": 0.0, "hosts": 1.607461836567444, "trackers": 1.512480380036948, "companies": 1.494909227285986}