{"id": "fischkopf.de", "month": "2019-04", "country": "global", "site": "fischkopf.de", "category": "Entertainment", "popularity": 0.00016623592242049853, "cookies": 0.3934689733936805, "bad_qs": 0.03794255742142887, "tracked": 0.3934689733936805, "https": 0.9990271139122711, "requests": 19.31487669726323, "requests_tracking": 6.8599044033670316, "content_length": 156861.35687999663, "requests_failed": 6.95207478533057, "has_blocking": 0.36923141999069414, "script": 0.9966583477856267, "iframe": 0.25908379510173, "beacon": 0.05968444651241487, "image": 0.43416099149782156, "stylesheet": 0.055412207605431245, "font": 0.016877458652341273, "xhr": 0.2820523666511569, "plugin": 0.0002537963707118988, "media": 0.005287424389831225, "referer_leaked": 0.7710333742227486, "referer_leaked_header": 0.77099107482763, "referer_leaked_url": 0.0, "hosts": 7.612664438898523, "trackers": 6.2407258576202365, "companies": 3.147836385939681}