{"id": "fitgirl-repacks.site", "month": "2019-04", "country": "global", "site": "fitgirl-repacks.site", "category": "Entertainment", "popularity": 0.0006660406316005931, "cookies": 0.988893581081081, "bad_qs": 0.011296452702702704, "tracked": 0.9893369932432432, "https": 0.007295185810810811, "requests": 86.34473184121622, "requests_tracking": 38.68001478040541, "content_length": 1825227.1932749155, "requests_failed": 27.97451435810811, "has_blocking": 0.5016997466216216, "script": 0.9957453547297297, "iframe": 0.9789273648648649, "beacon": 0.0006228885135135135, "image": 0.9926942567567567, "stylesheet": 0.995777027027027, "font": 0.6364970439189189, "xhr": 0.9576541385135136, "plugin": 0.0029455236486486485, "media": 0.00010557432432432433, "referer_leaked": 0.9844700168918918, "referer_leaked_header": 0.9555004222972973, "referer_leaked_url": 0.0, "hosts": 11.056777871621621, "trackers": 10.776984797297297, "companies": 5.558308699324324}