{"id": "fiverr.com", "month": "2019-04", "country": "global", "site": "fiverr.com", "category": "Business", "popularity": 0.0018599564348110692, "cookies": 0.9268915092378011, "bad_qs": 0.10585193054353127, "tracked": 0.9270427316822363, "https": 0.9935087765726189, "requests": 179.232772928158, "requests_tracking": 34.287144958054675, "content_length": 1320613.9182151214, "requests_failed": 40.772833643969435, "has_blocking": 0.4609071078329446, "script": 0.9926808336893361, "iframe": 0.8373111137154976, "beacon": 0.31144262431430075, "image": 0.9881630631618344, "stylesheet": 0.993852807633709, "font": 0.5207231457292891, "xhr": 0.9275001795766528, "plugin": 0.0007523316610651353, "media": 0.4635572811716715, "referer_leaked": 0.9899852936172787, "referer_leaked_header": 0.9827379579677216, "referer_leaked_url": 0.0, "hosts": 18.067157887573675, "trackers": 15.576123488248125, "companies": 12.000714526049956}