{"id": "flashscore.com", "month": "2019-04", "country": "global", "site": "flashscore.com", "category": "Entertainment", "popularity": 0.0009373860911955602, "cookies": 0.950618487874037, "bad_qs": 0.010681949455775679, "tracked": 0.9507310084090347, "https": 0.9971344770420602, "requests": 12.429438372502982, "requests_tracking": 2.396912436519665, "content_length": 293976.03444628645, "requests_failed": 5.198208673082838, "has_blocking": 0.5151190092191825, "script": 0.9997074466090061, "iframe": 0.38511278308291264, "beacon": 0.006563697874862162, "image": 0.357380221890495, "stylesheet": 0.03263095514931475, "font": 0.009811790651793953, "xhr": 0.031333218312342, "plugin": 0.001290235467972905, "media": 0.005753550022879176, "referer_leaked": 0.606905760301255, "referer_leaked_header": 0.39043125370380094, "referer_leaked_url": 0.0, "hosts": 6.3391668979588776, "trackers": 6.184263628112131, "companies": 3.1843086363261297}