{"id": "flashx.tv", "month": "2019-04", "country": "global", "site": "flashx.tv", "category": "Entertainment", "popularity": 1.3043764480775974e-05, "cookies": 0.09002695417789758, "bad_qs": 0.004851752021563342, "tracked": 0.09002695417789758, "https": 0.9886792452830189, "requests": 18.485175202156334, "requests_tracking": 1.7805929919137466, "content_length": 38206.95094339622, "requests_failed": 14.441509433962263, "has_blocking": 0.5471698113207547, "script": 0.9741239892183289, "iframe": 0.042587601078167114, "beacon": 0.00431266846361186, "image": 0.5466307277628032, "stylesheet": 0.2792452830188679, "font": 0.14932614555256066, "xhr": 0.030727762803234502, "plugin": 0.0005390835579514825, "media": 0.0, "referer_leaked": 0.3725067385444744, "referer_leaked_header": 0.3719676549865229, "referer_leaked_url": 0.0, "hosts": 4.346630727762803, "trackers": 3.5256064690026956, "companies": 3.0754716981132075}