{"id": "flashscore.pl", "month": "2019-04", "country": "global", "site": "flashscore.pl", "category": "Entertainment", "popularity": 0.0006806102704168561, "cookies": 0.9559777667575833, "bad_qs": 0.024805769071824118, "tracked": 0.9561017439457806, "https": 0.9978923878006447, "requests": 11.55378543681296, "requests_tracking": 2.4990081824944212, "content_length": 354240.1512108439, "requests_failed": 4.705595503760641, "has_blocking": 0.49605339284238364, "script": 0.9998863542441524, "iframe": 0.19533639143730888, "beacon": 0.010889329696669146, "image": 0.34568972642367135, "stylesheet": 0.04900198363501116, "font": 0.00848210595917018, "xhr": 0.05702950657079098, "plugin": 0.00048557732043970575, "media": 0.00710802545664931, "referer_leaked": 0.6447950243821804, "referer_leaked_header": 0.4494999586742706, "referer_leaked_url": 0.0, "hosts": 6.1455285560790145, "trackers": 5.889959914042483, "companies": 3.20847797338623}