{"id": "flaticon.com", "month": "2019-04", "country": "global", "site": "flaticon.com", "category": "Business", "popularity": 0.0012432359994736365, "cookies": 0.9373660247164955, "bad_qs": 0.07525805265688187, "tracked": 0.9382426967563134, "https": 0.9927038262492577, "requests": 69.98528887757699, "requests_tracking": 30.60574644382229, "content_length": 590213.8903368118, "requests_failed": 19.638160685500974, "has_blocking": 0.48472045473827097, "script": 0.9087695483725008, "iframe": 0.8497271004779277, "beacon": 0.0647549560249993, "image": 0.8638386923446735, "stylesheet": 0.7892141059359181, "font": 0.044755521619863695, "xhr": 0.2633522807612907, "plugin": 0.0003110771754192472, "media": 0.0004015723537230282, "referer_leaked": 0.9749102118152767, "referer_leaked_header": 0.9205565453465683, "referer_leaked_url": 0.0, "hosts": 13.462436017080964, "trackers": 11.643024801334803, "companies": 8.89914877972908}