{"id": "flickr.com", "month": "2019-04", "country": "global", "site": "flickr.com", "category": "Entertainment", "popularity": 0.0043910374051147, "cookies": 0.6090813736558494, "bad_qs": 0.035201332340483456, "tracked": 0.6137637817972185, "https": 0.9925904574315614, "requests": 220.57298007094073, "requests_tracking": 12.844180218266837, "content_length": 3709158.9019528716, "requests_failed": 43.133429415579734, "has_blocking": 0.3893701008062902, "script": 0.9944768722026054, "iframe": 0.15163219716076962, "beacon": 0.016056944744701464, "image": 0.9847357337881226, "stylesheet": 0.979321499203318, "font": 0.6857005596790853, "xhr": 0.45032627929507657, "plugin": 0.00023219876214039217, "media": 0.010072622164572874, "referer_leaked": 0.990329321899546, "referer_leaked_header": 0.9892884308968477, "referer_leaked_url": 0.0, "hosts": 7.366030121784247, "trackers": 7.043871153707574, "companies": 5.441352197481044}