{"id": "flightaware.com", "month": "2019-04", "country": "global", "site": "flightaware.com", "category": "Reference", "popularity": 0.003031483372195782, "cookies": 0.33032255670141353, "bad_qs": 0.021715632379070232, "tracked": 0.3306612110837404, "https": 0.9977222013462671, "requests": 62.74853056471778, "requests_tracking": 4.8439707922193, "content_length": 690602.698198637, "requests_failed": 13.94743434512129, "has_blocking": 0.463780217944971, "script": 0.9983160062906211, "iframe": 0.06686104500392004, "beacon": 0.008297032367008569, "image": 0.930288227353068, "stylesheet": 0.9675030966000028, "font": 0.09974531334808567, "xhr": 0.13530634304297198, "plugin": 0.0020226480917057512, "media": 0.00036184988796570777, "referer_leaked": 0.9912529748235982, "referer_leaked_header": 0.9892164094285091, "referer_leaked_url": 0.0, "hosts": 8.528576862947036, "trackers": 8.258330665850185, "companies": 6.49108132808187}