{"id": "flipkart.com", "month": "2019-04", "country": "global", "site": "flipkart.com", "category": "E-Commerce", "popularity": 0.0007745745964312007, "cookies": 0.6767827152648541, "bad_qs": 0.003086559847487631, "tracked": 0.6775452771095275, "https": 0.9572329898778993, "requests": 107.01788389088104, "requests_tracking": 6.0382097952884575, "content_length": 1348107.3724569925, "requests_failed": 31.010748490763017, "has_blocking": 0.5032817393672552, "script": 0.9949253324860424, "iframe": 0.04801416186282965, "beacon": 0.0014978893377513504, "image": 0.9952884571739821, "stylesheet": 0.9735100540147973, "font": 0.8210067631973129, "xhr": 0.7287186237574327, "plugin": 7.262493758794426e-05, "media": 0.0003631246879397213, "referer_leaked": 0.9947437701420725, "referer_leaked_header": 0.9926558031864191, "referer_leaked_url": 0.0, "hosts": 5.494494121919114, "trackers": 4.986210339975489, "companies": 3.831010848350052}