{"id": "flixbus.de", "month": "2019-04", "country": "global", "site": "flixbus.de", "category": "Business", "popularity": 0.0002902044225801106, "cookies": 0.9463788132102445, "bad_qs": 0.060405611688594894, "tracked": 0.9468391848998086, "https": 0.996026265416394, "requests": 86.72544886239733, "requests_tracking": 13.179423808485376, "content_length": 427494.31998255436, "requests_failed": 27.83693150153861, "has_blocking": 0.46604153037241647, "script": 0.9970681592401444, "iframe": 0.24041094230815827, "beacon": 0.3840469094521577, "image": 0.9248867243342783, "stylesheet": 0.9955174335489811, "font": 0.5199777083181896, "xhr": 0.9613045479876912, "plugin": 0.002132247825349519, "media": 2.4230088924426352e-05, "referer_leaked": 0.9908894865644157, "referer_leaked_header": 0.9765695040100797, "referer_leaked_url": 0.0, "hosts": 19.501780911535946, "trackers": 16.08528991301398, "companies": 12.055559593903709}