{"id": "flvto.biz", "month": "2019-04", "country": "global", "site": "flvto.biz", "category": "Business", "popularity": 0.0009827755789170744, "cookies": 0.44250307661486504, "bad_qs": 0.034980395523883115, "tracked": 0.4432114135256575, "https": 0.9922011390629919, "requests": 14.103252625855013, "requests_tracking": 2.9334020205489253, "content_length": 71712.27330356887, "requests_failed": 5.962114707650039, "has_blocking": 0.4035230817664062, "script": 0.9991199450502275, "iframe": 0.3725637503219713, "beacon": 0.09129675739103059, "image": 0.38267364986691854, "stylesheet": 0.42766377607967715, "font": 0.18602072064337025, "xhr": 0.3981783578031539, "plugin": 0.003734867347814888, "media": 0.0, "referer_leaked": 0.8360378924472682, "referer_leaked_header": 0.8348931055207349, "referer_leaked_url": 0.0, "hosts": 6.458830600154546, "trackers": 5.995900231819353, "companies": 4.722897169514324}