{"id": "fmovies.se", "month": "2019-04", "country": "global", "site": "fmovies.se", "category": "Entertainment", "popularity": 1.321955645491042e-06, "cookies": 0.031914893617021274, "bad_qs": 0.0, "tracked": 0.031914893617021274, "https": 0.5691489361702128, "requests": 3.117021276595745, "requests_tracking": 0.06382978723404255, "content_length": 3651.303191489362, "requests_failed": 1.6170212765957446, "has_blocking": 0.26063829787234044, "script": 0.0425531914893617, "iframe": 0.42021276595744683, "beacon": 0.005319148936170213, "image": 0.031914893617021274, "stylesheet": 0.925531914893617, "font": 0.015957446808510637, "xhr": 0.010638297872340425, "plugin": 0.0, "media": 0.0, "referer_leaked": 0.6276595744680851, "referer_leaked_header": 0.6276595744680851, "referer_leaked_url": 0.0, "hosts": 1.4680851063829787, "trackers": 1.4361702127659575, "companies": 1.4308510638297873}