{"id": "fok.nl", "month": "2019-04", "country": "global", "site": "fok.nl", "category": "Entertainment", "popularity": 0.0004908533818571685, "cookies": 0.9755894908747099, "bad_qs": 0.013193708277225453, "tracked": 0.9756467925393233, "https": 0.8528636506890526, "requests": 82.89581124831676, "requests_tracking": 46.62427298513022, "content_length": 1716753.3860126636, "requests_failed": 21.17597341202762, "has_blocking": 0.49644729679397187, "script": 0.9803025527891586, "iframe": 0.7455089820359282, "beacon": 0.006045325616709165, "image": 0.9950434060109447, "stylesheet": 0.971664326848695, "font": 0.30407128327077904, "xhr": 0.8581497292496347, "plugin": 1.4325416153339254e-05, "media": 0.006976477666676217, "referer_leaked": 0.9711772626994815, "referer_leaked_header": 0.9142337334899578, "referer_leaked_url": 0.0, "hosts": 13.626479099217832, "trackers": 9.221728791221384, "companies": 7.882875397530298}