{"id": "fontanka.ru", "month": "2019-04", "country": "global", "site": "fontanka.ru", "category": "News and Portals", "popularity": 0.00032183994624534573, "cookies": 0.7913698929429758, "bad_qs": 0.12696089141358968, "tracked": 0.7993663972034083, "https": 0.9670308062049378, "requests": 90.0403539436312, "requests_tracking": 29.687153157089796, "content_length": 1200813.1193795062, "requests_failed": 37.879812103998255, "has_blocking": 0.48453135241424516, "script": 0.9883548175660913, "iframe": 0.4267861044352196, "beacon": 0.2383438933799432, "image": 0.9973344985798558, "stylesheet": 0.814987983395237, "font": 0.2375573519772777, "xhr": 0.9099191610225038, "plugin": 0.005046974000436967, "media": 0.014835044789163207, "referer_leaked": 0.9705920908892287, "referer_leaked_header": 0.9437404413371204, "referer_leaked_url": 0.0, "hosts": 23.094625300415117, "trackers": 20.088835481756607, "companies": 16.04918068603889}