{"id": "fool.com", "month": "2019-04", "country": "global", "site": "fool.com", "category": "Business", "popularity": 0.0004167887073148433, "cookies": 0.636040018220775, "bad_qs": 0.07237696759063993, "tracked": 0.6362256001889561, "https": 0.7667234659963221, "requests": 99.32029760599261, "requests_tracking": 21.223474431866112, "content_length": 1852165.980260827, "requests_failed": 35.69068547230611, "has_blocking": 0.4748873854874901, "script": 0.9893037301975605, "iframe": 0.5286218008199349, "beacon": 0.008621125976414219, "image": 0.9868405513471564, "stylesheet": 0.989286859109544, "font": 0.6057564152312183, "xhr": 0.7437113019418622, "plugin": 0.0013834292173502268, "media": 0.004453967236347072, "referer_leaked": 0.9778651325223964, "referer_leaked_header": 0.9584296391274273, "referer_leaked_url": 0.0, "hosts": 16.33036964553844, "trackers": 12.658664147250857, "companies": 10.148549929984984}