{"id": "football.ua", "month": "2019-04", "country": "global", "site": "football.ua", "category": "Entertainment", "popularity": 0.0002796217457372169, "cookies": 0.9596891817130212, "bad_qs": 0.007996781169843585, "tracked": 0.9600663883719761, "https": 0.7695267313785646, "requests": 271.2969370819293, "requests_tracking": 28.003822360810744, "content_length": 5431731.119046422, "requests_failed": 71.10018608861841, "has_blocking": 0.4828748176834482, "script": 0.9984157320323894, "iframe": 0.9383644319267717, "beacon": 0.02062063068953377, "image": 0.9986923502489564, "stylesheet": 0.6950409897902731, "font": 0.3956897852436755, "xhr": 0.6542272292913545, "plugin": 0.0, "media": 0.0027158879444751797, "referer_leaked": 0.9961273449680632, "referer_leaked_header": 0.9847357038676257, "referer_leaked_url": 0.0, "hosts": 20.675350802192828, "trackers": 15.11655685761706, "companies": 10.933008097369612}