{"id": "footmercato.net", "month": "2019-04", "country": "global", "site": "footmercato.net", "category": "News and Portals", "popularity": 0.0015271048793059417, "cookies": 0.7215839760561759, "bad_qs": 0.03605387360423622, "tracked": 0.7217773684816392, "https": 0.0011189133187521584, "requests": 88.18077587199264, "requests_tracking": 33.73402555542765, "content_length": 860206.7013836767, "requests_failed": 32.816254172902035, "has_blocking": 0.5016046966731899, "script": 0.9989225279152757, "iframe": 0.7179095199723725, "beacon": 0.032420858754460685, "image": 0.7736617934845171, "stylesheet": 0.9855508230689536, "font": 0.2794106135604927, "xhr": 0.4437573385518591, "plugin": 0.0029929780131230576, "media": 0.007551513756187406, "referer_leaked": 0.9935397720732129, "referer_leaked_header": 0.9930655001726718, "referer_leaked_url": 0.0, "hosts": 10.867365028203062, "trackers": 9.665145619891792, "companies": 5.470491539081386}