{"id": "force.com", "month": "2019-04", "country": "global", "site": "force.com", "category": "Business", "popularity": 0.004275211589196995, "cookies": 0.8005240191910105, "bad_qs": 0.026271684048993986, "tracked": 0.8011671187003798, "https": 0.9737233816836707, "requests": 39.07655680246319, "requests_tracking": 25.592723929387343, "content_length": 438781.89069446526, "requests_failed": 6.289064183304742, "has_blocking": 0.12983373163835768, "script": 0.526973172388498, "iframe": 0.30465153381700116, "beacon": 0.0011628423353558348, "image": 0.7890666504384096, "stylesheet": 0.24762291671121214, "font": 0.10340579579041206, "xhr": 0.21860613526800474, "plugin": 0.00043750503706457144, "media": 0.04073237685302298, "referer_leaked": 0.45100190298243564, "referer_leaked_header": 0.26198163465697794, "referer_leaked_url": 0.0, "hosts": 2.535590047911736, "trackers": 2.2734801223040395, "companies": 2.0020888398386165}