{"id": "ford.com", "month": "2019-04", "country": "global", "site": "ford.com", "category": "Business", "popularity": 0.0002508410837319252, "cookies": 0.6242256047991478, "bad_qs": 0.25702912566927366, "tracked": 0.6784122445547053, "https": 0.9492052813051888, "requests": 58.113166820844896, "requests_tracking": 7.433100664368009, "content_length": 758027.2528522973, "requests_failed": 11.84974630673058, "has_blocking": 0.4347545762901915, "script": 0.9389734533120287, "iframe": 0.8259748268998963, "beacon": 0.06921200908249937, "image": 0.6919238639867688, "stylesheet": 0.1795475569758641, "font": 0.06823087489137443, "xhr": 0.6907745353628795, "plugin": 0.002466851680542707, "media": 0.0011212962184285033, "referer_leaked": 0.8446163765312702, "referer_leaked_header": 0.6191797718162195, "referer_leaked_url": 0.0, "hosts": 8.04524430241359, "trackers": 7.3002550948896925, "companies": 6.008830207720124}