{"id": "forexfactory.com", "month": "2019-04", "country": "global", "site": "forexfactory.com", "category": "Business", "popularity": 0.00024193897816175683, "cookies": 0.25340773679774464, "bad_qs": 0.003603917807422908, "tracked": 0.2545702909291714, "https": 0.9973261254977185, "requests": 94.75475920597553, "requests_tracking": 2.108204725782544, "content_length": 261475.63463830034, "requests_failed": 22.466910803034267, "has_blocking": 0.37931234923126106, "script": 0.9869212660214491, "iframe": 0.09169645711628448, "beacon": 0.005260557444706019, "image": 0.9849449239980237, "stylesheet": 0.9698026564361903, "font": 0.19699479757026186, "xhr": 0.17322056558258495, "plugin": 0.002557619089138838, "media": 8.719155985700585e-05, "referer_leaked": 0.909233586188857, "referer_leaked_header": 0.8549713721045136, "referer_leaked_url": 0.0, "hosts": 5.724968756357718, "trackers": 4.265556427471154, "companies": 2.2522742465196037}