{"id": "forgeofempires.com", "month": "2019-04", "country": "global", "site": "forgeofempires.com", "category": "Entertainment", "popularity": 0.0011606489300252734, "cookies": 0.4310008481764207, "bad_qs": 0.0063976735732460925, "tracked": 0.431703622924997, "https": 0.990173270325942, "requests": 352.95273839815826, "requests_tracking": 4.071495213861626, "content_length": 18470981.201199565, "requests_failed": 87.00951775112081, "has_blocking": 0.18727129528656247, "script": 0.8759966072943172, "iframe": 0.5925360474978796, "beacon": 0.0012783230340482248, "image": 0.9636071731491579, "stylesheet": 0.3436326184417787, "font": 0.04125772446383134, "xhr": 0.41021446746637585, "plugin": 0.11910214467466376, "media": 0.08878589603780443, "referer_leaked": 0.9604386283775597, "referer_leaked_header": 0.9416212286441294, "referer_leaked_url": 0.0, "hosts": 5.026226826608506, "trackers": 4.347176784199685, "companies": 3.6916272870471345}