{"id": "formula1.com", "month": "2019-04", "country": "global", "site": "formula1.com", "category": "Entertainment", "popularity": 0.00045390894057307314, "cookies": 0.7841894906432024, "bad_qs": 0.02204424340066923, "tracked": 0.7845922666997149, "https": 0.9959412566612963, "requests": 90.22013260627091, "requests_tracking": 14.886432643450242, "content_length": 6716793.800347007, "requests_failed": 22.57051679266328, "has_blocking": 0.45242595117114887, "script": 0.9955694633783616, "iframe": 0.8621111661915974, "beacon": 0.08154666005700831, "image": 0.7629817821291363, "stylesheet": 0.9096232494732929, "font": 0.5795947453216012, "xhr": 0.5136943859214277, "plugin": 0.0009139918205477754, "media": 0.002633535754120709, "referer_leaked": 0.9470194571818069, "referer_leaked_header": 0.9191659437352832, "referer_leaked_url": 0.0, "hosts": 16.162706035444295, "trackers": 13.799185153054902, "companies": 9.685726236212666}