{"id": "fortinet.com", "month": "2019-04", "country": "global", "site": "fortinet.com", "category": "Business", "popularity": 0.00020488906169318077, "cookies": 0.35170567643626877, "bad_qs": 0.012938430914956413, "tracked": 0.35249502368041735, "https": 0.9743633742878715, "requests": 25.020763264465646, "requests_tracking": 8.104228155673004, "content_length": 3351520.0498661543, "requests_failed": 9.199464616651795, "has_blocking": 0.2658727434964651, "script": 0.7543757292882147, "iframe": 0.10295833619328712, "beacon": 0.008648500240236117, "image": 0.3953256915368248, "stylesheet": 0.36766421854622827, "font": 0.15412862928135082, "xhr": 0.2194385338732926, "plugin": 0.0004804722355686732, "media": 0.009918319719953326, "referer_leaked": 0.6569085043585695, "referer_leaked_header": 0.6442103095613975, "referer_leaked_url": 0.0, "hosts": 3.7604502711236187, "trackers": 3.3092525224792366, "companies": 2.530921820303384}