{"id": "forum.hr", "month": "2019-04", "country": "global", "site": "forum.hr", "category": "Reference", "popularity": 0.0001772194049644188, "cookies": 0.6731738285124786, "bad_qs": 0.020989564734357022, "tracked": 0.6735706066738086, "https": 0.052692139824624055, "requests": 14.65797722493354, "requests_tracking": 3.857834384795461, "content_length": 221732.81216521843, "requests_failed": 6.293298416855136, "has_blocking": 0.5611633535690196, "script": 0.997539975399754, "iframe": 0.2849263976510733, "beacon": 0.007062651271674007, "image": 0.7612585803277387, "stylesheet": 0.6017934372892116, "font": 0.034638733484109036, "xhr": 0.054001507757013054, "plugin": 0.00984009840098401, "media": 0.0, "referer_leaked": 0.936277427290402, "referer_leaked_header": 0.8494623655913979, "referer_leaked_url": 0.0, "hosts": 6.344125699321509, "trackers": 5.7481649010038485, "companies": 4.354957743125818}