{"id": "forumactif.org", "month": "2019-04", "country": "global", "site": "forumactif.org", "category": "Reference", "popularity": 0.0002709446538939406, "cookies": 0.9715561092079311, "bad_qs": 0.021929824561403508, "tracked": 0.9715561092079311, "https": 0.037137963251323576, "requests": 98.48518114813662, "requests_tracking": 46.64242707360116, "content_length": 2195594.105107443, "requests_failed": 34.05234610194125, "has_blocking": 0.41674452403197343, "script": 0.9975604692203882, "iframe": 0.4233624000830479, "beacon": 0.07033115332710474, "image": 0.9742032596283609, "stylesheet": 0.7624571784490812, "font": 0.2882798712758227, "xhr": 0.48159970933250285, "plugin": 0.01282051282051282, "media": 0.0006488113775563168, "referer_leaked": 0.9017440049828713, "referer_leaked_header": 0.8492681407661165, "referer_leaked_url": 0.0, "hosts": 13.293444409841172, "trackers": 8.590236686390533, "companies": 4.778132461330842}