{"id": "forumophilia.com", "month": "2019-04", "country": "global", "site": "forumophilia.com", "category": "Adult", "popularity": 0.00045189084871000965, "cookies": 0.6776161207500194, "bad_qs": 0.0019917528981560724, "tracked": 0.6781140589745585, "https": 0.4274177234886797, "requests": 71.34552244612152, "requests_tracking": 27.890173500350112, "content_length": 2002966.4556912782, "requests_failed": 30.1504862677974, "has_blocking": 0.42287403718976113, "script": 0.9371819808604995, "iframe": 0.035758188749708236, "beacon": 4.668170855053295e-05, "image": 0.9161285303042092, "stylesheet": 0.01809694234808994, "font": 0.0035633704193573485, "xhr": 0.003501128141289971, "plugin": 0.001275966700381234, "media": 0.0008247101843927488, "referer_leaked": 0.9043647397494748, "referer_leaked_header": 0.8984050416245235, "referer_leaked_url": 0.0, "hosts": 5.090220182058664, "trackers": 3.467672916828756, "companies": 3.0349334785653155}