{"id": "forumactif.com", "month": "2019-04", "country": "global", "site": "forumactif.com", "category": "Reference", "popularity": 0.0006251092283431285, "cookies": 0.9568499083229283, "bad_qs": 0.032373817478261846, "tracked": 0.9572886084207921, "https": 0.06633370454110844, "requests": 124.21055354953374, "requests_tracking": 55.2281015534483, "content_length": 4011604.8136761943, "requests_failed": 39.863013082261894, "has_blocking": 0.4034128617869717, "script": 0.9899211464695891, "iframe": 0.4781831066716161, "beacon": 0.04535484088684912, "image": 0.9769401230610019, "stylesheet": 0.8102003397113579, "font": 0.2981923306223917, "xhr": 0.6655417946208618, "plugin": 0.008661514752696881, "media": 0.004364503537722584, "referer_leaked": 0.8609433176976119, "referer_leaked_header": 0.7867130113949539, "referer_leaked_url": 0.0, "hosts": 14.113837051035445, "trackers": 8.646520208326303, "companies": 4.975759007412907}