{"id": "fosshub.com", "month": "2019-04", "country": "global", "site": "fosshub.com", "category": "Business", "popularity": 0.0001122607546822579, "cookies": 0.31368618853742564, "bad_qs": 0.011274663326025681, "tracked": 0.3185092389602255, "https": 0.99217037269026, "requests": 13.541058565612277, "requests_tracking": 0.8712182900093955, "content_length": 100809.76962104604, "requests_failed": 5.818540557469465, "has_blocking": 0.44541183839649234, "script": 0.9398058252427185, "iframe": 0.03476354525524585, "beacon": 0.0008142812402129659, "image": 0.22186031944879422, "stylesheet": 0.9849044785468212, "font": 0.7781396805512057, "xhr": 0.01678672095208268, "plugin": 0.0018791105543376136, "media": 0.0, "referer_leaked": 0.21284058878797368, "referer_leaked_header": 0.042781083620419665, "referer_leaked_url": 0.0, "hosts": 4.634325086125901, "trackers": 4.609583463827122, "companies": 2.086626996554964}