{"id": "fotoparadies.de", "month": "2019-04", "country": "global", "site": "fotoparadies.de", "category": "Business", "popularity": 3.6719427557203304e-05, "cookies": 0.6145155112983531, "bad_qs": 0.059938720796629645, "tracked": 0.6164304864036767, "https": 0.9988510149368058, "requests": 101.57047108387592, "requests_tracking": 15.51053236307928, "content_length": 4372126.851397932, "requests_failed": 21.036959019532745, "has_blocking": 0.3703561853695902, "script": 0.9973190348525469, "iframe": 0.15281501340482573, "beacon": 0.002297970126388357, "image": 0.9088471849865952, "stylesheet": 0.10436614324013788, "font": 0.20624281884335505, "xhr": 0.9860206817311375, "plugin": 0.07391803906549214, "media": 0.0, "referer_leaked": 0.909804672539257, "referer_leaked_header": 0.82171581769437, "referer_leaked_url": 0.0, "hosts": 7.485829184220605, "trackers": 7.012064343163539, "companies": 3.6997319034852545}