{"id": "fotostrana.ru", "month": "2019-04", "country": "global", "site": "fotostrana.ru", "category": "Entertainment", "popularity": 0.0006483489273237023, "cookies": 0.8084031061559152, "bad_qs": 0.031430306711205586, "tracked": 0.8206043121773459, "https": 0.8995813630645091, "requests": 676.9086590603445, "requests_tracking": 30.89734718667303, "content_length": 11870002.29032363, "requests_failed": 175.02054140818186, "has_blocking": 0.5167129408702442, "script": 0.9929937963645828, "iframe": 0.5350852457594031, "beacon": 0.10169840787818316, "image": 0.9969524098737582, "stylesheet": 0.9962908333694851, "font": 0.5727300334041907, "xhr": 0.6009283762092751, "plugin": 0.252743915665264, "media": 0.06540930979133226, "referer_leaked": 0.987332436770639, "referer_leaked_header": 0.9379528003123508, "referer_leaked_url": 0.0, "hosts": 15.3046939395254, "trackers": 12.011572166066548, "companies": 5.999956617934146}