{"id": "foxnews.com", "month": "2019-04", "country": "global", "site": "foxnews.com", "category": "News and Portals", "popularity": 0.01167174328105144, "cookies": 0.9232077017615731, "bad_qs": 0.15798009494662266, "tracked": 0.9253132756584813, "https": 0.9915957780080488, "requests": 187.9841000554257, "requests_tracking": 79.92416078270719, "content_length": 23783288.037962984, "requests_failed": 55.68623695688845, "has_blocking": 0.49317480781743256, "script": 0.9922277514037159, "iframe": 0.5707725859700701, "beacon": 0.04240125792225944, "image": 0.9948628816540955, "stylesheet": 0.9985715834879629, "font": 0.5508060823674, "xhr": 0.9658029496108153, "plugin": 0.003018892932019182, "media": 0.006394438152155578, "referer_leaked": 0.9958948839675157, "referer_leaked_header": 0.9924560811624936, "referer_leaked_url": 0.0, "hosts": 24.198651709762153, "trackers": 20.179261151408536, "companies": 16.0796605778731}