{"id": "frandroid.com", "month": "2019-04", "country": "global", "site": "frandroid.com", "category": "News and Portals", "popularity": 0.0004752852446278219, "cookies": 0.647857734643153, "bad_qs": 0.019188661380044977, "tracked": 0.6487158243579122, "https": 0.986374127115635, "requests": 89.0297964256125, "requests_tracking": 5.988489762102024, "content_length": 1300876.6369836668, "requests_failed": 26.10585572257072, "has_blocking": 0.491936915611315, "script": 0.9962273641851107, "iframe": 0.6568084980471062, "beacon": 0.017013847792638183, "image": 0.9868771452242869, "stylesheet": 0.6880252100840336, "font": 0.799221801396615, "xhr": 0.5146614984021778, "plugin": 0.003846609066161676, "media": 0.0019824831340987097, "referer_leaked": 0.988652503254823, "referer_leaked_header": 0.9675109480411883, "referer_leaked_url": 0.0, "hosts": 13.360471653450112, "trackers": 10.973073736536868, "companies": 7.014972186057522}