{"id": "frankonia.de", "month": "2019-04", "country": "global", "site": "frankonia.de", "category": "Business", "popularity": 7.80516365156945e-05, "cookies": 0.78990990990991, "bad_qs": 0.04594594594594595, "tracked": 0.7900900900900901, "https": 0.9953153153153154, "requests": 40.443423423423425, "requests_tracking": 12.386126126126126, "content_length": 307663.208018018, "requests_failed": 14.085225225225225, "has_blocking": 0.41927927927927927, "script": 0.9936936936936936, "iframe": 0.867927927927928, "beacon": 0.09666666666666666, "image": 0.9972072072072072, "stylesheet": 0.0481981981981982, "font": 0.05747747747747748, "xhr": 0.8614414414414414, "plugin": 0.005135135135135135, "media": 0.0, "referer_leaked": 0.9498198198198198, "referer_leaked_header": 0.9465765765765766, "referer_leaked_url": 0.0, "hosts": 16.61234234234234, "trackers": 16.12, "companies": 12.843603603603604}