{"id": "france.tv", "month": "2019-04", "country": "global", "site": "france.tv", "category": "Entertainment", "popularity": 0.0010564746061532, "cookies": 0.76911710872242, "bad_qs": 0.14059036906386235, "tracked": 0.7792339179340411, "https": 0.9947885120969083, "requests": 564.5848780325468, "requests_tracking": 40.14230090851609, "content_length": 69849469.63345869, "requests_failed": 52.318533062664315, "has_blocking": 0.4302239675197178, "script": 0.9973376817864156, "iframe": 0.902745515657759, "beacon": 0.03635395520649606, "image": 0.7223335219142067, "stylesheet": 0.037458817265133615, "font": 0.16483077639854904, "xhr": 0.5731571766115345, "plugin": 0.004046723684648408, "media": 0.004625777896103031, "referer_leaked": 0.99176678092449, "referer_leaked_header": 0.9836067755998535, "referer_leaked_url": 0.0, "hosts": 15.568597956670772, "trackers": 12.873579819627942, "companies": 12.779420280208992}