{"id": "freerepublic.com", "month": "2019-04", "country": "global", "site": "freerepublic.com", "category": "News and Portals", "popularity": 0.0008291122984866716, "cookies": 0.1768367667138774, "bad_qs": 0.00533453197750846, "tracked": 0.17743891579241972, "https": 0.0636751448126129, "requests": 3.8080501395120048, "requests_tracking": 0.5734494661227536, "content_length": 370847.5561482813, "requests_failed": 1.8376656970087608, "has_blocking": 0.24869605041090315, "script": 0.8800366378030887, "iframe": 0.010753873684389074, "beacon": 5.93668105605075e-05, "image": 0.5538160137731001, "stylesheet": 0.0286063217172274, "font": 0.0005851871326678597, "xhr": 0.022423692445997404, "plugin": 0.0001356955669954457, "media": 8.480972937215357e-06, "referer_leaked": 0.5244209615727117, "referer_leaked_header": 0.5154480922051378, "referer_leaked_url": 0.0, "hosts": 1.9245193408587833, "trackers": 1.6496849318553823, "companies": 1.6048799518280736}