{"id": "freecodecamp.org", "month": "2019-04", "country": "global", "site": "freecodecamp.org", "category": "Business", "popularity": 0.0004220273081440498, "cookies": 0.8144223399646773, "bad_qs": 0.10580159285547669, "tracked": 0.8150554833549934, "https": 0.9687427105201772, "requests": 70.82170348895332, "requests_tracking": 36.504698590422876, "content_length": 2022182.018327835, "requests_failed": 16.587573727881637, "has_blocking": 0.29329534472991436, "script": 0.9876370422206672, "iframe": 0.23434636275783932, "beacon": 0.00019994001799460162, "image": 0.9540304575294078, "stylesheet": 0.867739678096571, "font": 0.7421273617914625, "xhr": 0.816405078476457, "plugin": 0.00014995501349595122, "media": 0.0034989503149055285, "referer_leaked": 0.9129761071678496, "referer_leaked_header": 0.8725715618647739, "referer_leaked_url": 0.0, "hosts": 6.685011163317672, "trackers": 5.192275650638142, "companies": 4.039688093571929}