{"id": "freesound.org", "month": "2019-04", "country": "global", "site": "freesound.org", "category": "Reference", "popularity": 0.00022942962128234958, "cookies": 0.2521147480691431, "bad_qs": 0.002390584773813902, "tracked": 0.253463283069756, "https": 0.9971803359078092, "requests": 9.03080176535491, "requests_tracking": 2.979833272036288, "content_length": 86032.9045911487, "requests_failed": 2.8260083363981856, "has_blocking": 0.2501225940909648, "script": 0.96843202157656, "iframe": 0.2206693637366679, "beacon": 0.0, "image": 0.4952188304523722, "stylesheet": 0.9585325487311511, "font": 0.292846634792203, "xhr": 0.16335662621061664, "plugin": 0.00030648522741203875, "media": 3.0648522741203875e-05, "referer_leaked": 0.839003310040456, "referer_leaked_header": 0.7736913080789506, "referer_leaked_url": 0.0, "hosts": 3.4507478239548854, "trackers": 3.2713926688733603, "companies": 1.7235196763515999}