{"id": "freelancer.com", "month": "2019-04", "country": "global", "site": "freelancer.com", "category": "Business", "popularity": 0.00034767433476414405, "cookies": 0.6577542270042877, "bad_qs": 0.015391149583367042, "tracked": 0.6581789499231454, "https": 0.9948831000728097, "requests": 186.0662770002427, "requests_tracking": 4.680669039721705, "content_length": 2434503.5271013672, "requests_failed": 35.887225952592836, "has_blocking": 0.38542593641291156, "script": 0.9853369468489604, "iframe": 0.5557196019739503, "beacon": 0.047750991020144004, "image": 0.9386376506755116, "stylesheet": 0.9725345845805355, "font": 0.33807944341072727, "xhr": 0.9146711431113987, "plugin": 0.0009910201440012944, "media": 0.5057034220532319, "referer_leaked": 0.9828897338403042, "referer_leaked_header": 0.9600558207264784, "referer_leaked_url": 0.0, "hosts": 7.120601084054688, "trackers": 6.586036728420031, "companies": 4.006896691206213}