{"id": "freep.com", "month": "2019-04", "country": "global", "site": "freep.com", "category": "News and Portals", "popularity": 0.000400222071672413, "cookies": 0.9617864609870513, "bad_qs": 0.08566860516190242, "tracked": 0.9618391693167243, "https": 0.7912223061651176, "requests": 209.12946922712018, "requests_tracking": 40.409174763251755, "content_length": 4126065.153644781, "requests_failed": 89.08224256373316, "has_blocking": 0.5138007976527224, "script": 0.9877365286294078, "iframe": 0.9233972275418592, "beacon": 0.12918811602860306, "image": 0.9984538889962578, "stylesheet": 0.9838361122336033, "font": 0.635311066992287, "xhr": 0.9603809055291038, "plugin": 0.002073194300472618, "media": 0.022664581759404046, "referer_leaked": 0.9929370838238136, "referer_leaked_header": 0.9917950700142313, "referer_leaked_url": 0.0, "hosts": 40.71006904791187, "trackers": 34.07038318955672, "companies": 29.824533970518473}