{"id": "free-telechargement.co", "month": "2019-04", "country": "global", "site": "free-telechargement.co", "category": "Entertainment", "popularity": 0.00042934728594700816, "cookies": 0.6207930034884293, "bad_qs": 0.0009007681095334021, "tracked": 0.6209895347123274, "https": 0.03188719107748243, "requests": 61.240079267593636, "requests_tracking": 25.572839384857268, "content_length": 2238573.118246286, "requests_failed": 23.335511554398206, "has_blocking": 0.49990992318904665, "script": 0.9957090682782227, "iframe": 0.8035342865097692, "beacon": 0.0007369920896182381, "image": 0.7126385954568532, "stylesheet": 0.06424933261271884, "font": 0.007713850538004226, "xhr": 0.8012577998329484, "plugin": 0.00455297335364156, "media": 1.6377601991516402e-05, "referer_leaked": 0.7347319805434088, "referer_leaked_header": 0.7346992253394258, "referer_leaked_url": 0.0, "hosts": 7.027497993743756, "trackers": 4.587218919405821, "companies": 4.404019063528718}