{"id": "freenet.de", "month": "2019-04", "country": "global", "site": "freenet.de", "category": "News and Portals", "popularity": 0.0011868911559240636, "cookies": 0.7288556329683872, "bad_qs": 0.1550251196739182, "tracked": 0.7308936442485426, "https": 0.8774349495236741, "requests": 151.02353192094412, "requests_tracking": 45.85979785771838, "content_length": 1584339.2184345229, "requests_failed": 55.81294137162899, "has_blocking": 0.36846533011043175, "script": 0.9709761126119721, "iframe": 0.5199594767524527, "beacon": 0.14837788520782977, "image": 0.9816045784160387, "stylesheet": 0.521138442580217, "font": 0.34137281387743496, "xhr": 0.7637921228494241, "plugin": 0.0027015498364851413, "media": 0.11375539125077018, "referer_leaked": 0.9684700696715484, "referer_leaked_header": 0.9611711455519218, "referer_leaked_url": 0.0, "hosts": 19.216740129863975, "trackers": 17.03078344945258, "companies": 12.946140812360776}