{"id": "fremdgehen69.com", "month": "2019-04", "country": "global", "site": "fremdgehen69.com", "category": "Adult", "popularity": 7.929624369256639e-05, "cookies": 0.9517602199166445, "bad_qs": 0.16777511749578788, "tracked": 0.9523809523809523, "https": 0.9996452957346812, "requests": 78.83745677041766, "requests_tracking": 8.429901569566374, "content_length": 2113441.549348231, "requests_failed": 19.09727764476368, "has_blocking": 0.3302296710117939, "script": 0.9931719428926132, "iframe": 0.7860246519464397, "beacon": 0.00017735213265939522, "image": 0.976234814223641, "stylesheet": 0.941917176554048, "font": 0.18285004877183647, "xhr": 0.02190298838343531, "plugin": 0.0009754367296266737, "media": 0.0007980845969672786, "referer_leaked": 0.9934379710916024, "referer_leaked_header": 0.9930832668262836, "referer_leaked_url": 0.0, "hosts": 5.284206792586681, "trackers": 5.091336348319588, "companies": 3.729892701959741}