{"id": "freshservice.com", "month": "2019-04", "country": "global", "site": "freshservice.com", "category": "Business", "popularity": 0.0001606598010009539, "cookies": 0.9778974089635855, "bad_qs": 0.7151172969187675, "tracked": 0.9782913165266106, "https": 0.9924282212885154, "requests": 95.21743697478992, "requests_tracking": 27.37215511204482, "content_length": 538696.8043154762, "requests_failed": 23.258797268907564, "has_blocking": 0.16202731092436976, "script": 0.9985119047619048, "iframe": 0.8880864845938375, "beacon": 0.003326330532212885, "image": 0.993172268907563, "stylesheet": 0.9216561624649859, "font": 0.24575455182072828, "xhr": 0.9819240196078431, "plugin": 0.0, "media": 0.45168067226890757, "referer_leaked": 0.9812675070028011, "referer_leaked_header": 0.9781162464985994, "referer_leaked_url": 0.0, "hosts": 11.241465336134453, "trackers": 7.101978291316526, "companies": 5.989014355742297}