{"id": "fril.jp", "month": "2019-04", "country": "global", "site": "fril.jp", "category": "E-Commerce", "popularity": 0.0001982581884288294, "cookies": 0.97584678134421, "bad_qs": 0.11416917893243483, "tracked": 0.9760241177513743, "https": 0.9987231778684164, "requests": 25.530803333924453, "requests_tracking": 9.046178400425607, "content_length": 210370.4024827097, "requests_failed": 9.230537329313709, "has_blocking": 0.39198439439616956, "script": 0.987480049654194, "iframe": 0.9339599219719809, "beacon": 0.04036176627061536, "image": 0.8474906898386239, "stylesheet": 0.1068983862386948, "font": 0.04124844830643731, "xhr": 0.9637169710941657, "plugin": 0.004752615712005675, "media": 3.546728143287817e-05, "referer_leaked": 0.9890051427558078, "referer_leaked_header": 0.9815924809363362, "referer_leaked_url": 0.0, "hosts": 11.172229118638056, "trackers": 8.232949104451144, "companies": 5.631565880475262}