{"id": "fruithosts.net", "month": "2019-04", "country": "global", "site": "fruithosts.net", "category": "Entertainment", "popularity": 0.00010650884128857879, "cookies": 0.6370238331022645, "bad_qs": 0.003433023040866178, "tracked": 0.6370238331022645, "https": 0.9978873704363901, "requests": 74.31999735921305, "requests_tracking": 1.3473955238661122, "content_length": 1142146617.366475, "requests_failed": 31.835743051429326, "has_blocking": 0.4918465702779428, "script": 0.9902290882683039, "iframe": 0.025813692480359147, "beacon": 6.601967386281111e-05, "image": 0.7588961510530138, "stylesheet": 0.9521357364494619, "font": 0.5661187033736054, "xhr": 0.019145705420215223, "plugin": 0.006998085429457978, "media": 0.8762131115072291, "referer_leaked": 0.9847494553376906, "referer_leaked_header": 0.9846834356638278, "referer_leaked_url": 0.0, "hosts": 5.886776259325279, "trackers": 5.048722519310755, "companies": 4.4408793820558525}