{"id": "frustfrei-lernen.de", "month": "2019-04", "country": "global", "site": "frustfrei-lernen.de", "category": "Reference", "popularity": 3.663504740961877e-05, "cookies": 0.7113243761996161, "bad_qs": 0.08406909788867563, "tracked": 0.7122840690978887, "https": 0.9930902111324377, "requests": 33.490403071017276, "requests_tracking": 11.725911708253358, "content_length": 245413.6086372361, "requests_failed": 15.392322456813819, "has_blocking": 0.4892514395393474, "script": 0.9746641074856046, "iframe": 0.2967370441458733, "beacon": 0.10518234165067178, "image": 0.45777351247600767, "stylesheet": 0.817658349328215, "font": 0.05700575815738963, "xhr": 0.3752399232245681, "plugin": 0.0007677543186180423, "media": 0.01785028790786948, "referer_leaked": 0.9289827255278311, "referer_leaked_header": 0.9264875239923225, "referer_leaked_url": 0.0, "hosts": 11.135892514395394, "trackers": 10.476967370441459, "companies": 7.95278310940499}