{"id": "frys.com", "month": "2019-04", "country": "global", "site": "frys.com", "category": "Business", "popularity": 0.0002366089655060004, "cookies": 0.7332461588754495, "bad_qs": 0.010252904989747095, "tracked": 0.7334244702665755, "https": 0.9877856697078665, "requests": 22.568605307735744, "requests_tracking": 3.5415614134149602, "content_length": 299243.58500995574, "requests_failed": 9.920651430948913, "has_blocking": 0.49196112811673454, "script": 0.9898362507058159, "iframe": 0.0427352967398734, "beacon": 0.00035662278225207287, "image": 0.5825135962435734, "stylesheet": 0.6473892240482629, "font": 0.09943831911795299, "xhr": 0.17920294808166662, "plugin": 0.0010995869119438913, "media": 0.002318048084638474, "referer_leaked": 0.9243662515973728, "referer_leaked_header": 0.8645130613094, "referer_leaked_url": 0.0, "hosts": 8.83449731046985, "trackers": 8.15845938958067, "companies": 4.717108977978543}