{"id": "fsolver.fr", "month": "2019-04", "country": "global", "site": "fsolver.fr", "category": "Reference", "popularity": 0.00024432271733101994, "cookies": 0.49096298854544407, "bad_qs": 0.01723939446267196, "tracked": 0.4913371323317792, "https": 0.9965463650492143, "requests": 20.30443792091176, "requests_tracking": 4.732717435100443, "content_length": 114279.07514534047, "requests_failed": 7.8734530593449605, "has_blocking": 0.5077131180567548, "script": 0.9997121970874345, "iframe": 0.8430322914867898, "beacon": 0.011109192425027342, "image": 0.3421113221665803, "stylesheet": 0.06619466989005929, "font": 0.25030219305819373, "xhr": 0.13716686812870546, "plugin": 0.0022448627180107063, "media": 0.0006043861163874979, "referer_leaked": 0.9696367927243423, "referer_leaked_header": 0.9692050883554941, "referer_leaked_url": 0.0, "hosts": 8.214844874230128, "trackers": 6.812525182754849, "companies": 3.7847809819835376}