{"id": "ftopx.com", "month": "2019-04", "country": "global", "site": "ftopx.com", "category": "Adult", "popularity": 0.00019341336162168407, "cookies": 0.3797353304733513, "bad_qs": 0.015523885697665964, "tracked": 0.38213480695121066, "https": 0.9970188322547808, "requests": 21.41478222933178, "requests_tracking": 1.6374609176179742, "content_length": 157154.87573620302, "requests_failed": 18.756089580455175, "has_blocking": 0.5605686032138443, "script": 0.950010906711263, "iframe": 0.11539300516251, "beacon": 0.0511524758234567, "image": 0.9829491747255145, "stylesheet": 0.1019050389006035, "font": 0.004180905984148913, "xhr": 0.1458227295862721, "plugin": 0.00014542281683996218, "media": 0.005053442885188686, "referer_leaked": 0.5123245837271868, "referer_leaked_header": 0.5085072347851378, "referer_leaked_url": 0.0, "hosts": 5.626117937904457, "trackers": 4.9109648803897334, "companies": 4.738711553842798}