{"id": "fubar.com", "month": "2019-04", "country": "global", "site": "fubar.com", "category": "Entertainment", "popularity": 0.00030758673298252477, "cookies": 0.15655076240769952, "bad_qs": 0.0012802048327732437, "tracked": 0.15657362320828475, "https": 0.715223007109709, "requests": 9.759824429051505, "requests_tracking": 0.7409642685686852, "content_length": 921957.8111012047, "requests_failed": 4.838214114258282, "has_blocking": 0.3909882724092998, "script": 0.9981025535514254, "iframe": 0.0446014219417964, "beacon": 0.00221749765676794, "image": 0.42587385410237066, "stylesheet": 0.02459822142971447, "font": 0.024941133438493017, "xhr": 0.03449694808312187, "plugin": 0.012802048327732437, "media": 0.01936309809569531, "referer_leaked": 0.7309512379123517, "referer_leaked_header": 0.7284136890473905, "referer_leaked_url": 0.0, "hosts": 3.5481334156322153, "trackers": 2.4018928742884578, "companies": 1.3971835493678988}