{"id": "full-stream.co", "month": "2019-04", "country": "global", "site": "full-stream.co", "category": "Entertainment", "popularity": 0.00037142734630919055, "cookies": 0.8385142554238764, "bad_qs": 0.0069667941388058, "tracked": 0.8390443375866117, "https": 0.8422626935746469, "requests": 188.55696490098822, "requests_tracking": 7.471280905683238, "content_length": 593173486.3474121, "requests_failed": 155.80686077770625, "has_blocking": 0.5155238347658173, "script": 0.9961379728143577, "iframe": 0.8833440611866268, "beacon": 0.004278520313505736, "image": 0.8209268865245541, "stylesheet": 0.9957782742039302, "font": 0.4261860588391201, "xhr": 0.4574609064404983, "plugin": 0.019101889364280034, "media": 0.1784862367952747, "referer_leaked": 0.9255045246298891, "referer_leaked_header": 0.9006095944871455, "referer_leaked_url": 0.0, "hosts": 13.860190829578585, "trackers": 9.515637423800689, "companies": 6.631043883230472}