{"id": "funda.nl", "month": "2019-04", "country": "global", "site": "funda.nl", "category": "Business", "popularity": 0.0014812513007727126, "cookies": 0.6376285282975875, "bad_qs": 0.005188603112212443, "tracked": 0.6378421487367911, "https": 0.9982055883106896, "requests": 73.07818508074853, "requests_tracking": 5.012223836243319, "content_length": 1224517.4270652349, "requests_failed": 13.449182071073894, "has_blocking": 0.5228383985113029, "script": 0.9987182773647783, "iframe": 0.022131077501495344, "beacon": 0.0009826540203366659, "image": 0.9964776363135758, "stylesheet": 0.997844807124479, "font": 0.48989337966523305, "xhr": 0.9802092530880021, "plugin": 0.00043673512014962923, "media": 0.0038973862352483218, "referer_leaked": 0.9932400998794231, "referer_leaked_header": 0.9883743009864517, "referer_leaked_url": 0.0, "hosts": 8.179896892534678, "trackers": 7.291639370721657, "companies": 5.806977318256477}