{"id": "funimation.com", "month": "2019-04", "country": "global", "site": "funimation.com", "category": "Entertainment", "popularity": 0.000434480411591734, "cookies": 0.9743320008415738, "bad_qs": 0.0889802392011523, "tracked": 0.9744452896146564, "https": 0.9932188577254851, "requests": 357.0374338474486, "requests_tracking": 64.39026363915907, "content_length": 282876586.99700594, "requests_failed": 89.13824467138164, "has_blocking": 0.4482351227564777, "script": 0.9899820356374112, "iframe": 0.7883280195504054, "beacon": 0.08100147275405008, "image": 0.9824726083930797, "stylesheet": 0.9861464014630436, "font": 0.5043454336532393, "xhr": 0.9642816682581042, "plugin": 0.00040460276100924114, "media": 0.10265581252326465, "referer_leaked": 0.9849487772904563, "referer_leaked_header": 0.9432746929065043, "referer_leaked_url": 0.0, "hosts": 26.130152616161453, "trackers": 22.29456699412517, "companies": 17.34810403146191}