{"id": "funpot.net", "month": "2019-04", "country": "global", "site": "funpot.net", "category": "Entertainment", "popularity": 0.0001659616869408488, "cookies": 0.2535378357766291, "bad_qs": 0.06355393610710956, "tracked": 0.25425811371917634, "https": 0.9865265655452927, "requests": 38.06190153376833, "requests_tracking": 13.284128463689518, "content_length": 352650.5844419964, "requests_failed": 13.648589102618422, "has_blocking": 0.48754342852300653, "script": 0.9971612575205491, "iframe": 0.15731717651046523, "beacon": 0.0471570205914753, "image": 0.5841877806965511, "stylesheet": 0.9894500466062198, "font": 0.37068892466740105, "xhr": 0.13774256418947547, "plugin": 0.01919328870434709, "media": 0.0025421574442843825, "referer_leaked": 0.9955088551817642, "referer_leaked_header": 0.9918227268875519, "referer_leaked_url": 0.0, "hosts": 9.655410558427253, "trackers": 8.9621642233709, "companies": 5.761291415981696}