{"id": "furaffinity.net", "month": "2019-04", "country": "global", "site": "furaffinity.net", "category": "Entertainment", "popularity": 0.005698901565959124, "cookies": 0.8880439651013435, "bad_qs": 0.004809608358699555, "tracked": 0.8880920858622439, "https": 0.502485622380349, "requests": 36.03732813793631, "requests_tracking": 25.83417709180331, "content_length": 758308.1715850609, "requests_failed": 9.350512856263288, "has_blocking": 0.39928756596554305, "script": 0.99124819084447, "iframe": 0.0111467424095669, "beacon": 0.00018507984961645287, "image": 0.9272784254887033, "stylesheet": 0.1994531507376666, "font": 0.10589035129389322, "xhr": 0.04486212168136406, "plugin": 0.009231782898868668, "media": 0.0006823277122526562, "referer_leaked": 0.9096057675816603, "referer_leaked_header": 0.9039805740189842, "referer_leaked_url": 0.0, "hosts": 4.061446510072662, "trackers": 3.8233684285857064, "companies": 3.236175460632899}