{"id": "fuskator.com", "month": "2019-04", "country": "global", "site": "fuskator.com", "category": "Adult", "popularity": 0.000647132446862692, "cookies": 0.652584455237909, "bad_qs": 0.010681183514250634, "tracked": 0.6556377742282492, "https": 0.994219339135726, "requests": 14.427410329128229, "requests_tracking": 6.41733763623127, "content_length": 128699.3464158816, "requests_failed": 5.1263487303191315, "has_blocking": 0.4827503775901598, "script": 0.9815170974997555, "iframe": 0.9861894361682476, "beacon": 3.2597711640642824e-05, "image": 0.5513250969781921, "stylesheet": 0.023741999978268192, "font": 0.006258760635003423, "xhr": 0.31164498918842565, "plugin": 0.00042377025132835674, "media": 0.0, "referer_leaked": 0.7134335169671089, "referer_leaked_header": 0.7035020808205931, "referer_leaked_url": 0.0, "hosts": 5.48172898262542, "trackers": 5.467972748313068, "companies": 3.950668796383827}