{"id": "fussballtransfers.com", "month": "2019-04", "country": "global", "site": "fussballtransfers.com", "category": "News and Portals", "popularity": 0.00010477201658413046, "cookies": 0.6102013422818792, "bad_qs": 0.0323489932885906, "tracked": 0.6102013422818792, "https": 0.0010738255033557046, "requests": 55.22510067114094, "requests_tracking": 19.83684563758389, "content_length": 612709.9702684564, "requests_failed": 19.008791946308726, "has_blocking": 0.5676510067114094, "script": 0.9990604026845638, "iframe": 0.6340939597315436, "beacon": 0.09563758389261745, "image": 0.5120805369127517, "stylesheet": 0.9849664429530202, "font": 0.38711409395973156, "xhr": 0.29201342281879195, "plugin": 0.0003355704697986577, "media": 0.022080536912751678, "referer_leaked": 0.9853020134228188, "referer_leaked_header": 0.9853020134228188, "referer_leaked_url": 0.0, "hosts": 9.50738255033557, "trackers": 8.475570469798658, "companies": 4.006442953020135}