{"id": "futura-sciences.com", "month": "2019-04", "country": "global", "site": "futura-sciences.com", "category": "Entertainment", "popularity": 0.0005941909359323619, "cookies": 0.6978533052472131, "bad_qs": 0.04146647416629192, "tracked": 0.6985278454947812, "https": 0.9759768999550307, "requests": 69.35122245627322, "requests_tracking": 10.41165889564744, "content_length": 64248435.04651961, "requests_failed": 33.71354524153274, "has_blocking": 0.556779721190031, "script": 0.9690184847695913, "iframe": 0.6279022981704575, "beacon": 0.02556152517100187, "image": 0.7402191664102625, "stylesheet": 0.299152682776739, "font": 0.34928167380653713, "xhr": 0.71244467586566, "plugin": 0.0014674208894464036, "media": 0.3094482970817259, "referer_leaked": 0.9478592222669286, "referer_leaked_header": 0.9076353222408937, "referer_leaked_url": 0.0, "hosts": 17.411031691557596, "trackers": 13.866003171522568, "companies": 10.66810253011763}