{"id": "futurelearn.com", "month": "2019-04", "country": "global", "site": "futurelearn.com", "category": "Business", "popularity": 0.00018974985688072218, "cookies": 0.972355012043728, "bad_qs": 0.0024828608486196033, "tracked": 0.972355012043728, "https": 0.9987770983879933, "requests": 26.147674634055956, "requests_tracking": 7.94219010561423, "content_length": 5916679.006151565, "requests_failed": 7.3612006670372425, "has_blocking": 0.27304057809894383, "script": 0.99266259032796, "iframe": 0.02720029646099685, "beacon": 0.0002964609968501019, "image": 0.5831017231795442, "stylesheet": 0.04606262738558459, "font": 0.016083009079118027, "xhr": 0.9659440429868446, "plugin": 0.00011117287381878821, "media": 0.10765239948119326, "referer_leaked": 0.612821938113767, "referer_leaked_header": 0.3941448953122105, "referer_leaked_url": 0.0, "hosts": 7.287641282193811, "trackers": 7.16520289049472, "companies": 4.7088753010932}