{"id": "fxstreet.de.com", "month": "2019-04", "country": "global", "site": "fxstreet.de.com", "category": "News and Portals", "popularity": 8.367697968799681e-07, "cookies": 0.9915966386554622, "bad_qs": 0.0, "tracked": 0.9915966386554622, "https": 0.9831932773109243, "requests": 161.4453781512605, "requests_tracking": 4.848739495798319, "content_length": 1311633.731092437, "requests_failed": 19.50420168067227, "has_blocking": 0.6050420168067226, "script": 1.0, "iframe": 0.6386554621848739, "beacon": 0.08403361344537816, "image": 1.0, "stylesheet": 1.0, "font": 0.7647058823529411, "xhr": 1.0, "plugin": 0.0, "media": 0.5882352941176471, "referer_leaked": 0.9663865546218487, "referer_leaked_header": 0.9663865546218487, "referer_leaked_url": 0.0, "hosts": 16.54621848739496, "trackers": 13.529411764705882, "companies": 8.268907563025211}