{"id": "gaiaonline.com", "month": "2019-04", "country": "global", "site": "gaiaonline.com", "category": "Entertainment", "popularity": 0.0011802532509807469, "cookies": 0.3622980315523569, "bad_qs": 0.006005433487441018, "tracked": 0.36276869548639246, "https": 0.8107335208045374, "requests": 21.156224679471904, "requests_tracking": 5.255499022925504, "content_length": 356222.43324913015, "requests_failed": 10.504253848720271, "has_blocking": 0.43498879938992424, "script": 0.9990586721319289, "iframe": 0.06383156188932844, "beacon": 0.007602116200371765, "image": 0.5473047042562318, "stylesheet": 0.0607990562890234, "font": 0.04081669129212144, "xhr": 0.1305764739526238, "plugin": 0.005832658119250751, "media": 0.000679185930127258, "referer_leaked": 0.9011903627091178, "referer_leaked_header": 0.8873564177112626, "referer_leaked_url": 0.0, "hosts": 7.975888899480482, "trackers": 6.922668128306563, "companies": 3.660079357513941}