{"id": "gala.de", "month": "2019-04", "country": "global", "site": "gala.de", "category": "News and Portals", "popularity": 0.00019967858757983576, "cookies": 0.9080888826284467, "bad_qs": 0.31760397225058984, "tracked": 0.9118568862908054, "https": 0.9148853752156918, "requests": 243.18875233299292, "requests_tracking": 90.75793217593407, "content_length": 2853986.1108215656, "requests_failed": 56.54734655069198, "has_blocking": 0.34214881853716944, "script": 0.9885551290629292, "iframe": 0.9615804486389408, "beacon": 0.7606789449589746, "image": 0.9711589252385815, "stylesheet": 0.916293974715639, "font": 0.47807867028207207, "xhr": 0.8868190301792442, "plugin": 0.01000105644962496, "media": 0.08085361129696798, "referer_leaked": 0.9878508293129556, "referer_leaked_header": 0.9868648096629926, "referer_leaked_url": 0.0, "hosts": 30.663943374300104, "trackers": 24.572067471916046, "companies": 17.32397788498785}