{"id": "galeria-kaufhof.de", "month": "2019-04", "country": "global", "site": "galeria-kaufhof.de", "category": "Business", "popularity": 0.00032764811307074785, "cookies": 0.6081852519529574, "bad_qs": 0.1318568117434973, "tracked": 0.6085715512061121, "https": 0.9969739891836209, "requests": 51.041999313245775, "requests_tracking": 14.114129968237616, "content_length": 160127.02935874325, "requests_failed": 14.83071508283973, "has_blocking": 0.30204309382779637, "script": 0.994377199759636, "iframe": 0.48982745300025754, "beacon": 0.11479526139582796, "image": 0.8104129109794832, "stylesheet": 0.04275045068246201, "font": 0.00564426130998369, "xhr": 0.825736114687956, "plugin": 0.002618250493604601, "media": 0.00141643059490085, "referer_leaked": 0.9007210919392222, "referer_leaked_header": 0.8866426302686926, "referer_leaked_url": 0.0, "hosts": 16.615074255300883, "trackers": 15.425573010558846, "companies": 12.48594299939909}