{"id": "gamehag.com", "month": "2019-04", "country": "global", "site": "gamehag.com", "category": "Entertainment", "popularity": 1.7565134055513952e-05, "cookies": 0.8658927141713371, "bad_qs": 0.06645316253002402, "tracked": 0.8722978382706165, "https": 0.9843875100080064, "requests": 40.48959167333867, "requests_tracking": 11.73458767013611, "content_length": 944851.8939151322, "requests_failed": 11.700960768614891, "has_blocking": 0.3302642113690953, "script": 0.9875900720576462, "iframe": 0.754603682946357, "beacon": 0.08206565252201761, "image": 0.8895116092874299, "stylesheet": 0.9171337069655725, "font": 0.6060848678943155, "xhr": 0.3654923939151321, "plugin": 0.0, "media": 0.009607686148919135, "referer_leaked": 0.9803843074459567, "referer_leaked_header": 0.9411529223378703, "referer_leaked_url": 0.0, "hosts": 7.814651721377102, "trackers": 6.835068054443555, "companies": 3.8983186549239393}