{"id": "gameknot.com", "month": "2019-04", "country": "global", "site": "gameknot.com", "category": "Entertainment", "popularity": 0.00037641983837460885, "cookies": 0.4204587910035119, "bad_qs": 0.016233281028170066, "tracked": 0.42055219308077413, "https": 0.9975715459911828, "requests": 22.778244788164088, "requests_tracking": 8.929294627512515, "content_length": 175598.4046177987, "requests_failed": 5.36393185384443, "has_blocking": 0.2996338638571322, "script": 0.9980945976238511, "iframe": 0.1467720242098184, "beacon": 0.03487633564970485, "image": 0.6150339983561235, "stylesheet": 0.056657700067249496, "font": 0.03549278935963536, "xhr": 0.14630501382350744, "plugin": 0.0005977732944780692, "media": 0.0033998356123440187, "referer_leaked": 0.8446163042666069, "referer_leaked_header": 0.8443547784502727, "referer_leaked_url": 0.0, "hosts": 5.368751401031159, "trackers": 4.593140551445864, "companies": 3.1429051782111634}