{"id": "gametwist.com", "month": "2019-04", "country": "global", "site": "gametwist.com", "category": "Entertainment", "popularity": 0.0006897725481087435, "cookies": 0.801957286304093, "bad_qs": 0.008828176767419338, "tracked": 0.8020490340995974, "https": 0.9718028441816606, "requests": 133.14341199857282, "requests_tracking": 10.512584739283348, "content_length": 5646671.772404302, "requests_failed": 25.646149141138693, "has_blocking": 0.41740149854732655, "script": 0.9996024262194811, "iframe": 0.3737091594882512, "beacon": 0.0002548549875121056, "image": 0.9890616239359804, "stylesheet": 0.17975431979203832, "font": 0.012589836383098017, "xhr": 0.803557775625669, "plugin": 0.0012029155410571385, "media": 0.009174779550435802, "referer_leaked": 0.9952800856312758, "referer_leaked_header": 0.9937713441052042, "referer_leaked_url": 0.0, "hosts": 7.926683317192517, "trackers": 6.521453692848769, "companies": 5.818278199704368}