{"id": "gamesradar.com", "month": "2019-04", "country": "global", "site": "gamesradar.com", "category": "Entertainment", "popularity": 0.0002805780540765083, "cookies": 0.855220289709789, "bad_qs": 0.1362337727432209, "tracked": 0.8570748333416871, "https": 0.9587238734900506, "requests": 299.6459074733096, "requests_tracking": 109.38827627687836, "content_length": 7866524.299834595, "requests_failed": 78.92571800912235, "has_blocking": 0.4618314871435016, "script": 0.9841862563280036, "iframe": 0.9496767079344394, "beacon": 0.169339882712646, "image": 0.9947872287103403, "stylesheet": 0.9720314771189414, "font": 0.7862763771239537, "xhr": 0.967395118039196, "plugin": 0.002255526038795048, "media": 0.13701067615658363, "referer_leaked": 0.9904265450353366, "referer_leaked_header": 0.9880707733948173, "referer_leaked_url": 0.0, "hosts": 41.539246153075034, "trackers": 30.352012430454614, "companies": 24.556037291363843}