{"id": "gamewith.jp", "month": "2019-04", "country": "global", "site": "gamewith.jp", "category": "Entertainment", "popularity": 0.0003998634560451787, "cookies": 0.40982309288502794, "bad_qs": 0.010023564168395878, "tracked": 0.40992860408680054, "https": 0.9955509443252558, "requests": 109.0076495621285, "requests_tracking": 6.933281750079133, "content_length": 2204432.7368550627, "requests_failed": 26.552386311680092, "has_blocking": 0.49066225864312596, "script": 0.9968170787465269, "iframe": 0.25259381704357614, "beacon": 0.0019167868322020189, "image": 0.9858966693630641, "stylesheet": 0.2824007315443323, "font": 0.08715225266415784, "xhr": 0.13874723033095346, "plugin": 0.010164245770759328, "media": 0.0003692892062040587, "referer_leaked": 0.9689093658776774, "referer_leaked_header": 0.9643899694017515, "referer_leaked_url": 0.0, "hosts": 6.022051841170471, "trackers": 5.727341469419336, "companies": 4.101097316498435}