{"id": "gameforge.com", "month": "2019-04", "country": "global", "site": "gameforge.com", "category": "Entertainment", "popularity": 0.0023803499000017905, "cookies": 0.1616368996626472, "bad_qs": 0.0050691543728841595, "tracked": 0.16611524350256116, "https": 0.8987527989648999, "requests": 23.129366828351817, "requests_tracking": 0.7457949060315847, "content_length": 418122.40441571793, "requests_failed": 6.165686905866158, "has_blocking": 0.16827170194790234, "script": 0.8128489474710355, "iframe": 0.07219113902362652, "beacon": 0.00023927826585292363, "image": 0.8211380192486072, "stylesheet": 0.7361174295015331, "font": 0.0806042810131219, "xhr": 0.2549199747133092, "plugin": 0.00025995663450687997, "media": 0.0033114930372978688, "referer_leaked": 0.8661223332289568, "referer_leaked_header": 0.8632244075647381, "referer_leaked_url": 0.0, "hosts": 2.3976036724782728, "trackers": 2.121402702367378, "companies": 1.8526695773932258}