{"id": "gamersky.com", "month": "2019-04", "country": "global", "site": "gamersky.com", "category": "Entertainment", "popularity": 0.0005762882812865098, "cookies": 0.3841451510566645, "bad_qs": 0.016057396651861976, "tracked": 0.3856703597052077, "https": 0.7875689394309141, "requests": 32.900739421152814, "requests_tracking": 3.342037190687686, "content_length": 7726394.630814095, "requests_failed": 7.098077016935917, "has_blocking": 0.44772804919713016, "script": 0.9924471667724145, "iframe": 0.7739274732783444, "beacon": 0.0025135438527990627, "image": 0.8218312265117869, "stylesheet": 0.7683513104592709, "font": 0.013446239445556151, "xhr": 0.7695714773781053, "plugin": 0.02796622577968666, "media": 0.020047342476450777, "referer_leaked": 0.8625115915857289, "referer_leaked_header": 0.8582776123773732, "referer_leaked_url": 0.0, "hosts": 3.467763190004393, "trackers": 2.837644589779882, "companies": 2.537751964468739}