{"id": "gamerescape.com", "month": "2019-04", "country": "global", "site": "gamerescape.com", "category": "Entertainment", "popularity": 0.0002497089834184994, "cookies": 0.8447848614552828, "bad_qs": 0.03759292633476008, "tracked": 0.8502759630547421, "https": 0.9883419689119171, "requests": 68.67771457535481, "requests_tracking": 12.749605767064654, "content_length": 592055.3020950664, "requests_failed": 26.113820680333408, "has_blocking": 0.4802601937373282, "script": 0.9791619734174364, "iframe": 0.9542689794998873, "beacon": 0.042436359540437035, "image": 0.949143951340392, "stylesheet": 0.9991833746339266, "font": 0.7857343996395585, "xhr": 0.9714181121874296, "plugin": 8.447848614552827e-05, "media": 0.0010700608245100248, "referer_leaked": 0.9985357062401442, "referer_leaked_header": 0.9846249155215139, "referer_leaked_url": 0.0, "hosts": 15.729246451903581, "trackers": 13.264642937598559, "companies": 7.5228936697454385}