{"id": "gamepro.de", "month": "2019-04", "country": "global", "site": "gamepro.de", "category": "Entertainment", "popularity": 7.17231254468544e-05, "cookies": 0.8981372549019608, "bad_qs": 0.08196078431372548, "tracked": 0.8994117647058824, "https": 0.9936274509803922, "requests": 81.0943137254902, "requests_tracking": 19.325098039215685, "content_length": 28057886.32215686, "requests_failed": 27.708529411764705, "has_blocking": 0.4329411764705882, "script": 0.9916666666666667, "iframe": 0.5584313725490196, "beacon": 0.038431372549019606, "image": 0.9967647058823529, "stylesheet": 0.9932352941176471, "font": 0.6583333333333333, "xhr": 0.34401960784313723, "plugin": 0.0012745098039215687, "media": 0.058529411764705885, "referer_leaked": 0.9858823529411764, "referer_leaked_header": 0.9833333333333333, "referer_leaked_url": 0.0, "hosts": 18.270588235294117, "trackers": 15.486274509803922, "companies": 11.051078431372549}