{"id": "gap.com", "month": "2019-04", "country": "global", "site": "gap.com", "category": "Business", "popularity": 0.001038719616765621, "cookies": 0.9432033577037638, "bad_qs": 0.2401232060655294, "tracked": 0.9446723531004604, "https": 0.9905090712158137, "requests": 176.31898185756836, "requests_tracking": 53.00189547793122, "content_length": 911416.2355605199, "requests_failed": 59.5280733820742, "has_blocking": 0.4846804765773084, "script": 0.9963782832385595, "iframe": 0.9168291362036285, "beacon": 0.07220417005144869, "image": 0.9525182778229082, "stylesheet": 0.5314040075819118, "font": 0.0522678039534254, "xhr": 0.9369550500947739, "plugin": 0.0009071215813701598, "media": 0.00011508258868128893, "referer_leaked": 0.9635797454643921, "referer_leaked_header": 0.882588681288925, "referer_leaked_url": 0.0, "hosts": 29.917242079610073, "trackers": 23.367479014351474, "companies": 21.065766314649338}