{"id": "gartenxxl.de", "month": "2019-04", "country": "global", "site": "gartenxxl.de", "category": "E-Commerce", "popularity": 2.364753636056582e-05, "cookies": 0.6660719595599167, "bad_qs": 0.10972346119536129, "tracked": 0.6755872732679156, "https": 0.9982158786797503, "requests": 72.29229854296759, "requests_tracking": 9.249479631281593, "content_length": 617688.3401724651, "requests_failed": 21.546833184656556, "has_blocking": 0.2982456140350877, "script": 0.9934582218257508, "iframe": 0.6981861433244128, "beacon": 0.10496580434136188, "image": 0.9788878977103777, "stylesheet": 0.991971454058876, "font": 0.3910199226880761, "xhr": 0.8498364555456438, "plugin": 0.012191495688373476, "media": 0.0008920606601248885, "referer_leaked": 0.9931608682723758, "referer_leaked_header": 0.9818614332441272, "referer_leaked_url": 0.0, "hosts": 16.162652393696106, "trackers": 14.408563782337199, "companies": 10.992566161165627}