{"id": "gay-torrents.net", "month": "2019-04", "country": "global", "site": "gay-torrents.net", "category": "Adult", "popularity": 0.0005223201452272346, "cookies": 0.14869212853892652, "bad_qs": 0.002988651202864797, "tracked": 0.14869212853892652, "https": 0.9579973344462245, "requests": 8.873520819590475, "requests_tracking": 0.4263001305852102, "content_length": 216935.1315275777, "requests_failed": 3.215721382318493, "has_blocking": 0.43339481159381266, "script": 0.9143118697917367, "iframe": 0.965845909451946, "beacon": 0.0, "image": 0.17288404841076452, "stylesheet": 0.9701000255785464, "font": 0.015643300440220245, "xhr": 0.003029038381281889, "plugin": 0.0015347127798494905, "media": 0.10448163056501662, "referer_leaked": 0.9884761917583231, "referer_leaked_header": 0.9884627293655174, "referer_leaked_url": 0.0, "hosts": 2.317039350574171, "trackers": 2.2807716643556226, "companies": 2.1909505795560102}