{"id": "gayboystube.com", "month": "2019-04", "country": "global", "site": "gayboystube.com", "category": "Adult", "popularity": 0.0006995114234757919, "cookies": 0.6027945315641335, "bad_qs": 0.012645757941294732, "tracked": 0.6072376357056695, "https": 0.8869622034579815, "requests": 17.499115400080417, "requests_tracking": 2.0566344993968637, "content_length": 1741111.4639626055, "requests_failed": 7.821431443506232, "has_blocking": 0.4824487334137515, "script": 0.9873642943305186, "iframe": 0.871562123039807, "beacon": 0.0015480498592681947, "image": 0.3767691998391636, "stylesheet": 0.9828407720144753, "font": 0.3839967832730197, "xhr": 0.32788500201045434, "plugin": 0.0015480498592681947, "media": 0.011610373944511459, "referer_leaked": 0.9656714917571371, "referer_leaked_header": 0.9595798150381987, "referer_leaked_url": 0.0, "hosts": 9.09756735022115, "trackers": 7.491294732609569, "companies": 4.006966224366707}