{"id": "gazzetta.it", "month": "2019-04", "country": "global", "site": "gazzetta.it", "category": "News and Portals", "popularity": 0.002111866333745732, "cookies": 0.7091157903148474, "bad_qs": 0.24207887166373662, "tracked": 0.7094454211283363, "https": 0.9882797932981727, "requests": 128.9954917159448, "requests_tracking": 11.244079963773906, "content_length": 2391712.5985995685, "requests_failed": 49.937326860582814, "has_blocking": 0.5390695754088753, "script": 0.9990710404347132, "iframe": 0.9357819242448457, "beacon": 0.006003276330509829, "image": 0.9958246763624741, "stylesheet": 0.9977325395556976, "font": 0.45266301742048903, "xhr": 0.9704264557029461, "plugin": 0.0024306110489584996, "media": 0.09153414842043578, "referer_leaked": 0.9956382185285814, "referer_leaked_header": 0.9952020403814394, "referer_leaked_url": 0.0, "hosts": 21.98817324596452, "trackers": 17.107316472217782, "companies": 13.532570188056043}