{"id": "gazzetta.gr", "month": "2019-04", "country": "global", "site": "gazzetta.gr", "category": "News and Portals", "popularity": 0.000736898860534706, "cookies": 0.9937879901142208, "bad_qs": 0.03772054543546094, "tracked": 0.9943223565560083, "https": 0.0021565502829279464, "requests": 164.80151149364963, "requests_tracking": 43.48418370754888, "content_length": 2391595.0377110033, "requests_failed": 78.10665381642605, "has_blocking": 0.4967031498993292, "script": 0.9925093275570865, "iframe": 0.9745030869204271, "beacon": 0.02002919930914053, "image": 0.9930246094830959, "stylesheet": 0.9767550597822456, "font": 0.5340133782455605, "xhr": 0.9710106205330306, "plugin": 0.0003148945103390364, "media": 0.020954798324379513, "referer_leaked": 0.9971086958596143, "referer_leaked_header": 0.9937021097932193, "referer_leaked_url": 0.0, "hosts": 31.50228537076443, "trackers": 19.401175606171932, "companies": 14.02533469469546}