{"id": "gearbest.com", "month": "2019-04", "country": "global", "site": "gearbest.com", "category": "E-Commerce", "popularity": 0.0018971258898220567, "cookies": 0.6757932816154368, "bad_qs": 0.03890332360997342, "tracked": 0.679977909317005, "https": 0.986538026738622, "requests": 54.200517426064785, "requests_tracking": 5.9129271266915495, "content_length": 775390.8344014203, "requests_failed": 14.395834646048696, "has_blocking": 0.475453767091554, "script": 0.9834431072250618, "iframe": 0.3886996519605481, "beacon": 0.043024940974139815, "image": 0.8121847166573387, "stylesheet": 0.28059244543119455, "font": 0.17976849260740482, "xhr": 0.8892352398284636, "plugin": 0.0013825209324047339, "media": 0.0005003762087791932, "referer_leaked": 0.9419489468007428, "referer_leaked_header": 0.8797392113329652, "referer_leaked_url": 0.0, "hosts": 9.917623250073204, "trackers": 7.895261993276426, "companies": 5.4361538490049925}