{"id": "gelbooru.com", "month": "2019-04", "country": "global", "site": "gelbooru.com", "category": "Adult", "popularity": 0.002944782770552673, "cookies": 0.8054767567361052, "bad_qs": 0.021008242834083115, "tracked": 0.8065536739352608, "https": 0.9994436325778198, "requests": 23.244140233244504, "requests_tracking": 4.140295328423928, "content_length": 397329.10766545363, "requests_failed": 11.980216720631919, "has_blocking": 0.43411941125342657, "script": 0.955927581497082, "iframe": 0.9821962424902337, "beacon": 0.0004345874284841017, "image": 0.8101855831590208, "stylesheet": 0.0370545478858038, "font": 0.013445944009857016, "xhr": 0.24930036199700087, "plugin": 0.001093632100251201, "media": 0.05801025817358663, "referer_leaked": 0.9917476145448294, "referer_leaked_header": 0.9876238096602576, "referer_leaked_url": 0.0, "hosts": 10.993282997602606, "trackers": 9.814218650009074, "companies": 5.350427901468046}