{"id": "gelderlander.nl", "month": "2019-04", "country": "global", "site": "gelderlander.nl", "category": "News and Portals", "popularity": 0.00024225540371519883, "cookies": 0.9419482178102868, "bad_qs": 0.10916637640775571, "tracked": 0.9429060722164171, "https": 0.9961105305932892, "requests": 137.0615639150122, "requests_tracking": 43.89121096017648, "content_length": 4464806.837048647, "requests_failed": 36.2324973876698, "has_blocking": 0.476924416579589, "script": 0.9989840938116801, "iframe": 0.9503657262277951, "beacon": 0.005456867525833043, "image": 0.9839196563334495, "stylesheet": 0.6232149076976663, "font": 0.3607047486357831, "xhr": 0.9277835829559967, "plugin": 0.0, "media": 0.005021479159410194, "referer_leaked": 0.991901776384535, "referer_leaked_header": 0.9890282131661442, "referer_leaked_url": 0.0, "hosts": 22.34656913967259, "trackers": 16.518605596191804, "companies": 12.058022756298618}