{"id": "gelocal.it", "month": "2019-04", "country": "global", "site": "gelocal.it", "category": "Entertainment", "popularity": 0.00028455798437091215, "cookies": 0.9678511416427795, "bad_qs": 0.17744884847286746, "tracked": 0.9688642878323613, "https": 0.9787239300187802, "requests": 91.08755065730948, "requests_tracking": 12.410052387071266, "content_length": 1371051.56550855, "requests_failed": 22.09859642186419, "has_blocking": 0.537857072254621, "script": 0.9974794899673817, "iframe": 0.9725709202332707, "beacon": 0.004052584758327567, "image": 0.9957497281802906, "stylesheet": 0.9978007314421271, "font": 0.4547296629435603, "xhr": 0.38850449738064646, "plugin": 0.00027181970940001976, "media": 0.004200850054363942, "referer_leaked": 0.9960956805377088, "referer_leaked_header": 0.9945883166946723, "referer_leaked_url": 0.0, "hosts": 11.252520510032618, "trackers": 7.090318276168825, "companies": 6.548705149747949}