{"id": "genderchecker.com", "month": "2019-04", "country": "global", "site": "genderchecker.com", "category": "Business", "popularity": 0.00035997274127458996, "cookies": 0.00033207665110464323, "bad_qs": 9.766960326607153e-05, "tracked": 0.0003516105717578575, "https": 0.04891293731564862, "requests": 4.731545328462876, "requests_tracking": 0.002793350653409646, "content_length": 44997.94038247417, "requests_failed": 2.010099036977712, "has_blocking": 0.1448830894848905, "script": 0.9995702537456292, "iframe": 0.00019533920653214305, "beacon": 0.0, "image": 0.0011720352391928583, "stylesheet": 0.9506182485886743, "font": 0.27773328384740104, "xhr": 0.0017971207000957161, "plugin": 7.813568261285723e-05, "media": 0.0, "referer_leaked": 0.999277244935831, "referer_leaked_header": 0.999277244935831, "referer_leaked_url": 0.0, "hosts": 3.213818295470084, "trackers": 3.2123532514210926, "companies": 1.0054694977829}