{"id": "geneanet.org", "month": "2019-04", "country": "global", "site": "geneanet.org", "category": "Reference", "popularity": 0.0029842586162643044, "cookies": 0.07517872206068775, "bad_qs": 0.002358612824633249, "tracked": 0.07640161921951358, "https": 0.9987464715057893, "requests": 44.333443291973175, "requests_tracking": 0.2877272020395757, "content_length": 80606.75296534889, "requests_failed": 14.941062954462986, "has_blocking": 0.4407990537273623, "script": 0.9973185800255419, "iframe": 0.056524238811315686, "beacon": 0.01271436044127973, "image": 0.9287562264079812, "stylesheet": 0.9947738229320314, "font": 0.016979184829477714, "xhr": 0.012554134994651297, "plugin": 0.0009519276534983341, "media": 1.1781282840325918e-05, "referer_leaked": 0.9837842422985754, "referer_leaked_header": 0.9779525072926141, "referer_leaked_url": 0.0, "hosts": 3.141448438037521, "trackers": 3.060579356364956, "companies": 2.1131639341944664}