{"id": "general-anzeiger-bonn.de", "month": "2019-04", "country": "global", "site": "general-anzeiger-bonn.de", "category": "News and Portals", "popularity": 9.608086138292339e-05, "cookies": 0.7360948477751756, "bad_qs": 0.15500585480093676, "tracked": 0.7387295081967213, "https": 0.12302400468384075, "requests": 100.0914080796253, "requests_tracking": 37.55701112412178, "content_length": 592147.8174033958, "requests_failed": 39.55525468384075, "has_blocking": 0.45191744730679156, "script": 0.9883635831381733, "iframe": 0.5385685011709602, "beacon": 0.07735655737704918, "image": 0.8206235362997658, "stylesheet": 0.7371926229508197, "font": 0.32435597189695553, "xhr": 0.7802985948477752, "plugin": 0.0030737704918032786, "media": 0.08870023419203747, "referer_leaked": 0.8648272833723654, "referer_leaked_header": 0.8635099531615925, "referer_leaked_url": 0.0, "hosts": 20.90273711943794, "trackers": 19.028908079625293, "companies": 14.172570257611241}