{"id": "generali.de", "month": "2019-04", "country": "global", "site": "generali.de", "category": "Business", "popularity": 6.51133472193992e-06, "cookies": 0.42764578833693306, "bad_qs": 0.0010799136069114472, "tracked": 0.4287257019438445, "https": 0.9956803455723542, "requests": 5.7429805615550755, "requests_tracking": 1.1781857451403888, "content_length": 28629.697624190067, "requests_failed": 2.941684665226782, "has_blocking": 0.1673866090712743, "script": 0.5464362850971922, "iframe": 0.0010799136069114472, "beacon": 0.1857451403887689, "image": 0.9794816414686826, "stylesheet": 0.0183585313174946, "font": 0.004319654427645789, "xhr": 0.19438444924406048, "plugin": 0.0, "media": 0.0, "referer_leaked": 0.7937365010799136, "referer_leaked_header": 0.7742980561555075, "referer_leaked_url": 0.0, "hosts": 1.6630669546436285, "trackers": 1.6090712742980562, "companies": 1.6025917926565876}