{"id": "genius.com", "month": "2019-04", "country": "global", "site": "genius.com", "category": "Entertainment", "popularity": 0.001521845183439839, "cookies": 0.9786579308496629, "bad_qs": 0.011874673677498648, "tracked": 0.9790645344619664, "https": 0.9873490830626493, "requests": 52.87346772814852, "requests_tracking": 13.179423084920089, "content_length": 2079502.573343437, "requests_failed": 22.022178378852917, "has_blocking": 0.502959427428186, "script": 0.9939286687890143, "iframe": 0.980016356554404, "beacon": 0.0053043289423223535, "image": 0.9948435269166971, "stylesheet": 0.6066017641052179, "font": 0.2744204743400777, "xhr": 0.8404589076224316, "plugin": 0.0010442320043247838, "media": 0.5852781769372583, "referer_leaked": 0.991507529097571, "referer_leaked_header": 0.9865543578204198, "referer_leaked_url": 0.0, "hosts": 19.619026276758444, "trackers": 16.378469414629414, "companies": 11.73099474649651}