{"id": "geny.com", "month": "2019-04", "country": "global", "site": "geny.com", "category": "Entertainment", "popularity": 0.0011879810661636972, "cookies": 0.5025658934458735, "bad_qs": 0.004238015472307883, "tracked": 0.5027079498304202, "https": 0.007789425085973707, "requests": 9.209710737686967, "requests_tracking": 1.690950416402777, "content_length": 54708.521613287005, "requests_failed": 4.3975092780576155, "has_blocking": 0.460416580347683, "script": 0.9969872208444068, "iframe": 0.5956246633559638, "beacon": 0.002675395242294921, "image": 0.20989422718367298, "stylesheet": 0.49883099433550165, "font": 0.0051377059077698925, "xhr": 0.05813065635968676, "plugin": 0.0035750856777569296, "media": 0.0026458001621810392, "referer_leaked": 0.8177179825625788, "referer_leaked_header": 0.8137285657632275, "referer_leaked_url": 0.0, "hosts": 4.59222714815889, "trackers": 4.337662107051324, "companies": 3.815729193178926}