{"id": "get-express-vpn.com", "month": "2019-04", "country": "global", "site": "get-express-vpn.com", "category": "Business", "popularity": 0.0003362408247664396, "cookies": 0.5896733447655694, "bad_qs": 0.006231962859174369, "tracked": 0.5898615584089674, "https": 0.9952737462880087, "requests": 43.34562298715964, "requests_tracking": 2.506922079551633, "content_length": 565087.2079342507, "requests_failed": 15.09559161821908, "has_blocking": 0.37935505458195656, "script": 0.9947509306119035, "iframe": 0.8548454556861433, "beacon": 0.19089045965954243, "image": 0.9809276841356811, "stylesheet": 0.9177297252080806, "font": 0.7571625747626417, "xhr": 0.12737881132627882, "plugin": 0.001212932368564139, "media": 6.273788113262789e-05, "referer_leaked": 0.9860512777615124, "referer_leaked_header": 0.985214772679744, "referer_leaked_url": 0.0, "hosts": 6.106006106487097, "trackers": 5.501254757622653, "companies": 3.8596553599063115}