{"id": "getadblock.com", "month": "2019-04", "country": "global", "site": "getadblock.com", "category": "Business", "popularity": 0.0003361564446188551, "cookies": 0.5794251767560558, "bad_qs": 0.004706522193866879, "tracked": 0.5810149353637619, "https": 0.9976571978412752, "requests": 14.892858636991173, "requests_tracking": 1.952014391498975, "content_length": 211171.47809898338, "requests_failed": 4.4348617328368825, "has_blocking": 0.25457055599715517, "script": 0.9875538635317742, "iframe": 0.7899426850186169, "beacon": 0.0012550725850311677, "image": 0.3359410952600092, "stylesheet": 0.9413462745262101, "font": 0.802869932644438, "xhr": 0.5091620298707276, "plugin": 0.0003556038990921642, "media": 6.275362925155838e-05, "referer_leaked": 0.9530812031962516, "referer_leaked_header": 0.9473287871815254, "referer_leaked_url": 0.0, "hosts": 5.372170857214575, "trackers": 4.694243400409991, "companies": 3.109379575785466}