{"id": "gfycat.com", "month": "2019-04", "country": "global", "site": "gfycat.com", "category": "Entertainment", "popularity": 0.002485164106659713, "cookies": 0.1590497532708588, "bad_qs": 0.008191294309384761, "tracked": 0.15975146000271628, "https": 0.9819848114446105, "requests": 20.268943252297525, "requests_tracking": 1.0086779618814794, "content_length": 604167.0621038752, "requests_failed": 14.315640703517587, "has_blocking": 0.5065643532980216, "script": 0.9891716465208927, "iframe": 0.32119776811987866, "beacon": 0.000478179184209335, "image": 0.19126035583322015, "stylesheet": 0.9190519036624564, "font": 0.887916496898909, "xhr": 0.010536918828376115, "plugin": 0.0011883743039521933, "media": 0.0009506994431617547, "referer_leaked": 0.7809741273937254, "referer_leaked_header": 0.7807392819955634, "referer_leaked_url": 0.0, "hosts": 8.868313979808955, "trackers": 7.623794648920277, "companies": 2.854831590384354}