{"id": "giantbomb.com", "month": "2019-04", "country": "global", "site": "giantbomb.com", "category": "Entertainment", "popularity": 0.0002174054502515534, "cookies": 0.9621903098518663, "bad_qs": 0.033928455915647845, "tracked": 0.9621903098518663, "https": 0.99081441231645, "requests": 263.41406300536903, "requests_tracking": 82.15285594152273, "content_length": 983122820.6427324, "requests_failed": 87.68154473122453, "has_blocking": 0.4016430558250857, "script": 0.9900705090885569, "iframe": 0.5600944433663239, "beacon": 0.07885374215667248, "image": 0.9663302930331845, "stylesheet": 0.237563878646743, "font": 0.08794229898441037, "xhr": 0.9029368005692476, "plugin": 0.0005174978976647907, "media": 0.24047480432110743, "referer_leaked": 0.9885827026327706, "referer_leaked_header": 0.9840545960282037, "referer_leaked_url": 0.0, "hosts": 16.24409728960476, "trackers": 13.614625784332752, "companies": 9.912995665955107}