{"id": "gidonline.in", "month": "2019-04", "country": "global", "site": "gidonline.in", "category": "Entertainment", "popularity": 9.844350551529036e-08, "cookies": 0.42857142857142855, "bad_qs": 0.14285714285714285, "tracked": 0.5, "https": 0.5714285714285714, "requests": 4.285714285714286, "requests_tracking": 0.6428571428571429, "content_length": 11107.57142857143, "requests_failed": 2.0714285714285716, "has_blocking": 0.07142857142857142, "script": 0.35714285714285715, "iframe": 0.07142857142857142, "beacon": 0.0, "image": 0.42857142857142855, "stylesheet": 0.21428571428571427, "font": 0.14285714285714285, "xhr": 0.21428571428571427, "plugin": 0.0, "media": 0.0, "referer_leaked": 0.42857142857142855, "referer_leaked_header": 0.42857142857142855, "referer_leaked_url": 0.0, "hosts": 2.0714285714285716, "trackers": 2.0, "companies": 1.7142857142857142}