{"id": "gilt.at", "month": "2019-04", "country": "global", "site": "gilt.at", "category": "Political", "popularity": 8.43801475845346e-08, "cookies": 1.0, "bad_qs": 0.0, "tracked": 1.0, "https": 1.0, "requests": 89.41666666666667, "requests_tracking": 36.083333333333336, "content_length": 9508053.0, "requests_failed": 24.833333333333332, "has_blocking": 0.3333333333333333, "script": 1.0, "iframe": 0.8333333333333334, "beacon": 0.0, "image": 1.0, "stylesheet": 1.0, "font": 0.75, "xhr": 1.0, "plugin": 0.0, "media": 0.0, "referer_leaked": 1.0, "referer_leaked_header": 1.0, "referer_leaked_url": 0.0, "hosts": 7.75, "trackers": 7.083333333333333, "companies": 1.25}