{"id": "ginjfo.com", "month": "2019-04", "country": "global", "site": "ginjfo.com", "category": "Entertainment", "popularity": 0.0002183617585908448, "cookies": 0.9623558961808463, "bad_qs": 0.003349004959103497, "tracked": 0.9626457139176917, "https": 0.8368004121852257, "requests": 39.419205255361625, "requests_tracking": 7.376183422425452, "content_length": 679736.6419784891, "requests_failed": 20.457493398595993, "has_blocking": 0.5371610742577446, "script": 0.9972950344561087, "iframe": 0.9474785856894442, "beacon": 0.0007084433567334321, "image": 0.957751014362079, "stylesheet": 0.9993881625555484, "font": 0.2579377857924905, "xhr": 0.9278353835254718, "plugin": 0.00041862561988793715, "media": 0.00035422167836671604, "referer_leaked": 0.9973916403683906, "referer_leaked_header": 0.994622270882978, "referer_leaked_url": 0.0, "hosts": 16.484993881625556, "trackers": 14.095092419656083, "companies": 6.935177432858891}