{"id": "giphy.com", "month": "2019-04", "country": "global", "site": "giphy.com", "category": "Entertainment", "popularity": 0.0012458588157277226, "cookies": 0.7301414396821275, "bad_qs": 0.09107225502037498, "tracked": 0.7312758920407726, "https": 0.989349693528542, "requests": 31.2590220004741, "requests_tracking": 8.728312770208492, "content_length": 213763.82076217138, "requests_failed": 12.078277212746503, "has_blocking": 0.4609883845624175, "script": 0.9963821693438237, "iframe": 0.6765004684554515, "beacon": 0.003691203196785154, "image": 0.9357877388840601, "stylesheet": 0.043780830577159695, "font": 0.017490884872839743, "xhr": 0.0501021571526939, "plugin": 0.0011796046913273657, "media": 0.0006603528654799129, "referer_leaked": 0.8919730440573886, "referer_leaked_header": 0.8890889388073011, "referer_leaked_url": 0.0, "hosts": 11.138882931289437, "trackers": 9.682793574823059, "companies": 7.3289008793416786}