{"id": "girlscanner.cc", "month": "2019-04", "country": "global", "site": "girlscanner.cc", "category": "Adult", "popularity": 0.00018036959714090808, "cookies": 0.9537250009746209, "bad_qs": 0.0005068028536899146, "tracked": 0.95376398580952, "https": 0.005418892050992164, "requests": 19.512299715410705, "requests_tracking": 11.297064441932088, "content_length": 2109797.7810611674, "requests_failed": 6.651826439515029, "has_blocking": 0.5310514209972321, "script": 0.9941522747651164, "iframe": 0.02253323457175159, "beacon": 0.0002339090093953452, "image": 0.9998830454953024, "stylesheet": 0.07921718451522358, "font": 0.01781606954894546, "xhr": 0.0002728938442945694, "plugin": 0.0003508635140930178, "media": 0.0001169545046976726, "referer_leaked": 0.9644848154068068, "referer_leaked_header": 0.9644068457370083, "referer_leaked_url": 0.0, "hosts": 5.617012981950022, "trackers": 4.10100970722389, "companies": 4.042259561030759}