{"id": "git-scm.com", "month": "2019-04", "country": "global", "site": "git-scm.com", "category": "Business", "popularity": 0.00024972304677643015, "cookies": 0.19448668130877964, "bad_qs": 0.0032100016894745734, "tracked": 0.19648589288731205, "https": 0.9776989356310187, "requests": 3.1425634960860505, "requests_tracking": 0.46632314017007376, "content_length": 4847859.552767922, "requests_failed": 1.3158754294081207, "has_blocking": 0.2037787914625218, "script": 0.9776426198119051, "iframe": 0.12257138030072648, "beacon": 0.00016894745734076703, "image": 0.25787013572112405, "stylesheet": 0.035873176775356196, "font": 0.013910007321056485, "xhr": 0.0071802669369825985, "plugin": 0.0005350002815790955, "media": 0.002787633046122656, "referer_leaked": 0.6598524525539224, "referer_leaked_header": 0.6560792926733119, "referer_leaked_url": 0.0, "hosts": 1.8542828180435884, "trackers": 1.8447936025229488, "companies": 1.156755082502675}