{"id": "github.com", "month": "2019-04", "country": "global", "site": "github.com", "category": "Reference", "popularity": 0.04380371754460015, "cookies": 0.05217721152416846, "bad_qs": 0.0005469154578181621, "tracked": 0.05241543357858647, "https": 0.988856858403315, "requests": 26.000135324253286, "requests_tracking": 0.2707046910160427, "content_length": 555934.4542002048, "requests_failed": 6.698934678677938, "has_blocking": 0.2057766600818495, "script": 0.9883800932404974, "iframe": 0.011326945001205558, "beacon": 0.17820582834977292, "image": 0.991552267106639, "stylesheet": 0.9571402566056054, "font": 0.00960561407834552, "xhr": 0.014595435061855865, "plugin": 4.1737017620405676e-06, "media": 5.506075786076595e-05, "referer_leaked": 0.8887098477850968, "referer_leaked_header": 0.6641154112011239, "referer_leaked_url": 0.0, "hosts": 5.195590740931589, "trackers": 2.6418570597041615, "companies": 1.6354216931680676}