{"id": "giveawayoftheday.com", "month": "2019-04", "country": "global", "site": "giveawayoftheday.com", "category": "Entertainment", "popularity": 0.00021915633831393248, "cookies": 0.4135463791831103, "bad_qs": 0.015208393493117721, "tracked": 0.41704366798216064, "https": 0.9686527416819072, "requests": 29.969936150415503, "requests_tracking": 4.487214040491546, "content_length": 3158775.3484454714, "requests_failed": 9.93525202939006, "has_blocking": 0.46529983636538647, "script": 0.9811018063977925, "iframe": 0.39984599095196843, "beacon": 0.016555972663393974, "image": 0.35293740173901883, "stylesheet": 0.987743446594154, "font": 0.8732313023390125, "xhr": 0.13196650303205312, "plugin": 0.005422401899444926, "media": 0.0013796643886161645, "referer_leaked": 0.964770430262778, "referer_leaked_header": 0.9571662335162191, "referer_leaked_url": 0.0, "hosts": 6.265152244361023, "trackers": 5.922610453364135, "companies": 1.7321205120800847}