{"id": "globaltestmarket.com", "month": "2019-04", "country": "global", "site": "globaltestmarket.com", "category": "Business", "popularity": 0.0001894193679693494, "cookies": 0.29701536862424827, "bad_qs": 0.008166901774445023, "tracked": 0.30083896354592027, "https": 0.810787734798426, "requests": 7.010913950553122, "requests_tracking": 1.255772514663301, "content_length": 83544.14886034597, "requests_failed": 2.0881654168832133, "has_blocking": 0.09425347093325413, "script": 0.8270101715049373, "iframe": 0.08623505828198084, "beacon": 3.712228079293192e-05, "image": 0.17105946989383028, "stylesheet": 0.8529957680599896, "font": 0.17005716831242113, "xhr": 0.0700126215754696, "plugin": 0.004566040537530626, "media": 0.0033410052713638725, "referer_leaked": 0.9234167347241814, "referer_leaked_header": 0.91769990348207, "referer_leaked_url": 0.0, "hosts": 2.519563441977875, "trackers": 2.470450664488826, "companies": 2.103496918850694}