{"id": "glosbe.com", "month": "2019-04", "country": "global", "site": "glosbe.com", "category": "Reference", "popularity": 0.0004427707610919145, "cookies": 0.8045673993139373, "bad_qs": 0.003906746283826705, "tracked": 0.8049644263753017, "https": 0.9965696861898107, "requests": 13.005526616694194, "requests_tracking": 1.9780523440477702, "content_length": 91432.09716046245, "requests_failed": 6.148694575022233, "has_blocking": 0.5359071274298056, "script": 0.9938381400076229, "iframe": 0.03514483547198577, "beacon": 0.005923643755558379, "image": 0.8530682251302248, "stylesheet": 0.7450768644390802, "font": 0.010322703595477068, "xhr": 0.7412971668148901, "plugin": 0.0006034811332740439, "media": 0.0002858594841824419, "referer_leaked": 0.8355355101003684, "referer_leaked_header": 0.8349955532969127, "referer_leaked_url": 0.0, "hosts": 7.346699911065938, "trackers": 7.089140515817558, "companies": 2.9225003176216493}