{"id": "gmarket.co.kr", "month": "2019-04", "country": "global", "site": "gmarket.co.kr", "category": "E-Commerce", "popularity": 0.0002594970805383054, "cookies": 0.5992575330587471, "bad_qs": 0.02850639497073488, "tracked": 0.6000162584001735, "https": 0.0627845220030349, "requests": 38.892288098851076, "requests_tracking": 4.069748536743984, "content_length": 2649172.517613267, "requests_failed": 8.850124647734663, "has_blocking": 0.3668978972469109, "script": 0.8806633427270757, "iframe": 0.23452742250162584, "beacon": 0.0029536093648385, "image": 0.9761814437459354, "stylesheet": 0.6213960546282246, "font": 0.4512518968133536, "xhr": 0.5113537827877737, "plugin": 0.003685237372642532, "media": 0.0004064600043355734, "referer_leaked": 0.9308747019293302, "referer_leaked_header": 0.9283546499024496, "referer_leaked_url": 0.0, "hosts": 5.802352048558422, "trackers": 2.91407435508346, "companies": 2.7148276609581616}