{"id": "gmx.net", "month": "2019-04", "country": "global", "site": "gmx.net", "category": "News and Portals", "popularity": 0.006111323600636469, "cookies": 0.7717028740796651, "bad_qs": 0.0857920661640086, "tracked": 0.7739856612431295, "https": 0.8842037801758804, "requests": 182.38867558073576, "requests_tracking": 43.44162036467065, "content_length": 1788145.797873234, "requests_failed": 52.37734793979609, "has_blocking": 0.42469506266734014, "script": 0.9916432040482653, "iframe": 0.5665960582801086, "beacon": 0.06379262535481577, "image": 0.9911150793970405, "stylesheet": 0.9461289843783259, "font": 0.5860607308830957, "xhr": 0.7295553052364883, "plugin": 0.0026716894120787514, "media": 0.006865620465923304, "referer_leaked": 0.9708530421245569, "referer_leaked_header": 0.8455701387506572, "referer_leaked_url": 0.0, "hosts": 7.906166401837275, "trackers": 5.6245436439220216, "companies": 5.109497844353957}