{"id": "gmx.ch", "month": "2019-04", "country": "global", "site": "gmx.ch", "category": "News and Portals", "popularity": 0.00011300611265258796, "cookies": 0.743450936469417, "bad_qs": 0.053014747059921596, "tracked": 0.746437682782652, "https": 0.9947731939518387, "requests": 74.27322506377948, "requests_tracking": 16.986621865471967, "content_length": 821752.4253002303, "requests_failed": 25.038827702072055, "has_blocking": 0.46462572335262275, "script": 0.9925953580984381, "iframe": 0.4212556779291892, "beacon": 0.027440731752846743, "image": 0.9756704623234398, "stylesheet": 0.9777238504137888, "font": 0.10235828510982516, "xhr": 0.2592246904361894, "plugin": 0.0018667164457718873, "media": 0.0016178209196689689, "referer_leaked": 0.9277580735486279, "referer_leaked_header": 0.69168066704001, "referer_leaked_url": 0.0, "hosts": 6.47209258913571, "trackers": 4.367245348764856, "companies": 4.066019538298799}