{"id": "gnome-look.org", "month": "2019-04", "country": "global", "site": "gnome-look.org", "category": "Reference", "popularity": 0.00015558996046691643, "cookies": 0.36331179102454014, "bad_qs": 0.004971302029195101, "tracked": 0.36534550549102907, "https": 0.9971979934017264, "requests": 93.45740498034075, "requests_tracking": 5.301260902969223, "content_length": 1456362.5287657613, "requests_failed": 28.686310841957788, "has_blocking": 0.44271704252722915, "script": 0.9864419035567407, "iframe": 0.23030686491616578, "beacon": 0.00022596827405432278, "image": 0.970307768789262, "stylesheet": 0.04306955303475392, "font": 0.006824241876440548, "xhr": 0.3941790572603606, "plugin": 0.0017625525376237176, "media": 4.5193654810864554e-05, "referer_leaked": 0.9879784878203101, "referer_leaked_header": 0.983956252542143, "referer_leaked_url": 0.0, "hosts": 5.474714150133321, "trackers": 4.098838523071361, "companies": 3.855787047498531}