{"id": "goal.com", "month": "2019-04", "country": "global", "site": "goal.com", "category": "News and Portals", "popularity": 0.0004100382955080805, "cookies": 0.8568758252876717, "bad_qs": 0.12151664294411195, "tracked": 0.8587793459434432, "https": 0.9818736816833297, "requests": 125.78454204036835, "requests_tracking": 44.37446195531014, "content_length": 13492382.22266047, "requests_failed": 39.001937818325246, "has_blocking": 0.46140654742510245, "script": 0.9893677224632587, "iframe": 0.8679196748580934, "beacon": 0.12715860957247954, "image": 0.9455695985457788, "stylesheet": 0.5060621130794163, "font": 0.3976128822046542, "xhr": 0.8265052389690121, "plugin": 0.0003944231989436318, "media": 0.12331727059146332, "referer_leaked": 0.9753056779791813, "referer_leaked_header": 0.9724589714128925, "referer_leaked_url": 0.0, "hosts": 18.731980861900436, "trackers": 15.635707303688715, "companies": 12.335173974928404}