{"id": "godlikeproductions.com", "month": "2019-04", "country": "global", "site": "godlikeproductions.com", "category": "Entertainment", "popularity": 0.0004758548106240175, "cookies": 0.43943670296868764, "bad_qs": 0.004152320718750462, "tracked": 0.4398061265201779, "https": 0.9993645914914367, "requests": 24.714583364118628, "requests_tracking": 5.5716312266339605, "content_length": 1671493.1376767692, "requests_failed": 12.412365345115482, "has_blocking": 0.48721055664740737, "script": 0.9719681409129195, "iframe": 0.3821317216615194, "beacon": 0.01705259113679015, "image": 0.38656480427940243, "stylesheet": 0.18116530965082087, "font": 0.2002127879656584, "xhr": 0.3670887946448362, "plugin": 0.00016254636265571203, "media": 0.00036942355149025463, "referer_leaked": 0.45153901851550843, "referer_leaked_header": 0.4455986878075451, "referer_leaked_url": 0.0, "hosts": 3.7513483959629395, "trackers": 3.2553603357321235, "companies": 1.899014377964624}