{"id": "gofeminin.de", "month": "2019-04", "country": "global", "site": "gofeminin.de", "category": "Reference", "popularity": 8.623651083139436e-05, "cookies": 0.8183300717547293, "bad_qs": 0.182648401826484, "tracked": 0.8214285714285714, "https": 0.9460208741030659, "requests": 313.19626549249836, "requests_tracking": 110.88641552511416, "content_length": 20171546.133806262, "requests_failed": 100.39497716894977, "has_blocking": 0.4381115459882583, "script": 0.9851598173515982, "iframe": 0.805365296803653, "beacon": 0.12035225048923678, "image": 0.9956784083496413, "stylesheet": 0.996983039791259, "font": 0.6598988910632746, "xhr": 0.9679549902152642, "plugin": 0.015166340508806261, "media": 0.04664057403783431, "referer_leaked": 0.9509132420091324, "referer_leaked_header": 0.9341161121983039, "referer_leaked_url": 0.0, "hosts": 25.581702544031312, "trackers": 20.63527397260274, "companies": 16.611382909328114}