{"id": "gofundme.com", "month": "2019-04", "country": "global", "site": "gofundme.com", "category": "Business", "popularity": 0.0004006299090524049, "cookies": 0.8685388328214129, "bad_qs": 0.035980693286529176, "tracked": 0.8687494515138219, "https": 0.9865379552435278, "requests": 67.98207985958754, "requests_tracking": 12.665484861781483, "content_length": 1194829.8501448003, "requests_failed": 21.21665642825801, "has_blocking": 0.418516893374287, "script": 0.9934708205353225, "iframe": 0.7681790258885476, "beacon": 0.0035278630978499343, "image": 0.9748661693725318, "stylesheet": 0.970917068889864, "font": 0.742659060991663, "xhr": 0.9525932426502852, "plugin": 0.00933742869679684, "media": 0.000298376480912681, "referer_leaked": 0.9959280386134269, "referer_leaked_header": 0.9908029837648091, "referer_leaked_url": 0.0, "hosts": 17.23884159719175, "trackers": 14.611390960947784, "companies": 8.985221588415971}