{"id": "gogoanimes.tv", "month": "2019-04", "country": "global", "site": "gogoanimes.tv", "category": "Entertainment", "popularity": 0.0005728216635565785, "cookies": 0.9385487890207824, "bad_qs": 0.07807225366117133, "tracked": 0.9389661564145686, "https": 0.9976308262646846, "requests": 128.62418521291875, "requests_tracking": 25.72011833593165, "content_length": 222590646.57793108, "requests_failed": 36.46594159311589, "has_blocking": 0.522175711672784, "script": 0.9987724488418055, "iframe": 0.7005020684237016, "beacon": 0.0030934289186501846, "image": 0.9832316511790629, "stylesheet": 0.6986730171979917, "font": 0.3291923940930238, "xhr": 0.6742693001730847, "plugin": 0.0023077961774056934, "media": 0.4868099628051999, "referer_leaked": 0.9822496102525072, "referer_leaked_header": 0.9759277217878055, "referer_leaked_url": 0.0, "hosts": 11.595595546444398, "trackers": 7.265347458355327, "companies": 5.478659023114789}