{"id": "golem.de", "month": "2019-04", "country": "global", "site": "golem.de", "category": "Reference", "popularity": 0.0013119144079284824, "cookies": 0.6186083656711618, "bad_qs": 0.10380978925026263, "tracked": 0.6205807945458054, "https": 0.9938200801835216, "requests": 71.17123684154107, "requests_tracking": 9.611983577385674, "content_length": 221144.0311300731, "requests_failed": 43.27201294942435, "has_blocking": 0.5062763973157816, "script": 0.9512627832686577, "iframe": 0.1864213279591793, "beacon": 0.08362455245160046, "image": 0.7228308642239993, "stylesheet": 0.09041549643033253, "font": 0.03913770555067213, "xhr": 0.7844478271123212, "plugin": 0.0010934116587698046, "media": 0.008704414381579229, "referer_leaked": 0.7568713418948181, "referer_leaked_header": 0.7331753960937333, "referer_leaked_url": 0.0, "hosts": 15.386923010955556, "trackers": 14.749388975837746, "companies": 11.195913641918402}