{"id": "goodgamestudios.com", "month": "2019-04", "country": "global", "site": "goodgamestudios.com", "category": "Entertainment", "popularity": 0.00017306368269588045, "cookies": 0.6308711197789696, "bad_qs": 0.016536648789208516, "tracked": 0.6354623760767105, "https": 0.9358849341784495, "requests": 36.88806273362587, "requests_tracking": 6.83674630261661, "content_length": 566261.7863643751, "requests_failed": 13.56383065171461, "has_blocking": 0.39606695920689095, "script": 0.9983747765317731, "iframe": 0.7582073785145458, "beacon": 0.0024378352023403218, "image": 0.9024053307329758, "stylesheet": 0.47143669754591255, "font": 0.12709247521534212, "xhr": 0.7213148057857955, "plugin": 0.08877783195189339, "media": 0.00012189176011701609, "referer_leaked": 0.984397854705022, "referer_leaked_header": 0.9382821387940842, "referer_leaked_url": 0.0, "hosts": 8.366934828538923, "trackers": 7.531651227043718, "companies": 5.844384852917276}