{"id": "goodreads.com", "month": "2019-04", "country": "global", "site": "goodreads.com", "category": "Entertainment", "popularity": 0.0031087685557042504, "cookies": 0.6268883917766885, "bad_qs": 0.01033455550554275, "tracked": 0.6271123184554035, "https": 0.9933817226068684, "requests": 101.73630032412821, "requests_tracking": 5.240752846017611, "content_length": 2609981.2838440295, "requests_failed": 29.438805814855613, "has_blocking": 0.5009488610274841, "script": 0.9958946775568921, "iframe": 0.6384941270139264, "beacon": 0.0037117543411240217, "image": 0.9791770807651506, "stylesheet": 0.9982900144534492, "font": 0.40527562207509915, "xhr": 0.8847931166296095, "plugin": 0.0011739186490209428, "media": 0.0008052312891164849, "referer_leaked": 0.991680784602892, "referer_leaked_header": 0.9752006858037271, "referer_leaked_url": 0.0, "hosts": 11.315779592815346, "trackers": 10.570085657609322, "companies": 6.984456321857279}