{"id": "google.ro", "month": "2019-04", "country": "global", "site": "google.ro", "category": "Reference", "popularity": 0.0007709181233692043, "cookies": 0.43023669448624985, "bad_qs": 0.0036393487481187576, "tracked": 0.4310667213937155, "https": 0.9510557759839467, "requests": 30.58107356227482, "requests_tracking": 6.2428056733707304, "content_length": 570568.4080813609, "requests_failed": 4.358489533451909, "has_blocking": 0.06286313677201624, "script": 0.9716240251744425, "iframe": 0.038290691841109135, "beacon": 0.010963652118392848, "image": 0.7808820176038673, "stylesheet": 0.1373831349477813, "font": 0.09578145665161673, "xhr": 0.06030008665116067, "plugin": 0.0008482692570803119, "media": 0.003557258174852921, "referer_leaked": 0.23879235645551147, "referer_leaked_header": 0.218087289642906, "referer_leaked_url": 0.0, "hosts": 2.2443471519131664, "trackers": 1.9764308842978975, "companies": 1.2791535549778812}