{"id": "google.com.tr", "month": "2019-04", "country": "global", "site": "google.com.tr", "category": "Reference", "popularity": 0.0007254372238211401, "cookies": 0.29683910552793047, "bad_qs": 0.0019482974206868476, "tracked": 0.2975466961334535, "https": 0.9314994135721694, "requests": 26.47881590043328, "requests_tracking": 3.2231915244215688, "content_length": 441925.0068917386, "requests_failed": 3.8645400176413, "has_blocking": 0.06130836410867816, "script": 0.9286496651060901, "iframe": 0.012523384415559238, "beacon": 0.001201934727189896, "image": 0.8056646020529821, "stylesheet": 0.16694291779348047, "font": 0.1036474841761416, "xhr": 0.03793848808242946, "plugin": 0.00018416741787587117, "media": 0.002219702036503921, "referer_leaked": 0.21339187918617386, "referer_leaked_header": 0.19972471817538553, "referer_leaked_url": 0.0, "hosts": 2.30114280729303, "trackers": 2.0147915515620305, "companies": 1.2976242403094012}