{"id": "google.tn", "month": "2019-04", "country": "global", "site": "google.tn", "category": "Reference", "popularity": 8.748814968723162e-05, "cookies": 0.25622890210577076, "bad_qs": 0.0024111879119112683, "tracked": 0.25655039382735895, "https": 0.9479987140331136, "requests": 22.31707121041633, "requests_tracking": 1.576113165085999, "content_length": 511078.82703745377, "requests_failed": 3.637437710978942, "has_blocking": 0.061244172962546216, "script": 0.981031988426298, "iframe": 0.014386754541070567, "beacon": 0.00040186465198521136, "image": 0.8533194020253978, "stylesheet": 0.18959974280662273, "font": 0.1265873653753416, "xhr": 0.049348979263783954, "plugin": 8.037293039704228e-05, "media": 0.0024915608423083106, "referer_leaked": 0.22094518566146923, "referer_leaked_header": 0.20977334833628034, "referer_leaked_url": 0.0, "hosts": 2.2571933772705353, "trackers": 2.0352033435139045, "companies": 1.2084070085195306}