{"id": "google.co.nz", "month": "2019-04", "country": "global", "site": "google.co.nz", "category": "Reference", "popularity": 0.0004383900250964841, "cookies": 0.2947469724917796, "bad_qs": 0.0022776485684497553, "tracked": 0.2954206431951239, "https": 0.9384232897586013, "requests": 36.147918838720024, "requests_tracking": 4.598412061913546, "content_length": 571760.6517122464, "requests_failed": 4.010826850589462, "has_blocking": 0.06630844494345978, "script": 0.9648247654182373, "iframe": 0.02391530996872243, "beacon": 0.0005934718100890207, "image": 0.8523538375170423, "stylesheet": 0.12039457855481595, "font": 0.07816184136658914, "xhr": 0.05323602534285027, "plugin": 0.0015718983078033522, "media": 0.011436362178201941, "referer_leaked": 0.18450557382308125, "referer_leaked_header": 0.16838559627877137, "referer_leaked_url": 0.0, "hosts": 2.4227123265698935, "trackers": 2.071441174111797, "companies": 1.3578795412623306}