{"id": "google.lv", "month": "2019-04", "country": "global", "site": "google.lv", "category": "Reference", "popularity": 0.00015245383164835789, "cookies": 0.42908537429085375, "bad_qs": 0.015912550159125502, "tracked": 0.4365573543655735, "https": 0.951893362852267, "requests": 25.935934689359346, "requests_tracking": 5.271251326045847, "content_length": 446179.48992205155, "requests_failed": 3.9234352659010194, "has_blocking": 0.06650984733176514, "script": 0.9702043263687099, "iframe": 0.0322402103224021, "beacon": 0.0006457266731239334, "image": 0.7651861076518611, "stylesheet": 0.17070245837369125, "font": 0.11807573451409067, "xhr": 0.054656150546561505, "plugin": 0.0025829066924957338, "media": 0.0015681933490152668, "referer_leaked": 0.24860476915271434, "referer_leaked_header": 0.22369816890364835, "referer_leaked_url": 0.0, "hosts": 2.226281075596144, "trackers": 2.0018449333517827, "companies": 1.2612425626124257}