{"id": "google.com.hk", "month": "2019-04", "country": "global", "site": "google.com.hk", "category": "Reference", "popularity": 0.0010942628489131409, "cookies": 0.3377415354166265, "bad_qs": 0.0030201967626061086, "tracked": 0.33840340832417637, "https": 0.9613414814386418, "requests": 18.28168154274221, "requests_tracking": 2.528772193626742, "content_length": 289632.0381123128, "requests_failed": 3.2387240632570573, "has_blocking": 0.04605478765446379, "script": 0.9709289996722765, "iframe": 0.07146942211426625, "beacon": 0.0004947981930227029, "image": 0.7370308252848302, "stylesheet": 0.1489085522975986, "font": 0.09598442349584563, "xhr": 0.025806617443885387, "plugin": 0.05463985760093562, "media": 0.0036113842140098576, "referer_leaked": 0.15488468631722346, "referer_leaked_header": 0.13060744510631736, "referer_leaked_url": 0.0, "hosts": 2.1412102635282326, "trackers": 1.9939403286231117, "companies": 1.431682506634794}