{"id": "google.ca", "month": "2019-04", "country": "global", "site": "google.ca", "category": "Reference", "popularity": 0.0045588273285865465, "cookies": 0.32921966846976913, "bad_qs": 0.003262242664581299, "tracked": 0.330265437040259, "https": 0.9518360333597089, "requests": 30.420568632804127, "requests_tracking": 3.9463095012239195, "content_length": 592174.5851476184, "requests_failed": 4.147720209092017, "has_blocking": 0.06411270855602189, "script": 0.9684541905550749, "iframe": 0.024520033871796177, "beacon": 0.0009671045629751653, "image": 0.8476848874102112, "stylesheet": 0.15359070345674328, "font": 0.11429880291889741, "xhr": 0.0681399972544719, "plugin": 0.00045501729836949567, "media": 0.008241211610807509, "referer_leaked": 0.23356886262642154, "referer_leaked_header": 0.21486533801615543, "referer_leaked_url": 0.0, "hosts": 2.3193249702696326, "trackers": 2.0683420557835785, "companies": 1.2957149709945752}