{"id": "google.co.uk", "month": "2019-04", "country": "global", "site": "google.co.uk", "category": "Reference", "popularity": 0.00752165338736438, "cookies": 0.42091707714729903, "bad_qs": 0.0032748080969934026, "tracked": 0.42222774827261583, "https": 0.9588765248704988, "requests": 32.55694828645176, "requests_tracking": 7.489994680657131, "content_length": 601571.5246853968, "requests_failed": 3.9860743530080462, "has_blocking": 0.05951306978435627, "script": 0.9684737786311994, "iframe": 0.02739414834890028, "beacon": 0.000477712514291644, "image": 0.8579791545329869, "stylesheet": 0.1564232701151091, "font": 0.10826405255398572, "xhr": 0.0708575734260962, "plugin": 0.0005141719821142939, "media": 0.009730003617901039, "referer_leaked": 0.22174741815550617, "referer_leaked_header": 0.2035204888186291, "referer_leaked_url": 0.0, "hosts": 2.241263516880266, "trackers": 2.028035461039319, "companies": 1.2762094493592016}