{"id": "google.hu", "month": "2019-04", "country": "global", "site": "google.hu", "category": "Reference", "popularity": 0.0011620763608552452, "cookies": 0.40666089808366057, "bad_qs": 0.0038544622813333896, "tracked": 0.40830070856755596, "https": 0.9364649074505486, "requests": 35.736020766898825, "requests_tracking": 7.4328131523692536, "content_length": 820190.5499658121, "requests_failed": 4.317481831989012, "has_blocking": 0.06913223165499839, "script": 0.9604267137834845, "iframe": 0.026587923491646646, "beacon": 0.002250957564609138, "image": 0.7980007624211106, "stylesheet": 0.16851321832473087, "font": 0.11783036735385416, "xhr": 0.05868827263210761, "plugin": 0.005845228514549536, "media": 0.0009742047524249227, "referer_leaked": 0.2533900510096029, "referer_leaked_header": 0.23789959034992708, "referer_leaked_url": 0.0, "hosts": 2.3788446294693912, "trackers": 2.0212751795622736, "companies": 1.297604424462826}