{"id": "google.be", "month": "2019-04", "country": "global", "site": "google.be", "category": "Reference", "popularity": 0.002236376273185678, "cookies": 0.4301179400269775, "bad_qs": 0.002930421358118242, "tracked": 0.43127187204245965, "https": 0.9520379319777514, "requests": 33.41860691793248, "requests_tracking": 6.954707382335093, "content_length": 586952.2809651525, "requests_failed": 4.142487022195112, "has_blocking": 0.06958807456853319, "script": 0.9740569671396635, "iframe": 0.028719387001128777, "beacon": 0.0013991818716337099, "image": 0.8005678477438586, "stylesheet": 0.15213351653707202, "font": 0.12744817524674337, "xhr": 0.08778372735762145, "plugin": 0.0009527013642809305, "media": 0.0013960376427086902, "referer_leaked": 0.24511779853667587, "referer_leaked_header": 0.21161289511166728, "referer_leaked_url": 0.0, "hosts": 2.3188373899126846, "trackers": 2.042830686416617, "companies": 1.273255503186676}