{"id": "google.co.id", "month": "2019-04", "country": "global", "site": "google.co.id", "category": "Reference", "popularity": 0.0003114822831293441, "cookies": 0.34151296927557173, "bad_qs": 0.005147075422714856, "tracked": 0.34449285504661714, "https": 0.9469715782107141, "requests": 25.89602004650428, "requests_tracking": 3.1079079847393727, "content_length": 3955557.750592591, "requests_failed": 3.7269341038896537, "has_blocking": 0.08093098855452965, "script": 0.9272185475314355, "iframe": 0.03869336523918098, "beacon": 0.004447253764363275, "image": 0.835835383886042, "stylesheet": 0.18342099916472898, "font": 0.10626001760841591, "xhr": 0.058604420163893715, "plugin": 0.002505813034742759, "media": 0.005463123913583313, "referer_leaked": 0.2002844436417816, "referer_leaked_header": 0.18398537146985122, "referer_leaked_url": 0.0, "hosts": 2.3946542655258822, "trackers": 2.1450436824164165, "companies": 1.2889586202225884}