{"id": "google.com.sg", "month": "2019-04", "country": "global", "site": "google.com.sg", "category": "Reference", "popularity": 0.0003487923717196391, "cookies": 0.37259843154647904, "bad_qs": 0.009031711791625506, "tracked": 0.37344515452694393, "https": 0.9420599560510453, "requests": 27.855875652682297, "requests_tracking": 3.699756063141342, "content_length": 496562.2427877346, "requests_failed": 4.002036167167309, "has_blocking": 0.06511702921194283, "script": 0.9528254339455274, "iframe": 0.056750599762111165, "beacon": 0.014978932725843195, "image": 0.859706066165353, "stylesheet": 0.1790012700844707, "font": 0.08920831401326533, "xhr": 0.08983327621313227, "plugin": 0.0011088039029897385, "media": 0.015906295990161884, "referer_leaked": 0.15882103905005746, "referer_leaked_header": 0.14055601475717194, "referer_leaked_url": 0.0, "hosts": 2.4974497510231237, "trackers": 2.2177086063342943, "companies": 1.3667520109670785}