{"id": "google.co.ve", "month": "2019-04", "country": "global", "site": "google.co.ve", "category": "Reference", "popularity": 0.00021403024434817202, "cookies": 0.30350220119587357, "bad_qs": 0.002792561929167488, "tracked": 0.3041921282607267, "https": 0.9456600302253761, "requests": 21.265589066298705, "requests_tracking": 3.198370457980156, "content_length": 278462.1224127735, "requests_failed": 3.2552401603259082, "has_blocking": 0.03719035416255996, "script": 0.9739141862146001, "iframe": 0.05604836060187923, "beacon": 0.0006242197253433209, "image": 0.8595177081279979, "stylesheet": 0.1651225441881858, "font": 0.0579538734476641, "xhr": 0.050331822064524606, "plugin": 0.0004270977068138511, "media": 0.000525658716078586, "referer_leaked": 0.22189368552467312, "referer_leaked_header": 0.20113016623956895, "referer_leaked_url": 0.0, "hosts": 2.2444641566462975, "trackers": 1.9858072146658783, "companies": 1.325678428280439}