{"id": "google.cl", "month": "2019-04", "country": "global", "site": "google.cl", "category": "Reference", "popularity": 0.0004081959956191515, "cookies": 0.3671254586484298, "bad_qs": 0.004754440061325386, "tracked": 0.3677628292363611, "https": 0.9365730133847824, "requests": 27.258359029129558, "requests_tracking": 3.175018518199514, "content_length": 427818.3090041515, "requests_failed": 3.297807100652874, "has_blocking": 0.05629532652322958, "script": 0.9727481008079103, "iframe": 0.020637026063289175, "beacon": 0.0007235017484625587, "image": 0.8479095967339064, "stylesheet": 0.16757678592961361, "font": 0.09737989009663917, "xhr": 0.0460801708842225, "plugin": 0.0003962033384437822, "media": 0.0006201443558250504, "referer_leaked": 0.22137430879743675, "referer_leaked_header": 0.20842018225353567, "referer_leaked_url": 0.0, "hosts": 2.3640936417977296, "trackers": 2.095863981671289, "companies": 1.304921534512756}