{"id": "google.com.pe", "month": "2019-04", "country": "global", "site": "google.com.pe", "category": "Reference", "popularity": 0.00026771008156986674, "cookies": 0.3180552637108636, "bad_qs": 0.003992435385585207, "tracked": 0.31865938222315615, "https": 0.91022273586888, "requests": 32.63266967850389, "requests_tracking": 3.313222315612524, "content_length": 486867.6299905442, "requests_failed": 3.6725152342929186, "has_blocking": 0.06963122504727884, "script": 0.9649348602647615, "iframe": 0.02490018911536037, "beacon": 0.0001838621559151082, "image": 0.8589514603908384, "stylesheet": 0.18764446312250474, "font": 0.08652027736919521, "xhr": 0.023324227778945158, "plugin": 7.879806682076066e-05, "media": 0.0008405127127547804, "referer_leaked": 0.21343769699516704, "referer_leaked_header": 0.19870245849968482, "referer_leaked_url": 0.0, "hosts": 2.585653498634167, "trackers": 2.113416684177348, "companies": 1.3822231561252365}