{"id": "google.com.co", "month": "2019-04", "country": "global", "site": "google.com.co", "category": "Reference", "popularity": 0.00039932201676484464, "cookies": 0.3415978446530138, "bad_qs": 0.0030463646128651677, "tracked": 0.34256634207328884, "https": 0.9195794960291606, "requests": 29.626459349521916, "requests_tracking": 3.6862596629628976, "content_length": 482753.7762242688, "requests_failed": 3.184419517864375, "has_blocking": 0.06598108788673863, "script": 0.9683037207909982, "iframe": 0.039743612319287185, "beacon": 0.0007043617602000387, "image": 0.8757153674127032, "stylesheet": 0.14240433886844284, "font": 0.06462519149835355, "xhr": 0.022345876842346228, "plugin": 0.00010565426403000581, "media": 0.0015495958724400852, "referer_leaked": 0.15825247847294371, "referer_leaked_header": 0.14391871665287292, "referer_leaked_url": 0.0, "hosts": 2.474422863582736, "trackers": 2.1181742943175617, "companies": 1.346387504622374}