{"id": "google.cz", "month": "2019-04", "country": "global", "site": "google.cz", "category": "Reference", "popularity": 0.0008230017694657582, "cookies": 0.46437176398216023, "bad_qs": 0.002349583910049384, "tracked": 0.4652859657217067, "https": 0.9396968609558962, "requests": 36.63044889868594, "requests_tracking": 9.277122742263462, "content_length": 591665.3298217733, "requests_failed": 5.124177645631483, "has_blocking": 0.08804531706566873, "script": 0.9636626168383999, "iframe": 0.014883546077476462, "beacon": 0.002272688436629586, "image": 0.8151518258402967, "stylesheet": 0.21070214111173766, "font": 0.17000734778968232, "xhr": 0.061003742246373095, "plugin": 0.0008202183831445123, "media": 0.0016404367662890245, "referer_leaked": 0.2501922386835495, "referer_leaked_header": 0.23401001349942754, "referer_leaked_url": 0.0, "hosts": 2.4916952888706616, "trackers": 2.1258778899882094, "companies": 1.2659643546760992}