{"id": "google.com.mm", "month": "2019-04", "country": "global", "site": "google.com.mm", "category": "Reference", "popularity": 1.816282676757107e-05, "cookies": 0.1207897793263647, "bad_qs": 0.0023228803716608595, "tracked": 0.12311265969802555, "https": 0.9036004645760743, "requests": 22.13704994192799, "requests_tracking": 0.6380178087495161, "content_length": 496380.0549748355, "requests_failed": 3.732094463801781, "has_blocking": 0.09910956252419667, "script": 0.994579945799458, "iframe": 0.005807200929152149, "beacon": 0.0, "image": 0.8718544328300426, "stylesheet": 0.13511420828494, "font": 0.4754161827332559, "xhr": 0.02710027100271003, "plugin": 0.0, "media": 0.011227255129694155, "referer_leaked": 0.12698412698412698, "referer_leaked_header": 0.11924119241192412, "referer_leaked_url": 0.0, "hosts": 2.1668602400309718, "trackers": 1.8524970963995355, "companies": 1.4115369725125824}