{"id": "google.lt", "month": "2019-04", "country": "global", "site": "google.lt", "category": "Reference", "popularity": 0.0002072587375045131, "cookies": 0.4863782866836302, "bad_qs": 0.0037659033078880407, "tracked": 0.4872603901611535, "https": 0.9479898218829517, "requests": 31.461543681085665, "requests_tracking": 6.979202714164546, "content_length": 552224.0189312977, "requests_failed": 4.329906700593724, "has_blocking": 0.0737913486005089, "script": 0.962815945716709, "iframe": 0.008956743002544528, "beacon": 0.0006106870229007634, "image": 0.7716030534351145, "stylesheet": 0.1426972010178117, "font": 0.12339270568278202, "xhr": 0.060424088210347754, "plugin": 0.002917726887192536, "media": 0.0023070398642917726, "referer_leaked": 0.25679389312977097, "referer_leaked_header": 0.23569126378286684, "referer_leaked_url": 0.0, "hosts": 2.25431721798134, "trackers": 1.987921967769296, "companies": 1.2713486005089059}