{"id": "google.hr", "month": "2019-04", "country": "global", "site": "google.hr", "category": "Reference", "popularity": 0.0003200749948250359, "cookies": 0.46182912629890815, "bad_qs": 0.0021309782728091567, "tracked": 0.4623563786550671, "https": 0.9481974560073815, "requests": 27.93938794788989, "requests_tracking": 6.393374195390936, "content_length": 504166.70093806984, "requests_failed": 3.5615457281574727, "has_blocking": 0.058788637711724774, "script": 0.9763615193655396, "iframe": 0.015773632988422416, "beacon": 0.002262791361848898, "image": 0.7727762033436587, "stylesheet": 0.18196796941936333, "font": 0.11171159296118105, "xhr": 0.03761066807267295, "plugin": 0.001208286649530965, "media": 0.002899887958874316, "referer_leaked": 0.26391177310573605, "referer_leaked_header": 0.2550363584437268, "referer_leaked_url": 0.0, "hosts": 2.267910103473275, "trackers": 1.9560623036534195, "companies": 1.2752037610668072}