{"id": "google.com.sa", "month": "2019-04", "country": "global", "site": "google.com.sa", "category": "Reference", "popularity": 0.00018488393503668068, "cookies": 0.28151979614346023, "bad_qs": 0.0023960750009508233, "tracked": 0.2822424219373978, "https": 0.9439014186285323, "requests": 30.208914920320996, "requests_tracking": 4.640474651047807, "content_length": 492988.69025976496, "requests_failed": 4.650325181607272, "has_blocking": 0.06887764804320541, "script": 0.9779028638801202, "iframe": 0.011638078576046857, "beacon": 0.0013311527783060131, "image": 0.8487430114479139, "stylesheet": 0.3090556421861332, "font": 0.3376183775149279, "xhr": 0.05012741033735215, "plugin": 0.0036131289696877495, "media": 0.009470201194234206, "referer_leaked": 0.2360324040619176, "referer_leaked_header": 0.2248126877876241, "referer_leaked_url": 0.0, "hosts": 2.4635834632791997, "trackers": 2.216711672308219, "companies": 1.297113300117902}