{"id": "google.ru", "month": "2019-04", "country": "global", "site": "google.ru", "category": "Reference", "popularity": 0.005768395649173954, "cookies": 0.29739962747335263, "bad_qs": 0.003755741493812352, "tracked": 0.29941463581131816, "https": 0.9528002886593917, "requests": 28.188896365427187, "requests_tracking": 3.013733263118887, "content_length": 455515.88620505546, "requests_failed": 4.521970051588114, "has_blocking": 0.06044049813249076, "script": 0.9736951815336006, "iframe": 0.017297621485620668, "beacon": 0.0006338804208965994, "image": 0.785460733545927, "stylesheet": 0.18810279590025647, "font": 0.13602951932360083, "xhr": 0.05760997825302556, "plugin": 0.0005363603561432765, "media": 0.0009947046604838945, "referer_leaked": 0.1906785446105536, "referer_leaked_header": 0.167355402123987, "referer_leaked_url": 0.0, "hosts": 2.320092546541451, "trackers": 2.0377012570336346, "companies": 1.2913472884545996}