{"id": "google.it", "month": "2019-04", "country": "global", "site": "google.it", "category": "Reference", "popularity": 0.00416811911855429, "cookies": 0.3972363322272139, "bad_qs": 0.003900378397437087, "tracked": 0.39840712055239613, "https": 0.9490251584528724, "requests": 30.820955424005884, "requests_tracking": 6.489062239039886, "content_length": 546061.2922264042, "requests_failed": 3.9479994534071796, "has_blocking": 0.06637728738129742, "script": 0.9733991494070986, "iframe": 0.03141053000946415, "beacon": 0.0027312770871326312, "image": 0.7898890450314882, "stylesheet": 0.20202846668904773, "font": 0.12739324148099662, "xhr": 0.062085521532214395, "plugin": 0.0016650836843730124, "media": 0.0008941178852256298, "referer_leaked": 0.28598782312661214, "referer_leaked_header": 0.263317717198948, "referer_leaked_url": 0.0, "hosts": 2.3080387945941294, "trackers": 2.0338162132251845, "companies": 1.2815071116112173}