{"id": "google.by", "month": "2019-04", "country": "global", "site": "google.by", "category": "Reference", "popularity": 0.0002132708230199112, "cookies": 0.3497856907352456, "bad_qs": 0.001483679525222552, "tracked": 0.3504121332014507, "https": 0.9392350807781075, "requests": 31.567589845037915, "requests_tracking": 4.766798549291131, "content_length": 484014.31137487636, "requests_failed": 5.023211341905704, "has_blocking": 0.09020771513353115, "script": 0.9743158588855918, "iframe": 0.01012199142762941, "beacon": 0.0023409165842400263, "image": 0.8518298714144411, "stylesheet": 0.2376195186284207, "font": 0.1804154302670623, "xhr": 0.06758984503791625, "plugin": 6.594131223211343e-05, "media": 0.0002637652489284537, "referer_leaked": 0.19716452357401912, "referer_leaked_header": 0.17797560171447413, "referer_leaked_url": 0.0, "hosts": 2.6526871084734585, "trackers": 2.3123310253874054, "companies": 1.3324760962743158}