{"id": "gorillavid.in", "month": "2019-04", "country": "global", "site": "gorillavid.in", "category": "Entertainment", "popularity": 0.0002804163254603046, "cookies": 0.04558790340780862, "bad_qs": 0.024724792497304346, "tracked": 0.05250883923869706, "https": 0.9976930213897038, "requests": 17.82880714160335, "requests_tracking": 0.9912485267935505, "content_length": 158414.5138544096, "requests_failed": 13.271120138418716, "has_blocking": 0.5226058827954563, "script": 0.9950851325258908, "iframe": 0.04696707540309436, "beacon": 0.005341156999924772, "image": 0.6292785676671933, "stylesheet": 0.91682339075704, "font": 0.014970285112465207, "xhr": 0.3887008199804408, "plugin": 0.005892825798039068, "media": 0.0046891847839715135, "referer_leaked": 0.9592015847940019, "referer_leaked_header": 0.9591765089395421, "referer_leaked_url": 0.0, "hosts": 8.901552195391059, "trackers": 8.017778780811955, "companies": 7.063492063492063}