{"id": "gosuslugi.ru", "month": "2019-04", "country": "global", "site": "gosuslugi.ru", "category": "Business", "popularity": 0.0009391229159000085, "cookies": 0.6881757465033395, "bad_qs": 0.01464554194495193, "tracked": 0.6943978555811794, "https": 0.9971098265895953, "requests": 56.570944023480784, "requests_tracking": 26.558058043068076, "content_length": 329822.5488783731, "requests_failed": 12.011770343526312, "has_blocking": 0.3724130701728114, "script": 0.9816107101141094, "iframe": 0.08707208961035072, "beacon": 0.08660037736979245, "image": 0.7411123423882117, "stylesheet": 0.5597352421456169, "font": 0.4611324088771751, "xhr": 0.6556051394171734, "plugin": 0.0008685495222977627, "media": 5.989996705501812e-05, "referer_leaked": 0.7760265356854054, "referer_leaked_header": 0.7315283476594088, "referer_leaked_url": 0.0, "hosts": 2.8517775315223575, "trackers": 2.3834646140944624, "companies": 2.2000059899967055}