{"id": "gotomeeting.com", "month": "2019-04", "country": "global", "site": "gotomeeting.com", "category": "Business", "popularity": 0.00040091117621102, "cookies": 0.6845040778742436, "bad_qs": 0.01959133561343506, "tracked": 0.6853635008331141, "https": 0.9940191177760238, "requests": 69.50544593528019, "requests_tracking": 8.100289397526966, "content_length": 7543754.260142067, "requests_failed": 18.12351135666053, "has_blocking": 0.407243707796194, "script": 0.9919845654652284, "iframe": 0.8293431553100061, "beacon": 0.0081557484872402, "image": 0.7578882750153468, "stylesheet": 0.9428396036130843, "font": 0.8613522757169166, "xhr": 0.9218451284749627, "plugin": 0.1073226343944576, "media": 0.006349206349206349, "referer_leaked": 0.983548189073051, "referer_leaked_header": 0.9606594755766027, "referer_leaked_url": 0.0, "hosts": 9.329527317372621, "trackers": 7.327264754889065, "companies": 5.545084626852582}