{"id": "gotporn.com", "month": "2019-04", "country": "global", "site": "gotporn.com", "category": "Adult", "popularity": 0.0009551832706569316, "cookies": 0.9774219670200236, "bad_qs": 0.01064487632508834, "tracked": 0.977944640753828, "https": 0.9934334511189635, "requests": 40.73874411071849, "requests_tracking": 7.773255300353357, "content_length": 430398.7824941107, "requests_failed": 16.707545641931684, "has_blocking": 0.47928445229681976, "script": 0.9955609540636042, "iframe": 0.14123233215547704, "beacon": 8.833922261484099e-05, "image": 0.7623012367491167, "stylesheet": 0.9868816254416961, "font": 0.43896495877502945, "xhr": 0.027377797408716136, "plugin": 0.0036071849234393404, "media": 0.002230565371024735, "referer_leaked": 0.9839222614840989, "referer_leaked_header": 0.9812941696113074, "referer_leaked_url": 0.0, "hosts": 13.52746613663133, "trackers": 10.625485865724382, "companies": 6.314391931684335}