{"id": "gpupdate.net", "month": "2019-04", "country": "global", "site": "gpupdate.net", "category": "Entertainment", "popularity": 0.00028095073306167335, "cookies": 0.8492554123388812, "bad_qs": 0.01929670879739707, "tracked": 0.8493054686522338, "https": 0.9938681016143162, "requests": 64.30481792016018, "requests_tracking": 16.85856588662245, "content_length": 906488.5793017144, "requests_failed": 20.1513953197347, "has_blocking": 0.6273057189338005, "script": 0.99712176198223, "iframe": 0.874558878738581, "beacon": 0.020998623451382807, "image": 0.886171943436366, "stylesheet": 0.9904642723063446, "font": 0.3102490301589288, "xhr": 0.7024402452759354, "plugin": 0.0, "media": 0.010862219997497185, "referer_leaked": 0.9972719309222876, "referer_leaked_header": 0.9914904267300714, "referer_leaked_url": 0.0, "hosts": 15.146639969966213, "trackers": 12.027530972343888, "companies": 7.020422975847829}