{"id": "grantorrent.net", "month": "2019-04", "country": "global", "site": "grantorrent.net", "category": "Entertainment", "popularity": 0.00017522943981721685, "cookies": 0.9832664526484751, "bad_qs": 0.021348314606741574, "tracked": 0.9837078651685394, "https": 0.843338683788122, "requests": 99.92985553772071, "requests_tracking": 8.455818619582665, "content_length": 452032.84398073837, "requests_failed": 72.72672552166934, "has_blocking": 0.47524077046548957, "script": 0.9942616372391653, "iframe": 0.7072632423756019, "beacon": 0.005296950240770465, "image": 0.9947030497592295, "stylesheet": 0.9841492776886035, "font": 0.5010032102728732, "xhr": 0.7099117174959871, "plugin": 0.0006420545746388443, "media": 0.0, "referer_leaked": 0.9962279293739967, "referer_leaked_header": 0.9953049759229534, "referer_leaked_url": 0.0, "hosts": 14.349678972712681, "trackers": 11.080818619582665, "companies": 6.293619582664527}