{"id": "gravitytales.com", "month": "2019-04", "country": "global", "site": "gravitytales.com", "category": "Entertainment", "popularity": 0.00012998058567501017, "cookies": 0.619421152285637, "bad_qs": 0.009088450094671355, "tracked": 0.619421152285637, "https": 0.03732756288882878, "requests": 17.772247768460915, "requests_tracking": 5.594806599945902, "content_length": 60159.66805517988, "requests_failed": 7.699648363538004, "has_blocking": 0.4584257506086016, "script": 0.9687855017581823, "iframe": 0.21401136056261835, "beacon": 0.04885041925885853, "image": 0.1594806599945902, "stylesheet": 0.9975114958074114, "font": 0.24317013794968895, "xhr": 0.11474168244522585, "plugin": 0.0, "media": 0.0005409791723018664, "referer_leaked": 0.9960508520421963, "referer_leaked_header": 0.9960508520421963, "referer_leaked_url": 0.0, "hosts": 5.554503651609413, "trackers": 5.288558290505816, "companies": 4.302136867730592}