{"id": "greasyfork.org", "month": "2019-04", "country": "global", "site": "greasyfork.org", "category": "Entertainment", "popularity": 0.00020382024649044333, "cookies": 0.19550817636100187, "bad_qs": 0.008728351618022493, "tracked": 0.20123507900365695, "https": 0.9893396812254192, "requests": 11.04702270061409, "requests_tracking": 0.6339612226592148, "content_length": 173647.65645484027, "requests_failed": 5.319947560891465, "has_blocking": 0.48285379148554475, "script": 0.9717449803353343, "iframe": 0.013247774787828607, "beacon": 0.0002414958945697923, "image": 0.31059821983026287, "stylesheet": 0.9562892430828676, "font": 0.4659490788656593, "xhr": 0.03439591526944042, "plugin": 0.0042089284482163805, "media": 0.0011039812323190505, "referer_leaked": 0.18384737459463188, "referer_leaked_header": 0.0373283654177879, "referer_leaked_url": 0.0, "hosts": 4.695542675774512, "trackers": 4.513972262471538, "companies": 2.780997723038708}