{"id": "greenmangaming.com", "month": "2019-04", "country": "global", "site": "greenmangaming.com", "category": "Entertainment", "popularity": 0.000313415994844823, "cookies": 0.8532486762990218, "bad_qs": 0.07641568697837207, "tracked": 0.8545723772772144, "https": 0.9958718477968231, "requests": 82.22103562774836, "requests_tracking": 16.49432379072063, "content_length": 2768459.3572197794, "requests_failed": 32.189625774028535, "has_blocking": 0.42017410033204705, "script": 0.995355828771426, "iframe": 0.8724311226779143, "beacon": 0.11457865924795836, "image": 0.7449519877950282, "stylesheet": 0.9871668311944719, "font": 0.6079152831373956, "xhr": 0.8893700080768195, "plugin": 0.0010096024409943461, "media": 0.00026922731759849235, "referer_leaked": 0.9929103473032397, "referer_leaked_header": 0.989634748272458, "referer_leaked_url": 0.0, "hosts": 23.031320111280625, "trackers": 19.337655927488107, "companies": 12.713474827245804}