{"id": "greenhouse.io", "month": "2019-04", "country": "global", "site": "greenhouse.io", "category": "Business", "popularity": 0.00041521361122659863, "cookies": 0.891649308201663, "bad_qs": 0.007840945655303223, "tracked": 0.8917847889041305, "https": 0.9809818963911328, "requests": 27.67936798252299, "requests_tracking": 8.726887838913445, "content_length": 419196.3969923284, "requests_failed": 6.778675337431625, "has_blocking": 0.1844231062338058, "script": 0.9533099629121577, "iframe": 0.36689867736964216, "beacon": 0.003149926332368033, "image": 0.6420091788175921, "stylesheet": 0.2606818066351674, "font": 0.13063726735423123, "xhr": 0.8209114464258497, "plugin": 5.080526342529086e-05, "media": 0.002252366678521228, "referer_leaked": 0.9581025927619434, "referer_leaked_header": 0.9234025978424698, "referer_leaked_url": 0.0, "hosts": 6.572168876695626, "trackers": 5.68475334044607, "companies": 4.383495063421904}