{"id": "groovyhistory.com", "month": "2019-04", "country": "global", "site": "groovyhistory.com", "category": "Entertainment", "popularity": 9.258611693713059e-05, "cookies": 0.7264373053846738, "bad_qs": 0.075947444368497, "tracked": 0.7266651477177793, "https": 0.988835725677831, "requests": 51.298321561479455, "requests_tracking": 6.364167995746943, "content_length": 2812225.5700615174, "requests_failed": 26.08832687780056, "has_blocking": 0.5702134123186755, "script": 0.9920255183413078, "iframe": 0.6979570137464874, "beacon": 0.005620110883268778, "image": 0.6090225563909775, "stylesheet": 0.9666590719222298, "font": 0.10518721045036834, "xhr": 0.9913419913419913, "plugin": 0.001822738664843928, "media": 0.06675780359990886, "referer_leaked": 0.9947596263385737, "referer_leaked_header": 0.9939242044505202, "referer_leaked_url": 0.0, "hosts": 19.311612364243942, "trackers": 17.65535049745576, "companies": 13.55935292777398}