{"id": "groupon.fr", "month": "2019-04", "country": "global", "site": "groupon.fr", "category": "E-Commerce", "popularity": 0.00032764811307074785, "cookies": 0.9768005837410937, "bad_qs": 0.1103098978453086, "tracked": 0.9768005837410937, "https": 0.9966949952785646, "requests": 85.30064812430251, "requests_tracking": 12.61913039745901, "content_length": 1133711.3490213752, "requests_failed": 19.63818782728131, "has_blocking": 0.4225040776032277, "script": 0.9976822044810714, "iframe": 0.6026053738518328, "beacon": 0.02345694909434286, "image": 0.9867370589750193, "stylesheet": 0.9758992188170659, "font": 0.3778006695853721, "xhr": 0.9581294531719461, "plugin": 0.0059447162846596275, "media": 0.0, "referer_leaked": 0.9934329126963688, "referer_leaked_header": 0.9892909262597648, "referer_leaked_url": 0.0, "hosts": 9.434221821615589, "trackers": 6.492810541677398, "companies": 4.943986608292557}