{"id": "groupme.com", "month": "2019-04", "country": "global", "site": "groupme.com", "category": "Business", "popularity": 0.0002763168566234893, "cookies": 0.6253817182410424, "bad_qs": 0.005598534201954397, "tracked": 0.6267304560260586, "https": 0.9636095276872965, "requests": 101.06097312703584, "requests_tracking": 4.838711319218241, "content_length": 954911.365228013, "requests_failed": 19.563441571661237, "has_blocking": 0.28071559446254074, "script": 0.9908387622149837, "iframe": 0.6351537052117264, "beacon": 0.00022903094462540716, "image": 0.7175793973941368, "stylesheet": 0.9177269951140065, "font": 0.6967884771986971, "xhr": 0.7687550895765473, "plugin": 2.5447882736156353e-05, "media": 0.009161237785016287, "referer_leaked": 0.8029824918566775, "referer_leaked_header": 0.5562652687296417, "referer_leaked_url": 0.0, "hosts": 8.344691571661238, "trackers": 7.210988395765472, "companies": 6.584181596091205}