{"id": "groupon.de", "month": "2019-04", "country": "global", "site": "groupon.de", "category": "Business", "popularity": 0.0002512981428646748, "cookies": 0.9825955565504505, "bad_qs": 0.03950976551569758, "tracked": 0.9826515193911243, "https": 0.9984050590407969, "requests": 83.69130897084337, "requests_tracking": 13.482007946723376, "content_length": 1145383.2477195142, "requests_failed": 17.966674128378756, "has_blocking": 0.31414740612233477, "script": 0.9965303038782248, "iframe": 0.6700151099669819, "beacon": 0.10302758968045218, "image": 0.9903464099837708, "stylesheet": 0.9761598298729643, "font": 0.39736415020426435, "xhr": 0.9750405730594885, "plugin": 0.0018187923218982596, "media": 0.0001119256813475852, "referer_leaked": 0.9892831160109687, "referer_leaked_header": 0.9852258100621187, "referer_leaked_url": 0.0, "hosts": 9.550590407969109, "trackers": 7.377833118809111, "companies": 5.465275057361912}