{"id": "grubhub.com", "month": "2019-04", "country": "global", "site": "grubhub.com", "category": "E-Commerce", "popularity": 0.00015675721917516916, "cookies": 0.873144036244561, "bad_qs": 0.194365944466873, "tracked": 0.8770466065581124, "https": 0.9815188624231822, "requests": 309.0235051361414, "requests_tracking": 68.69542008702284, "content_length": 1340458.2195307943, "requests_failed": 109.26950163728525, "has_blocking": 0.4670075808549769, "script": 0.9938097160543669, "iframe": 0.7690754945498587, "beacon": 0.15430852734042075, "image": 0.9427174449378729, "stylesheet": 0.2500336428475306, "font": 0.216301081056834, "xhr": 0.9618265823352622, "plugin": 0.03889113174539093, "media": 0.011483425290449918, "referer_leaked": 0.9535280132777105, "referer_leaked_header": 0.8800968914008882, "referer_leaked_url": 0.0, "hosts": 25.897456600726684, "trackers": 20.66195666801238, "companies": 17.046875700892656}