{"id": "gry-online.pl", "month": "2019-04", "country": "global", "site": "gry-online.pl", "category": "Entertainment", "popularity": 0.0005204567503014094, "cookies": 0.9011294855166451, "bad_qs": 0.012308149589277994, "tracked": 0.9017104409857328, "https": 0.9906776913099871, "requests": 60.39044260700389, "requests_tracking": 22.520522589710332, "content_length": 1308659.793247406, "requests_failed": 21.699267725897105, "has_blocking": 0.5153210116731517, "script": 0.9972438391699092, "iframe": 0.2707657803718115, "beacon": 0.00620136186770428, "image": 0.9281912019022914, "stylesheet": 0.9815850626891482, "font": 0.5975599870298314, "xhr": 0.6329307176826632, "plugin": 0.0006214872460008646, "media": 0.001540207522697795, "referer_leaked": 0.976599654128837, "referer_leaked_header": 0.9350140510159966, "referer_leaked_url": 0.0, "hosts": 10.70263186338089, "trackers": 10.178042585386944, "companies": 6.411086792044963}