{"id": "gsn.com", "month": "2019-04", "country": "global", "site": "gsn.com", "category": "Entertainment", "popularity": 0.0002680476021602049, "cookies": 0.9528331584470094, "bad_qs": 0.04551416579223505, "tracked": 0.9528593913955928, "https": 0.02709863588667366, "requests": 166.06728751311647, "requests_tracking": 43.68866736621196, "content_length": 1149672.7684417628, "requests_failed": 89.09310073452257, "has_blocking": 0.49958027282266526, "script": 0.9991605456453305, "iframe": 0.9952780692549843, "beacon": 0.011070304302203567, "image": 0.9984260230849947, "stylesheet": 0.9929171038824763, "font": 0.16786463798530954, "xhr": 0.41419202518363063, "plugin": 0.2688090241343127, "media": 0.018651626442812173, "referer_leaked": 0.918205666316894, "referer_leaked_header": 0.8738719832109129, "referer_leaked_url": 0.0, "hosts": 22.50605981112277, "trackers": 15.279433368310599, "companies": 10.462093389296957}