{"id": "gtmetrix.com", "month": "2019-04", "country": "global", "site": "gtmetrix.com", "category": "Business", "popularity": 0.00037263679509123555, "cookies": 0.0711967392535004, "bad_qs": 0.0036041816054647696, "tracked": 0.07414046873230931, "https": 0.9962825980299657, "requests": 3.4911499415028118, "requests_tracking": 0.4613729856210137, "content_length": 30841.413593991772, "requests_failed": 1.0736687172132695, "has_blocking": 0.2065705551571876, "script": 0.9941502811639054, "iframe": 0.016907574442389703, "beacon": 1.8870060761595652e-05, "image": 0.4449182926369023, "stylesheet": 0.031833792504811866, "font": 0.0036230516662263653, "xhr": 0.008057515945201344, "plugin": 0.00018870060761595652, "media": 1.8870060761595652e-05, "referer_leaked": 0.8417745405140205, "referer_leaked_header": 0.8393025625542514, "referer_leaked_url": 0.0, "hosts": 1.9423708344340869, "trackers": 1.9384081216741518, "companies": 1.053666452805978}