{"id": "gumtree.co.za", "month": "2019-04", "country": "global", "site": "gumtree.co.za", "category": "E-Commerce", "popularity": 0.00043272952352935493, "cookies": 0.8061748456288593, "bad_qs": 0.06260968475788105, "tracked": 0.8069873253168671, "https": 0.9988137796555087, "requests": 63.75381865453364, "requests_tracking": 9.927478063048424, "content_length": 377186.3030874228, "requests_failed": 27.65115372115697, "has_blocking": 0.5103997400064998, "script": 0.9974325641858953, "iframe": 0.8046636334091648, "beacon": 0.028306792330191746, "image": 0.9964088397790055, "stylesheet": 0.9953688657783556, "font": 0.25887227819304515, "xhr": 0.8117972050698733, "plugin": 0.0005362365940851479, "media": 9.749756256093598e-05, "referer_leaked": 0.9958076048098797, "referer_leaked_header": 0.9953688657783556, "referer_leaked_url": 0.0, "hosts": 15.092736431589211, "trackers": 12.479753006174846, "companies": 9.590851478713033}