{"id": "gumtree.com.au", "month": "2019-04", "country": "global", "site": "gumtree.com.au", "category": "E-Commerce", "popularity": 0.0015949254229270114, "cookies": 0.7271272374570144, "bad_qs": 0.14699321047526673, "tracked": 0.7279428621814655, "https": 0.9903447667754166, "requests": 71.11048849307821, "requests_tracking": 15.170752138259413, "content_length": 492536.1649986774, "requests_failed": 28.345348734679483, "has_blocking": 0.5125297592804867, "script": 0.9986773653117009, "iframe": 0.6484260647209241, "beacon": 0.023410633982893926, "image": 0.9924301208006349, "stylesheet": 0.30563883255444846, "font": 0.13747024071951328, "xhr": 0.7983026188166829, "plugin": 0.0012168239132351645, "media": 0.039361608323780974, "referer_leaked": 0.9886209328983335, "referer_leaked_header": 0.9850189577638656, "referer_leaked_url": 0.0, "hosts": 13.178696763953797, "trackers": 10.349395996825677, "companies": 7.978692355171502}