{"id": "gunbroker.com", "month": "2019-04", "country": "global", "site": "gunbroker.com", "category": "E-Commerce", "popularity": 0.000500817270951109, "cookies": 0.617455035592435, "bad_qs": 0.008999901717141934, "tracked": 0.6175813992670907, "https": 0.9962371705769204, "requests": 24.559945523215816, "requests_tracking": 5.4807997416564875, "content_length": 271247.2491610856, "requests_failed": 8.981607065133455, "has_blocking": 0.4075930528059756, "script": 0.9930359574856437, "iframe": 0.10923437653566966, "beacon": 0.023742330426968817, "image": 0.5407242042598599, "stylesheet": 0.9816913075832245, "font": 0.39155890653300196, "xhr": 0.4564115524479452, "plugin": 0.0010249498055403452, "media": 7.02020414753661e-05, "referer_leaked": 0.9782935287758168, "referer_leaked_header": 0.9775915083610631, "referer_leaked_url": 0.0, "hosts": 8.929559271583617, "trackers": 7.455288319784339, "companies": 4.592645634135041}