{"id": "guru3d.com", "month": "2019-04", "country": "global", "site": "guru3d.com", "category": "Reference", "popularity": 0.00028952234972046896, "cookies": 0.8929421479574489, "bad_qs": 0.012896488074998786, "tracked": 0.8936950502744451, "https": 0.9210666925729829, "requests": 30.776242288823045, "requests_tracking": 11.027371642298538, "content_length": 783881.5919269442, "requests_failed": 11.98030310390052, "has_blocking": 0.49961140525574393, "script": 0.9865934813231652, "iframe": 0.9113518239665809, "beacon": 0.00592606984990528, "image": 0.9197551853111187, "stylesheet": 0.8083499295672026, "font": 0.12350026715888668, "xhr": 0.36588623888861904, "plugin": 0.0038859474425608394, "media": 0.0008500510030601836, "referer_leaked": 0.9301258075484529, "referer_leaked_header": 0.9041385340263273, "referer_leaked_url": 0.0, "hosts": 8.343250595035702, "trackers": 7.354034099188809, "companies": 3.4184193908777383}