{"id": "gva.be", "month": "2019-04", "country": "global", "site": "gva.be", "category": "News and Portals", "popularity": 0.0002724002114397738, "cookies": 0.8395931748367278, "bad_qs": 0.1755595136683962, "tracked": 0.8537649397248251, "https": 0.9909393634322001, "requests": 187.32582152352927, "requests_tracking": 17.320529698753194, "content_length": 3301167.4688298614, "requests_failed": 54.813547071426726, "has_blocking": 0.5206897441854462, "script": 0.9927721417692764, "iframe": 0.7883528227367769, "beacon": 0.3663233434007073, "image": 0.9969281602519425, "stylesheet": 0.9973411807222695, "font": 0.49768966674410803, "xhr": 0.8741061978884328, "plugin": 0.031002349053924984, "media": 0.11856268876326183, "referer_leaked": 0.9975218771780376, "referer_leaked_header": 0.9929270244456491, "referer_leaked_url": 0.0, "hosts": 20.289372467022897, "trackers": 17.207568600118744, "companies": 14.018482666047136}