{"id": "gyakorikerdesek.hu", "month": "2019-04", "country": "global", "site": "gyakorikerdesek.hu", "category": "Reference", "popularity": 0.00021223013453303526, "cookies": 0.07494533165462859, "bad_qs": 0.0021536014843284075, "tracked": 0.07534291962096613, "https": 0.9986084421178185, "requests": 5.680173613411967, "requests_tracking": 0.37376582068782715, "content_length": 34917.9539791929, "requests_failed": 4.004539129282354, "has_blocking": 0.42982572394142204, "script": 0.9976807368630309, "iframe": 0.0479756146047313, "beacon": 0.0016897488569345969, "image": 0.31999204824067323, "stylesheet": 0.03584918163143595, "font": 0.003942747332847393, "xhr": 0.0034788947054535816, "plugin": 0.010569213438473262, "media": 0.0, "referer_leaked": 0.7252998475912795, "referer_leaked_header": 0.7242396130143794, "referer_leaked_url": 0.0, "hosts": 2.636273275462196, "trackers": 2.5656682791067524, "companies": 1.2348088264528527}