{"id": "gyazo.com", "month": "2019-04", "country": "global", "site": "gyazo.com", "category": "Entertainment", "popularity": 0.0010751859038800706, "cookies": 0.5743790302538815, "bad_qs": 0.017579427883797887, "tracked": 0.5745163695342237, "https": 0.9927994977306319, "requests": 41.39194668619936, "requests_tracking": 7.655526925038913, "content_length": 431400.50395667925, "requests_failed": 15.407086706865655, "has_blocking": 0.40932337514551426, "script": 0.9938393522817941, "iframe": 0.04955332034060141, "beacon": 0.0035054216315906503, "image": 0.9408983296927524, "stylesheet": 0.9557244320039763, "font": 0.912514878422037, "xhr": 0.35648699200816186, "plugin": 0.0019031300275986554, "media": 0.0008305756477836056, "referer_leaked": 0.6225589577910612, "referer_leaked_header": 0.018194184662472367, "referer_leaked_url": 0.0, "hosts": 10.412639137770919, "trackers": 8.837135233411377, "companies": 4.482662550848233}