{"id": "haaretz.com", "month": "2019-04", "country": "global", "site": "haaretz.com", "category": "News and Portals", "popularity": 0.0003944279682049416, "cookies": 0.8906993742534719, "bad_qs": 0.04761734975843688, "tracked": 0.8908241670083611, "https": 0.7361524610914018, "requests": 142.16180272048206, "requests_tracking": 28.439163531991515, "content_length": 1916093.235733514, "requests_failed": 42.07984953559268, "has_blocking": 0.6161909685700533, "script": 0.9948300144403045, "iframe": 0.9899452694632129, "beacon": 0.011195692867202681, "image": 0.996042286916371, "stylesheet": 0.9477653183106627, "font": 0.382471966198991, "xhr": 0.9774125113650545, "plugin": 0.0005169985559695505, "media": 0.02283707414472394, "referer_leaked": 0.9973080420016758, "referer_leaked_header": 0.9959888043071328, "referer_leaked_url": 0.0, "hosts": 23.03456759310431, "trackers": 18.6572477849286, "companies": 13.446312374093024}