{"id": "haaretz.co.il", "month": "2019-04", "country": "global", "site": "haaretz.co.il", "category": "News and Portals", "popularity": 0.0008991126625870085, "cookies": 0.618076736583611, "bad_qs": 0.10607980229302551, "tracked": 0.6193124051741667, "https": 0.9740118561619195, "requests": 83.36245757277149, "requests_tracking": 11.016970891401936, "content_length": 1297971.6531916226, "requests_failed": 27.432937606556866, "has_blocking": 0.5222889587536953, "script": 0.9983654763580624, "iframe": 0.2857600925969374, "beacon": 0.03340997606869692, "image": 0.9607088670952403, "stylesheet": 0.08451816745655608, "font": 0.07388203275303834, "xhr": 0.9746531525190434, "plugin": 4.6924123691990054e-05, "media": 0.009666369480549952, "referer_leaked": 0.995409256565467, "referer_leaked_header": 0.9928909952606635, "referer_leaked_url": 0.0, "hosts": 15.67415106439554, "trackers": 12.589257503949447, "companies": 9.610381180298125}