{"id": "haberler.com", "month": "2019-04", "country": "global", "site": "haberler.com", "category": "News and Portals", "popularity": 0.0004442544453536093, "cookies": 0.6204909859288688, "bad_qs": 0.029661754696972097, "tracked": 0.6206967505025404, "https": 0.9749283781003182, "requests": 42.45247629750392, "requests_tracking": 6.441428322702164, "content_length": 778956.1108912772, "requests_failed": 19.513715000237422, "has_blocking": 0.6115639690403457, "script": 0.9888095728010889, "iframe": 0.841323857610915, "beacon": 0.0428306874119565, "image": 0.5278177875559917, "stylesheet": 0.9359280773674797, "font": 0.5137941404580636, "xhr": 0.5236866680384304, "plugin": 4.7484132385761094e-05, "media": 0.0007755741623007645, "referer_leaked": 0.9412304721505563, "referer_leaked_header": 0.9399167444878836, "referer_leaked_url": 0.0, "hosts": 13.340461229205907, "trackers": 10.335032210069802, "companies": 6.483657544437234}