{"id": "haber7.com", "month": "2019-04", "country": "global", "site": "haber7.com", "category": "News and Portals", "popularity": 0.00047394922562440006, "cookies": 0.7978991721313907, "bad_qs": 0.156286163615323, "tracked": 0.8020088424675825, "https": 0.004925669861428444, "requests": 31.733494555057714, "requests_tracking": 9.187709563514435, "content_length": 1895927.169920774, "requests_failed": 12.98744844366636, "has_blocking": 0.579834426278152, "script": 0.999658763834901, "iframe": 0.6511231120738257, "beacon": 0.08269784279398237, "image": 0.6714934274947331, "stylesheet": 0.08220824307884039, "font": 0.03191299961425477, "xhr": 0.44420046882881814, "plugin": 0.0, "media": 0.015222100234414409, "referer_leaked": 0.8654194237559716, "referer_leaked_header": 0.8629714251802617, "referer_leaked_url": 0.0, "hosts": 12.128067416397139, "trackers": 10.084077623809382, "companies": 8.143111480371502}