{"id": "haberturk.com", "month": "2019-04", "country": "global", "site": "haberturk.com", "category": "News and Portals", "popularity": 0.0011182619692219754, "cookies": 0.8356871573016751, "bad_qs": 0.06126439961768701, "tracked": 0.8358820866240757, "https": 0.9898322350218823, "requests": 38.220446199507016, "requests_tracking": 12.037420141858242, "content_length": 1981299.844653906, "requests_failed": 12.984393078122642, "has_blocking": 0.5223351275215051, "script": 0.998836712108255, "iframe": 0.45537376125559637, "beacon": 0.019970823482066503, "image": 0.7792393983600785, "stylesheet": 0.3883432265204487, "font": 0.045997032043865384, "xhr": 0.1937974747220685, "plugin": 1.2576085316162785e-05, "media": 0.009683585693445344, "referer_leaked": 0.9166142663111827, "referer_leaked_header": 0.9090874792494592, "referer_leaked_url": 0.0, "hosts": 9.924178781628855, "trackers": 7.9794695407213645, "companies": 6.2440389355601384}