{"id": "habr.com", "month": "2019-04", "country": "global", "site": "habr.com", "category": "Entertainment", "popularity": 0.0021680213219632395, "cookies": 0.974212025090652, "bad_qs": 0.029391350600995063, "tracked": 0.9756326178475749, "https": 0.9591498498323182, "requests": 149.24087804308482, "requests_tracking": 43.98768819610667, "content_length": 4086176.923466376, "requests_failed": 57.170091657423086, "has_blocking": 0.5175790245263069, "script": 0.9931889388366707, "iframe": 0.4278157251185449, "beacon": 0.041437198772711646, "image": 0.9903380232354486, "stylesheet": 0.9794695156362504, "font": 0.16447739700702513, "xhr": 0.37141040859880253, "plugin": 0.0008303007894344224, "media": 0.013258865731280933, "referer_leaked": 0.9729438703692892, "referer_leaked_header": 0.9569508500853005, "referer_leaked_url": 0.0, "hosts": 10.204062635815802, "trackers": 8.322101569138757, "companies": 6.246161480530096}