{"id": "hackernoon.com", "month": "2019-04", "country": "global", "site": "hackernoon.com", "category": "Entertainment", "popularity": 0.0002652419622530191, "cookies": 0.9962620291084542, "bad_qs": 0.14543622915617296, "tracked": 0.9964210916995838, "https": 0.9737281620317595, "requests": 91.36162880093316, "requests_tracking": 52.47175313485857, "content_length": 2594127.687733623, "requests_failed": 21.992311974762067, "has_blocking": 0.22841388086211925, "script": 0.9878317117785849, "iframe": 0.21446939370642348, "beacon": 0.00039765647782402376, "image": 0.9961824978128894, "stylesheet": 0.9584051324196071, "font": 0.9231462580525437, "xhr": 0.9669945123406061, "plugin": 0.0, "media": 0.0036849500278359534, "referer_leaked": 0.9807534264733172, "referer_leaked_header": 0.9748416001696668, "referer_leaked_url": 0.0, "hosts": 6.544153124254394, "trackers": 4.332255242437899, "companies": 3.9935314546273957}