{"id": "hamburg.de", "month": "2019-04", "country": "global", "site": "hamburg.de", "category": "News and Portals", "popularity": 0.00015236945150077336, "cookies": 0.744196778808436, "bad_qs": 0.13433937883612534, "tracked": 0.747888688910425, "https": 0.9785407725321889, "requests": 68.11269555586321, "requests_tracking": 24.88850431491993, "content_length": 1672926.3607919146, "requests_failed": 20.246388850431494, "has_blocking": 0.3172735243896811, "script": 0.9697724860399649, "iframe": 0.34708569846324244, "beacon": 0.03184272462965527, "image": 0.5532327287830542, "stylesheet": 0.7982371129263003, "font": 0.12515575245742766, "xhr": 0.7307213069361761, "plugin": 0.005768609534357838, "media": 0.004707185380035996, "referer_leaked": 0.9038257418431861, "referer_leaked_header": 0.855830910517329, "referer_leaked_url": 0.0, "hosts": 12.187549033181043, "trackers": 10.72933684064793, "companies": 8.609995846601135}