{"id": "handelsblatt.com", "month": "2019-04", "country": "global", "site": "handelsblatt.com", "category": "News and Portals", "popularity": 0.00046622141044144977, "cookies": 0.9309382682533218, "bad_qs": 0.27484427552297785, "tracked": 0.9313153250984119, "https": 0.991584091217592, "requests": 111.64654691341266, "requests_tracking": 46.52502903337707, "content_length": 1188623.798108683, "requests_failed": 30.690240260621692, "has_blocking": 0.3490641449104867, "script": 0.9877079468500671, "iframe": 0.8522238812723406, "beacon": 0.16136524742470174, "image": 0.9962143492752967, "stylesheet": 0.7921813492602144, "font": 0.17543700888345928, "xhr": 0.6818545163868905, "plugin": 0.0016138032969850535, "media": 0.042562176673755336, "referer_leaked": 0.9782966079966215, "referer_leaked_header": 0.9550397417914724, "referer_leaked_url": 0.0, "hosts": 28.984344599791864, "trackers": 25.128033422318747, "companies": 19.845708338989187}