{"id": "hardverapro.hu", "month": "2019-04", "country": "global", "site": "hardverapro.hu", "category": "E-Commerce", "popularity": 0.000247339307607167, "cookies": 0.25611940298507463, "bad_qs": 0.07511016346837242, "tracked": 0.2575408670931059, "https": 0.9978962331201137, "requests": 11.460753375977257, "requests_tracking": 1.8886425017768302, "content_length": 51819.727192608385, "requests_failed": 5.114371002132196, "has_blocking": 0.3759772565742715, "script": 0.9008670931058991, "iframe": 0.19547974413646055, "beacon": 0.04318407960199005, "image": 0.2711016346837242, "stylesheet": 0.7544847192608387, "font": 0.44764747690120826, "xhr": 0.000511727078891258, "plugin": 0.00042643923240938164, "media": 2.8429282160625443e-05, "referer_leaked": 0.48659559346126513, "referer_leaked_header": 0.4846908315565032, "referer_leaked_url": 0.0, "hosts": 4.065358919687278, "trackers": 3.8971712864250176, "companies": 2.7754371002132197}