{"id": "hartgeld.com", "month": "2019-04", "country": "global", "site": "hartgeld.com", "category": "News and Portals", "popularity": 0.0003898503451984806, "cookies": 0.28417084520760433, "bad_qs": 0.03286317232423073, "tracked": 0.2842069189423181, "https": 0.9979979077233866, "requests": 10.979401897478446, "requests_tracking": 1.9788968651924534, "content_length": 39684.797752606326, "requests_failed": 4.6004473143104505, "has_blocking": 0.46129288265214097, "script": 0.9785180909779589, "iframe": 0.08939071462068468, "beacon": 0.02149994588939793, "image": 0.309242090833664, "stylesheet": 0.99572526243642, "font": 0.29358608996789437, "xhr": 0.017910609285379315, "plugin": 1.8036867356877457e-05, "media": 0.0, "referer_leaked": 0.9907651239132788, "referer_leaked_header": 0.9907110133112081, "referer_leaked_url": 0.0, "hosts": 4.10149345261715, "trackers": 3.912863893798925, "companies": 2.1317593160419896}