{"id": "harzflirt.de", "month": "2019-04", "country": "global", "site": "harzflirt.de", "category": "Entertainment", "popularity": 5.8348872054705673e-05, "cookies": 0.2932031814895155, "bad_qs": 0.23318872017353579, "tracked": 0.2932031814895155, "https": 0.9820438659918053, "requests": 48.94275729091347, "requests_tracking": 26.230296456977584, "content_length": 243724.0018076645, "requests_failed": 15.396722101711255, "has_blocking": 0.3417691009881899, "script": 0.9997589780670041, "iframe": 0.28259821643769584, "beacon": 0.19016630513376717, "image": 0.49638467100506145, "stylesheet": 0.10207278862376476, "font": 0.07592190889370933, "xhr": 0.2792239093757532, "plugin": 0.0, "media": 0.007953723788864787, "referer_leaked": 0.5101229211858279, "referer_leaked_header": 0.5100024102193299, "referer_leaked_url": 0.0, "hosts": 10.066040009640878, "trackers": 9.08941913714148, "companies": 6.942998312846469}