{"id": "hd-sexfilme.com", "month": "2019-04", "country": "global", "site": "hd-sexfilme.com", "category": "Adult", "popularity": 3.9679764401627395e-05, "cookies": 0.962254120148857, "bad_qs": 0.0177210703526493, "tracked": 0.9629629629629629, "https": 0.9914938862307283, "requests": 30.226120857699804, "requests_tracking": 12.174729753677122, "content_length": 592380020.8692185, "requests_failed": 5.844940634414319, "has_blocking": 0.2734361155413787, "script": 0.9978734715576821, "iframe": 0.9142300194931774, "beacon": 0.000886053517632465, "image": 0.6505404926457558, "stylesheet": 0.9035973772815878, "font": 0.113946482367535, "xhr": 0.7182349813928761, "plugin": 0.001063264221158958, "media": 0.64628743576112, "referer_leaked": 0.9806840333156123, "referer_leaked_header": 0.9735956051745526, "referer_leaked_url": 0.0, "hosts": 5.530923267765373, "trackers": 3.213893319156477, "companies": 3.179337231968811}