{"id": "hdfcbank.com", "month": "2019-04", "country": "global", "site": "hdfcbank.com", "category": "Banking", "popularity": 0.0004634298338921948, "cookies": 0.8790550177525567, "bad_qs": 0.03794798652626468, "tracked": 0.8797226352684125, "https": 0.9778472369738719, "requests": 26.254817467301915, "requests_tracking": 13.199147270354748, "content_length": 139986.52535429248, "requests_failed": 6.53732588838649, "has_blocking": 0.1876460413315935, "script": 0.6729736291081236, "iframe": 0.35154614147422086, "beacon": 0.002275968804054259, "image": 0.6649925651685734, "stylesheet": 0.20418474797438776, "font": 0.039920492823111706, "xhr": 0.5570206051042393, "plugin": 0.0006220981397748308, "media": 0.0006220981397748308, "referer_leaked": 0.8928929080812066, "referer_leaked_header": 0.8906169392771524, "referer_leaked_url": 0.0, "hosts": 5.650866385458077, "trackers": 4.583710132613116, "companies": 3.2405395563378145}