{"id": "hdfilme.net", "month": "2019-04", "country": "global", "site": "hdfilme.net", "category": "Entertainment", "popularity": 0.0003248565365214928, "cookies": 0.9322496157925496, "bad_qs": 0.01997878741964112, "tracked": 0.9330504989285482, "https": 0.9904326933483408, "requests": 340.5982164116106, "requests_tracking": 25.324119569687657, "content_length": 173751787.63245958, "requests_failed": 16.327366393211975, "has_blocking": 0.4399012965648607, "script": 0.9968397584363298, "iframe": 0.8664689711898526, "beacon": 0.06861620381393536, "image": 0.6833697699084396, "stylesheet": 0.648910149570337, "font": 0.34009394142730365, "xhr": 0.9700859325959437, "plugin": 0.0027489772505898398, "media": 0.019913850949154745, "referer_leaked": 0.9873157427649949, "referer_leaked_header": 0.9844368925734324, "referer_leaked_url": 0.0, "hosts": 12.015736271347865, "trackers": 7.379748479404316, "companies": 4.919651940518193}