{"id": "hdfull.me", "month": "2019-04", "country": "global", "site": "hdfull.me", "category": "Entertainment", "popularity": 0.0002662404606661028, "cookies": 0.8298866967752159, "bad_qs": 0.02427171645141695, "tracked": 0.8363838047698281, "https": 0.7484351477695904, "requests": 68.84715949607796, "requests_tracking": 11.490478831577, "content_length": 122989053.36066873, "requests_failed": 27.56651612392045, "has_blocking": 0.4341969732984708, "script": 0.9975965982621556, "iframe": 0.8826823019834668, "beacon": 0.0021392916567625386, "image": 0.7087394025829966, "stylesheet": 0.9902807490161899, "font": 0.5878826294799673, "xhr": 0.8106858938805694, "plugin": 0.005150146581095001, "media": 0.11634049071653065, "referer_leaked": 0.9779732192377784, "referer_leaked_header": 0.9400734226025408, "referer_leaked_url": 0.0, "hosts": 12.987164250059426, "trackers": 9.720360246150596, "companies": 6.439188653830917}