{"id": "hdss.to", "month": "2019-04", "country": "global", "site": "hdss.to", "category": "Entertainment", "popularity": 0.00047266946005270134, "cookies": 0.9209461469800655, "bad_qs": 0.0010859863135971436, "tracked": 0.9209907765545968, "https": 0.9895120499851234, "requests": 44.687354953882775, "requests_tracking": 23.503540612912822, "content_length": 582340103.4952693, "requests_failed": 12.286581374590895, "has_blocking": 0.16927997619756024, "script": 0.9711692948527224, "iframe": 0.26756917584052364, "beacon": 0.0003272835465635228, "image": 0.9945849449568581, "stylesheet": 0.9768372508182088, "font": 0.29421303183576314, "xhr": 0.06405831597738768, "plugin": 0.003867896459387087, "media": 0.09543290687295448, "referer_leaked": 0.9869830407616781, "referer_leaked_header": 0.9868789050877715, "referer_leaked_url": 0.0, "hosts": 5.301457899434692, "trackers": 4.995804819994049, "companies": 4.690627789348408}