{"id": "hearthpwn.com", "month": "2019-04", "country": "global", "site": "hearthpwn.com", "category": "Entertainment", "popularity": 0.0006484895609030099, "cookies": 0.9965844031922276, "bad_qs": 0.021274288688410827, "tracked": 0.9969205412907703, "https": 0.994697692574601, "requests": 111.65191273421236, "requests_tracking": 33.11945914295628, "content_length": 5750375.331724931, "requests_failed": 34.25623481956974, "has_blocking": 0.6086701943095073, "script": 0.9957277931991673, "iframe": 0.49943615544760583, "beacon": 0.010355222068008327, "image": 0.9848087265787647, "stylesheet": 0.8039772727272727, "font": 0.6003751734906315, "xhr": 0.9669283483691881, "plugin": 0.0021361034004163774, "media": 0.022174271339347674, "referer_leaked": 0.9916507633587787, "referer_leaked_header": 0.9805798924358085, "referer_leaked_url": 0.0, "hosts": 18.283527064538514, "trackers": 16.338426006245662, "companies": 9.448744361554477}