{"id": "heine.de", "month": "2019-04", "country": "global", "site": "heine.de", "category": "E-Commerce", "popularity": 0.00015783306605687196, "cookies": 0.7508242003029493, "bad_qs": 0.16786955359529537, "tracked": 0.7514924708188542, "https": 0.9772342510915085, "requests": 78.61881849772789, "requests_tracking": 32.57876681814132, "content_length": 206898.62158068252, "requests_failed": 27.178695535952954, "has_blocking": 0.30669161543259377, "script": 0.9979506370845584, "iframe": 0.7756838634946093, "beacon": 0.36327185244587007, "image": 0.9842733671923728, "stylesheet": 0.31711663548070923, "font": 0.008197451661766017, "xhr": 0.033235320324333954, "plugin": 0.00040096230954290296, "media": 8.910273545397844e-05, "referer_leaked": 0.8622917223558764, "referer_leaked_header": 0.4123674596810122, "referer_leaked_url": 0.0, "hosts": 18.419139267575513, "trackers": 15.590261071014881, "companies": 12.182616056312929}