{"id": "heise.de", "month": "2019-04", "country": "global", "site": "heise.de", "category": "News and Portals", "popularity": 0.005989394287376815, "cookies": 0.3398933753476572, "bad_qs": 0.06606337604033, "tracked": 0.3424961814943653, "https": 0.9971483012492766, "requests": 31.966026159551898, "requests_tracking": 3.0277620915431696, "content_length": 537697.6007081699, "requests_failed": 11.577987327609586, "has_blocking": 0.5145044513033402, "script": 0.96846460265822, "iframe": 0.6760122708749866, "beacon": 0.01911776964050281, "image": 0.8831989274137593, "stylesheet": 0.08614619153225096, "font": 0.04173882008469393, "xhr": 0.1883083873285488, "plugin": 0.0008816903095073453, "media": 0.0032896088511845294, "referer_leaked": 0.7743307195696506, "referer_leaked_header": 0.771803050812834, "referer_leaked_url": 0.0, "hosts": 8.318867820416942, "trackers": 7.570192997430066, "companies": 6.9811604735064385}