{"id": "henchan.me", "month": "2019-04", "country": "global", "site": "henchan.me", "category": "Adult", "popularity": 0.0003396230623487864, "cookies": 0.6693513323257211, "bad_qs": 0.004596368454833433, "tracked": 0.671421768566637, "https": 0.0016149402679144496, "requests": 7.350856125385619, "requests_tracking": 1.8544276279011989, "content_length": 105724.71492163399, "requests_failed": 3.84552475206526, "has_blocking": 0.10911198989627115, "script": 0.9189838298929585, "iframe": 0.025694113749767076, "beacon": 8.281744963663845e-05, "image": 0.9939336218141163, "stylesheet": 0.10279715936147746, "font": 0.04643988488374501, "xhr": 0.07174061574773805, "plugin": 0.007018778856705108, "media": 0.0013043748317770555, "referer_leaked": 0.7630385722271683, "referer_leaked_header": 0.717985879624837, "referer_leaked_url": 0.0, "hosts": 2.957597465786041, "trackers": 2.352823039814489, "companies": 2.309302470030435}