{"id": "hentaiheroes.com", "month": "2019-04", "country": "global", "site": "hentaiheroes.com", "category": "Adult", "popularity": 0.0005013727735893738, "cookies": 0.059703795124961434, "bad_qs": 0.00070124260189055, "tracked": 0.059858068497377355, "https": 0.9756528568623601, "requests": 377.01978906622537, "requests_tracking": 0.22223780539115312, "content_length": 9385065.588370593, "requests_failed": 101.981823791759, "has_blocking": 0.33623180275448095, "script": 0.9032565706431798, "iframe": 0.14413340439258365, "beacon": 2.8049704075622e-05, "image": 0.8513786429553168, "stylesheet": 0.9780090320047123, "font": 0.3371293932849008, "xhr": 0.03444503660486382, "plugin": 0.000126223668340299, "media": 0.2028554598748983, "referer_leaked": 0.9764382485764775, "referer_leaked_header": 0.9763540994642507, "referer_leaked_url": 0.0, "hosts": 4.009747272166279, "trackers": 3.090151748899049, "companies": 1.9612353089674903}