{"id": "hentai-foundry.com", "month": "2019-04", "country": "global", "site": "hentai-foundry.com", "category": "Adult", "popularity": 0.0012083166817315701, "cookies": 0.32308148906825573, "bad_qs": 0.0020891648578029434, "tracked": 0.32449560344275746, "https": 0.39213449798939704, "requests": 9.216568997724615, "requests_tracking": 1.943319037005569, "content_length": 233868.15726348502, "requests_failed": 3.2301572984014104, "has_blocking": 0.339626045309854, "script": 0.962750016003352, "iframe": 0.39137797589604223, "beacon": 0.0033403360121974637, "image": 0.4841915979492432, "stylesheet": 0.8516227398902461, "font": 0.454279878258137, "xhr": 0.15080395020920745, "plugin": 0.0013559203673205733, "media": 1.7458202154342146e-05, "referer_leaked": 0.8838913168721885, "referer_leaked_header": 0.8829252963529816, "referer_leaked_url": 0.0, "hosts": 3.8864052979824137, "trackers": 3.7744283893644632, "companies": 2.4239084259103}