{"id": "hepsiburada.com", "month": "2019-04", "country": "global", "site": "hepsiburada.com", "category": "E-Commerce", "popularity": 0.0007145732798196313, "cookies": 0.6111570329259413, "bad_qs": 0.038141347346047114, "tracked": 0.6168742988722914, "https": 0.9968313947767216, "requests": 27.62921414654307, "requests_tracking": 4.090413493141249, "content_length": 147650.55800909252, "requests_failed": 10.145165416937278, "has_blocking": 0.3067249217689083, "script": 0.9911239692192635, "iframe": 0.5800810848044715, "beacon": 0.009387731003129243, "image": 0.9401212335911515, "stylesheet": 0.08786483241817716, "font": 0.08024837141563834, "xhr": 0.38265336246088444, "plugin": 0.0011414851114916061, "media": 0.00033457322233374664, "referer_leaked": 0.7234850721300505, "referer_leaked_header": 0.7165672787388557, "referer_leaked_url": 0.0, "hosts": 8.568548149022849, "trackers": 7.615112869260593, "companies": 5.590748066363583}