{"id": "heroeswm.ru", "month": "2019-04", "country": "global", "site": "heroeswm.ru", "category": "Entertainment", "popularity": 0.00029845258200649887, "cookies": 0.25002356045613044, "bad_qs": 0.02645839223447366, "tracked": 0.2704975968334747, "https": 0.9891621901800018, "requests": 4.411082838563755, "requests_tracking": 1.2463716897559136, "content_length": 55288.20146546037, "requests_failed": 1.4745782678352652, "has_blocking": 0.31636980491942324, "script": 0.8349118838940722, "iframe": 0.25226180378852137, "beacon": 0.009683347469607011, "image": 0.3147205729902931, "stylesheet": 0.1597163321081896, "font": 0.07258976533785694, "xhr": 0.04547168033173122, "plugin": 0.0, "media": 0.0010837809819998114, "referer_leaked": 0.6767034209782301, "referer_leaked_header": 0.6681509754028838, "referer_leaked_url": 0.0, "hosts": 1.9853689567430026, "trackers": 1.9107294317217982, "companies": 1.5029450570163039}