{"id": "heroku.com", "month": "2019-04", "country": "global", "site": "heroku.com", "category": "Business", "popularity": 0.0003216922809870728, "cookies": 0.38149467747928917, "bad_qs": 0.00550831712168572, "tracked": 0.38190998710354324, "https": 0.983977791864303, "requests": 25.223064985026994, "requests_tracking": 3.5837941812935803, "content_length": 270586.8965223284, "requests_failed": 7.553717021137074, "has_blocking": 0.20041968130450938, "script": 0.7886074012546722, "iframe": 0.0725698922380817, "beacon": 0.0011147784651030623, "image": 0.8898992327701152, "stylesheet": 0.38610680014863713, "font": 0.4710704059105117, "xhr": 0.5789197578089138, "plugin": 0.00024044241404183698, "media": 0.0012677872740387767, "referer_leaked": 0.6954906118166517, "referer_leaked_header": 0.3693414063695381, "referer_leaked_url": 0.0, "hosts": 5.5035738486087125, "trackers": 4.916435331919823, "companies": 4.228770027760169}