{"id": "hertz.com", "month": "2019-04", "country": "global", "site": "hertz.com", "category": "Business", "popularity": 0.00018332290230636678, "cookies": 0.8323808062598289, "bad_qs": 0.09040696559395497, "tracked": 0.8337616508764527, "https": 0.990487514863258, "requests": 115.65290936289364, "requests_tracking": 19.516512600207125, "content_length": 727282.0638640635, "requests_failed": 43.01837290476008, "has_blocking": 0.44796900770971576, "script": 0.9885696751179471, "iframe": 0.7765333128763761, "beacon": 0.043726746193088105, "image": 0.8641402324421771, "stylesheet": 0.8845460473322849, "font": 0.06117908787541713, "xhr": 0.5400636722795443, "plugin": 0.0016493421809673583, "media": 0.0003068543592497411, "referer_leaked": 0.9668213724061218, "referer_leaked_header": 0.8096735836753481, "referer_leaked_url": 0.0, "hosts": 21.590963139120095, "trackers": 17.209466456982856, "companies": 13.03183613977216}