{"id": "hessnatur.com", "month": "2019-04", "country": "global", "site": "hessnatur.com", "category": "Business", "popularity": 9.205874101472725e-05, "cookies": 0.8026275588145433, "bad_qs": 0.09242285365108463, "tracked": 0.8026275588145433, "https": 0.9991597922395355, "requests": 33.27314390467461, "requests_tracking": 11.528185151237397, "content_length": 124477.45241368774, "requests_failed": 9.636953864955698, "has_blocking": 0.43179040635502597, "script": 0.9979376718606783, "iframe": 0.4138405132905591, "beacon": 0.06171707913229453, "image": 0.9000152765047357, "stylesheet": 0.9952642835319279, "font": 0.21700274977085243, "xhr": 0.4941185456767492, "plugin": 0.005423159181179346, "media": 0.0, "referer_leaked": 0.9825847846012832, "referer_leaked_header": 0.9773907729911396, "referer_leaked_url": 0.0, "hosts": 13.235716468072106, "trackers": 12.252291475710358, "companies": 9.289718912312862}