{"id": "hessenschau.de", "month": "2019-04", "country": "global", "site": "hessenschau.de", "category": "News and Portals", "popularity": 0.00015678534589103066, "cookies": 0.7860698748710588, "bad_qs": 0.0780822532179217, "tracked": 0.7882674799300354, "https": 0.9967708660357896, "requests": 48.87966991075032, "requests_tracking": 24.09377943221061, "content_length": 20764725.387585774, "requests_failed": 13.342512445620487, "has_blocking": 0.21043189666771314, "script": 0.8872045566668162, "iframe": 0.06987487105888684, "beacon": 0.004081266538099296, "image": 0.9613400905951474, "stylesheet": 0.07992106561420818, "font": 0.02152755976140288, "xhr": 0.5798986410727901, "plugin": 0.0027806431358478718, "media": 0.01959904919944387, "referer_leaked": 0.8472440238597121, "referer_leaked_header": 0.846347042202987, "referer_leaked_url": 0.0, "hosts": 3.6962820110328742, "trackers": 3.1740144414046734, "companies": 3.1267435080952595}