{"id": "heuteporno.com", "month": "2019-04", "country": "global", "site": "heuteporno.com", "category": "Adult", "popularity": 0.00018768957494386647, "cookies": 0.6543533643039113, "bad_qs": 0.0407612767870523, "tracked": 0.6545406863479695, "https": 0.9960287726659673, "requests": 129.80222538588342, "requests_tracking": 36.32178180728308, "content_length": 210699004.6690394, "requests_failed": 36.71388430990559, "has_blocking": 0.3560992057545332, "script": 0.9908586842499625, "iframe": 0.17308556870972577, "beacon": 0.34508466956391426, "image": 0.9946800539487487, "stylesheet": 0.6177131724861382, "font": 0.0037089764723512663, "xhr": 0.9840776262550577, "plugin": 0.023677506368949497, "media": 0.547355012737899, "referer_leaked": 0.9890603926270043, "referer_leaked_header": 0.9859133822868276, "referer_leaked_url": 0.0, "hosts": 8.844372845796494, "trackers": 5.324816424396823, "companies": 3.4754233478195715}