{"id": "hh.ru", "month": "2019-04", "country": "global", "site": "hh.ru", "category": "Business", "popularity": 0.0024679997783052256, "cookies": 0.9195716031830602, "bad_qs": 0.07149918941943056, "tracked": 0.9316918483231381, "https": 0.9986153175509925, "requests": 95.34716496240559, "requests_tracking": 23.374622132695887, "content_length": 379131.3545670303, "requests_failed": 49.947604299923356, "has_blocking": 0.4751512181501668, "script": 0.9962590780750065, "iframe": 0.9811700281780029, "beacon": 0.11291430069262613, "image": 0.9938116660920899, "stylesheet": 0.46845288803161406, "font": 0.04489106309992222, "xhr": 0.9270961841456709, "plugin": 0.0011852425900969563, "media": 0.00022508212648475852, "referer_leaked": 0.9923329619953103, "referer_leaked_header": 0.9640951271144187, "referer_leaked_url": 0.0, "hosts": 13.369046364068915, "trackers": 9.40317337306935, "companies": 8.304695669021006}