{"id": "hifi-forum.de", "month": "2019-04", "country": "global", "site": "hifi-forum.de", "category": "Reference", "popularity": 0.00021201918416407394, "cookies": 0.48116211196603875, "bad_qs": 0.0911050676572035, "tracked": 0.4827208808702574, "https": 0.008258158662775272, "requests": 17.575849031573362, "requests_tracking": 3.8838882992836297, "content_length": 126371.19557574953, "requests_failed": 10.292849562218095, "has_blocking": 0.47346776333244894, "script": 0.9661382329530379, "iframe": 0.03900238790130008, "beacon": 0.017577606792252586, "image": 0.5986004245157867, "stylesheet": 0.13024011674184133, "font": 0.4158928097638631, "xhr": 0.15123374900504113, "plugin": 0.003349694879278323, "media": 0.005969753250198992, "referer_leaked": 0.5567789864685593, "referer_leaked_header": 0.545336959405678, "referer_leaked_url": 0.0, "hosts": 8.093260811886442, "trackers": 7.686621119660387, "companies": 5.948693287344123}