{"id": "historyinorbit.com", "month": "2019-04", "country": "global", "site": "historyinorbit.com", "category": "Reference", "popularity": 1.1883537451488622e-06, "cookies": 0.33136094674556216, "bad_qs": 0.047337278106508875, "tracked": 0.33136094674556216, "https": 0.0, "requests": 50.17751479289941, "requests_tracking": 11.887573964497042, "content_length": 869128.3964497042, "requests_failed": 20.035502958579883, "has_blocking": 0.6153846153846154, "script": 0.9881656804733728, "iframe": 0.5384615384615384, "beacon": 0.04142011834319527, "image": 0.9940828402366864, "stylesheet": 1.0, "font": 0.21893491124260356, "xhr": 0.15976331360946747, "plugin": 0.0, "media": 0.005917159763313609, "referer_leaked": 1.0, "referer_leaked_header": 1.0, "referer_leaked_url": 0.0, "hosts": 13.544378698224852, "trackers": 12.633136094674557, "companies": 9.899408284023668}