{"id": "hitomi.la", "month": "2019-04", "country": "global", "site": "hitomi.la", "category": "Adult", "popularity": 0.003618600439088974, "cookies": 0.024338630507526028, "bad_qs": 0.0005615859654031954, "tracked": 0.02439692662850214, "https": 0.9985950634844758, "requests": 5.775390875491145, "requests_tracking": 0.09735063562203904, "content_length": 13379.251145518778, "requests_failed": 5.095593979176625, "has_blocking": 0.39813918781844254, "script": 0.8140256580660457, "iframe": 0.018503188797817392, "beacon": 2.526165242298111e-05, "image": 0.013524700066457578, "stylesheet": 0.2222423019972251, "font": 0.1497452459513344, "xhr": 0.005135888257995313, "plugin": 0.0034608463819484118, "media": 0.0005052330484596222, "referer_leaked": 0.05492466197965854, "referer_leaked_header": 0.054491327480402786, "referer_leaked_url": 0.0, "hosts": 2.7770056780421832, "trackers": 2.2757037313403834, "companies": 2.118673413471068}