{"id": "hiveos.farm", "month": "2019-04", "country": "global", "site": "hiveos.farm", "category": "Business", "popularity": 5.9797397921573517e-05, "cookies": 0.2755174035747883, "bad_qs": 0.0028222013170272815, "tracked": 0.27622295390404517, "https": 0.9970602069614299, "requests": 4.659101599247413, "requests_tracking": 0.5930150517403575, "content_length": 234211.37370649105, "requests_failed": 2.1164158043273753, "has_blocking": 0.38158513640639696, "script": 0.9868297271872061, "iframe": 0.03233772342427093, "beacon": 0.0, "image": 0.35030573847601126, "stylesheet": 0.08631232361241768, "font": 0.06467544684854186, "xhr": 0.03539510818438382, "plugin": 0.0, "media": 0.0, "referer_leaked": 0.40157572906867356, "referer_leaked_header": 0.3992238946378175, "referer_leaked_url": 0.0, "hosts": 1.3523047977422389, "trackers": 1.3180856067732831, "companies": 1.141698024459078}