{"id": "hko.gov.hk", "month": "2019-04", "country": "global", "site": "hko.gov.hk", "category": "Government", "popularity": 0.00023309312602331144, "cookies": 0.9774352167486199, "bad_qs": 0.001900509819300733, "tracked": 0.9774352167486199, "https": 0.9840719177049081, "requests": 53.98042173217895, "requests_tracking": 8.181905939847356, "content_length": 1152543.787203234, "requests_failed": 16.113547919997586, "has_blocking": 0.41551781350870315, "script": 0.988204772391324, "iframe": 0.9374943437207759, "beacon": 0.004283688799058795, "image": 0.9104347039126369, "stylesheet": 0.4461974720202721, "font": 0.1643790159582491, "xhr": 0.9112492081209086, "plugin": 6.033364505716613e-05, "media": 0.0001508341126429153, "referer_leaked": 0.9915231228694682, "referer_leaked_header": 0.9899544480979818, "referer_leaked_url": 0.0, "hosts": 5.345832453467676, "trackers": 4.382997978822891, "companies": 1.5364566050257926}