{"id": "hl.co.uk", "month": "2019-04", "country": "global", "site": "hl.co.uk", "category": "Business", "popularity": 0.0005317566583987717, "cookies": 0.2566414979569708, "bad_qs": 0.014770638562342144, "tracked": 0.2588894912923317, "https": 0.9988892268225276, "requests": 14.020112928606377, "requests_tracking": 1.5581635216799121, "content_length": 61789.756925803, "requests_failed": 6.947489520384011, "has_blocking": 0.4540814302527009, "script": 0.9876228131653069, "iframe": 0.11671052457585655, "beacon": 0.0001190114118720495, "image": 0.5557303994816392, "stylesheet": 0.9577641722756304, "font": 0.1665763061502453, "xhr": 0.6760377133940733, "plugin": 0.0017719476878727371, "media": 2.6446980416011e-05, "referer_leaked": 0.9683297409518268, "referer_leaked_header": 0.9637279663594409, "referer_leaked_url": 0.0, "hosts": 6.889861550057522, "trackers": 6.374833053436124, "companies": 4.533012443304286}