{"id": "hoerzu.de", "month": "2019-04", "country": "global", "site": "hoerzu.de", "category": "News and Portals", "popularity": 0.00020758922641588587, "cookies": 0.8804620283178647, "bad_qs": 0.14629767630919313, "tracked": 0.8810378700630038, "https": 0.9917688503488924, "requests": 303.21170652394824, "requests_tracking": 149.2747781315629, "content_length": 1296178.0530790596, "requests_failed": 102.94583700291308, "has_blocking": 0.39987128243343945, "script": 0.961587968294831, "iframe": 0.951459928189147, "beacon": 0.11340695074859426, "image": 0.9670415283517377, "stylesheet": 0.9980692365015921, "font": 0.7657001558160016, "xhr": 0.7349773050606327, "plugin": 0.002269493936725154, "media": 0.026319355057245444, "referer_leaked": 0.9838425580922702, "referer_leaked_header": 0.9806584919720887, "referer_leaked_url": 0.0, "hosts": 22.53265361425378, "trackers": 18.13833751100874, "companies": 13.239211435539598}