{"id": "homegate.ch", "month": "2019-04", "country": "global", "site": "homegate.ch", "category": "Business", "popularity": 0.00018657153798837137, "cookies": 0.6817171069988316, "bad_qs": 0.072928051859948, "tracked": 0.6842045754343647, "https": 0.9981155542155052, "requests": 42.45418912297893, "requests_tracking": 6.886631741604794, "content_length": 410838.3312855689, "requests_failed": 13.461576150454151, "has_blocking": 0.5144160102513851, "script": 0.9966079975879094, "iframe": 0.28500358044699053, "beacon": 0.010213696151961708, "image": 0.6875965778464553, "stylesheet": 0.9895601703538989, "font": 0.35857234387366677, "xhr": 0.9667206874458222, "plugin": 0.0032035578336411263, "media": 0.000376889156898956, "referer_leaked": 0.9778766064900313, "referer_leaked_header": 0.970791090340331, "referer_leaked_url": 0.0, "hosts": 13.385821429917462, "trackers": 10.546413899672107, "companies": 5.605472430558173}