{"id": "homedepot.ca", "month": "2019-04", "country": "global", "site": "homedepot.ca", "category": "Business", "popularity": 0.00042785657000634806, "cookies": 0.7447039295281608, "bad_qs": 0.4491429322727497, "tracked": 0.7904909034134797, "https": 0.9969760218252338, "requests": 122.97927588870445, "requests_tracking": 16.494420431574277, "content_length": 1241076.8138774303, "requests_failed": 35.06273111246241, "has_blocking": 0.4467927753217085, "script": 0.9973704537610728, "iframe": 0.616875112988315, "beacon": 0.05890183575196805, "image": 0.9843870692063701, "stylesheet": 0.3589659309415419, "font": 0.02406034808618338, "xhr": 0.7561424556674938, "plugin": 0.0012819037914769832, "media": 0.002744588886880208, "referer_leaked": 0.9754630466580111, "referer_leaked_header": 0.7343336565483919, "referer_leaked_url": 0.0, "hosts": 17.93634854635397, "trackers": 15.80755008463852, "companies": 10.922921425871449}