{"id": "home-assistant.io", "month": "2019-04", "country": "global", "site": "home-assistant.io", "category": "Business", "popularity": 0.00032908257557968495, "cookies": 0.26452991452991453, "bad_qs": 0.001047008547008547, "tracked": 0.2648931623931624, "https": 0.9777777777777777, "requests": 12.90457264957265, "requests_tracking": 2.180662393162393, "content_length": 285341.315, "requests_failed": 5.157008547008547, "has_blocking": 0.29162393162393163, "script": 0.9924572649572649, "iframe": 0.08147435897435898, "beacon": 0.00042735042735042735, "image": 0.5707692307692308, "stylesheet": 0.6343589743589744, "font": 0.05504273504273504, "xhr": 0.07773504273504274, "plugin": 0.0007051282051282052, "media": 0.0007692307692307692, "referer_leaked": 0.7018376068376069, "referer_leaked_header": 0.6104487179487179, "referer_leaked_url": 0.0, "hosts": 3.077542735042735, "trackers": 2.8189529914529916, "companies": 2.393824786324786}