{"id": "homedepot.com", "month": "2019-04", "country": "global", "site": "homedepot.com", "category": "Business", "popularity": 0.004248062276711671, "cookies": 0.8174587672892679, "bad_qs": 0.141409493289546, "tracked": 0.8206981255752054, "https": 0.9883121569458331, "requests": 168.5639198056054, "requests_tracking": 16.686775406699198, "content_length": 2257078.8435507473, "requests_failed": 50.54411453126138, "has_blocking": 0.4495904868472453, "script": 0.9961978508008184, "iframe": 0.8359116881741077, "beacon": 0.280496646428264, "image": 0.9821413201088504, "stylesheet": 0.9725457350380381, "font": 0.4085762714108837, "xhr": 0.9664179351532447, "plugin": 0.017913303715082134, "media": 0.03367144928591765, "referer_leaked": 0.9938208868260578, "referer_leaked_header": 0.9787000192011017, "referer_leaked_url": 0.0, "hosts": 24.778262035449206, "trackers": 22.28439149060139, "companies": 19.923945429144624}