{"id": "hootsuite.com", "month": "2019-04", "country": "global", "site": "hootsuite.com", "category": "Business", "popularity": 0.0003806740041486625, "cookies": 0.7376101372443985, "bad_qs": 0.07565989988362858, "tracked": 0.7381827585569943, "https": 0.9669726804218927, "requests": 157.26008090584997, "requests_tracking": 38.831427674233886, "content_length": 7515564.60986017, "requests_failed": 36.388218778284724, "has_blocking": 0.4665570681788795, "script": 0.9754142268688697, "iframe": 0.30936328204370395, "beacon": 0.033082734543842474, "image": 0.9070136874965365, "stylesheet": 0.9631490477861722, "font": 0.6270942239134049, "xhr": 0.7931913478766832, "plugin": 7.388662098010603e-05, "media": 0.04965180929863125, "referer_leaked": 0.8959861093152557, "referer_leaked_header": 0.779762454513549, "referer_leaked_url": 0.0, "hosts": 20.54559728097235, "trackers": 15.028095387627685, "companies": 8.78087075382825}