{"id": "hornywhores.net", "month": "2019-04", "country": "global", "site": "hornywhores.net", "category": "Adult", "popularity": 0.00036535197568310406, "cookies": 0.5939989991916548, "bad_qs": 0.01562800723661419, "tracked": 0.60200546595327, "https": 0.10918434119866045, "requests": 14.581816082220255, "requests_tracking": 5.123792293775742, "content_length": 308448.0400323338, "requests_failed": 4.784595250009623, "has_blocking": 0.23986681550483083, "script": 0.8772854998267832, "iframe": 0.00398398706647677, "beacon": 0.0, "image": 0.9492667154239963, "stylesheet": 0.04592170599330228, "font": 0.008333654105238847, "xhr": 0.00015397051464644522, "plugin": 0.0033488586935601834, "media": 7.698525732322261e-05, "referer_leaked": 0.9411447707763964, "referer_leaked_header": 0.9325994072135186, "referer_leaked_url": 0.0, "hosts": 2.9011316832826513, "trackers": 2.7517995303899303, "companies": 2.720716732745679}