{"id": "horsereality.com", "month": "2019-04", "country": "global", "site": "horsereality.com", "category": "Entertainment", "popularity": 9.936465545975487e-05, "cookies": 0.9592385535347817, "bad_qs": 0.0016276272026042036, "tracked": 0.9592385535347817, "https": 0.9997877007996603, "requests": 9.716226735545963, "requests_tracking": 1.761658764418654, "content_length": 160206.26218951243, "requests_failed": 3.5316679640506687, "has_blocking": 0.3798032694076852, "script": 0.9985139055976222, "iframe": 0.025546670440874674, "beacon": 0.00021229920033967873, "image": 0.12277970419644753, "stylesheet": 0.8917981742268771, "font": 0.2519283844030854, "xhr": 0.015002476824003963, "plugin": 0.0, "media": 0.0, "referer_leaked": 0.13325313141320502, "referer_leaked_header": 0.03311867525298988, "referer_leaked_url": 0.0, "hosts": 7.315688910905102, "trackers": 7.301535630882457, "companies": 3.4117896822588634}