{"id": "hotels.com", "month": "2019-04", "country": "global", "site": "hotels.com", "category": "Recreation", "popularity": 0.0013885386136142052, "cookies": 0.970922018139556, "bad_qs": 0.23850325873934644, "tracked": 0.972370346737969, "https": 0.9973312266735538, "requests": 115.24511695506636, "requests_tracking": 31.41621216494741, "content_length": 954966.923810826, "requests_failed": 30.152312514875753, "has_blocking": 0.4978908081774861, "script": 0.9938977763598337, "iframe": 0.6727840825648583, "beacon": 0.32821354237880374, "image": 0.9974021238776719, "stylesheet": 0.9814907656391636, "font": 0.41661729182808444, "xhr": 0.971651246524771, "plugin": 0.0009824326856367328, "media": 0.0002481402144134016, "referer_leaked": 0.9862459424010858, "referer_leaked_header": 0.9679291433085699, "referer_leaked_url": 0.0, "hosts": 21.38109779256491, "trackers": 14.46324739579377, "companies": 10.550061022236402}