{"id": "hotel.de", "month": "2019-04", "country": "global", "site": "hotel.de", "category": "Recreation", "popularity": 5.517055316235487e-05, "cookies": 0.8424674993627326, "bad_qs": 0.12707111904154983, "tracked": 0.8453989293907723, "https": 0.9979607443283202, "requests": 69.01249044098904, "requests_tracking": 8.861075707366812, "content_length": 956598.4529696661, "requests_failed": 15.066020902370635, "has_blocking": 0.31213357124649505, "script": 0.9764211062962019, "iframe": 0.3638796839153709, "beacon": 0.16466989548814684, "image": 0.9658424674993628, "stylesheet": 0.5475401478460362, "font": 0.3074177925057354, "xhr": 0.737190925312261, "plugin": 0.0001274534794799898, "media": 0.0, "referer_leaked": 0.9822839663522814, "referer_leaked_header": 0.9543716543461637, "referer_leaked_url": 0.0, "hosts": 10.049069589599796, "trackers": 8.656385419321948, "companies": 5.299770583736936}