{"id": "hotpepper.jp", "month": "2019-04", "country": "global", "site": "hotpepper.jp", "category": "Business", "popularity": 0.0002713313962370364, "cookies": 0.8166480939176407, "bad_qs": 0.11454634980692979, "tracked": 0.8172959805115713, "https": 0.994091274263353, "requests": 110.41311840775391, "requests_tracking": 36.578018503641125, "content_length": 1562680.189105139, "requests_failed": 28.696374426620363, "has_blocking": 0.44704174981211287, "script": 0.985072692875839, "iframe": 0.6502967320600203, "beacon": 0.012879985487340297, "image": 0.9964495814652603, "stylesheet": 0.9538704745121414, "font": 0.09314017674346282, "xhr": 0.26791406432218107, "plugin": 0.0035504185347396792, "media": 0.0, "referer_leaked": 0.9882084639904631, "referer_leaked_header": 0.9813926970223132, "referer_leaked_url": 0.0, "hosts": 13.886749423380932, "trackers": 8.415917277839688, "companies": 6.420348822142172}