{"id": "hotukdeals.com", "month": "2019-04", "country": "global", "site": "hotukdeals.com", "category": "Business", "popularity": 0.0007133497676796555, "cookies": 0.8784303288384196, "bad_qs": 0.002336172226165129, "tracked": 0.8785880451068527, "https": 0.997092106300765, "requests": 46.80943931866572, "requests_tracking": 1.9569040296506586, "content_length": 78347.11522159136, "requests_failed": 13.05376153300213, "has_blocking": 0.3255066635123413, "script": 0.9954459427489946, "iframe": 0.061588202823121205, "beacon": 0.05801987224982257, "image": 0.3484740951029099, "stylesheet": 0.07438293509975553, "font": 0.010852850721551928, "xhr": 0.9432024288305338, "plugin": 0.0003844334043056541, "media": 5.914360066240833e-05, "referer_leaked": 0.9200575664379781, "referer_leaked_header": 0.9048083747338538, "referer_leaked_url": 0.0, "hosts": 3.325871382383093, "trackers": 3.2870436085482218, "companies": 3.179993691349263}