{"id": "houzz.com", "month": "2019-04", "country": "global", "site": "houzz.com", "category": "Business", "popularity": 0.00034558592611142684, "cookies": 0.4668443648645899, "bad_qs": 0.006653508861171587, "tracked": 0.46727165442448165, "https": 0.9888904714428144, "requests": 156.71341078804403, "requests_tracking": 11.754145726087044, "content_length": 4417748.962134006, "requests_failed": 32.94508311799296, "has_blocking": 0.40063483020326773, "script": 0.9832543186766232, "iframe": 0.2564144301788512, "beacon": 0.0008749262416831139, "image": 0.9879951980792316, "stylesheet": 0.9811178708771644, "font": 0.6458176490935357, "xhr": 0.20021567949213584, "plugin": 0.0026044316031497345, "media": 0.00203471218996073, "referer_leaked": 0.5765560461472725, "referer_leaked_header": 0.22457118440596577, "referer_leaked_url": 0.0, "hosts": 6.277758561051539, "trackers": 5.9254684924817385, "companies": 4.244206157039087}