{"id": "howrse.com", "month": "2019-04", "country": "global", "site": "howrse.com", "category": "Entertainment", "popularity": 0.0003454663875690154, "cookies": 0.5604722165682882, "bad_qs": 0.03154895176063505, "tracked": 0.561204966415632, "https": 0.9622226745369428, "requests": 30.01263993486668, "requests_tracking": 6.094870751068593, "content_length": 255672.53914105435, "requests_failed": 11.888825564828007, "has_blocking": 0.4306737227763078, "script": 0.9993283126399348, "iframe": 0.23846936698554855, "beacon": 0.34933848972114795, "image": 0.8814777121921433, "stylesheet": 0.06798290250356198, "font": 0.041603907999185834, "xhr": 0.2548748219010788, "plugin": 0.005638102992061877, "media": 0.0004681457358029717, "referer_leaked": 0.9095664563403216, "referer_leaked_header": 0.8364746590677794, "referer_leaked_url": 0.0, "hosts": 11.299287604315083, "trackers": 9.626155098717687, "companies": 6.752045593323834}