{"id": "howtogeek.com", "month": "2019-04", "country": "global", "site": "howtogeek.com", "category": "News and Portals", "popularity": 0.000707590822607011, "cookies": 0.6330282522930766, "bad_qs": 0.03433403889534826, "tracked": 0.6337338143080027, "https": 0.9754742668614416, "requests": 25.16862932156734, "requests_tracking": 6.4362658875672025, "content_length": 173247.6785121585, "requests_failed": 11.887954764531099, "has_blocking": 0.5177334565582487, "script": 0.9803833884864204, "iframe": 0.34331057647397867, "beacon": 0.004004809746693299, "image": 0.4668833040177285, "stylesheet": 0.9945045662781107, "font": 0.8429577954665156, "xhr": 0.0393325979588389, "plugin": 0.0017489987975633267, "media": 0.00201731111309861, "referer_leaked": 0.9878961333214084, "referer_leaked_header": 0.9859384471673176, "referer_leaked_url": 0.0, "hosts": 10.089516938457106, "trackers": 9.613183078436634, "companies": 6.487374414930089}