{"id": "hpe.com", "month": "2019-04", "country": "global", "site": "hpe.com", "category": "Business", "popularity": 0.0003723274012167589, "cookies": 0.6289518413597733, "bad_qs": 0.03218130311614731, "tracked": 0.6315958451369216, "https": 0.9567894239848914, "requests": 47.34676109537299, "requests_tracking": 8.07918791312559, "content_length": 864863.905250236, "requests_failed": 19.3171671388102, "has_blocking": 0.4447025495750708, "script": 0.8980736543909349, "iframe": 0.6674409820585459, "beacon": 0.03208687440982059, "image": 0.8111425873465533, "stylesheet": 0.3943153918791313, "font": 0.34711992445703493, "xhr": 0.8285174693106705, "plugin": 0.0006798866855524079, "media": 0.0005099150141643059, "referer_leaked": 0.8841170915958452, "referer_leaked_header": 0.8407554296506138, "referer_leaked_url": 0.0, "hosts": 9.469801699716713, "trackers": 8.50162417374882, "companies": 6.847894239848914}