{"id": "hpjav.com", "month": "2019-04", "country": "global", "site": "hpjav.com", "category": "Adult", "popularity": 4.992492065418297e-07, "cookies": 0.9577464788732394, "bad_qs": 0.0, "tracked": 0.9577464788732394, "https": 1.0, "requests": 64.22535211267606, "requests_tracking": 30.154929577464788, "content_length": 1621725.5492957747, "requests_failed": 22.690140845070424, "has_blocking": 0.5915492957746479, "script": 1.0, "iframe": 0.9436619718309859, "beacon": 0.0, "image": 0.9577464788732394, "stylesheet": 0.22535211267605634, "font": 0.1267605633802817, "xhr": 0.9577464788732394, "plugin": 0.04225352112676056, "media": 0.2535211267605634, "referer_leaked": 1.0, "referer_leaked_header": 1.0, "referer_leaked_url": 0.0, "hosts": 11.464788732394366, "trackers": 8.845070422535212, "companies": 7.070422535211268}