{"id": "hpjav.tv", "month": "2019-04", "country": "global", "site": "hpjav.tv", "category": "Adult", "popularity": 0.0019203585571236652, "cookies": 0.9700770044781967, "bad_qs": 0.007564966807151933, "tracked": 0.9701172826170538, "https": 0.9948187666833882, "requests": 87.95835972771978, "requests_tracking": 26.548152515003608, "content_length": 1040903978.6008253, "requests_failed": 40.17065115103936, "has_blocking": 0.47071230057744207, "script": 0.9994068128641053, "iframe": 0.9879238816408581, "beacon": 0.012409328416959294, "image": 0.98173569485282, "stylesheet": 0.4795808144239677, "font": 0.11886444941615007, "xhr": 0.8121500836686794, "plugin": 0.02040270815559079, "media": 0.4218585797928239, "referer_leaked": 0.996144283616684, "referer_leaked_header": 0.9952325330189198, "referer_leaked_url": 0.0, "hosts": 12.464762120973559, "trackers": 9.445717884592147, "companies": 8.286699792384502}