{"id": "hrblock.com", "month": "2019-04", "country": "global", "site": "hrblock.com", "category": "Business", "popularity": 0.0005709371735938573, "cookies": 0.5140956955477554, "bad_qs": 0.08137200566537349, "tracked": 0.5238992548802266, "https": 0.9965022476753495, "requests": 37.92505696163557, "requests_tracking": 8.009483342570356, "content_length": 169240.5143666482, "requests_failed": 11.41339983989162, "has_blocking": 0.41413880165034794, "script": 0.921214360490178, "iframe": 0.5893958987622391, "beacon": 0.013584580331301188, "image": 0.42916435741117065, "stylesheet": 0.9562657799125562, "font": 0.4787979555391342, "xhr": 0.6456924687480756, "plugin": 0.0017242441037009669, "media": 0.00016010838105794692, "referer_leaked": 0.956906213436788, "referer_leaked_header": 0.9406490547447502, "referer_leaked_url": 0.0, "hosts": 9.349171747028757, "trackers": 8.709046123529774, "companies": 5.508467270152103}