{"id": "hrs.de", "month": "2019-04", "country": "global", "site": "hrs.de", "category": "Recreation", "popularity": 0.00016717113572289378, "cookies": 0.8730545974594094, "bad_qs": 0.0895516110036174, "tracked": 0.8735593505510221, "https": 0.9617228905527047, "requests": 145.1658534533524, "requests_tracking": 19.01013712458989, "content_length": 1716834.7845966183, "requests_failed": 40.61310675527888, "has_blocking": 0.42697905274669806, "script": 0.9930596449903256, "iframe": 0.790611592496004, "beacon": 0.19167998653991755, "image": 0.9854883486161353, "stylesheet": 0.9875073609825861, "font": 0.5263733490367628, "xhr": 0.837890132077059, "plugin": 0.002061075124085135, "media": 4.206275763439051e-05, "referer_leaked": 0.9835534617649533, "referer_leaked_header": 0.9256330445023976, "referer_leaked_url": 0.0, "hosts": 13.044880962395895, "trackers": 12.154875073609826, "companies": 8.079582737444268}