{"id": "hsbc.co.uk", "month": "2019-04", "country": "global", "site": "hsbc.co.uk", "category": "Banking", "popularity": 0.0005787845273192189, "cookies": 0.45074169916536067, "bad_qs": 0.09742318766629005, "tracked": 0.48173391162785045, "https": 0.9984813694402935, "requests": 28.096196134174047, "requests_tracking": 4.2313299558989685, "content_length": 83621.29845342664, "requests_failed": 14.191517537145703, "has_blocking": 0.4800087473120239, "script": 0.9462769253198235, "iframe": 0.601960855778693, "beacon": 4.859617791060733e-05, "image": 0.8344085237696055, "stylesheet": 0.024115853288138887, "font": 0.00795762413286195, "xhr": 0.8372756982663313, "plugin": 0.0002551299340306885, "media": 0.0013849910704523088, "referer_leaked": 0.9437985202463827, "referer_leaked_header": 0.9393398209230844, "referer_leaked_url": 0.0, "hosts": 6.135911360571491, "trackers": 5.409434947941344, "companies": 4.653351313919161}