{"id": "hse24.de", "month": "2019-04", "country": "global", "site": "hse24.de", "category": "E-Commerce", "popularity": 0.000287996475384982, "cookies": 0.8858070659472129, "bad_qs": 0.17789388871255218, "tracked": 0.8858314817979832, "https": 0.9981932270429963, "requests": 102.21039138608785, "requests_tracking": 21.471103840613328, "content_length": 5232232.108357546, "requests_failed": 24.55448397099397, "has_blocking": 0.30656542227213907, "script": 0.9985106331030105, "iframe": 0.8186634763288326, "beacon": 0.21578728910808898, "image": 0.9991454452230388, "stylesheet": 0.998242058744537, "font": 0.23998339722147619, "xhr": 0.4641453231437849, "plugin": 0.0016114461508411262, "media": 0.08523573503918744, "referer_leaked": 0.9922113436042679, "referer_leaked_header": 0.9913567888273067, "referer_leaked_url": 0.0, "hosts": 15.984349439656224, "trackers": 12.350953438972581, "companies": 10.059037527162634}