{"id": "hubspot.com", "month": "2019-04", "country": "global", "site": "hubspot.com", "category": "Business", "popularity": 0.0028464517719008287, "cookies": 0.9904200551377951, "bad_qs": 0.043996600824102526, "tracked": 0.9904719320955326, "https": 0.9861661446033142, "requests": 79.46418266617918, "requests_tracking": 37.279868776000235, "content_length": 1479564.9967465736, "requests_failed": 18.22900959476685, "has_blocking": 0.3239123131194356, "script": 0.997623541269355, "iframe": 0.25398958508315134, "beacon": 0.010286459619964229, "image": 0.9332467070483493, "stylesheet": 0.9827175620794261, "font": 0.572059564628808, "xhr": 0.8803865574450845, "plugin": 9.387259019179653e-05, "media": 0.013366962777047658, "referer_leaked": 0.9757265244414581, "referer_leaked_header": 0.9620730032311934, "referer_leaked_url": 0.0, "hosts": 9.431574292744143, "trackers": 6.214842244641852, "companies": 5.261719251786049}