{"id": "huffingtonpost.de", "month": "2019-04", "country": "global", "site": "huffingtonpost.de", "category": "News and Portals", "popularity": 6.51133472193992e-06, "cookies": 0.19546436285097193, "bad_qs": 0.028077753779697623, "tracked": 0.1976241900647948, "https": 0.9751619870410367, "requests": 24.14254859611231, "requests_tracking": 7.443844492440605, "content_length": 1960498.89524838, "requests_failed": 6.9146868250539955, "has_blocking": 0.1490280777537797, "script": 0.23542116630669546, "iframe": 0.1695464362850972, "beacon": 0.11771058315334773, "image": 0.17386609071274298, "stylesheet": 0.2019438444924406, "font": 0.14794816414686826, "xhr": 0.9632829373650108, "plugin": 0.0, "media": 0.042116630669546434, "referer_leaked": 0.3617710583153348, "referer_leaked_header": 0.35205183585313177, "referer_leaked_url": 0.0, "hosts": 5.0345572354211665, "trackers": 4.2613390928725705, "companies": 3.714902807775378}