{"id": "huffingtonpost.fr", "month": "2019-04", "country": "global", "site": "huffingtonpost.fr", "category": "News and Portals", "popularity": 0.0009888439178641956, "cookies": 0.9825851365669466, "bad_qs": 0.037759462976526555, "tracked": 0.982855354946063, "https": 0.9954916196747424, "requests": 127.41209013916246, "requests_tracking": 40.343675112176186, "content_length": 3151189.3225198574, "requests_failed": 41.677515697554526, "has_blocking": 0.5231925590391603, "script": 0.9964444950116265, "iframe": 0.9838864513926913, "beacon": 0.6569151016518876, "image": 0.9988551273937437, "stylesheet": 0.9969493767199755, "font": 0.7911283039530105, "xhr": 0.9811060464917832, "plugin": 0.0012373157359539776, "media": 0.028415595867081003, "referer_leaked": 0.9934009827415788, "referer_leaked_header": 0.9908054641000661, "referer_leaked_url": 0.0, "hosts": 22.970347088396966, "trackers": 19.290029652911603, "companies": 13.12254403492928}