{"id": "hugendubel.de", "month": "2019-04", "country": "global", "site": "hugendubel.de", "category": "Business", "popularity": 8.978047702994481e-05, "cookies": 0.41580513784461154, "bad_qs": 0.09586466165413533, "tracked": 0.41721491228070173, "https": 0.9981203007518797, "requests": 27.795739348370926, "requests_tracking": 6.429981203007519, "content_length": 337879.25234962406, "requests_failed": 8.2453007518797, "has_blocking": 0.2781954887218045, "script": 0.9899749373433584, "iframe": 0.43796992481203006, "beacon": 0.15891290726817042, "image": 0.43890977443609025, "stylesheet": 0.9958489974937343, "font": 0.2995770676691729, "xhr": 0.16329887218045114, "plugin": 0.006343984962406015, "media": 0.009790100250626566, "referer_leaked": 0.9980419799498746, "referer_leaked_header": 0.9945175438596491, "referer_leaked_url": 0.0, "hosts": 9.537828947368421, "trackers": 8.891525689223057, "companies": 5.06359649122807}