{"id": "humblebundle.com", "month": "2019-04", "country": "global", "site": "humblebundle.com", "category": "Entertainment", "popularity": 0.002172458311390393, "cookies": 0.9609843568439213, "bad_qs": 0.035934268319129443, "tracked": 0.961615520807372, "https": 0.9969671762371622, "requests": 214.0622262933197, "requests_tracking": 18.74677054438701, "content_length": 3440957.3853466385, "requests_failed": 39.85323657643719, "has_blocking": 0.43222431890934865, "script": 0.9975886299857907, "iframe": 0.943609545788518, "beacon": 0.16529375018206652, "image": 0.996530216570158, "stylesheet": 0.9979381977193942, "font": 0.6546756302738604, "xhr": 0.851207141539328, "plugin": 0.0010098623415212022, "media": 0.023408091198337613, "referer_leaked": 0.9904580955679343, "referer_leaked_header": 0.945224678187297, "referer_leaked_url": 0.0, "hosts": 14.008130686544556, "trackers": 12.301534537615753, "companies": 7.952199849167997}