{"id": "hunkemoller.de", "month": "2019-04", "country": "global", "site": "hunkemoller.de", "category": "Business", "popularity": 7.28060040075226e-05, "cookies": 0.9036121305775545, "bad_qs": 0.043558045199922735, "tracked": 0.9036121305775545, "https": 0.9992273517481167, "requests": 122.38584122078424, "requests_tracking": 6.994301719142361, "content_length": 1117834.0928143712, "requests_failed": 36.452868456635116, "has_blocking": 0.36604210932972764, "script": 0.9963299208035542, "iframe": 0.4471701757774773, "beacon": 0.03496233339772069, "image": 0.9860923314661001, "stylesheet": 0.7141201468031678, "font": 0.14438864207069732, "xhr": 0.7344987444465907, "plugin": 0.0005794861889124976, "media": 0.0020282016611937416, "referer_leaked": 0.9814564419548001, "referer_leaked_header": 0.9410855707938961, "referer_leaked_url": 0.0, "hosts": 14.745026076878501, "trackers": 13.055534093104114, "companies": 7.14390573691327}