{"id": "hupu.com", "month": "2019-04", "country": "global", "site": "hupu.com", "category": "News and Portals", "popularity": 0.0011727715445615848, "cookies": 0.6855213929393706, "bad_qs": 0.011607828089025326, "tracked": 0.6868104854182655, "https": 0.9089481005372217, "requests": 72.61439946277821, "requests_tracking": 4.841531561780506, "content_length": 3537784.5169980335, "requests_failed": 20.919116941673064, "has_blocking": 0.4457621834228703, "script": 0.9987708653108212, "iframe": 0.6276621258633922, "beacon": 0.0035914716039907903, "image": 0.9919836435149655, "stylesheet": 0.9932487528779739, "font": 0.026525326170376055, "xhr": 0.3632063027628549, "plugin": 0.11818879508825787, "media": 0.05478343246354567, "referer_leaked": 0.9949395625479662, "referer_leaked_header": 0.9892315809669993, "referer_leaked_url": 0.0, "hosts": 6.86225297390637, "trackers": 4.703826506139678, "companies": 3.332651813123561}