{"id": "hurriyet.com.tr", "month": "2019-04", "country": "global", "site": "hurriyet.com.tr", "category": "News and Portals", "popularity": 0.0017400452134144803, "cookies": 0.9385390652151072, "bad_qs": 0.07392365573147766, "tracked": 0.938781530603173, "https": 0.004037048711296462, "requests": 75.31871671152277, "requests_tracking": 15.235664233930606, "content_length": 1723582.9470536413, "requests_failed": 27.07204859006377, "has_blocking": 0.5833636415068416, "script": 0.999086713704952, "iframe": 0.9296446265628915, "beacon": 0.06451599867452254, "image": 0.9563400657889419, "stylesheet": 0.8975664557217791, "font": 0.29371044783357175, "xhr": 0.6725100825190538, "plugin": 0.003434926330932926, "media": 0.0023397909948354874, "referer_leaked": 0.9941808306864195, "referer_leaked_header": 0.9916389852015292, "referer_leaked_url": 0.0, "hosts": 19.200692642791907, "trackers": 13.993728228628697, "companies": 8.526525713454404}