{"id": "hvg.hu", "month": "2019-04", "country": "global", "site": "hvg.hu", "category": "News and Portals", "popularity": 0.0005921869074272291, "cookies": 0.9969364855076766, "bad_qs": 0.09629884702613487, "tracked": 0.9975064416922949, "https": 0.8161297600246981, "requests": 95.80495624398874, "requests_tracking": 27.199021575216406, "content_length": 1974310.7868957573, "requests_failed": 30.752425282306422, "has_blocking": 0.5222342282437038, "script": 0.990512604343541, "iframe": 0.9851455169383854, "beacon": 0.0966550696415213, "image": 0.9976845529999882, "stylesheet": 0.9918781243691891, "font": 0.7700701758552311, "xhr": 0.9545103720151513, "plugin": 0.0015317572461617014, "media": 0.0028972772718097294, "referer_leaked": 0.9907025897384139, "referer_leaked_header": 0.925169502594488, "referer_leaked_url": 0.0, "hosts": 17.479131291781943, "trackers": 12.862486196373654, "companies": 8.739743757198665}