{"id": "hwupgrade.it", "month": "2019-04", "country": "global", "site": "hwupgrade.it", "category": "Entertainment", "popularity": 0.00017765536906027223, "cookies": 0.5792598456362557, "bad_qs": 0.10009895111814764, "tracked": 0.5799327132396596, "https": 0.9067088858104096, "requests": 43.527924005541266, "requests_tracking": 6.464318226795963, "content_length": 1169525.188046705, "requests_failed": 21.288066495151394, "has_blocking": 0.5152186819711063, "script": 0.958242628141698, "iframe": 0.8503067484662576, "beacon": 0.03293093211953295, "image": 0.5901840490797546, "stylesheet": 0.818365327528201, "font": 0.4726697011676232, "xhr": 0.8472986344745695, "plugin": 0.006807836928557293, "media": 0.028814565604591332, "referer_leaked": 0.9329903027904215, "referer_leaked_header": 0.8768652285770829, "referer_leaked_url": 0.0, "hosts": 12.685612507421334, "trackers": 11.342054225212745, "companies": 8.18990698594894}