{"id": "hypebeast.com", "month": "2019-04", "country": "global", "site": "hypebeast.com", "category": "Entertainment", "popularity": 0.0002571133413690423, "cookies": 0.8564474223984685, "bad_qs": 0.05155203063038425, "tracked": 0.8566662108573773, "https": 0.9824969232872965, "requests": 109.14817448379598, "requests_tracking": 18.310734308765213, "content_length": 5009444.889566526, "requests_failed": 30.040913441815945, "has_blocking": 0.4559004512511965, "script": 0.9987419663612744, "iframe": 0.872446328456174, "beacon": 0.04643785040339122, "image": 0.9982770408860933, "stylesheet": 0.9498153972377957, "font": 0.3680295364419527, "xhr": 0.9485573635990702, "plugin": 0.00043757691781758513, "media": 0.02094899494051689, "referer_leaked": 0.9993709831806372, "referer_leaked_header": 0.9882401203336524, "referer_leaked_url": 0.0, "hosts": 17.736441952686995, "trackers": 14.646930124435936, "companies": 9.826172569396965}