{"id": "i.ua", "month": "2019-04", "country": "global", "site": "i.ua", "category": "News and Portals", "popularity": 0.00020207639010702961, "cookies": 0.6298976964298142, "bad_qs": 0.02063469970074466, "tracked": 0.63198552439279, "https": 0.8268842647365857, "requests": 23.11615282900689, "requests_tracking": 6.173463706590577, "content_length": 656693.1653559747, "requests_failed": 8.410084209061173, "has_blocking": 0.4690305518825249, "script": 0.9436982392650846, "iframe": 0.3059015937086784, "beacon": 0.0029229591481661913, "image": 0.9119284570951354, "stylesheet": 0.054492309833669705, "font": 0.041652167861368224, "xhr": 0.5141624330155196, "plugin": 0.002087827962975851, "media": 0.07356113856218248, "referer_leaked": 0.850755097779943, "referer_leaked_header": 0.8239613055884195, "referer_leaked_url": 0.0, "hosts": 7.533927204398357, "trackers": 6.314392094091447, "companies": 5.8976616326814675}