{"id": "iaai.com", "month": "2019-04", "country": "global", "site": "iaai.com", "category": "E-Commerce", "popularity": 0.00027842636031310267, "cookies": 0.5347004747954339, "bad_qs": 0.0376300636427922, "tracked": 0.5428073542782099, "https": 0.9983331649661582, "requests": 17.90673300333367, "requests_tracking": 3.3581169815132843, "content_length": 434174.7521214264, "requests_failed": 6.246565309627235, "has_blocking": 0.49406505707647236, "script": 0.9982826548136176, "iframe": 0.15930902111324377, "beacon": 0.022780078795837964, "image": 0.6449641377916961, "stylesheet": 0.14082230528336195, "font": 0.07639660571774927, "xhr": 0.07907364380240428, "plugin": 5.0510152540660675e-05, "media": 0.0005556116779472674, "referer_leaked": 0.8066976462268916, "referer_leaked_header": 0.7889685826851197, "referer_leaked_url": 0.0, "hosts": 6.227118900899081, "trackers": 5.547858369532276, "companies": 2.2647237094656028}