{"id": "ibm.com", "month": "2019-04", "country": "global", "site": "ibm.com", "category": "Business", "popularity": 0.001758426022229978, "cookies": 0.5853794107297099, "bad_qs": 0.04042035893662625, "tracked": 0.5881866022585496, "https": 0.968325122364759, "requests": 68.64186714226302, "requests_tracking": 16.636248760357017, "content_length": 820222.4854281967, "requests_failed": 17.523073354873798, "has_blocking": 0.3610120285357817, "script": 0.9781502927156979, "iframe": 0.3118461882977702, "beacon": 0.22130026552352922, "image": 0.8011132793755399, "stylesheet": 0.6471896093924949, "font": 0.5007197926997025, "xhr": 0.5975399085063502, "plugin": 0.0013556095844396814, "media": 0.004934578841293708, "referer_leaked": 0.8900476662721136, "referer_leaked_header": 0.8310126683515148, "referer_leaked_url": 0.0, "hosts": 9.649452957548226, "trackers": 7.285381810038709, "companies": 6.3956700470264565}