{"id": "ibood.com", "month": "2019-04", "country": "global", "site": "ibood.com", "category": "E-Commerce", "popularity": 0.0002850150435036617, "cookies": 0.7156637801297708, "bad_qs": 0.03458910023931118, "tracked": 0.716453260306417, "https": 0.571164236547998, "requests": 157.081859225816, "requests_tracking": 8.765104976192239, "content_length": 2210583.524708262, "requests_failed": 59.1448942836701, "has_blocking": 0.42592455530061923, "script": 0.9970394493375768, "iframe": 0.09167838551303877, "beacon": 0.02602817457380406, "image": 0.9813978733377742, "stylesheet": 0.9743912367700392, "font": 0.6313374287617497, "xhr": 0.05871758813806035, "plugin": 0.0016036316088125725, "media": 2.467125552019342e-05, "referer_leaked": 0.9786346927195125, "referer_leaked_header": 0.9720968100066613, "referer_leaked_url": 0.0, "hosts": 10.118915451607332, "trackers": 8.347593319024005, "companies": 5.517405570769497}