{"id": "icepop.com", "month": "2019-04", "country": "global", "site": "icepop.com", "category": "News and Portals", "popularity": 5.005852255452515e-05, "cookies": 0.890574518893103, "bad_qs": 0.16182048040455121, "tracked": 0.8918387413962635, "https": 0.9889029358055906, "requests": 105.08695041438405, "requests_tracking": 29.841129372102824, "content_length": 3957573.714145245, "requests_failed": 49.06180643348785, "has_blocking": 0.5755021772720887, "script": 0.9977524933277145, "iframe": 0.9969096783256075, "beacon": 0.22573395139766822, "image": 0.9978929624947324, "stylesheet": 0.9792105632813597, "font": 0.15128529287821324, "xhr": 0.9874982441354123, "plugin": 0.0011237533361427166, "media": 0.0890574518893103, "referer_leaked": 0.999157184997893, "referer_leaked_header": 0.999157184997893, "referer_leaked_url": 0.0, "hosts": 30.801236128669757, "trackers": 27.506812754600364, "companies": 20.392330383480825}