{"id": "icloud.com", "month": "2019-04", "country": "global", "site": "icloud.com", "category": "Business", "popularity": 0.001065925182682668, "cookies": 0.603130834031493, "bad_qs": 0.006636365435486744, "tracked": 0.6032693665107627, "https": 0.9060749790552085, "requests": 171.27761908845628, "requests_tracking": 10.589528263924164, "content_length": 33822492.76238381, "requests_failed": 39.1416923391539, "has_blocking": 0.04134204988488611, "script": 0.8895698236679442, "iframe": 0.584831353198451, "beacon": 1.9790354181372e-05, "image": 0.8364261259062333, "stylesheet": 0.8488676619015891, "font": 0.6315299922817619, "xhr": 0.7588017600221652, "plugin": 1.3193569454248e-05, "media": 0.011590550765556868, "referer_leaked": 0.5561155492812803, "referer_leaked_header": 0.5535823839460647, "referer_leaked_url": 0.0, "hosts": 3.288180540804412, "trackers": 2.0411441463430724, "companies": 1.9991688051243823}