{"id": "icy-veins.com", "month": "2019-04", "country": "global", "site": "icy-veins.com", "category": "Entertainment", "popularity": 0.0005192894915931566, "cookies": 0.756980365605958, "bad_qs": 0.01071090047393365, "tracked": 0.7573459715639811, "https": 0.9890047393364929, "requests": 43.29401489505755, "requests_tracking": 14.306635071090048, "content_length": 575184.1000270819, "requests_failed": 13.722708192281653, "has_blocking": 0.4896682464454976, "script": 0.9908056872037915, "iframe": 0.6041570751523359, "beacon": 0.006472579553148274, "image": 0.6181042654028436, "stylesheet": 0.9981719702098849, "font": 0.547190250507786, "xhr": 0.9646174678402166, "plugin": 0.0009478672985781991, "media": 0.0015030467163168585, "referer_leaked": 0.9816790792146243, "referer_leaked_header": 0.9780094786729858, "referer_leaked_url": 0.0, "hosts": 9.809329722410292, "trackers": 8.820758293838862, "companies": 5.926283006093433}