{"id": "idealista.com", "month": "2019-04", "country": "global", "site": "idealista.com", "category": "Business", "popularity": 0.0006858277762091665, "cookies": 0.9181311132528144, "bad_qs": 0.023807082658355034, "tracked": 0.9192794307626059, "https": 0.9952426846022925, "requests": 47.5252527323805, "requests_tracking": 9.806836590317223, "content_length": 629684.6430578055, "requests_failed": 11.888808005413496, "has_blocking": 0.5159021469436299, "script": 0.999302807226198, "iframe": 0.867205282260545, "beacon": 0.024596550946336664, "image": 0.8629401029384625, "stylesheet": 0.7559517706645887, "font": 0.25416777739044843, "xhr": 0.10927471445854779, "plugin": 0.0018865216232288229, "media": 3.0758504726556894e-05, "referer_leaked": 0.9892447761806139, "referer_leaked_header": 0.9829495355465786, "referer_leaked_url": 0.0, "hosts": 8.847489080730822, "trackers": 7.964299628847376, "companies": 6.743586851764513}