{"id": "idokep.hu", "month": "2019-04", "country": "global", "site": "idokep.hu", "category": "News and Portals", "popularity": 0.00033451806341992205, "cookies": 0.3191095789628571, "bad_qs": 0.016269732831648204, "tracked": 0.31995039202909215, "https": 0.9931263531835285, "requests": 10.580917747461795, "requests_tracking": 1.8674878607613563, "content_length": 103797.43993441659, "requests_failed": 6.2847413448805, "has_blocking": 0.55943497361949, "script": 0.9994324511802913, "iframe": 0.31013389948079795, "beacon": 0.006558341916633384, "image": 0.29447375612217014, "stylesheet": 0.0528871418661846, "font": 0.024467660227439934, "xhr": 0.03432619342904589, "plugin": 0.0018708090723729847, "media": 0.0002522439198705148, "referer_leaked": 0.7167721186387237, "referer_leaked_header": 0.7119794841611838, "referer_leaked_url": 0.0, "hosts": 4.574338385218506, "trackers": 4.487944842662855, "companies": 2.8295251508208437}