{"id": "ieee.org", "month": "2019-04", "country": "global", "site": "ieee.org", "category": "Business", "popularity": 0.0005271227819605876, "cookies": 0.507110079504829, "bad_qs": 0.011138679899685183, "tracked": 0.5076570086975082, "https": 0.9785096846486313, "requests": 19.33154580865482, "requests_tracking": 3.554719598740729, "content_length": 399822.0026012486, "requests_failed": 7.641107731711221, "has_blocking": 0.4213489141454565, "script": 0.9876874232965157, "iframe": 0.2410223573982178, "beacon": 0.007470252387812817, "image": 0.23660690464756418, "stylesheet": 0.8129635558401366, "font": 0.10031481777920068, "xhr": 0.6434688650552265, "plugin": 0.0012005762766127742, "media": 0.0014140120591217117, "referer_leaked": 0.9750947121284883, "referer_leaked_header": 0.9716663998719385, "referer_leaked_url": 0.0, "hosts": 6.913011578891201, "trackers": 6.29322074595806, "companies": 5.469918894402647}