{"id": "iex.nl", "month": "2019-04", "country": "global", "site": "iex.nl", "category": "Business", "popularity": 0.0006232458334173033, "cookies": 0.8230701536656362, "bad_qs": 0.057754360629103954, "tracked": 0.823735812442178, "https": 0.9957691179457093, "requests": 547.9077554888643, "requests_tracking": 15.55245165512106, "content_length": 1399715.4955321886, "requests_failed": 242.85593564546338, "has_blocking": 0.47719836631540946, "script": 0.9958255297064332, "iframe": 0.876164902858948, "beacon": 0.0038472820813683236, "image": 0.8535099397522395, "stylesheet": 0.971703860820904, "font": 0.22501523117539546, "xhr": 0.9491504388834985, "plugin": 0.0009138705237267866, "media": 0.003790870320644448, "referer_leaked": 0.9818128483426225, "referer_leaked_header": 0.9597896969560213, "referer_leaked_url": 0.0, "hosts": 18.058058984137013, "trackers": 13.45054945054945, "companies": 8.955750614888192}