{"id": "ig.com.br", "month": "2019-04", "country": "global", "site": "ig.com.br", "category": "News and Portals", "popularity": 0.0003715679798884981, "cookies": 0.8558154498315733, "bad_qs": 0.043753075205329096, "tracked": 0.8585784035426366, "https": 0.9562090761136974, "requests": 145.05567540971197, "requests_tracking": 20.25629234321184, "content_length": 1805298.6499186254, "requests_failed": 93.4286741607055, "has_blocking": 0.46362741758449716, "script": 0.9975587600772113, "iframe": 0.5130010219143862, "beacon": 0.012357594337837327, "image": 0.9589341811437871, "stylesheet": 0.9724461602513153, "font": 0.46762045342719805, "xhr": 0.5971007910374323, "plugin": 0.00107868740774384, "media": 0.11680102948412248, "referer_leaked": 0.9836493698194618, "referer_leaked_header": 0.9723136898679081, "referer_leaked_url": 0.0, "hosts": 21.119791075281025, "trackers": 17.47640134741304, "companies": 13.638053063850725}