{"id": "iherb.com", "month": "2019-04", "country": "global", "site": "iherb.com", "category": "Business", "popularity": 0.0009781065440840635, "cookies": 0.9740258806613947, "bad_qs": 0.04748382458662832, "tracked": 0.9775700934579439, "https": 0.995312724658519, "requests": 161.62937455068297, "requests_tracking": 89.4175341480949, "content_length": 2103275.114536305, "requests_failed": 42.09176132278936, "has_blocking": 0.37506829618979154, "script": 0.9889432063263839, "iframe": 0.5751473759884975, "beacon": 0.05616103522645579, "image": 0.9767433501078361, "stylesheet": 0.9656578001437814, "font": 0.5670668583752696, "xhr": 0.8044069015097053, "plugin": 0.0018044572250179728, "media": 0.0003163191948238677, "referer_leaked": 0.9774406901509706, "referer_leaked_header": 0.9587275341480949, "referer_leaked_url": 0.0, "hosts": 10.59549964054637, "trackers": 8.24568655643422, "companies": 5.791826024442847}