{"id": "ilbe.com", "month": "2019-04", "country": "global", "site": "ilbe.com", "category": "Entertainment", "popularity": 0.0005610084428947437, "cookies": 0.9025105598937117, "bad_qs": 0.027737738615995888, "tracked": 0.9025230938921825, "https": 0.09690034217815825, "requests": 23.719413910231502, "requests_tracking": 6.268879335196721, "content_length": 763676.9893837033, "requests_failed": 11.05398393141396, "has_blocking": 0.541932491884236, "script": 0.9997367860321121, "iframe": 0.9821390521790356, "beacon": 0.010252810749157088, "image": 0.8293997468132309, "stylesheet": 0.2707970369627615, "font": 0.11399671609240064, "xhr": 0.031823822117493704, "plugin": 0.01530401213291052, "media": 0.0007896419036636877, "referer_leaked": 0.9752829550154795, "referer_leaked_header": 0.9693167717433538, "referer_leaked_url": 0.0, "hosts": 7.919418923830891, "trackers": 3.5582392238948146, "companies": 3.2145193838286352}