{"id": "ilfattoquotidiano.it", "month": "2019-04", "country": "global", "site": "ilfattoquotidiano.it", "category": "News and Portals", "popularity": 0.001320000838738667, "cookies": 0.9061697616688508, "bad_qs": 0.17785874857502051, "tracked": 0.9068303129095151, "https": 0.9910186339374181, "requests": 48.5330701782423, "requests_tracking": 12.01379699768807, "content_length": 3709147.9302106304, "requests_failed": 21.082430402403553, "has_blocking": 0.5145907245820948, "script": 0.9955466061516498, "iframe": 0.9361342836747957, "beacon": 0.12703359222680347, "image": 0.9744249475287926, "stylesheet": 0.771678332853901, "font": 0.03890327185945174, "xhr": 0.9603456174555992, "plugin": 0.003936672313314369, "media": 0.13965864416530827, "referer_leaked": 0.9839922864661574, "referer_leaked_header": 0.9711861156390833, "referer_leaked_url": 0.0, "hosts": 17.289310789358733, "trackers": 14.480721492419642, "companies": 10.584374766942606}