{"id": "ilmeteo.it", "month": "2019-04", "country": "global", "site": "ilmeteo.it", "category": "News and Portals", "popularity": 0.000707478315743565, "cookies": 0.8411736057964676, "bad_qs": 0.2101617087255126, "tracked": 0.8414717780008547, "https": 0.9871090216969974, "requests": 39.411080079115024, "requests_tracking": 15.11378251319412, "content_length": 266145.7478954012, "requests_failed": 18.599326130818085, "has_blocking": 0.5389760766501347, "script": 0.9983600528758709, "iframe": 0.9843857155635951, "beacon": 0.02213431663900291, "image": 0.6415274368123404, "stylesheet": 0.06523013924641945, "font": 0.010952858974486399, "xhr": 0.5344041028495323, "plugin": 0.0013020186258237006, "media": 0.002246230606382873, "referer_leaked": 0.8937612435768738, "referer_leaked_header": 0.8649677477065588, "referer_leaked_url": 0.0, "hosts": 12.18801745301303, "trackers": 10.92691799270472, "companies": 7.213650323516842}