{"id": "ilmessaggero.it", "month": "2019-04", "country": "global", "site": "ilmessaggero.it", "category": "News and Portals", "popularity": 0.0002014083806053187, "cookies": 0.8476416576475928, "bad_qs": 0.24288656914429355, "tracked": 0.8484446461613658, "https": 0.9932967915371993, "requests": 93.13109660300947, "requests_tracking": 19.720385434486612, "content_length": 1022337.2777642007, "requests_failed": 38.56219669727333, "has_blocking": 0.5160772265474985, "script": 0.9820898648884544, "iframe": 0.9599553119435813, "beacon": 0.016513633348462103, "image": 0.9860349823691652, "stylesheet": 0.9932967915371993, "font": 0.6906050343888559, "xhr": 0.8531927521558496, "plugin": 0.0005236881611563035, "media": 0.01180043989805537, "referer_leaked": 0.9980099849876061, "referer_leaked_header": 0.9975212093705268, "referer_leaked_url": 0.0, "hosts": 27.47505498725692, "trackers": 19.892294801522187, "companies": 14.219774464965262}