{"id": "imagebam.com", "month": "2019-04", "country": "global", "site": "imagebam.com", "category": "Business", "popularity": 0.001537624271038147, "cookies": 0.09525725862139928, "bad_qs": 0.004527349305577786, "tracked": 0.09743861783226856, "https": 0.004902341874322613, "requests": 11.168458551888454, "requests_tracking": 0.4898637679436231, "content_length": 96459.46821480672, "requests_failed": 5.611045817689589, "has_blocking": 0.4122631716139772, "script": 0.9396810733933626, "iframe": 0.9110718842461963, "beacon": 0.0003292617676783844, "image": 0.24372230428360414, "stylesheet": 0.9635159669091924, "font": 0.518399787809083, "xhr": 0.01016595707707012, "plugin": 0.001989289846390239, "media": 0.000978639142821865, "referer_leaked": 0.9549871725103009, "referer_leaked_header": 0.9535923830777744, "referer_leaked_url": 0.0, "hosts": 5.30836279159102, "trackers": 5.273406167255832, "companies": 3.0585582907655793}