{"id": "imdb.com", "month": "2019-04", "country": "global", "site": "imdb.com", "category": "Entertainment", "popularity": 0.01662985043632904, "cookies": 0.6790544568898811, "bad_qs": 0.0024460991378399063, "tracked": 0.6792591089180081, "https": 0.9944524078325913, "requests": 94.98149675051481, "requests_tracking": 8.878600332348128, "content_length": 3550365.7657436184, "requests_failed": 23.481818527773903, "has_blocking": 0.4963894139087269, "script": 0.9898291324699048, "iframe": 0.7653220521017002, "beacon": 0.5011277003285426, "image": 0.9993314982304365, "stylesheet": 0.9865965606619901, "font": 0.01777047683076884, "xhr": 0.1602742506310809, "plugin": 0.0024951479710273615, "media": 0.043014135366322905, "referer_leaked": 0.9705812709567482, "referer_leaked_header": 0.9696742903775492, "referer_leaked_url": 0.0, "hosts": 4.872775783407118, "trackers": 3.804494733592954, "companies": 1.4129861014211476}