{"id": "imgchili.net", "month": "2019-04", "country": "global", "site": "imgchili.net", "category": "Entertainment", "popularity": 1.5188426565216227e-06, "cookies": 0.2037037037037037, "bad_qs": 0.013888888888888888, "tracked": 0.2175925925925926, "https": 0.4444444444444444, "requests": 3.2731481481481484, "requests_tracking": 0.7175925925925926, "content_length": 137936.15740740742, "requests_failed": 1.1712962962962963, "has_blocking": 0.0, "script": 0.47685185185185186, "iframe": 0.07407407407407407, "beacon": 0.0, "image": 0.1574074074074074, "stylesheet": 0.3333333333333333, "font": 0.0787037037037037, "xhr": 0.041666666666666664, "plugin": 0.0, "media": 0.0, "referer_leaked": 0.6759259259259259, "referer_leaked_header": 0.6712962962962963, "referer_leaked_url": 0.0, "hosts": 1.462962962962963, "trackers": 1.3842592592592593, "companies": 1.0925925925925926}