{"id": "imgfarm.com", "month": "2019-04", "country": "global", "site": "imgfarm.com", "category": "Entertainment", "popularity": 3.192382250281559e-06, "cookies": 0.09911894273127753, "bad_qs": 0.07268722466960352, "tracked": 0.12555066079295155, "https": 0.7863436123348018, "requests": 6.645374449339207, "requests_tracking": 2.107929515418502, "content_length": 5945.808370044053, "requests_failed": 1.2907488986784141, "has_blocking": 0.0, "script": 0.7995594713656388, "iframe": 0.1145374449339207, "beacon": 0.0, "image": 0.05726872246696035, "stylesheet": 0.006607929515418502, "font": 0.0, "xhr": 0.01762114537444934, "plugin": 0.0, "media": 0.0, "referer_leaked": 0.006607929515418502, "referer_leaked_header": 0.006607929515418502, "referer_leaked_url": 0.0, "hosts": 1.7378854625550662, "trackers": 1.433920704845815, "companies": 1.433920704845815}