{"id": "immobiliare.it", "month": "2019-04", "country": "global", "site": "immobiliare.it", "category": "Business", "popularity": 0.0005021040682017731, "cookies": 0.8010111195137664, "bad_qs": 0.056998011371593424, "tracked": 0.8012351903201411, "https": 0.9982074335490014, "requests": 95.48546340643644, "requests_tracking": 8.614178080273366, "content_length": 1337264.9231157047, "requests_failed": 25.8959191104389, "has_blocking": 0.5123659076268101, "script": 0.9985575441839621, "iframe": 0.596308433464975, "beacon": 0.06932190572220821, "image": 0.9938100439738957, "stylesheet": 0.7988544380024087, "font": 0.4256785144105537, "xhr": 0.07213679522729183, "plugin": 0.0004901548889449066, "media": 0.00011203540318740721, "referer_leaked": 0.9861356188555583, "referer_leaked_header": 0.9788673220737754, "referer_leaked_url": 0.0, "hosts": 11.917822031762038, "trackers": 9.608800380920371, "companies": 5.777119569784052}