{"id": "immobilienscout24.de", "month": "2019-04", "country": "global", "site": "immobilienscout24.de", "category": "Business", "popularity": 0.003459571987607988, "cookies": 0.7175720226504986, "bad_qs": 0.15914089081662933, "tracked": 0.7206167504745954, "https": 0.9961951064841728, "requests": 134.38156252667693, "requests_tracking": 35.04447985560917, "content_length": 596192.709960203, "requests_failed": 52.31454802661799, "has_blocking": 0.44155464046601817, "script": 0.9932723303753267, "iframe": 0.375464940914394, "beacon": 0.3620827726941979, "image": 0.9653880706832142, "stylesheet": 0.42020902523994, "font": 0.6888991418664303, "xhr": 0.4611400859353087, "plugin": 0.0015365916121610251, "media": 0.0020284635303395543, "referer_leaked": 0.9656807547998163, "referer_leaked_header": 0.924802539847723, "referer_leaked_url": 0.0, "hosts": 19.086380432440784, "trackers": 16.498965442948954, "companies": 12.691504843515624}