{"id": "immowelt.de", "month": "2019-04", "country": "global", "site": "immowelt.de", "category": "Business", "popularity": 0.0009429059591833819, "cookies": 0.8189479022178472, "bad_qs": 0.13030411502378927, "tracked": 0.8196489030083375, "https": 0.9888585619043357, "requests": 127.87356630423434, "requests_tracking": 52.94177964711322, "content_length": 446478.13118409476, "requests_failed": 43.72487956209823, "has_blocking": 0.4251196921562486, "script": 0.997576327054156, "iframe": 0.8992050352737632, "beacon": 0.199039479767924, "image": 0.9103390159142094, "stylesheet": 0.44042239026354646, "font": 0.3076349426521694, "xhr": 0.9022253046370456, "plugin": 0.0006786284248363088, "media": 0.002587736960639551, "referer_leaked": 0.9628171282831447, "referer_leaked_header": 0.9437633302012022, "referer_leaked_url": 0.0, "hosts": 22.3387101585455, "trackers": 19.17998568168598, "companies": 14.036176115262428}