{"id": "impots.gouv.fr", "month": "2019-04", "country": "global", "site": "impots.gouv.fr", "category": "Government", "popularity": 0.004243224481583491, "cookies": 0.5736671505558096, "bad_qs": 0.008819376777298308, "tracked": 0.5765290565487435, "https": 0.9986643333929909, "requests": 4.018642989241752, "requests_tracking": 1.4574923273742053, "content_length": 29693.127831248632, "requests_failed": 1.355574005210094, "has_blocking": 0.008612232452389948, "script": 0.10996546489815127, "iframe": 0.013878669768860076, "beacon": 0.00036291685723944557, "image": 0.7995157794260942, "stylesheet": 0.2194486978079159, "font": 0.14802202027031505, "xhr": 0.003907570545071291, "plugin": 0.0015394966227189268, "media": 1.6571545992668748e-05, "referer_leaked": 0.7271445237669113, "referer_leaked_header": 0.7089406804939646, "referer_leaked_url": 0.0, "hosts": 1.3040116398539052, "trackers": 1.2943239140665912, "companies": 1.1352022722903865}