{"id": "impress.co.jp", "month": "2019-04", "country": "global", "site": "impress.co.jp", "category": "Business", "popularity": 0.001017378471105699, "cookies": 0.7684141410650724, "bad_qs": 0.17343884991533332, "tracked": 0.768649134326295, "https": 0.9925700660054602, "requests": 32.108345716556656, "requests_tracking": 8.253661402356844, "content_length": 257031.7360680098, "requests_failed": 13.669502712789853, "has_blocking": 0.4910806234232989, "script": 0.9911601064381242, "iframe": 0.5158931471818088, "beacon": 0.007512872792618447, "image": 0.941956664478004, "stylesheet": 0.2964785568649134, "font": 0.05215468085841656, "xhr": 0.3099699346856965, "plugin": 0.0009814424439299168, "media": 0.0008501226803054912, "referer_leaked": 0.9841103086014446, "referer_leaked_header": 0.9792860351798736, "referer_leaked_url": 0.0, "hosts": 11.18117289283616, "trackers": 10.32033728444552, "companies": 7.125534782458444}