{"id": "inaturalist.org", "month": "2019-04", "country": "global", "site": "inaturalist.org", "category": "Reference", "popularity": 0.00028625261900156823, "cookies": 0.9312437053231473, "bad_qs": 0.00014738755557739075, "tracked": 0.9312437053231473, "https": 0.997027684295856, "requests": 53.12486182416664, "requests_tracking": 26.615097398609645, "content_length": 982782.6301063647, "requests_failed": 7.875629467685278, "has_blocking": 0.3181851678989904, "script": 0.9989682871109583, "iframe": 0.008057186371564027, "beacon": 7.369377778869538e-05, "image": 0.840403841902282, "stylesheet": 0.9666412832543172, "font": 0.5128349996315311, "xhr": 0.005183129037804908, "plugin": 7.369377778869538e-05, "media": 4.912918519246358e-05, "referer_leaked": 0.9979611388145128, "referer_leaked_header": 0.891056031835712, "referer_leaked_url": 0.0, "hosts": 7.478149794885652, "trackers": 6.309047139453192, "companies": 2.982215234960328}