{"id": "inbox.lv", "month": "2019-04", "country": "global", "site": "inbox.lv", "category": "News and Portals", "popularity": 0.0007816906555441631, "cookies": 0.4151321885091799, "bad_qs": 0.008788579344589672, "tracked": 0.41619365459174035, "https": 0.9954033121339966, "requests": 32.8544352190848, "requests_tracking": 8.309075535005892, "content_length": 335729.482256425, "requests_failed": 9.028677575179685, "has_blocking": 0.4391680984464814, "script": 0.9978590768843272, "iframe": 0.3350814540286236, "beacon": 0.019700090854300287, "image": 0.7023577140698228, "stylesheet": 0.9722939361501165, "font": 0.2242392076785377, "xhr": 0.7077280128095568, "plugin": 0.001241375588079196, "media": 0.005424271591389531, "referer_leaked": 0.9945937193591623, "referer_leaked_header": 0.9938470949112597, "referer_leaked_url": 0.0, "hosts": 4.170014482715194, "trackers": 2.899412595464481, "companies": 2.7506364298757724}