{"id": "indeed.ca", "month": "2019-04", "country": "global", "site": "indeed.ca", "category": "Reference", "popularity": 0.0002734549632845805, "cookies": 0.5140785312041966, "bad_qs": 0.031242767877806065, "tracked": 0.5146185296613438, "https": 0.9979685772326364, "requests": 12.639769600658283, "requests_tracking": 2.526524209930829, "content_length": 116132.32356193267, "requests_failed": 5.559438401604567, "has_blocking": 0.3727532207050837, "script": 0.9925171642366736, "iframe": 0.1333024762786392, "beacon": 0.03275990640026743, "image": 0.8052148422433079, "stylesheet": 0.17827663349533288, "font": 0.006145696726580782, "xhr": 0.14402530278484918, "plugin": 0.0, "media": 0.0, "referer_leaked": 0.6397696006582838, "referer_leaked_header": 0.3385790326313353, "referer_leaked_url": 0.0, "hosts": 5.0916968808660545, "trackers": 4.429941628738203, "companies": 3.7024094216873666}