{"id": "independent.co.uk", "month": "2019-04", "country": "global", "site": "independent.co.uk", "category": "News and Portals", "popularity": 0.003494765540829704, "cookies": 0.9785353408329527, "bad_qs": 0.14289652175137776, "tracked": 0.9787003297766814, "https": 0.9922837487902487, "requests": 134.65818918598077, "requests_tracking": 25.784405727933233, "content_length": 1675543.417166496, "requests_failed": 60.06029138657111, "has_blocking": 0.5380893073080042, "script": 0.9942696522958614, "iframe": 0.913427081929083, "beacon": 0.7990394424178526, "image": 0.9763804242630326, "stylesheet": 0.9893280322251576, "font": 0.2013468731577073, "xhr": 0.9895714915201719, "plugin": 0.001981879385033893, "media": 0.04885282382601312, "referer_leaked": 0.9891871880049014, "referer_leaked_header": 0.9692013931505443, "referer_leaked_url": 0.0, "hosts": 27.734122329241472, "trackers": 25.000440641203372, "companies": 19.59603060746112}