{"id": "indeed.fr", "month": "2019-04", "country": "global", "site": "indeed.fr", "category": "Business", "popularity": 0.0013599478069409787, "cookies": 0.5305243455375563, "bad_qs": 0.019911790406560395, "tracked": 0.5310517416999736, "https": 0.9982626949943899, "requests": 11.085888016214847, "requests_tracking": 2.2611334881051484, "content_length": 65007.94015087667, "requests_failed": 5.248770701592012, "has_blocking": 0.39861842887649107, "script": 0.9961634514459444, "iframe": 0.1750386498658242, "beacon": 0.04951836321049829, "image": 0.8126399280259354, "stylesheet": 0.1841233072909934, "font": 0.00462247224706959, "xhr": 0.0026007869578031366, "plugin": 3.619385428354265e-05, "media": 5.170550611934665e-06, "referer_leaked": 0.629943692703836, "referer_leaked_header": 0.36516496641727375, "referer_leaked_url": 0.0, "hosts": 4.864004177804895, "trackers": 4.528202768312798, "companies": 3.6231754419528137}