{"id": "indiatimes.com", "month": "2019-04", "country": "global", "site": "indiatimes.com", "category": "News and Portals", "popularity": 0.0027763318692580804, "cookies": 0.8034505815131499, "bad_qs": 0.06428556955869838, "tracked": 0.8061884548364874, "https": 0.9606997406491875, "requests": 93.93110994043036, "requests_tracking": 9.905428131458443, "content_length": 1900507.1760824858, "requests_failed": 30.748224561332414, "has_blocking": 0.5063292742229607, "script": 0.9927741419135228, "iframe": 0.6478578230741175, "beacon": 0.008385845118936662, "image": 0.9572045832151396, "stylesheet": 0.927389370669044, "font": 0.19520454269157514, "xhr": 0.8415401993759372, "plugin": 0.0008155367346111764, "media": 0.009021558536288853, "referer_leaked": 0.9937695019653928, "referer_leaked_header": 0.9913178263160027, "referer_leaked_url": 0.0, "hosts": 15.132501924869311, "trackers": 10.39337996920209, "companies": 7.297511346598046}