{"id": "infoseek.co.jp", "month": "2019-04", "country": "global", "site": "infoseek.co.jp", "category": "News and Portals", "popularity": 0.000896890652033949, "cookies": 0.9518306546452372, "bad_qs": 0.36826342610740886, "tracked": 0.9522304978439827, "https": 0.9979067032536261, "requests": 86.82163073304586, "requests_tracking": 38.938847510780086, "content_length": 454543.6651509212, "requests_failed": 29.242775382203057, "has_blocking": 0.4772559780478244, "script": 0.9818188945511565, "iframe": 0.5788475107800862, "beacon": 0.075562524500196, "image": 0.9893375147001175, "stylesheet": 0.7794433555468444, "font": 0.024523716189729518, "xhr": 0.9337122696981576, "plugin": 0.010105840846726773, "media": 0.0018345746765974127, "referer_leaked": 0.9916738533908271, "referer_leaked_header": 0.9821481771854175, "referer_leaked_url": 0.0, "hosts": 12.628043904351236, "trackers": 7.5919325754606035, "companies": 5.995766366130929}