{"id": "infobae.com", "month": "2019-04", "country": "global", "site": "infobae.com", "category": "News and Portals", "popularity": 0.0024190030392744724, "cookies": 0.8824934959231429, "bad_qs": 0.23412060520616834, "tracked": 0.8831707919712803, "https": 0.966056712643344, "requests": 78.50292283766696, "requests_tracking": 12.595459500312487, "content_length": 2164166.133843001, "requests_failed": 24.510817842245253, "has_blocking": 0.5099196255977211, "script": 0.9987122654535413, "iframe": 0.6573230818423615, "beacon": 0.06175312123017892, "image": 0.8763280670900978, "stylesheet": 0.9940031684664913, "font": 0.0840573812188422, "xhr": 0.8862055433629348, "plugin": 0.0004970713486330538, "media": 0.002488263593157275, "referer_leaked": 0.9957036757118148, "referer_leaked_header": 0.9949769632138133, "referer_leaked_url": 0.0, "hosts": 23.315768207781637, "trackers": 18.359187826112233, "companies": 13.446404953272387}