{"id": "informationvine.com", "month": "2019-04", "country": "global", "site": "informationvine.com", "category": "Reference", "popularity": 8.191202826768696e-05, "cookies": 0.7599793973731651, "bad_qs": 0.11855094857927718, "tracked": 0.7604944630440381, "https": 0.9878959567344836, "requests": 26.437634131685122, "requests_tracking": 12.69147566314705, "content_length": 126703.54159155293, "requests_failed": 7.2185595330071255, "has_blocking": 0.2990814662202764, "script": 0.9981114258734656, "iframe": 0.41582968495149797, "beacon": 0.354365181560649, "image": 0.6331873980599193, "stylesheet": 0.10816379088333762, "font": 0.05193578847969783, "xhr": 0.34818439351017255, "plugin": 0.002918705468280539, "media": 8.584427847883938e-05, "referer_leaked": 0.913383123014851, "referer_leaked_header": 0.9130397459009357, "referer_leaked_url": 0.0, "hosts": 8.41857670186282, "trackers": 6.7938020430938275, "companies": 4.283801184651043}