{"id": "infranken.de", "month": "2019-04", "country": "global", "site": "infranken.de", "category": "News and Portals", "popularity": 9.97654611607814e-05, "cookies": 0.8046941076966451, "bad_qs": 0.2246264448829997, "tracked": 0.8095573724274034, "https": 0.9783619960530026, "requests": 68.3603044826614, "requests_tracking": 21.68684804059769, "content_length": 632830.0204398083, "requests_failed": 19.993868057513392, "has_blocking": 0.42775585001409644, "script": 0.9942204680011277, "iframe": 0.6668311248942769, "beacon": 0.3980828869467155, "image": 0.8006061460389061, "stylesheet": 0.6110797857344235, "font": 0.12757259656047365, "xhr": 0.5791513955455314, "plugin": 0.0007753030730194531, "media": 0.020580772483789117, "referer_leaked": 0.9126726811389907, "referer_leaked_header": 0.8953340851423739, "referer_leaked_url": 0.0, "hosts": 15.439244431914293, "trackers": 13.197138426839583, "companies": 11.139413588948408}