{"id": "infusionsoft.com", "month": "2019-04", "country": "global", "site": "infusionsoft.com", "category": "Business", "popularity": 0.00033915897153707144, "cookies": 0.5545788153339001, "bad_qs": 0.004768519478365435, "tracked": 0.5558849750171044, "https": 0.9923911015279995, "requests": 23.951381834014057, "requests_tracking": 4.196400804428503, "content_length": 389747.97665498726, "requests_failed": 5.293263947919474, "has_blocking": 0.15897829287002674, "script": 0.9096676549250513, "iframe": 0.01888748367300396, "beacon": 0.00029025770737876557, "image": 0.9322662907138266, "stylesheet": 0.8926875790433936, "font": 0.13088549333443908, "xhr": 0.07915742334086621, "plugin": 0.0014512885368938278, "media": 0.005349034893122965, "referer_leaked": 0.9785209296539713, "referer_leaked_header": 0.9763647295420148, "referer_leaked_url": 0.0, "hosts": 3.376153256069496, "trackers": 3.2783571413762362, "companies": 2.8293077353679017}