{"id": "ing-diba.de", "month": "2019-04", "country": "global", "site": "ing-diba.de", "category": "Banking", "popularity": 0.00021796095288981825, "cookies": 0.2542181501435623, "bad_qs": 0.0039036035745394714, "tracked": 0.25612156015098236, "https": 0.997225537955286, "requests": 4.916798399845146, "requests_tracking": 0.7479756105429558, "content_length": 43992.31725650869, "requests_failed": 2.0619414782075687, "has_blocking": 0.653159983224183, "script": 0.14743362260863954, "iframe": 0.010259057328128528, "beacon": 9.678355969932574e-05, "image": 0.9167983998451463, "stylesheet": 0.06436106720005162, "font": 0.012710907507178114, "xhr": 0.06016711294641417, "plugin": 0.0023873278059167017, "media": 0.00025808949253153533, "referer_leaked": 0.35587314901442074, "referer_leaked_header": 0.3524212020518115, "referer_leaked_url": 0.0, "hosts": 1.3149014420750396, "trackers": 1.25886376100913, "companies": 1.2367971093976837}