{"id": "ing.be", "month": "2019-04", "country": "global", "site": "ing.be", "category": "Banking", "popularity": 0.0002699602188387877, "cookies": 0.9074286309647843, "bad_qs": 0.0009637424463429881, "tracked": 0.9075849135236508, "https": 0.9988018337153574, "requests": 42.7502344238383, "requests_tracking": 3.9453271514898938, "content_length": 157904.48465826214, "requests_failed": 1.7718795582413003, "has_blocking": 0.06154928110022921, "script": 0.8628881016878517, "iframe": 0.13544488435090643, "beacon": 0.00010418837257762034, "image": 0.09431652427589081, "stylesheet": 0.03492915190664722, "font": 0.13815378203792456, "xhr": 0.20991352365076058, "plugin": 0.005001041883725776, "media": 0.0, "referer_leaked": 0.9287091060637633, "referer_leaked_header": 0.9068035007293186, "referer_leaked_url": 0.0, "hosts": 1.4154771827464054, "trackers": 1.2631016878516357, "companies": 1.228146488851844}