{"id": "inkbunny.net", "month": "2019-04", "country": "global", "site": "inkbunny.net", "category": "Entertainment", "popularity": 0.0007271388901307615, "cookies": 0.011478691409838601, "bad_qs": 6.769236720208105e-05, "tracked": 0.011488361748010328, "https": 0.9993424170043227, "requests": 63.75923759053854, "requests_tracking": 0.021245732963281725, "content_length": 1954115.9317854345, "requests_failed": 15.244108346468876, "has_blocking": 0.0009476931408291348, "script": 0.02394375731319324, "iframe": 0.0042742894719028325, "beacon": 0.0, "image": 0.9933758183523678, "stylesheet": 0.021854964268100456, "font": 0.009534953437321704, "xhr": 0.0009283524644856831, "plugin": 0.005250993627247145, "media": 0.0027657167171135973, "referer_leaked": 0.837132164511793, "referer_leaked_header": 0.8369290874101868, "referer_leaked_url": 0.0, "hosts": 1.0689591815025772, "trackers": 1.0605556576313473, "companies": 1.0460985020646172}