{"id": "inoreader.com", "month": "2019-04", "country": "global", "site": "inoreader.com", "category": "Business", "popularity": 0.00023831766349458722, "cookies": 0.9365927062433612, "bad_qs": 0.04260592470199457, "tracked": 0.9369172666115898, "https": 0.5738227310279712, "requests": 244.4130473268028, "requests_tracking": 72.49784609937448, "content_length": 11633460.327835478, "requests_failed": 71.5332231795114, "has_blocking": 0.388646288209607, "script": 0.9966658798536527, "iframe": 0.3538298123450962, "beacon": 0.017850820252566978, "image": 0.7768794995869232, "stylesheet": 0.984096541956804, "font": 0.862120854478933, "xhr": 0.21482945827923994, "plugin": 0.0012687359848931902, "media": 0.03667532160981943, "referer_leaked": 0.7380797828396082, "referer_leaked_header": 0.5856839372123215, "referer_leaked_url": 0.0, "hosts": 11.157972382863212, "trackers": 8.006373185412487, "companies": 3.2728372477280776}