{"id": "inquirer.net", "month": "2019-04", "country": "global", "site": "inquirer.net", "category": "News and Portals", "popularity": 0.0001903123911979524, "cookies": 0.9568815813781637, "bad_qs": 0.11117679660077591, "tracked": 0.9570293737299095, "https": 0.9925734343247737, "requests": 138.9385553297617, "requests_tracking": 21.03787179013486, "content_length": 22544953.00927397, "requests_failed": 49.34734897469056, "has_blocking": 0.6126362460742657, "script": 0.9966377239977832, "iframe": 0.7816368002955847, "beacon": 0.15137631627563275, "image": 0.9677073711435433, "stylesheet": 0.9978200628117495, "font": 0.5330500646591539, "xhr": 0.9632736005911694, "plugin": 0.045520044337705526, "media": 0.009532606687603917, "referer_leaked": 0.9970441529650841, "referer_leaked_header": 0.9628302235359321, "referer_leaked_url": 0.0, "hosts": 29.874265656752264, "trackers": 24.77760945871051, "companies": 16.938592277849622}