{"id": "insomnia.gr", "month": "2019-04", "country": "global", "site": "insomnia.gr", "category": "Entertainment", "popularity": 0.00029888151442338694, "cookies": 0.9210916362780849, "bad_qs": 0.029502411481002234, "tracked": 0.9234443006705093, "https": 0.9988942477355606, "requests": 23.22489118927185, "requests_tracking": 4.498482531466887, "content_length": 405358.5169980002, "requests_failed": 9.438207269732972, "has_blocking": 0.538054346547465, "script": 0.998070815198212, "iframe": 0.41693918362545584, "beacon": 0.03305493471356311, "image": 0.9161510410539937, "stylesheet": 0.9986119280084695, "font": 0.47744971179861195, "xhr": 0.10518762498529585, "plugin": 0.00014115986354546525, "media": 0.00021173979531819787, "referer_leaked": 0.9646159275379367, "referer_leaked_header": 0.8905775791083402, "referer_leaked_url": 0.0, "hosts": 9.609904717092107, "trackers": 7.9417009763557225, "companies": 3.5210445829902364}