{"id": "instant-gaming.com", "month": "2019-04", "country": "global", "site": "instant-gaming.com", "category": "Entertainment", "popularity": 0.0009313107205694737, "cookies": 0.9876854543395371, "bad_qs": 0.0266450224621541, "tracked": 0.9879195137604289, "https": 0.9985503416512514, "requests": 103.13016723923138, "requests_tracking": 48.8958511080071, "content_length": 3892778.5943523725, "requests_failed": 29.100426592170336, "has_blocking": 0.32886103665672545, "script": 0.9971686360376005, "iframe": 0.8795500018875759, "beacon": 0.050647438559402014, "image": 0.99098493714372, "stylesheet": 0.3925176488353656, "font": 0.021412661859639852, "xhr": 0.7428139982634301, "plugin": 0.0061232964626826225, "media": 0.031077050851296764, "referer_leaked": 0.9966854165880177, "referer_leaked_header": 0.9914681565933029, "referer_leaked_url": 0.0, "hosts": 12.36195401864925, "trackers": 10.33889539053947, "companies": 8.054007323794783}