{"id": "interpals.net", "month": "2019-04", "country": "global", "site": "interpals.net", "category": "Entertainment", "popularity": 0.0010382063042011483, "cookies": 0.9697250875398755, "bad_qs": 0.00470717319010884, "tracked": 0.9699689123382121, "https": 0.9798979999593626, "requests": 70.20945904759324, "requests_tracking": 32.81123219571004, "content_length": 614907.2979403577, "requests_failed": 25.66390783422623, "has_blocking": 0.5287408481039235, "script": 0.9977717122596463, "iframe": 0.8786632982722304, "beacon": 0.005574105806416656, "image": 0.997439839617466, "stylesheet": 0.9656884325451922, "font": 0.29655191097685696, "xhr": 0.9439677067600425, "plugin": 0.0033932284435173083, "media": 0.0008804784384376248, "referer_leaked": 0.9935318699330159, "referer_leaked_header": 0.992671710227773, "referer_leaked_url": 0.0, "hosts": 18.958319505306577, "trackers": 17.753107072951025, "companies": 13.879746964042615}