{"id": "interspace.com", "month": "2019-04", "country": "global", "site": "interspace.com", "category": "Business", "popularity": 0.0004777885223394964, "cookies": 0.0003237770059457232, "bad_qs": 1.4717136633896508e-05, "tracked": 0.0003384941425796197, "https": 0.0007652911049626184, "requests": 412.9246924118444, "requests_tracking": 0.010566904103137693, "content_length": 295976.8300759404, "requests_failed": 110.1523076470242, "has_blocking": 2.9434273267793017e-05, "script": 0.0007947253782304115, "iframe": 0.0001913227762406546, "beacon": 0.0, "image": 0.9999116971801966, "stylesheet": 0.0007652911049626184, "font": 0.0005886854653558603, "xhr": 0.00022075704950844764, "plugin": 0.0, "media": 0.0, "referer_leaked": 1.0, "referer_leaked_header": 1.0, "referer_leaked_url": 0.0, "hosts": 1.0033702242891622, "trackers": 1.0023400247247896, "companies": 1.0005003826455525}