{"id": "interencheres.com", "month": "2019-04", "country": "global", "site": "interencheres.com", "category": "E-Commerce", "popularity": 0.00045063217817520703, "cookies": 0.7403801142215148, "bad_qs": 0.011718628093499361, "tracked": 0.7404425303498424, "https": 0.9926192928252661, "requests": 76.09516899166745, "requests_tracking": 2.4117591985769122, "content_length": 660512.481977343, "requests_failed": 17.99513154199045, "has_blocking": 0.5259807134163468, "script": 0.9997815435508536, "iframe": 0.030537090784258654, "beacon": 0.03549917298629966, "image": 0.9954748306962519, "stylesheet": 0.8593608588459258, "font": 0.007084230565178042, "xhr": 0.8157007770807977, "plugin": 0.0018100677214992354, "media": 0.0, "referer_leaked": 0.944824142558437, "referer_leaked_header": 0.9053615454233374, "referer_leaked_url": 0.0, "hosts": 7.984286739693537, "trackers": 7.743048403707518, "companies": 4.9743625752894545}