{"id": "intermarche.com", "month": "2019-04", "country": "global", "site": "intermarche.com", "category": "Business", "popularity": 0.00035101438227269855, "cookies": 0.9330315110478976, "bad_qs": 0.02774494681383842, "tracked": 0.9332118031210561, "https": 0.9868186462068551, "requests": 90.69562691560327, "requests_tracking": 23.83923956810032, "content_length": 698205.2904505299, "requests_failed": 37.437488731745425, "has_blocking": 0.5216450650053086, "script": 0.9980167871952563, "iframe": 0.6433622468398806, "beacon": 0.14046755744305775, "image": 0.9381598189066287, "stylesheet": 0.9281035277148981, "font": 0.19794066387547826, "xhr": 0.8526813437769186, "plugin": 0.0011618822492437749, "media": 0.0006410384823413931, "referer_leaked": 0.9937298423445983, "referer_leaked_header": 0.980628618361746, "referer_leaked_url": 0.0, "hosts": 21.291732606823054, "trackers": 16.691239808489755, "companies": 12.188505378713517}