{"id": "intercom.io", "month": "2019-04", "country": "global", "site": "intercom.io", "category": "Business", "popularity": 0.0002532107595432576, "cookies": 0.18031102471535684, "bad_qs": 0.004720910858094974, "tracked": 0.1805887253540683, "https": 0.9972229936128854, "requests": 58.508525409608445, "requests_tracking": 2.5862815884476533, "content_length": 5139161.650263815, "requests_failed": 11.290447098028325, "has_blocking": 0.053596223271313526, "script": 0.9877256317689531, "iframe": 0.037656206609275204, "beacon": 0.00013885031935573453, "image": 0.9505970563732297, "stylesheet": 0.9930019439044709, "font": 0.6893362954734796, "xhr": 0.25956678700361013, "plugin": 0.0, "media": 0.8475701194112747, "referer_leaked": 0.9886142738128297, "referer_leaked_header": 0.9883921133018606, "referer_leaked_url": 0.0, "hosts": 4.277034157178561, "trackers": 3.1764509858372674, "companies": 3.0351291307970008}