{"id": "intorrents.biz", "month": "2019-04", "country": "global", "site": "intorrents.biz", "category": "Entertainment", "popularity": 0.00013468477890284797, "cookies": 0.7878249973895792, "bad_qs": 0.04296752636525008, "tracked": 0.7954996345410881, "https": 0.9966586613762138, "requests": 157.41547457450142, "requests_tracking": 30.796857053357, "content_length": 10969956.020831158, "requests_failed": 58.67448052626084, "has_blocking": 0.5396261877414639, "script": 0.9503497963871776, "iframe": 0.8889004907591104, "beacon": 0.24986947896000836, "image": 0.9701889944659079, "stylesheet": 0.5114336431032682, "font": 0.2206327660018795, "xhr": 0.7025686540670356, "plugin": 0.0020883366398663466, "media": 0.05690717343635794, "referer_leaked": 0.9428317844836588, "referer_leaked_header": 0.8234833455152971, "referer_leaked_url": 0.0, "hosts": 21.134332254359403, "trackers": 12.902004803174272, "companies": 9.16936410149316}