{"id": "intuit.com", "month": "2019-04", "country": "global", "site": "intuit.com", "category": "Business", "popularity": 0.0027264632020356206, "cookies": 0.74525713106721, "bad_qs": 0.024990973332645588, "tracked": 0.7471656264507144, "https": 0.9906870583380616, "requests": 123.08516789601279, "requests_tracking": 16.679757053695777, "content_length": 1160922.1519471812, "requests_failed": 33.03171197193996, "has_blocking": 0.45725744055294787, "script": 0.9837906844792903, "iframe": 0.6814566462062207, "beacon": 0.020312580595244236, "image": 0.9211378758962191, "stylesheet": 0.7230953731882189, "font": 0.6928792489812761, "xhr": 0.819023056687471, "plugin": 0.0011992572342291227, "media": 0.004118739361427761, "referer_leaked": 0.95726775674421, "referer_leaked_header": 0.9331046577603549, "referer_leaked_url": 0.0, "hosts": 8.753414659307783, "trackers": 7.4513565791509775, "companies": 5.713235673389384}