{"id": "investopedia.com", "month": "2019-04", "country": "global", "site": "investopedia.com", "category": "News and Portals", "popularity": 0.0005813018683888243, "cookies": 0.6900289104743011, "bad_qs": 0.09486022571943534, "tracked": 0.6961255125863383, "https": 0.9858471736684852, "requests": 52.34058716084627, "requests_tracking": 11.56266556992343, "content_length": 3409978.569403283, "requests_failed": 25.251750958642297, "has_blocking": 0.5275980113464539, "script": 0.9903470466559412, "iframe": 0.5761168031547497, "beacon": 0.09166676747027301, "image": 0.7616639852907378, "stylesheet": 0.1685033083743604, "font": 0.10641231900712479, "xhr": 0.7346284580677158, "plugin": 0.0013668969021035696, "media": 0.2635812698835113, "referer_leaked": 0.8496413407686073, "referer_leaked_header": 0.8484800832234574, "referer_leaked_url": 0.0, "hosts": 14.48221219562351, "trackers": 11.672053611390002, "companies": 9.039990806711101}