{"id": "io-tech.fi", "month": "2019-04", "country": "global", "site": "io-tech.fi", "category": "Entertainment", "popularity": 0.0004608984294646587, "cookies": 0.7907271229365637, "bad_qs": 0.00584322460562048, "tracked": 0.7946785463643853, "https": 0.8160070789979557, "requests": 28.18107893692979, "requests_tracking": 6.2687120495529856, "content_length": 2242080.8348182957, "requests_failed": 8.807219357397859, "has_blocking": 0.257529063558417, "script": 0.9892136819943246, "iframe": 0.21288865834680987, "beacon": 0.0024410337778049004, "image": 0.9404387758215604, "stylesheet": 0.9924938211332499, "font": 0.37858908247642875, "xhr": 0.7804442681475605, "plugin": 0.0, "media": 0.006590791200073231, "referer_leaked": 0.8055258902145058, "referer_leaked_header": 0.726375369969182, "referer_leaked_url": 0.0, "hosts": 7.831828029170354, "trackers": 7.231974491197022, "companies": 4.427974247093644}