{"id": "iobit.com", "month": "2019-04", "country": "global", "site": "iobit.com", "category": "Business", "popularity": 0.00027497380594110213, "cookies": 0.18335251246643652, "bad_qs": 0.013834548011763202, "tracked": 0.19350466692238844, "https": 0.9657844265439202, "requests": 10.1837360951285, "requests_tracking": 0.6611175041554789, "content_length": 75675.89858074415, "requests_failed": 4.328218897839151, "has_blocking": 0.33527681882112265, "script": 0.962076460810638, "iframe": 0.06733154328091037, "beacon": 0.004219409282700422, "image": 0.2978902953586498, "stylesheet": 0.9435366321442271, "font": 0.7883135148957934, "xhr": 0.05976217874952052, "plugin": 0.004475131057409538, "media": 7.671653241273494e-05, "referer_leaked": 0.9510548523206751, "referer_leaked_header": 0.9327963176064442, "referer_leaked_url": 0.0, "hosts": 4.63618463112134, "trackers": 4.547500319652219, "companies": 1.8768188211226187}