{"id": "ioff.de", "month": "2019-04", "country": "global", "site": "ioff.de", "category": "Reference", "popularity": 0.00010241640413072887, "cookies": 0.2668726398901476, "bad_qs": 0.03865430827325781, "tracked": 0.2671472708547889, "https": 0.764778578784758, "requests": 28.07813250944044, "requests_tracking": 6.149742533470649, "content_length": 352892.64030209405, "requests_failed": 11.608032955715757, "has_blocking": 0.430209406110539, "script": 0.9956745623069001, "iframe": 0.17727428767593545, "beacon": 0.06275317542052866, "image": 0.8466872639890147, "stylesheet": 0.9976656368005493, "font": 0.18798489529694473, "xhr": 0.15090971507037418, "plugin": 0.0, "media": 0.0017851012701682115, "referer_leaked": 0.7747339512530038, "referer_leaked_header": 0.720219704771713, "referer_leaked_url": 0.0, "hosts": 8.58063851699279, "trackers": 6.594850669412977, "companies": 3.2589769996567113}