{"id": "ionos.fr", "month": "2019-04", "country": "global", "site": "ionos.fr", "category": "Business", "popularity": 0.00023217900775781232, "cookies": 0.6961749295859959, "bad_qs": 0.008934249977285804, "tracked": 0.6966292134831461, "https": 0.9595990187467821, "requests": 28.16024107332142, "requests_tracking": 4.142645143705139, "content_length": 310022.13589145645, "requests_failed": 9.627911202640904, "has_blocking": 0.41875889639298586, "script": 0.9364002543989824, "iframe": 0.171053030073594, "beacon": 0.008419394893848997, "image": 0.7463884430176565, "stylesheet": 0.851994306308489, "font": 0.48490263181804416, "xhr": 0.7184651261394954, "plugin": 0.00042399830400678397, "media": 0.0009085677943002513, "referer_leaked": 0.8481480359792847, "referer_leaked_header": 0.8392440715951421, "referer_leaked_url": 0.0, "hosts": 7.702958902450105, "trackers": 6.20691117235531, "companies": 5.352524304188497}