{"id": "ionos.de", "month": "2019-04", "country": "global", "site": "ionos.de", "category": "Business", "popularity": 0.0006768342588124481, "cookies": 0.7990753727079113, "bad_qs": 0.029515349851955742, "tracked": 0.7995428808893045, "https": 0.9684795595034024, "requests": 29.381019167835436, "requests_tracking": 5.8986546153446575, "content_length": 279697.7678666043, "requests_failed": 8.215999168874344, "has_blocking": 0.3629525738922653, "script": 0.9017609474832476, "iframe": 0.18066593943171783, "beacon": 0.019718456184094332, "image": 0.740927744013298, "stylesheet": 0.8227624538984988, "font": 0.47048984468339305, "xhr": 0.6942080930860735, "plugin": 0.0006337333125551919, "media": 0.000862292867902966, "referer_leaked": 0.8151576541478365, "referer_leaked_header": 0.8035011168251, "referer_leaked_url": 0.0, "hosts": 7.173580593215937, "trackers": 5.77256246428757, "companies": 5.060890343358786}