{"id": "ipsosinteractive.com", "month": "2019-04", "country": "global", "site": "ipsosinteractive.com", "category": "Business", "popularity": 0.0002402654385679969, "cookies": 0.09663730281834411, "bad_qs": 0.007228774620269835, "tracked": 0.10222716497409932, "https": 0.9203371477069858, "requests": 8.364511691884458, "requests_tracking": 1.0403874857326816, "content_length": 236505.83760133456, "requests_failed": 2.020369340630396, "has_blocking": 0.14615587228189295, "script": 0.8994702800784337, "iframe": 0.01682811905528403, "beacon": 2.9266294009189618e-05, "image": 0.4962978138078375, "stylesheet": 0.45538353478299043, "font": 0.2293892124440282, "xhr": 0.017091515701366737, "plugin": 0.08311627498609851, "media": 0.000380461822119465, "referer_leaked": 0.737920337147707, "referer_leaked_header": 0.7366618865053118, "referer_leaked_url": 0.0, "hosts": 2.5419239661681643, "trackers": 2.369311364101964, "companies": 1.7196581696859727}