{"id": "iqiyi.com", "month": "2019-04", "country": "global", "site": "iqiyi.com", "category": "Entertainment", "popularity": 0.00040477859964197784, "cookies": 0.7994441066620342, "bad_qs": 0.011152610092938418, "tracked": 0.7998262833318857, "https": 0.25034309041952574, "requests": 587.3759402414662, "requests_tracking": 54.725041257708675, "content_length": 137324939.96820986, "requests_failed": 129.97140623642838, "has_blocking": 0.4272214018935117, "script": 0.9787023364891861, "iframe": 0.02954920524624338, "beacon": 0.0016155650134630417, "image": 0.9976895683140797, "stylesheet": 0.895300964127508, "font": 0.6997654824980457, "xhr": 0.5334317727785981, "plugin": 0.04033701033614175, "media": 0.033666290280552416, "referer_leaked": 0.9936940849474507, "referer_leaked_header": 0.9064883175540693, "referer_leaked_url": 0.0, "hosts": 9.25584990879875, "trackers": 3.1121862242682186, "companies": 2.9590376096586466}