{"id": "irecommend.ru", "month": "2019-04", "country": "global", "site": "irecommend.ru", "category": "Reference", "popularity": 0.0003734243431353579, "cookies": 0.8970737769743532, "bad_qs": 0.030825142168493202, "tracked": 0.910499755206568, "https": 0.9983429367679735, "requests": 116.96618084585546, "requests_tracking": 19.375249500998002, "content_length": 370478.4570105073, "requests_failed": 28.907825857718525, "has_blocking": 0.5226716378563627, "script": 0.9937671826159002, "iframe": 0.7773509584604377, "beacon": 0.11077844311377245, "image": 0.9980228222799684, "stylesheet": 0.7413286634278613, "font": 0.4454110646631266, "xhr": 0.9878921402478062, "plugin": 0.0004895868640078333, "media": 9.415132000150643e-05, "referer_leaked": 0.9944262418559108, "referer_leaked_header": 0.9764621699996234, "referer_leaked_url": 0.0, "hosts": 8.684574247730954, "trackers": 8.654521146386472, "companies": 5.804843143900878}