{"id": "irishtimes.com", "month": "2019-04", "country": "global", "site": "irishtimes.com", "category": "News and Portals", "popularity": 0.00026955238145879575, "cookies": 0.9268795325298691, "bad_qs": 0.061642406219022276, "tracked": 0.9269317055355559, "https": 0.9822611780664684, "requests": 102.53672979600354, "requests_tracking": 39.80176866489278, "content_length": 912420.1723535242, "requests_failed": 27.813272812646737, "has_blocking": 0.5436948922627433, "script": 0.9897740908853759, "iframe": 0.8682109876349976, "beacon": 0.25374341315803206, "image": 0.8956018156205979, "stylesheet": 0.9742526216935358, "font": 0.7467783168988366, "xhr": 0.8502113006730317, "plugin": 0.0033651588668023166, "media": 0.006234674179579486, "referer_leaked": 0.9907914644962696, "referer_leaked_header": 0.9848959148536547, "referer_leaked_url": 0.0, "hosts": 20.955157301612147, "trackers": 15.941696666144937, "companies": 9.604502530390775}