{"id": "ismedia.jp", "month": "2019-04", "country": "global", "site": "ismedia.jp", "category": "Business", "popularity": 0.00022175102785215693, "cookies": 0.936421867072552, "bad_qs": 0.1737062404870624, "tracked": 0.9365169964485033, "https": 0.5932902080162354, "requests": 95.0003805175038, "requests_tracking": 25.59722222222222, "content_length": 634941.2500951294, "requests_failed": 41.4912163876205, "has_blocking": 0.507007864028412, "script": 0.9745053272450532, "iframe": 0.7191780821917808, "beacon": 0.015854895991882292, "image": 0.7631278538812786, "stylesheet": 0.9238647894469812, "font": 0.021594368340943682, "xhr": 0.7747336377473364, "plugin": 0.002378234398782344, "media": 0.00872019279553526, "referer_leaked": 0.996765601217656, "referer_leaked_header": 0.9957191780821918, "referer_leaked_url": 0.0, "hosts": 23.039478691019788, "trackers": 18.419520547945204, "companies": 15.27333840690005}