{"id": "it.ua", "month": "2019-04", "country": "global", "site": "it.ua", "category": "Business", "popularity": 0.001373722866034154, "cookies": 0.9997338274587688, "bad_qs": 0.0, "tracked": 0.9997338274587688, "https": 0.999984643891852, "requests": 1.7770497845026156, "requests_tracking": 1.0007370931911017, "content_length": 405.5483103162334, "requests_failed": 0.736545489911037, "has_blocking": 5.118702715983661e-05, "script": 0.00016379848691147717, "iframe": 0.0002354603249352484, "beacon": 0.0, "image": 5.118702715983661e-05, "stylesheet": 0.9997184713506209, "font": 0.006485396341151298, "xhr": 5.1187027159836615e-06, "plugin": 0.0, "media": 0.0, "referer_leaked": 0.0001177301624676242, "referer_leaked_header": 0.0001177301624676242, "referer_leaked_url": 0.0, "hosts": 1.012238818193917, "trackers": 1.012233699491201, "companies": 1.0068027559095423}