{"id": "itc.ua", "month": "2019-04", "country": "global", "site": "itc.ua", "category": "Entertainment", "popularity": 0.0002291975758764921, "cookies": 0.792606227949072, "bad_qs": 0.028163828808099402, "tracked": 0.7945083601779414, "https": 0.9480288387789538, "requests": 71.90504678631692, "requests_tracking": 11.810277649946311, "content_length": 2400127.8991563125, "requests_failed": 22.258935419542876, "has_blocking": 0.5194354962417549, "script": 0.9975763153857954, "iframe": 0.5378739070409572, "beacon": 0.003190673416168124, "image": 0.9952446694278263, "stylesheet": 0.9994170885105077, "font": 0.8204632612363859, "xhr": 0.4490259242215064, "plugin": 0.002208927749654855, "media": 0.0034974689369535205, "referer_leaked": 0.9993250498542722, "referer_leaked_header": 0.975609756097561, "referer_leaked_url": 0.0, "hosts": 12.921245589814388, "trackers": 12.571590734775272, "companies": 6.526092959042798}