{"id": "itch.io", "month": "2019-04", "country": "global", "site": "itch.io", "category": "Entertainment", "popularity": 0.00043605550767997865, "cookies": 0.2704110428458549, "bad_qs": 0.0044184283940464095, "tracked": 0.2727331366003902, "https": 0.9733442987760631, "requests": 15.228177962685244, "requests_tracking": 2.372212278070727, "content_length": 11498783.327286214, "requests_failed": 3.841549352555109, "has_blocking": 0.3641655781852192, "script": 0.9934046087110767, "iframe": 0.3574250560366375, "beacon": 0.0030961250060471193, "image": 0.46969183880799187, "stylesheet": 0.22796832922129232, "font": 0.18989566703755664, "xhr": 0.2549465434666925, "plugin": 0.0035960201893151435, "media": 0.008240207698385823, "referer_leaked": 0.6000516020834341, "referer_leaked_header": 0.5956492993404608, "referer_leaked_url": 0.0, "hosts": 2.8711399222743617, "trackers": 2.6150000806282554, "companies": 1.5006692145195362}