{"id": "itmedia.co.jp", "month": "2019-04", "country": "global", "site": "itmedia.co.jp", "category": "Business", "popularity": 0.0005601435463820022, "cookies": 0.9406477529500377, "bad_qs": 0.3343836304293246, "tracked": 0.9408486065779563, "https": 0.9840697966357017, "requests": 92.99275671604319, "requests_tracking": 35.54388651770022, "content_length": 928365.4083354255, "requests_failed": 33.131094652272154, "has_blocking": 0.4827768014059754, "script": 0.9851117248305298, "iframe": 0.8309189053477278, "beacon": 0.08399447652523223, "image": 0.9657419030881246, "stylesheet": 0.8671604318353, "font": 0.06577956314335928, "xhr": 0.5335048958071805, "plugin": 0.0031257845844840574, "media": 0.004230479538036656, "referer_leaked": 0.9704243032889781, "referer_leaked_header": 0.9231232739141351, "referer_leaked_url": 0.0, "hosts": 17.453113231232738, "trackers": 13.193886517700227, "companies": 10.00661561636957}