{"id": "itsfoss.com", "month": "2019-04", "country": "global", "site": "itsfoss.com", "category": "Entertainment", "popularity": 0.00019947466888983978, "cookies": 0.6350112803158489, "bad_qs": 0.012232092498589961, "tracked": 0.6360688099266779, "https": 0.9853355893965031, "requests": 290.4708121827411, "requests_tracking": 19.64213197969543, "content_length": 2027006.1646926114, "requests_failed": 213.53842357586012, "has_blocking": 0.5135363790186125, "script": 0.9738790186125211, "iframe": 0.34588268471517203, "beacon": 0.006345177664974619, "image": 0.9841723068245911, "stylesheet": 0.9990834743372814, "font": 0.9495910885504795, "xhr": 0.7145375070501974, "plugin": 0.0012337845459672871, "media": 0.10885504794134236, "referer_leaked": 0.9955936266215454, "referer_leaked_header": 0.9882261703327693, "referer_leaked_url": 0.0, "hosts": 18.039939368302313, "trackers": 16.138747884940777, "companies": 10.002855329949238}