{"id": "itv.com", "month": "2019-04", "country": "global", "site": "itv.com", "category": "Entertainment", "popularity": 0.0002925459716755815, "cookies": 0.5879963465051438, "bad_qs": 0.017955004326507068, "tracked": 0.5891260455725411, "https": 0.9908181905586001, "requests": 929.0155513892895, "requests_tracking": 229.10727333910202, "content_length": 194643976.72057974, "requests_failed": 44.89138063647726, "has_blocking": 0.417940582636285, "script": 0.993414094798577, "iframe": 0.19825016825305258, "beacon": 0.008076146524372656, "image": 0.8229256802230555, "stylesheet": 0.9338284780309586, "font": 0.4341409479857706, "xhr": 0.48759734640899915, "plugin": 0.03223247764638015, "media": 0.20308143447745408, "referer_leaked": 0.9924526487837708, "referer_leaked_header": 0.9848812614171715, "referer_leaked_url": 0.0, "hosts": 7.681496971445053, "trackers": 6.269397173348716, "companies": 4.912917027208922}