{"id": "jackpot.de", "month": "2019-04", "country": "global", "site": "jackpot.de", "category": "Entertainment", "popularity": 4.7063027315274174e-05, "cookies": 0.9908860002988197, "bad_qs": 0.14477812640071716, "tracked": 0.9908860002988197, "https": 0.7965038099506948, "requests": 1215.7120872553414, "requests_tracking": 373.65097863439416, "content_length": 30011827.87643807, "requests_failed": 283.1867622889586, "has_blocking": 0.32003585835948006, "script": 0.9953682952338264, "iframe": 0.8985507246376812, "beacon": 0.31854176004781115, "image": 0.9988047213506649, "stylesheet": 0.9769908860002988, "font": 0.8747945614821455, "xhr": 0.9765426565067982, "plugin": 0.007022262064843867, "media": 0.01673390109069177, "referer_leaked": 0.9929777379351561, "referer_leaked_header": 0.9911848199611535, "referer_leaked_url": 0.0, "hosts": 31.033766621843718, "trackers": 25.08606006275213, "companies": 20.881816823546988}