{"id": "jalan.net", "month": "2019-04", "country": "global", "site": "jalan.net", "category": "Recreation", "popularity": 0.00033806906129743786, "cookies": 0.810204251424768, "bad_qs": 0.0697616373393236, "tracked": 0.8104330462997629, "https": 0.9950497108864761, "requests": 56.82077041474271, "requests_tracking": 18.040829485419525, "content_length": 411388.66843462706, "requests_failed": 21.894816756104664, "has_blocking": 0.477931694330047, "script": 0.9753525521028329, "iframe": 0.6988435459045718, "beacon": 0.13773451474686968, "image": 0.9898082282956862, "stylesheet": 0.14902866175797663, "font": 0.08787803153209368, "xhr": 0.32686467823120763, "plugin": 0.0006239860227130913, "media": 0.0, "referer_leaked": 0.9288239943425267, "referer_leaked_header": 0.9142227214110404, "referer_leaked_url": 0.0, "hosts": 13.08290694288448, "trackers": 7.336266067640085, "companies": 5.524876242772162}