{"id": "jalopnik.com", "month": "2019-04", "country": "global", "site": "jalopnik.com", "category": "Entertainment", "popularity": 0.0008488502213424873, "cookies": 0.9911695024768469, "bad_qs": 0.188919630875263, "tracked": 0.9912771914710317, "https": 0.9918901903610067, "requests": 167.40755314037673, "requests_tracking": 38.35059394622177, "content_length": 17398335.672882255, "requests_failed": 60.584171374608594, "has_blocking": 0.4929919316092049, "script": 0.9949717523484485, "iframe": 0.9179989728126708, "beacon": 0.35204360575887605, "image": 0.9976639772030683, "stylesheet": 0.9741132225517322, "font": 0.8368594575788201, "xhr": 0.9358836296161301, "plugin": 0.0032555211318941665, "media": 0.5662452989612154, "referer_leaked": 0.9962060338971819, "referer_leaked_header": 0.9904073957487699, "referer_leaked_url": 0.0, "hosts": 31.743733328915322, "trackers": 25.99969350055501, "companies": 19.94473069467685}