{"id": "japscan.to", "month": "2019-04", "country": "global", "site": "japscan.to", "category": "Entertainment", "popularity": 0.008485267641100799, "cookies": 0.4770974211084593, "bad_qs": 0.0016631861575178999, "tracked": 0.4774587311058075, "https": 0.9998665804826306, "requests": 17.893786462476797, "requests_tracking": 2.2684906191991514, "content_length": 45904.96893894192, "requests_failed": 8.205575444179264, "has_blocking": 0.3790829687085654, "script": 0.9992864956245028, "iframe": 0.9428226929196499, "beacon": 0.0, "image": 0.0401045810129939, "stylesheet": 0.949555820737205, "font": 0.09136005038451339, "xhr": 0.10798445372580218, "plugin": 0.007240287722089632, "media": 8.286926544683108e-07, "referer_leaked": 0.8836208896844339, "referer_leaked_header": 0.8835438212675683, "referer_leaked_url": 0.0, "hosts": 6.784574714929727, "trackers": 6.223419683107929, "companies": 6.142077698223283}