{"id": "javarchive.com", "month": "2019-04", "country": "global", "site": "javarchive.com", "category": "Adult", "popularity": 0.0005524579212728442, "cookies": 0.9557829623124212, "bad_qs": 0.010895159545356192, "tracked": 0.956075706085252, "https": 0.003932948948031616, "requests": 25.616900225285423, "requests_tracking": 17.484198200262195, "content_length": 3067210.1950564487, "requests_failed": 6.9085748469459185, "has_blocking": 0.35605279570303056, "script": 0.9389056474092176, "iframe": 0.28839080020873903, "beacon": 0.1089134114831927, "image": 0.972851197067471, "stylesheet": 0.12174322552725698, "font": 0.025519620196774728, "xhr": 0.002571054004862092, "plugin": 0.0057912355060012475, "media": 0.0003818397036923899, "referer_leaked": 0.9780442170376876, "referer_leaked_header": 0.9780314890475645, "referer_leaked_url": 0.0, "hosts": 4.143037153003169, "trackers": 3.9382565199129407, "companies": 3.2887599119223085}