{"id": "java.com", "month": "2019-04", "country": "global", "site": "java.com", "category": "Business", "popularity": 0.0002540264343032414, "cookies": 0.4780490505453136, "bad_qs": 0.01079554891214084, "tracked": 0.4813707579028954, "https": 0.9917787742899851, "requests": 69.19290815479157, "requests_tracking": 2.959696617394674, "content_length": 36626.649753640035, "requests_failed": 10.076150141172564, "has_blocking": 0.40762885456457953, "script": 0.9783535403864253, "iframe": 0.8119636826662238, "beacon": 0.06311243979405415, "image": 0.895504622709406, "stylesheet": 0.14723467862481315, "font": 0.018490837623872002, "xhr": 0.90023805569396, "plugin": 0.002408237834246803, "media": 8.304268393954493e-05, "referer_leaked": 0.9489010684825333, "referer_leaked_header": 0.9448873387587887, "referer_leaked_url": 0.0, "hosts": 8.708104965952499, "trackers": 6.549825610363727, "companies": 5.886120799424237}