{"id": "javcl.com", "month": "2019-04", "country": "global", "site": "javcl.com", "category": "Adult", "popularity": 0.00031412619442032616, "cookies": 0.5811564031965617, "bad_qs": 0.005820070288541177, "tracked": 0.5819174893112171, "https": 0.9995299173997717, "requests": 31.95028316880442, "requests_tracking": 13.054171423454884, "content_length": 3276215870.814004, "requests_failed": 11.165760078794797, "has_blocking": 0.5284399973138137, "script": 0.9983211335706131, "iframe": 0.527499832113357, "beacon": 0.0074765518322028966, "image": 0.514628522821391, "stylesheet": 0.08430147964094643, "font": 0.040516643162536656, "xhr": 0.4222013296622121, "plugin": 0.008886799632887875, "media": 0.3269536409016632, "referer_leaked": 0.6931927562509793, "referer_leaked_header": 0.692163051507622, "referer_leaked_url": 0.0, "hosts": 8.458823002708572, "trackers": 5.293309157656751, "companies": 4.68620867190473}