{"id": "javfinder.is", "month": "2019-04", "country": "global", "site": "javfinder.is", "category": "News and Portals", "popularity": 0.00034600079517038414, "cookies": 0.9673210584075113, "bad_qs": 0.01692882981750193, "tracked": 0.9675242856562208, "https": 0.9819534203145958, "requests": 89.84772182254197, "requests_tracking": 39.200666585375764, "content_length": 1560347980.6451042, "requests_failed": 35.95587936430517, "has_blocking": 0.5130268666422794, "script": 0.9986993456082591, "iframe": 0.9007031662805349, "beacon": 0.04783969434621794, "image": 0.9992887046295167, "stylesheet": 0.9873795878551396, "font": 0.3744665284721375, "xhr": 0.5030687314555136, "plugin": 0.0017071088891598585, "media": 0.3888143722310287, "referer_leaked": 0.9958135186765842, "referer_leaked_header": 0.994248668861521, "referer_leaked_url": 0.0, "hosts": 20.186908100638135, "trackers": 11.350201194976222, "companies": 10.508698126244767}