{"id": "javmost.com", "month": "2019-04", "country": "global", "site": "javmost.com", "category": "Adult", "popularity": 0.00026666939308299083, "cookies": 0.9512182259255353, "bad_qs": 0.030350174032275076, "tracked": 0.9512182259255353, "https": 0.40718278662588336, "requests": 91.89964138803924, "requests_tracking": 38.38943676827339, "content_length": 1727201190.984126, "requests_failed": 37.48336145976163, "has_blocking": 0.4615810568505432, "script": 0.99628203775973, "iframe": 0.5646556270435608, "beacon": 0.023415251555743064, "image": 0.9729458917835672, "stylesheet": 0.31824174665119714, "font": 0.2199926168125725, "xhr": 0.3697131104313891, "plugin": 0.004930914460499947, "media": 0.22727033013395212, "referer_leaked": 0.9266427592026157, "referer_leaked_header": 0.9229511654888725, "referer_leaked_url": 0.0, "hosts": 14.504403543929966, "trackers": 10.781615863305559, "companies": 9.070746756671237}