{"id": "javqd.com", "month": "2019-04", "country": "global", "site": "javqd.com", "category": "Adult", "popularity": 0.00015602592456276986, "cookies": 0.9716976880436252, "bad_qs": 0.02388570913515706, "tracked": 0.971742755419352, "https": 0.9921582766235522, "requests": 100.86295011041507, "requests_tracking": 46.3337239172563, "content_length": 2201730138.1568346, "requests_failed": 35.84469782324575, "has_blocking": 0.9531749966199469, "script": 0.9987831808553788, "iframe": 0.9298300959935103, "beacon": 0.06232818063004191, "image": 0.9991887872369192, "stylesheet": 0.9798098156744333, "font": 0.45148497003019517, "xhr": 0.5717247284690612, "plugin": 0.004957411329938257, "media": 0.4178196403623417, "referer_leaked": 0.9980621028437514, "referer_leaked_header": 0.9944567127856145, "referer_leaked_url": 0.0, "hosts": 20.266753796926405, "trackers": 11.674568479877417, "companies": 10.74496372076254}