{"id": "jd.com", "month": "2019-04", "country": "global", "site": "jd.com", "category": "E-Commerce", "popularity": 0.002137285853205573, "cookies": 0.5177051564232392, "bad_qs": 0.009310711265960631, "tracked": 0.5179880967655971, "https": 0.7406325361653687, "requests": 135.54406466831824, "requests_tracking": 3.905155765238476, "content_length": 3753078.8385726647, "requests_failed": 26.552895039002998, "has_blocking": 0.20929689324924083, "script": 0.9894522472372191, "iframe": 0.0480143180973249, "beacon": 0.0, "image": 0.9815595276870285, "stylesheet": 0.9617833137578097, "font": 0.5472757122036118, "xhr": 0.10660599899325879, "plugin": 0.0017075120660896, "media": 0.11934489440732224, "referer_leaked": 0.904323394231307, "referer_leaked_header": 0.8417014584587648, "referer_leaked_url": 0.0, "hosts": 4.577754309082714, "trackers": 2.9728475971455923, "companies": 2.2453290168481104}