{"id": "jeanmarcmorandini.com", "month": "2019-04", "country": "global", "site": "jeanmarcmorandini.com", "category": "News and Portals", "popularity": 0.0018241229988035035, "cookies": 0.9878958425688569, "bad_qs": 0.0631729082743866, "tracked": 0.9879613746313821, "https": 0.9989476321723879, "requests": 85.89471310448509, "requests_tracking": 24.680442534163404, "content_length": 953757.2360387796, "requests_failed": 30.174057012894398, "has_blocking": 0.4328354181523813, "script": 0.9976408457490893, "iframe": 0.8757203708343774, "beacon": 0.00439064818919492, "image": 0.8620318794210049, "stylesheet": 0.9976601198851262, "font": 0.1772372453404776, "xhr": 0.931214463311682, "plugin": 0.0037006341190756126, "media": 0.0015573501917776535, "referer_leaked": 0.9982383439662317, "referer_leaked_header": 0.9976408457490893, "referer_leaked_url": 0.0, "hosts": 22.54936298980398, "trackers": 16.800786384750303, "companies": 12.595536110093866}