{"id": "jetztspielen.de", "month": "2019-04", "country": "global", "site": "jetztspielen.de", "category": "Entertainment", "popularity": 0.00017522943981721685, "cookies": 0.967736757624398, "bad_qs": 0.09028892455858747, "tracked": 0.9680176565008025, "https": 0.17596308186195828, "requests": 602.1688603531301, "requests_tracking": 140.38727929373997, "content_length": 16900813.932142857, "requests_failed": 191.10473515248796, "has_blocking": 0.4241573033707865, "script": 0.9947030497592295, "iframe": 0.9662520064205458, "beacon": 0.22170947030497593, "image": 0.9777287319422151, "stylesheet": 0.9553772070626003, "font": 0.49763242375601924, "xhr": 0.9717897271268058, "plugin": 0.39185393258426965, "media": 0.15525682182985553, "referer_leaked": 0.9951444622792938, "referer_leaked_header": 0.993298555377207, "referer_leaked_url": 0.0, "hosts": 34.65164526484751, "trackers": 22.710152487961476, "companies": 15.556861958266452}