{"id": "jhu.edu", "month": "2019-04", "country": "global", "site": "jhu.edu", "category": "Reference", "popularity": 0.00022999215559957981, "cookies": 0.3897517426929192, "bad_qs": 0.008682891035832212, "tracked": 0.3903632138926257, "https": 0.963464595817537, "requests": 13.66323223676165, "requests_tracking": 2.5923015775956952, "content_length": 1908982.7732970526, "requests_failed": 3.736517060046472, "has_blocking": 0.2994068729362847, "script": 0.9722697810933105, "iframe": 0.18331906567200684, "beacon": 0.02189066894949248, "image": 0.4922954628836982, "stylesheet": 0.5005808976397211, "font": 0.26229057111410053, "xhr": 0.20160205454323102, "plugin": 0.0003363091598385716, "media": 0.007307080836492601, "referer_leaked": 0.7807570013452366, "referer_leaked_header": 0.767793811911459, "referer_leaked_url": 0.0, "hosts": 3.4906139170845054, "trackers": 3.144826953650483, "companies": 2.1549162284456402}