{"id": "jigidi.com", "month": "2019-04", "country": "global", "site": "jigidi.com", "category": "Business", "popularity": 0.00019188748728619706, "cookies": 0.1503902671406061, "bad_qs": 0.0222067499725164, "tracked": 0.1524057312470226, "https": 0.9989006559419547, "requests": 11.566785151526256, "requests_tracking": 2.206566748506724, "content_length": 128855.79706108688, "requests_failed": 4.009857451720474, "has_blocking": 0.37663527428634247, "script": 0.992158012385943, "iframe": 0.0768441496573711, "beacon": 0.0018688848986771226, "image": 0.37161493642126864, "stylesheet": 0.9029279196745942, "font": 0.16098061489977647, "xhr": 0.0480413353365825, "plugin": 0.20949833266151197, "media": 0.0013192128696544396, "referer_leaked": 0.9732492945875627, "referer_leaked_header": 0.973176004983693, "referer_leaked_url": 0.0, "hosts": 5.375389351020558, "trackers": 5.1568763970830735, "companies": 2.1369416248305177}