{"id": "jimdo.com", "month": "2019-04", "country": "global", "site": "jimdo.com", "category": "Business", "popularity": 0.00048681016645207625, "cookies": 0.5234360329910012, "bad_qs": 0.01844549407057532, "tracked": 0.5251838049428724, "https": 0.9330791119585157, "requests": 96.66399445335182, "requests_tracking": 8.254568040328754, "content_length": 5905322.050396498, "requests_failed": 22.682656613366845, "has_blocking": 0.27015354393263136, "script": 0.986277823518366, "iframe": 0.3953864598229117, "beacon": 0.014978838959425691, "image": 0.9837356097701897, "stylesheet": 0.9001747771951871, "font": 0.5739769756323034, "xhr": 0.23502477213964842, "plugin": 0.0037410986407823087, "media": 0.10113966286779044, "referer_leaked": 0.9866389334257775, "referer_leaked_header": 0.9838800537331542, "referer_leaked_url": 0.0, "hosts": 9.450809608412417, "trackers": 7.551111496295013, "companies": 5.389377590963585}