{"id": "jira.com", "month": "2019-04", "country": "global", "site": "jira.com", "category": "Business", "popularity": 0.00032268374772119105, "cookies": 0.9701677925473959, "bad_qs": 0.006297668337328394, "tracked": 0.9701677925473959, "https": 0.9503159729788625, "requests": 144.11810852037482, "requests_tracking": 20.567204183918065, "content_length": 2495365.4363695793, "requests_failed": 21.248812377424276, "has_blocking": 0.13660928306820658, "script": 0.9973850512094138, "iframe": 0.5612551754194813, "beacon": 0.00013074743952930923, "image": 0.9775332316408804, "stylesheet": 0.9480496840270212, "font": 0.4670298539986925, "xhr": 0.971279145783395, "plugin": 0.0006319459577249945, "media": 0.00039224231858792763, "referer_leaked": 0.9989758117236871, "referer_leaked_header": 0.9798431030725648, "referer_leaked_url": 0.0, "hosts": 7.182937459141425, "trackers": 4.194748311178906, "companies": 4.071780344301591}