{"id": "jkforum.net", "month": "2019-04", "country": "global", "site": "jkforum.net", "category": "Adult", "popularity": 0.0003324648131620317, "cookies": 0.9612106342928449, "bad_qs": 0.026776083416171402, "tracked": 0.9628603455933673, "https": 0.9015037753008608, "requests": 103.69084833231108, "requests_tracking": 9.713838539793997, "content_length": 175081915.37795308, "requests_failed": 34.68801421289736, "has_blocking": 0.4325204627651699, "script": 0.9967851779784691, "iframe": 0.9203274042427191, "beacon": 0.010575072439246208, "image": 0.9768194412131723, "stylesheet": 0.9883251200270722, "font": 0.04136968338233117, "xhr": 0.2671263298153592, "plugin": 0.011082675916330028, "media": 0.09684651339861677, "referer_leaked": 0.9906304858188278, "referer_leaked_header": 0.9864427571328863, "referer_leaked_url": 0.0, "hosts": 13.322264757513588, "trackers": 8.489435502633192, "companies": 4.42213574162983}