{"id": "jobvite.com", "month": "2019-04", "country": "global", "site": "jobvite.com", "category": "Business", "popularity": 0.00026406767186580105, "cookies": 0.5485168024711082, "bad_qs": 0.024151887948021516, "tracked": 0.5572508920487831, "https": 0.7630611918836875, "requests": 58.0153379134047, "requests_tracking": 6.537918730361612, "content_length": 889471.9182776802, "requests_failed": 14.772674016083506, "has_blocking": 0.35471587580550673, "script": 0.9631197741918305, "iframe": 0.6803802524364915, "beacon": 0.002742717153964957, "image": 0.9067742450870746, "stylesheet": 0.9797891036906854, "font": 0.7040794589124993, "xhr": 0.5329392341694627, "plugin": 0.0014379293816903658, "media": 0.012914736113330138, "referer_leaked": 0.9550780209831177, "referer_leaked_header": 0.8300846780635884, "referer_leaked_url": 0.0, "hosts": 7.24974703094211, "trackers": 6.077248761783032, "companies": 4.937316930287054}