{"id": "jochen-schweizer.de", "month": "2019-04", "country": "global", "site": "jochen-schweizer.de", "category": "Business", "popularity": 4.297762183638962e-05, "cookies": 0.7112238219895288, "bad_qs": 0.1261452879581152, "tracked": 0.7133507853403142, "https": 0.9468259162303665, "requests": 49.80137434554974, "requests_tracking": 15.682918848167539, "content_length": 376004.93079188484, "requests_failed": 14.583278795811518, "has_blocking": 0.38399869109947643, "script": 0.993946335078534, "iframe": 0.7732329842931938, "beacon": 0.23151178010471204, "image": 0.6518324607329843, "stylesheet": 0.38972513089005234, "font": 0.019797120418848166, "xhr": 0.756871727748691, "plugin": 0.0013089005235602095, "media": 0.005235602094240838, "referer_leaked": 0.9088678010471204, "referer_leaked_header": 0.9011780104712042, "referer_leaked_url": 0.0, "hosts": 15.291230366492147, "trackers": 13.390215968586388, "companies": 10.158867801047121}