{"id": "jofogas.hu", "month": "2019-04", "country": "global", "site": "jofogas.hu", "category": "E-Commerce", "popularity": 0.001174262260502245, "cookies": 0.860924812570361, "bad_qs": 0.015413542839349445, "tracked": 0.8611224220939424, "https": 0.9326989868020791, "requests": 45.960112817073465, "requests_tracking": 6.306803755778581, "content_length": 211183.51526982684, "requests_failed": 18.856307935519414, "has_blocking": 0.5394320822055618, "script": 0.999245490909962, "iframe": 0.9659812211070924, "beacon": 0.1941184219981317, "image": 0.9771371769383698, "stylesheet": 0.9950837145799899, "font": 0.3102229993532779, "xhr": 0.9640709957124721, "plugin": 0.0010120002874320342, "media": 2.3952669525018563e-05, "referer_leaked": 0.9966705789360224, "referer_leaked_header": 0.984149320941819, "referer_leaked_url": 0.0, "hosts": 16.93928597092146, "trackers": 13.805001317396824, "companies": 11.450184435555343}