{"id": "johnlewis.com", "month": "2019-04", "country": "global", "site": "johnlewis.com", "category": "Business", "popularity": 0.00046997632700896156, "cookies": 0.7959214207699328, "bad_qs": 0.061597618085790805, "tracked": 0.7961907326780077, "https": 0.9648547959962296, "requests": 134.4512470637521, "requests_tracking": 15.926403040232207, "content_length": 25078206.10171013, "requests_failed": 33.3097086942861, "has_blocking": 0.44240465610365515, "script": 0.9966934482397475, "iframe": 0.7454403997785658, "beacon": 0.05695946855783473, "image": 0.9836767060161288, "stylesheet": 0.33886918922153897, "font": 0.05663030955907656, "xhr": 0.4878734832502955, "plugin": 0.0010323623142869968, "media": 0.06508371111809327, "referer_leaked": 0.990888280443467, "referer_leaked_header": 0.9775124556757485, "referer_leaked_url": 0.0, "hosts": 16.767494052695362, "trackers": 15.000673279770186, "companies": 13.358199799512246}