{"id": "joinhoney.com", "month": "2019-04", "country": "global", "site": "joinhoney.com", "category": "Business", "popularity": 0.00020447419263422347, "cookies": 0.9766154269404037, "bad_qs": 0.022387289796760548, "tracked": 0.977131263110836, "https": 0.9975239863819251, "requests": 59.65507754737096, "requests_tracking": 15.682829533340211, "content_length": 1266655.7682863923, "requests_failed": 20.20722858420166, "has_blocking": 0.42865985762921693, "script": 0.9940506895010145, "iframe": 0.8891640015131195, "beacon": 0.009250661989752055, "image": 0.9733828536056949, "stylesheet": 0.8782970528560129, "font": 0.8915024588190791, "xhr": 0.6048694934488806, "plugin": 0.0013411740431239039, "media": 0.011245228515423502, "referer_leaked": 0.9903366690739022, "referer_leaked_header": 0.8611025138416039, "referer_leaked_url": 0.0, "hosts": 14.449086969978335, "trackers": 12.310361429210083, "companies": 8.512603597097561}