{"id": "jooble.org", "month": "2019-04", "country": "global", "site": "jooble.org", "category": "Business", "popularity": 0.0005835660690156759, "cookies": 0.51616440336904, "bad_qs": 0.05668084491089395, "tracked": 0.5265751708016532, "https": 0.9982407730958779, "requests": 31.017411526551072, "requests_tracking": 2.1962501958043643, "content_length": 143589.6089093998, "requests_failed": 24.076285380342448, "has_blocking": 0.5300695256112109, "script": 0.9958790712245906, "iframe": 0.5610246894241544, "beacon": 0.043510742128664556, "image": 0.4912942367244641, "stylesheet": 0.3226976419129785, "font": 0.1411839838054729, "xhr": 0.42519068332710774, "plugin": 0.0009157619500909737, "media": 7.229699605981372e-05, "referer_leaked": 0.7840488727693364, "referer_leaked_header": 0.7746020652841874, "referer_leaked_url": 0.0, "hosts": 9.902314708823848, "trackers": 8.722632574616524, "companies": 5.316166813268909}