{"id": "journaldesfemmes.fr", "month": "2019-04", "country": "global", "site": "journaldesfemmes.fr", "category": "Entertainment", "popularity": 0.0005292604123660626, "cookies": 0.6686772599245363, "bad_qs": 0.026611574639953235, "tracked": 0.668810118509858, "https": 0.989942605091141, "requests": 76.9041691024074, "requests_tracking": 11.811154806823616, "content_length": 1123467.5834617633, "requests_failed": 24.601650103629698, "has_blocking": 0.3302731572514216, "script": 0.9899558909496732, "iframe": 0.6421586862943084, "beacon": 0.1548201094754743, "image": 0.9990168464686188, "stylesheet": 0.9990965616198119, "font": 0.5655391401392358, "xhr": 0.6751076154541107, "plugin": 0.007944943402242654, "media": 0.0013020141361534782, "referer_leaked": 0.9963729606207153, "referer_leaked_header": 0.987710580857735, "referer_leaked_url": 0.0, "hosts": 17.38223414997077, "trackers": 15.826260827974703, "companies": 12.105728862199076}