{"id": "journaldunet.com", "month": "2019-04", "country": "global", "site": "journaldunet.com", "category": "Business", "popularity": 0.0003741978278215494, "cookies": 0.7086778412507516, "bad_qs": 0.0910628382441371, "tracked": 0.7089785027059531, "https": 0.9391348466626579, "requests": 80.65965123271197, "requests_tracking": 19.09818475646422, "content_length": 736944.0256689717, "requests_failed": 24.2083583884546, "has_blocking": 0.40482185808779314, "script": 0.9948699639206253, "iframe": 0.7171903187011425, "beacon": 0.009884245339747444, "image": 0.9974819603126879, "stylesheet": 0.997707456404089, "font": 0.7011425135297655, "xhr": 0.7469370114251352, "plugin": 0.0005073662056524354, "media": 0.0035327720986169575, "referer_leaked": 0.9991731809981961, "referer_leaked_header": 0.9971061334936862, "referer_leaked_url": 0.0, "hosts": 20.021797955502105, "trackers": 17.625977149729405, "companies": 13.820354780517137}