{"id": "jpc.de", "month": "2019-04", "country": "global", "site": "jpc.de", "category": "Entertainment", "popularity": 0.00019338523490582254, "cookies": 0.35528325212711803, "bad_qs": 0.023234673841902406, "tracked": 0.35597411097374737, "https": 0.9984728383390299, "requests": 9.574140062540906, "requests_tracking": 2.359682932150389, "content_length": 256904.43709548397, "requests_failed": 3.8576103556105013, "has_blocking": 0.4439677114391681, "script": 0.9856737691804233, "iframe": 0.09795651225365427, "beacon": 0.01225365427968875, "image": 0.3708093956803142, "stylesheet": 0.06883135771943859, "font": 0.03679732383099411, "xhr": 0.07330375972656535, "plugin": 0.0009090247981964948, "media": 0.06675878117955057, "referer_leaked": 0.6829685113809905, "referer_leaked_header": 0.6761326448985528, "referer_leaked_url": 0.0, "hosts": 4.7022398371027565, "trackers": 3.506544978547015, "companies": 1.6532979419678568}