{"id": "jquery.com", "month": "2019-04", "country": "global", "site": "jquery.com", "category": "Reference", "popularity": 0.000295049249387256, "cookies": 0.2136796949475691, "bad_qs": 0.002669208770257388, "tracked": 0.2146329837940896, "https": 0.7009294566253574, "requests": 14.057626310772164, "requests_tracking": 1.0177311725452811, "content_length": 115817.02390371783, "requests_failed": 4.584366062917064, "has_blocking": 0.28794089609151574, "script": 0.9892278360343184, "iframe": 0.05753098188751191, "beacon": 2.383222116301239e-05, "image": 0.9286224976167778, "stylesheet": 0.9514061010486178, "font": 0.725, "xhr": 0.09418493803622498, "plugin": 0.0003574833174451859, "media": 0.00023832221163012392, "referer_leaked": 0.9878693994280267, "referer_leaked_header": 0.9598427073403241, "referer_leaked_url": 0.0, "hosts": 3.3964728312678742, "trackers": 3.323546234509056, "companies": 3.086034318398475}