{"id": "jsfiddle.net", "month": "2019-04", "country": "global", "site": "jsfiddle.net", "category": "Business", "popularity": 0.0002831938386516289, "cookies": 0.937602423399712, "bad_qs": 0.005412921487808512, "tracked": 0.9376272533147937, "https": 0.5308635844465412, "requests": 42.737026369369815, "requests_tracking": 25.992302726324677, "content_length": 471023.4917068084, "requests_failed": 7.313701147142077, "has_blocking": 0.025127874062670707, "script": 0.9911108904007548, "iframe": 0.9392660277101852, "beacon": 0.0001241495754084521, "image": 0.8429756170233897, "stylesheet": 0.7660028802701495, "font": 0.07245369220837265, "xhr": 0.04938670109748225, "plugin": 0.00047176838655211797, "media": 0.011645230173312808, "referer_leaked": 0.7035804737547797, "referer_leaked_header": 0.10890400754829418, "referer_leaked_url": 0.0, "hosts": 4.5584247901872175, "trackers": 2.561900978298654, "companies": 2.4308983463276554}