{"id": "justporno.sex", "month": "2019-04", "country": "global", "site": "justporno.sex", "category": "Adult", "popularity": 7.681406101778799e-05, "cookies": 0.7045038447455144, "bad_qs": 0.16450018308311973, "tracked": 0.7059685097034053, "https": 0.6082936653240572, "requests": 14.397656536067375, "requests_tracking": 3.8686378615891615, "content_length": 103807806.70624313, "requests_failed": 6.068290003661662, "has_blocking": 0.3852068839253021, "script": 0.9847125595020139, "iframe": 0.8945441230318565, "beacon": 0.007506407909190773, "image": 0.9881911387770047, "stylesheet": 0.8995789088246063, "font": 0.2030391797876236, "xhr": 0.7976016111314537, "plugin": 0.00027462467960454045, "media": 0.7357195166605639, "referer_leaked": 0.6934273160014647, "referer_leaked_header": 0.2099047967777371, "referer_leaked_url": 0.0, "hosts": 5.214115708531673, "trackers": 4.260801904064445, "companies": 4.046960820212377}