{"id": "justwatch.com", "month": "2019-04", "country": "global", "site": "justwatch.com", "category": "Entertainment", "popularity": 0.00024912535406437303, "cookies": 0.9635326992012193, "bad_qs": 0.025007762002879, "tracked": 0.9635326992012193, "https": 0.9936774958367439, "requests": 50.665443563182706, "requests_tracking": 11.946964351237687, "content_length": 559674.9725930735, "requests_failed": 15.871715261508934, "has_blocking": 0.5057721075954726, "script": 0.9909114002653193, "iframe": 0.34514098619774763, "beacon": 0.03305201953202179, "image": 0.9613311129300856, "stylesheet": 0.9782946174038217, "font": 0.9620367495554489, "xhr": 0.9673431369781818, "plugin": 0.0015806260408140224, "media": 0.00028225465014536117, "referer_leaked": 0.977673657173502, "referer_leaked_header": 0.9620649750204635, "referer_leaked_url": 0.0, "hosts": 12.371842276101498, "trackers": 10.58632758474696, "companies": 5.071777357531965}