{"id": "jutarnji.hr", "month": "2019-04", "country": "global", "site": "jutarnji.hr", "category": "News and Portals", "popularity": 0.0004781401062877653, "cookies": 0.9864848966146064, "bad_qs": 0.05167799052913321, "tracked": 0.9865878408188477, "https": 0.9902791258566428, "requests": 85.06476661078267, "requests_tracking": 31.192990970322658, "content_length": 1170404.633195094, "requests_failed": 25.74466896085179, "has_blocking": 0.5245889584987794, "script": 0.995191035030442, "iframe": 0.9010412070943263, "beacon": 0.5534427483161269, "image": 0.9759404688373188, "stylesheet": 0.995764581311215, "font": 0.6391952704491308, "xhr": 0.4562340068825554, "plugin": 0.0005000147063148916, "media": 0.00870613841583576, "referer_leaked": 0.9987205506044295, "referer_leaked_header": 0.9974411012088591, "referer_leaked_url": 0.0, "hosts": 21.069090267360806, "trackers": 15.2772728609665, "companies": 9.372363893055677}