{"id": "jw.org", "month": "2019-04", "country": "global", "site": "jw.org", "category": "Reference", "popularity": 0.0006423720002031311, "cookies": 0.1799592792871686, "bad_qs": 0.0016966963679751297, "tracked": 0.1801015828535149, "https": 0.9965956608358693, "requests": 33.00981894607789, "requests_tracking": 1.540020141427852, "content_length": 55202048.11069028, "requests_failed": 5.985277054097248, "has_blocking": 0.004772642686691333, "script": 0.8149396851807256, "iframe": 0.016135035138034458, "beacon": 3.283928454145412e-05, "image": 0.488911268253169, "stylesheet": 0.9865468397661843, "font": 0.22350417058913677, "xhr": 0.5303544453444841, "plugin": 0.001959410644306763, "media": 0.07832169363136808, "referer_leaked": 0.8210587385336164, "referer_leaked_header": 0.8100247389276879, "referer_leaked_url": 0.0, "hosts": 2.1583729229152526, "trackers": 2.13504608446264, "companies": 2.080149747137509}