{"id": "k12.com", "month": "2019-04", "country": "global", "site": "k12.com", "category": "Business", "popularity": 0.0003906378932426029, "cookies": 0.3730784461964935, "bad_qs": 0.015660438492277783, "tracked": 0.3822047017316485, "https": 0.9879756633185729, "requests": 64.91757569211939, "requests_tracking": 6.304874536487022, "content_length": 1876112.3235050582, "requests_failed": 15.116013248370955, "has_blocking": 0.3313892788998092, "script": 0.9922777837779457, "iframe": 0.2614213197969543, "beacon": 0.009126255535154984, "image": 0.6907513410375491, "stylesheet": 0.8992511790330129, "font": 0.4695071462000936, "xhr": 0.6260935306188573, "plugin": 0.010926305936566225, "media": 0.03555099542787198, "referer_leaked": 0.9082874320480974, "referer_leaked_header": 0.9051193433416136, "referer_leaked_url": 0.0, "hosts": 5.701047629333622, "trackers": 5.1428880008640245, "companies": 3.7378406595384672}