{"id": "kachelmannwetter.com", "month": "2019-04", "country": "global", "site": "kachelmannwetter.com", "category": "News and Portals", "popularity": 0.0001501263459108178, "cookies": 0.7005152224824356, "bad_qs": 0.13175644028103045, "tracked": 0.7014988290398126, "https": 0.9956440281030445, "requests": 72.11709601873537, "requests_tracking": 21.865901639344262, "content_length": 428235.1905854801, "requests_failed": 36.01288056206089, "has_blocking": 0.4207025761124122, "script": 0.9889929742388759, "iframe": 0.23058548009367683, "beacon": 0.062482435597189696, "image": 0.6830913348946136, "stylesheet": 0.11639344262295082, "font": 0.04674473067915691, "xhr": 0.6914754098360656, "plugin": 0.0016861826697892272, "media": 0.016908665105386418, "referer_leaked": 0.7460421545667447, "referer_leaked_header": 0.7383606557377049, "referer_leaked_url": 0.0, "hosts": 15.829367681498828, "trackers": 13.894285714285715, "companies": 11.419812646370023}