{"id": "kaggle.com", "month": "2019-04", "country": "global", "site": "kaggle.com", "category": "Business", "popularity": 0.0004910783955840606, "cookies": 0.9576018786334087, "bad_qs": 0.03068530026633065, "tracked": 0.9589335318880838, "https": 0.957143675362983, "requests": 71.4520604828317, "requests_tracking": 6.5697614479223345, "content_length": 1515501.0875168247, "requests_failed": 23.448681233712307, "has_blocking": 0.4822589421231994, "script": 0.9852229445287666, "iframe": 0.30411810189295224, "beacon": 0.0160514333171053, "image": 0.9258569833042183, "stylesheet": 0.9921389501417567, "font": 0.5902087688650878, "xhr": 0.5720667831266646, "plugin": 0.00020046393081130616, "media": 0.0006443483490363413, "referer_leaked": 0.618918067527707, "referer_leaked_header": 0.2599730805578625, "referer_leaked_url": 0.0, "hosts": 11.114765600389473, "trackers": 10.224848936109282, "companies": 4.841232566797445}