{"id": "kahoot.it", "month": "2019-04", "country": "global", "site": "kahoot.it", "category": "Entertainment", "popularity": 0.0003485532946348163, "cookies": 0.5314006738082269, "bad_qs": 0.007141560249349392, "tracked": 0.5321672819705865, "https": 0.9832960116201658, "requests": 29.03492101918538, "requests_tracking": 5.727874276261373, "content_length": 550179.6359014707, "requests_failed": 8.69908612237487, "has_blocking": 0.5097742540700841, "script": 0.9990518267465553, "iframe": 0.3870160785975105, "beacon": 0.0006052169702838468, "image": 0.5740079485162097, "stylesheet": 0.9476890798684662, "font": 0.7885170166838145, "xhr": 0.7713490286267627, "plugin": 0.0014928685267001553, "media": 0.0005446952732554621, "referer_leaked": 0.7836349331235248, "referer_leaked_header": 0.6600496277915633, "referer_leaked_url": 0.0, "hosts": 7.351167060057698, "trackers": 7.189493433395873, "companies": 3.4872400088765154}