{"id": "kakaku.com", "month": "2019-04", "country": "global", "site": "kakaku.com", "category": "E-Commerce", "popularity": 0.001370185931514569, "cookies": 0.8420550244022601, "bad_qs": 0.04809631579757671, "tracked": 0.8421422669725288, "https": 0.9939340754083722, "requests": 216.49439338188125, "requests_tracking": 20.39807758430455, "content_length": 1115194.4068480285, "requests_failed": 59.54263852323988, "has_blocking": 0.51597308823303, "script": 0.9896130022221196, "iframe": 0.7179088469098168, "beacon": 0.021554046772281496, "image": 0.9977727485001976, "stylesheet": 0.9858513078687666, "font": 0.25673435663736344, "xhr": 0.5402213908518467, "plugin": 0.0014985194422633802, "media": 0.00018988088823200365, "referer_leaked": 0.9831057328632499, "referer_leaked_header": 0.9060140922410563, "referer_leaked_url": 0.0, "hosts": 15.633499094216845, "trackers": 12.490190342760663, "companies": 8.795544470617216}