{"id": "kali.org", "month": "2019-04", "country": "global", "site": "kali.org", "category": "Business", "popularity": 0.0001331518728883956, "cookies": 0.3975496408956485, "bad_qs": 0.03179129700042248, "tracked": 0.400559780312632, "https": 0.9818335445711872, "requests": 26.01325517532742, "requests_tracking": 3.9804076890578792, "content_length": 3551779.6045099283, "requests_failed": 7.402460920997043, "has_blocking": 0.3028622729193071, "script": 0.906263202365864, "iframe": 0.4928179129700042, "beacon": 0.003907900295732995, "image": 0.4875369666244191, "stylesheet": 0.8655471060414026, "font": 0.6508766370933672, "xhr": 0.29731727925644275, "plugin": 0.0016899028305872412, "media": 0.0009505703422053232, "referer_leaked": 0.9651457541191382, "referer_leaked_header": 0.9614490916772286, "referer_leaked_url": 0.0, "hosts": 4.0694972539079, "trackers": 3.597433460076046, "companies": 1.9189374735952682}