{"id": "kapu.hu", "month": "2019-04", "country": "global", "site": "kapu.hu", "category": "News and Portals", "popularity": 0.0004792933016380873, "cookies": 0.9812798920219478, "bad_qs": 0.0074088201637275905, "tracked": 0.9812798920219478, "https": 0.9792259616795281, "requests": 33.48579853877527, "requests_tracking": 15.35742789237405, "content_length": 191586.89049617088, "requests_failed": 11.493647486869516, "has_blocking": 0.5326134796514187, "script": 0.9999119744138963, "iframe": 0.2724978727150025, "beacon": 0.0013203837915554122, "image": 0.9895836389777295, "stylesheet": 0.9836565828467475, "font": 0.0007335465508641178, "xhr": 0.027361286347231596, "plugin": 0.007540858542883132, "media": 0.0, "referer_leaked": 0.9392770165194684, "referer_leaked_header": 0.9387048502097943, "referer_leaked_url": 0.0, "hosts": 8.001848537308177, "trackers": 5.967782635486048, "companies": 3.0535342272820634}