{"id": "kartenmacherei.de", "month": "2019-04", "country": "global", "site": "kartenmacherei.de", "category": "Business", "popularity": 5.362358378997174e-05, "cookies": 0.7423288749016522, "bad_qs": 0.07487542617361657, "tracked": 0.7428533962758982, "https": 0.997115132441647, "requests": 41.408995541568316, "requests_tracking": 9.67912404930501, "content_length": 207231.54104379754, "requests_failed": 9.035667453448728, "has_blocking": 0.28743771308680827, "script": 0.9933123524783635, "iframe": 0.6142145292420667, "beacon": 0.2870443220561238, "image": 0.7480986100183582, "stylesheet": 0.8931287699973774, "font": 0.23314975085234724, "xhr": 0.6932861264096511, "plugin": 0.0, "media": 0.0, "referer_leaked": 0.9392866509310255, "referer_leaked_header": 0.9188303173354314, "referer_leaked_url": 0.0, "hosts": 12.323105166535536, "trackers": 9.993181222134803, "companies": 6.500393391030684}