{"id": "kaskus.co.id", "month": "2019-04", "country": "global", "site": "kaskus.co.id", "category": "Entertainment", "popularity": 0.0003079242535728629, "cookies": 0.8715261126715536, "bad_qs": 0.1317622342490466, "tracked": 0.8734671507844077, "https": 0.9942910643739581, "requests": 82.76696124774497, "requests_tracking": 16.754698454020232, "content_length": 1727841.104542029, "requests_failed": 34.0673882761298, "has_blocking": 0.4815829736703889, "script": 0.9970998607019708, "iframe": 0.7011258021054555, "beacon": 0.0594871092233564, "image": 0.9219245963782512, "stylesheet": 0.9123107487839968, "font": 0.4953757621429061, "xhr": 0.8249183622205476, "plugin": 0.024548423191980088, "media": 0.013290402137425498, "referer_leaked": 0.9764335137356991, "referer_leaked_header": 0.9334338106003517, "referer_leaked_url": 0.0, "hosts": 24.74455938434838, "trackers": 17.22207759585303, "companies": 11.803863807631705}