{"id": "kaspersky.com", "month": "2019-04", "country": "global", "site": "kaspersky.com", "category": "Business", "popularity": 0.0003652816588934503, "cookies": 0.6964271964271964, "bad_qs": 0.034265034265034265, "tracked": 0.7058019558019558, "https": 0.9903364903364903, "requests": 29.511396011396013, "requests_tracking": 3.3621698621698624, "content_length": 340895.40317240317, "requests_failed": 9.574921074921075, "has_blocking": 0.4008624008624009, "script": 0.9389581889581889, "iframe": 0.16526141526141527, "beacon": 0.022387772387772387, "image": 0.6502464002464002, "stylesheet": 0.24713174713174713, "font": 0.15471240471240472, "xhr": 0.6819319319319319, "plugin": 0.0019827519827519827, "media": 0.04082929082929083, "referer_leaked": 0.821975821975822, "referer_leaked_header": 0.7445714945714945, "referer_leaked_url": 0.0, "hosts": 7.484734734734735, "trackers": 7.0316277816277815, "companies": 4.452991452991453}