{"id": "katcr.co", "month": "2019-04", "country": "global", "site": "katcr.co", "category": "Entertainment", "popularity": 0.00016219270701540626, "cookies": 0.22318564120350298, "bad_qs": 0.0011272002080984999, "tracked": 0.22370588745339462, "https": 0.9940605219804041, "requests": 5.686508280586144, "requests_tracking": 0.9465446978236365, "content_length": 291817.7382294286, "requests_failed": 3.0668516431110726, "has_blocking": 0.01955258822509321, "script": 0.6240787305991503, "iframe": 0.05544957946761467, "beacon": 0.00021676927078817306, "image": 0.4503598369895084, "stylesheet": 0.08085493800398856, "font": 0.020246249891615366, "xhr": 0.034813144888580595, "plugin": 0.004335385415763462, "media": 0.00021676927078817306, "referer_leaked": 0.9550420532385329, "referer_leaked_header": 0.9546518685511142, "referer_leaked_url": 0.0, "hosts": 1.5060261857279111, "trackers": 1.4295933408480015, "companies": 1.3680308679441602}