{"id": "katfile.com", "month": "2019-04", "country": "global", "site": "katfile.com", "category": "Business", "popularity": 0.00029238424305937777, "cookies": 0.36865395252639427, "bad_qs": 0.0085616026550588, "tracked": 0.3731992977561867, "https": 0.977032779394435, "requests": 13.143695437820158, "requests_tracking": 3.3448450013227196, "content_length": 224882.33996296386, "requests_failed": 3.3481638248238377, "has_blocking": 0.16255020321781583, "script": 0.9784997955797119, "iframe": 0.3150717875952959, "beacon": 0.0, "image": 0.6034246410620235, "stylesheet": 0.9860272720713787, "font": 0.2519419927370674, "xhr": 0.18938938457468554, "plugin": 0.003174526827156634, "media": 7.214833698083259e-05, "referer_leaked": 0.9431952093504244, "referer_leaked_header": 0.9396358913927034, "referer_leaked_url": 0.0, "hosts": 2.925735311801063, "trackers": 2.851061783025901, "companies": 2.2549962723359225}