{"id": "kaufda.de", "month": "2019-04", "country": "global", "site": "kaufda.de", "category": "News and Portals", "popularity": 8.763581494550456e-05, "cookies": 0.622963973361149, "bad_qs": 0.12276337960362674, "tracked": 0.6254513359544251, "https": 0.9945438497953943, "requests": 100.35681617588061, "requests_tracking": 12.113215116745566, "content_length": 2506145.4852764183, "requests_failed": 21.567279146272966, "has_blocking": 0.4412260290459761, "script": 0.9873224745245928, "iframe": 0.4913744684265426, "beacon": 0.09500120356254513, "image": 0.9703121238867046, "stylesheet": 0.15076626815373506, "font": 0.06972639011473963, "xhr": 0.8789216079595603, "plugin": 0.0036106876354007863, "media": 0.00032095001203562545, "referer_leaked": 0.9668619112573217, "referer_leaked_header": 0.9300328973762336, "referer_leaked_url": 0.0, "hosts": 13.519377356976651, "trackers": 11.684827088181017, "companies": 7.438257241434647}