{"id": "keezmovies.com", "month": "2019-04", "country": "global", "site": "keezmovies.com", "category": "Adult", "popularity": 0.00027407375103353376, "cookies": 0.715062729301896, "bad_qs": 0.050003848423429205, "tracked": 0.7203478974779999, "https": 0.9809374759473536, "requests": 88.5535572260564, "requests_tracking": 8.367190907458244, "content_length": 214470509.48631245, "requests_failed": 24.723247043127998, "has_blocking": 0.4458013700387408, "script": 0.9941503963876132, "iframe": 0.7782025296970008, "beacon": 0.01372604356415322, "image": 0.9979475075044257, "stylesheet": 0.9956641096030993, "font": 0.6740641917027991, "xhr": 0.8467301228929882, "plugin": 0.3408933473586987, "media": 0.7421299740872822, "referer_leaked": 0.9907894399261102, "referer_leaked_header": 0.9866844549349616, "referer_leaked_url": 0.0, "hosts": 11.862046848141212, "trackers": 9.159119480719399, "companies": 6.532236960258614}