{"id": "kenh14.vn", "month": "2019-04", "country": "global", "site": "kenh14.vn", "category": "Entertainment", "popularity": 0.00036578090809999213, "cookies": 0.9059382148830235, "bad_qs": 0.013360502893173648, "tracked": 0.9068225071608451, "https": 0.002018493242853573, "requests": 268.84482592898746, "requests_tracking": 18.877794651954094, "content_length": 10974308.608181626, "requests_failed": 97.41092677675465, "has_blocking": 0.5135046809819489, "script": 0.9990964839770085, "iframe": 0.8022837809262, "beacon": 0.0004036986485707146, "image": 0.9968665295372845, "stylesheet": 0.9986158903477576, "font": 0.8442107691420443, "xhr": 0.9301985812876065, "plugin": 3.8447490340068055e-05, "media": 0.31655741171495033, "referer_leaked": 0.9992887214287087, "referer_leaked_header": 0.9970972144793249, "referer_leaked_url": 0.0, "hosts": 14.618004959726253, "trackers": 5.937561275687729, "companies": 3.294315538553221}