{"id": "kfzteile24.de", "month": "2019-04", "country": "global", "site": "kfzteile24.de", "category": "E-Commerce", "popularity": 0.00020005126656500079, "cookies": 0.97701230228471, "bad_qs": 0.12734622144112479, "tracked": 0.9778207381370826, "https": 0.9987697715289983, "requests": 35.82291739894552, "requests_tracking": 12.662003514938489, "content_length": 624239.9280843586, "requests_failed": 10.949384885764498, "has_blocking": 0.33402460456942, "script": 0.9968365553602812, "iframe": 0.9794727592267135, "beacon": 0.23845342706502637, "image": 0.793286467486819, "stylesheet": 0.9640773286467487, "font": 0.21184534270650263, "xhr": 0.7791564147627417, "plugin": 0.0005272407732864675, "media": 0.0, "referer_leaked": 0.9921265377855888, "referer_leaked_header": 0.9748330404217926, "referer_leaked_url": 0.0, "hosts": 12.891528998242531, "trackers": 11.06231985940246, "companies": 7.13103690685413}