{"id": "khanacademy.org", "month": "2019-04", "country": "global", "site": "khanacademy.org", "category": "Reference", "popularity": 0.0006159539823302065, "cookies": 0.41189766772834685, "bad_qs": 0.031656335262623146, "tracked": 0.41389545304062925, "https": 0.9908558512277817, "requests": 204.46034681553022, "requests_tracking": 2.788211925065927, "content_length": 8630389.518134182, "requests_failed": 39.46600910990102, "has_blocking": 0.42649862438211356, "script": 0.979702501227211, "iframe": 0.5330205372330102, "beacon": 0.07486557758827357, "image": 0.9340160051143304, "stylesheet": 0.9912211605420277, "font": 0.8350057650376155, "xhr": 0.6402959005445392, "plugin": 0.0014840690891240568, "media": 0.17515440026484924, "referer_leaked": 0.9864493076246903, "referer_leaked_header": 0.9831158601321963, "referer_leaked_url": 0.0, "hosts": 6.525417537130267, "trackers": 5.574197746498168, "companies": 3.5491968903044624}