{"id": "kiabi.com", "month": "2019-04", "country": "global", "site": "kiabi.com", "category": "Business", "popularity": 0.0003065530761746142, "cookies": 0.8844618772364438, "bad_qs": 0.021446921735939078, "tracked": 0.8845765666574915, "https": 0.9912147903477383, "requests": 53.30743646206074, "requests_tracking": 9.949284338012662, "content_length": 230987.93852647033, "requests_failed": 19.341201027617213, "has_blocking": 0.4828654004954583, "script": 0.9987384163684742, "iframe": 0.7806908890723919, "beacon": 0.18822827782365353, "image": 0.9796311588219103, "stylesheet": 0.9937150197265804, "font": 0.23137443802183685, "xhr": 0.8197311679970639, "plugin": 0.002569043031470777, "media": 0.0, "referer_leaked": 0.9888980640425727, "referer_leaked_header": 0.9559363244334342, "referer_leaked_url": 0.0, "hosts": 21.66389118267731, "trackers": 18.264886686852005, "companies": 15.647054775667492}