{"id": "kicktipp.de", "month": "2019-04", "country": "global", "site": "kicktipp.de", "category": "Entertainment", "popularity": 0.00026460207946716973, "cookies": 0.2615200637788998, "bad_qs": 0.08083975551421738, "tracked": 0.2624501727345203, "https": 0.9992824873770928, "requests": 14.61575870316237, "requests_tracking": 4.995801222428913, "content_length": 108154.50100983259, "requests_failed": 5.121153335104969, "has_blocking": 0.35091682168482596, "script": 0.9971033749667818, "iframe": 0.3640977943130481, "beacon": 0.15678979537602977, "image": 0.20026574541589157, "stylesheet": 0.0940473026840287, "font": 0.031464257241562585, "xhr": 0.40451767207015676, "plugin": 0.00029231995748073346, "media": 0.009487111347329259, "referer_leaked": 0.5526441668881211, "referer_leaked_header": 0.5525910178049429, "referer_leaked_url": 0.0, "hosts": 4.934360882274781, "trackers": 3.985995216582514, "companies": 2.640127557799628}