{"id": "kickassanime.io", "month": "2019-04", "country": "global", "site": "kickassanime.io", "category": "Entertainment", "popularity": 0.0004095952997332617, "cookies": 0.8190557939914163, "bad_qs": 0.03409442060085837, "tracked": 0.8193476394849786, "https": 0.9959141630901287, "requests": 187.32861802575107, "requests_tracking": 18.28508154506438, "content_length": 253891201.35982832, "requests_failed": 40.714317596566524, "has_blocking": 0.5018540772532188, "script": 0.9983175965665236, "iframe": 0.8486351931330472, "beacon": 0.009785407725321889, "image": 0.6295450643776824, "stylesheet": 0.9937682403433477, "font": 0.47373390557939915, "xhr": 0.7174935622317596, "plugin": 0.0022317596566523604, "media": 0.2631931330472103, "referer_leaked": 0.9919656652360515, "referer_leaked_header": 0.9908497854077253, "referer_leaked_url": 0.0, "hosts": 12.81907296137339, "trackers": 8.79668669527897, "companies": 7.064927038626609}