{"id": "kicker.de", "month": "2019-04", "country": "global", "site": "kicker.de", "category": "News and Portals", "popularity": 0.0036125883535735757, "cookies": 0.6407264884897393, "bad_qs": 0.13830025362086115, "tracked": 0.6446874896595486, "https": 0.7192165976654423, "requests": 57.301115892860274, "requests_tracking": 16.007057783902567, "content_length": 928069.1289982268, "requests_failed": 23.454096181283443, "has_blocking": 0.4362512384211274, "script": 0.9918930860578599, "iframe": 0.6523486693177151, "beacon": 0.1324142253469039, "image": 0.8060647112751309, "stylesheet": 0.2402838685064398, "font": 0.04249852557327463, "xhr": 0.617248554283234, "plugin": 0.0033614982900542862, "media": 0.013383707146736116, "referer_leaked": 0.9316469395183344, "referer_leaked_header": 0.9225843245568447, "referer_leaked_url": 0.0, "hosts": 14.812476277787834, "trackers": 13.561335178556483, "companies": 11.16867441738247}