{"id": "kimcartoon.to", "month": "2019-04", "country": "global", "site": "kimcartoon.to", "category": "Entertainment", "popularity": 0.0003179303327405956, "cookies": 0.9679302870792232, "bad_qs": 0.04861326137921883, "tracked": 0.9688813199451497, "https": 0.9177245985756624, "requests": 81.52032556287875, "requests_tracking": 26.627416286990755, "content_length": 247467576.8278188, "requests_failed": 26.774317689211305, "has_blocking": 0.4568717653824037, "script": 0.9977219445304552, "iframe": 0.9797629052948202, "beacon": 0.04352634139868183, "image": 0.8572123678506657, "stylesheet": 0.9112664219047197, "font": 0.22386871323041535, "xhr": 0.9567832972088292, "plugin": 0.0026319281638430576, "media": 0.4649002521342947, "referer_leaked": 0.9918166939443536, "referer_leaked_header": 0.9784358826912019, "referer_leaked_url": 0.0, "hosts": 16.867430441898527, "trackers": 10.882558499579776, "companies": 10.030941743707702}