{"id": "kimeta.de", "month": "2019-04", "country": "global", "site": "kimeta.de", "category": "Business", "popularity": 0.00011679618761492664, "cookies": 0.4835641180012041, "bad_qs": 0.17134256472004816, "tracked": 0.48531005418422635, "https": 0.9226971703792896, "requests": 6.533534015653221, "requests_tracking": 1.749367850692354, "content_length": 67193.18994581577, "requests_failed": 2.5739313666465984, "has_blocking": 0.23515954244431064, "script": 0.9912101143889224, "iframe": 0.03485851896447923, "beacon": 0.0006622516556291391, "image": 0.4942805538832029, "stylesheet": 0.06490066225165562, "font": 0.03245033112582781, "xhr": 0.01938591210114389, "plugin": 0.0016857314870559904, "media": 0.00030102347983142685, "referer_leaked": 0.7174593618302227, "referer_leaked_header": 0.6414810355207706, "referer_leaked_url": 0.0, "hosts": 3.0746538229981937, "trackers": 3.0325105358217943, "companies": 2.211800120409392}