{"id": "kinogo.cc", "month": "2019-04", "country": "global", "site": "kinogo.cc", "category": "Entertainment", "popularity": 0.00013746932377313762, "cookies": 0.8728900255754476, "bad_qs": 0.017493606138107416, "tracked": 0.8736061381074168, "https": 0.004398976982097186, "requests": 52.82613810741688, "requests_tracking": 22.86537084398977, "content_length": 780959.6510997443, "requests_failed": 18.451764705882354, "has_blocking": 0.5345780051150895, "script": 0.9823017902813299, "iframe": 0.6073145780051151, "beacon": 0.1615856777493606, "image": 0.9743734015345269, "stylesheet": 0.3201023017902813, "font": 0.11104859335038363, "xhr": 0.7073145780051151, "plugin": 0.13074168797953964, "media": 0.00015345268542199487, "referer_leaked": 0.9890537084398977, "referer_leaked_header": 0.9670076726342711, "referer_leaked_url": 0.0, "hosts": 12.574015345268542, "trackers": 7.862966751918159, "companies": 6.070230179028133}