{"id": "kinokrad.co", "month": "2019-04", "country": "global", "site": "kinokrad.co", "category": "Entertainment", "popularity": 0.0004617351992615387, "cookies": 0.8695043021396482, "bad_qs": 0.04061524404172695, "tracked": 0.8717429376380111, "https": 0.9979745678824335, "requests": 60.74653163785883, "requests_tracking": 15.54902916317673, "content_length": 5135012.644681337, "requests_failed": 20.58414680575649, "has_blocking": 0.5167440797989796, "script": 0.9933145511307394, "iframe": 0.7097540546714384, "beacon": 0.039473083073174445, "image": 0.9954922713774461, "stylesheet": 0.4677225310287063, "font": 0.1673494251123125, "xhr": 0.6391685068148938, "plugin": 0.001690398233457702, "media": 0.010812457168963679, "referer_leaked": 0.9287139267494099, "referer_leaked_header": 0.9204294525241757, "referer_leaked_url": 0.0, "hosts": 14.764532094723217, "trackers": 9.626452448031676, "companies": 7.587436229345922}