{"id": "kinox.tv", "month": "2019-04", "country": "global", "site": "kinox.tv", "category": "Entertainment", "popularity": 8.43801475845346e-08, "cookies": 0.6666666666666666, "bad_qs": 0.0, "tracked": 0.6666666666666666, "https": 1.0, "requests": 14.083333333333334, "requests_tracking": 8.75, "content_length": 205697.16666666666, "requests_failed": 2.0, "has_blocking": 0.0, "script": 0.4166666666666667, "iframe": 0.25, "beacon": 0.0, "image": 0.6666666666666666, "stylesheet": 0.5, "font": 0.5, "xhr": 0.16666666666666666, "plugin": 0.0, "media": 0.0, "referer_leaked": 0.5, "referer_leaked_header": 0.5, "referer_leaked_url": 0.0, "hosts": 2.25, "trackers": 2.0833333333333335, "companies": 1.5833333333333333}