{"id": "kinozal.tv", "month": "2019-04", "country": "global", "site": "kinozal.tv", "category": "Entertainment", "popularity": 0.0005369601008331512, "cookies": 0.8784489870748923, "bad_qs": 0.028403808126972487, "tracked": 0.8808454356167253, "https": 0.0012047719445281093, "requests": 90.19108730667993, "requests_tracking": 5.65484593323992, "content_length": 295567.47410395084, "requests_failed": 8.195880203763602, "has_blocking": 0.3483362361353011, "script": 0.9618139674973482, "iframe": 0.02657045951573406, "beacon": 7.857208333878973e-05, "image": 0.9919332661105509, "stylesheet": 0.08480546861700038, "font": 0.05460759792045886, "xhr": 0.8385605594332334, "plugin": 0.000379765069470817, "media": 2.6190694446263242e-05, "referer_leaked": 0.9860010738184724, "referer_leaked_header": 0.9586579888165735, "referer_leaked_url": 0.0, "hosts": 9.308434713146418, "trackers": 5.347930280371384, "companies": 5.307465657451908}