{"id": "kinopoisk.ru", "month": "2019-04", "country": "global", "site": "kinopoisk.ru", "category": "Entertainment", "popularity": 0.0014700287411439695, "cookies": 0.9430636474088531, "bad_qs": 0.04568110285184016, "tracked": 0.9463258999894766, "https": 0.9935520286236356, "requests": 167.7682461326522, "requests_tracking": 49.86143079910838, "content_length": 9361925.192051966, "requests_failed": 43.45345789206823, "has_blocking": 0.4811679055573094, "script": 0.9948531029666409, "iframe": 0.9483540452888672, "beacon": 0.28997216083574895, "image": 0.994169082264252, "stylesheet": 0.9595758114972879, "font": 0.3601584249347071, "xhr": 0.9568540787723981, "plugin": 0.0022242631231524264, "media": 0.010045059265849669, "referer_leaked": 0.9871758076705985, "referer_leaked_header": 0.9540988625166221, "referer_leaked_url": 0.0, "hosts": 4.917147394502961, "trackers": 4.584804217011547, "companies": 1.9809765710951028}