{"id": "kinos.to", "month": "2019-04", "country": "global", "site": "kinos.to", "category": "Entertainment", "popularity": 0.0003723625596115858, "cookies": 0.9187045604758758, "bad_qs": 0.031007459163440658, "tracked": 0.9193466150505146, "https": 0.9944670002832594, "requests": 170.96361061278444, "requests_tracking": 10.109942403927864, "content_length": 401524004.4256822, "requests_failed": 90.90033046926636, "has_blocking": 0.5198564819186101, "script": 0.994485884241337, "iframe": 0.5994523652157492, "beacon": 0.06513077140968747, "image": 0.6119913133792843, "stylesheet": 0.9928429798885846, "font": 0.10008497781134926, "xhr": 0.7328675290340856, "plugin": 0.03365121329430649, "media": 0.18587479935794543, "referer_leaked": 0.98789538287225, "referer_leaked_header": 0.9862335945614201, "referer_leaked_url": 0.0, "hosts": 14.173279199320177, "trackers": 10.555433858936834, "companies": 9.372070626003211}