{"id": "kino.de", "month": "2019-04", "country": "global", "site": "kino.de", "category": "News and Portals", "popularity": 0.00015869796256961344, "cookies": 0.8548451415658647, "bad_qs": 0.1501617262616864, "tracked": 0.8565288670299969, "https": 0.9702689529886127, "requests": 315.56081350525056, "requests_tracking": 43.170366431831276, "content_length": 6806007.849129337, "requests_failed": 226.1924764056892, "has_blocking": 0.4528778412867207, "script": 0.987416367583854, "iframe": 0.43152111303114893, "beacon": 0.5243918649474943, "image": 0.9980947317116399, "stylesheet": 0.2547742478621117, "font": 0.12229163897381364, "xhr": 0.8723913332447162, "plugin": 0.0040320794009482035, "media": 0.04962559262705481, "referer_leaked": 0.9857326421197218, "referer_leaked_header": 0.9519695157073862, "referer_leaked_url": 0.0, "hosts": 24.465771633656786, "trackers": 21.438078780628295, "companies": 14.982276574061766}