{"id": "kitco.com", "month": "2019-04", "country": "global", "site": "kitco.com", "category": "Business", "popularity": 0.0020517947003445085, "cookies": 0.9609277809954317, "bad_qs": 0.06921344926026327, "tracked": 0.9616200525715147, "https": 0.9963878502911311, "requests": 85.85947572422916, "requests_tracking": 12.99605199576412, "content_length": 230269.99352623263, "requests_failed": 19.367366592070407, "has_blocking": 0.4575538138337794, "script": 0.9964015586391722, "iframe": 0.2038465624603743, "beacon": 0.06097815917448328, "image": 0.5951410760367795, "stylesheet": 0.8935032711545513, "font": 0.009431343452378912, "xhr": 0.04816085375591601, "plugin": 7.196882721655421e-05, "media": 0.00018506269855685366, "referer_leaked": 0.9816273865377168, "referer_leaked_header": 0.9391554972189189, "referer_leaked_url": 0.0, "hosts": 12.89601875302012, "trackers": 10.384330672771451, "companies": 8.81915261846583}