{"id": "klack.de", "month": "2019-04", "country": "global", "site": "klack.de", "category": "News and Portals", "popularity": 0.00013584500593213531, "cookies": 0.47585278741135667, "bad_qs": 0.10849422847973497, "tracked": 0.47838915057715203, "https": 0.9976706868885553, "requests": 45.23453594906569, "requests_tracking": 8.125317045395725, "content_length": 261417.93291578238, "requests_failed": 18.184119260831306, "has_blocking": 0.451162068430043, "script": 0.9967907241575651, "iframe": 0.5547906206325379, "beacon": 0.043946374035923184, "image": 0.7810963300377867, "stylesheet": 0.350121641906931, "font": 0.012992390910502614, "xhr": 0.12029608157772141, "plugin": 0.000569387649464258, "media": 0.0009317252445778767, "referer_leaked": 0.9334851700398571, "referer_leaked_header": 0.9311040944148248, "referer_leaked_url": 0.0, "hosts": 12.031885708369998, "trackers": 10.306382317925358, "companies": 8.138827061442104}