{"id": "kleiderkreisel.de", "month": "2019-04", "country": "global", "site": "kleiderkreisel.de", "category": "E-Commerce", "popularity": 0.0011425845467632177, "cookies": 0.9874577668917047, "bad_qs": 0.11836963277966164, "tracked": 0.9874823836397093, "https": 0.9934888701528085, "requests": 84.73572690179763, "requests_tracking": 54.93647032758737, "content_length": 1363325.137170674, "requests_failed": 20.598937787323607, "has_blocking": 0.46023472069222293, "script": 0.9991199512588389, "iframe": 0.9770018031767913, "beacon": 0.12128056323119435, "image": 0.9698260211334782, "stylesheet": 0.8733899108258304, "font": 0.018782578727437212, "xhr": 0.25504797188767375, "plugin": 0.0016739388643063307, "media": 0.0017170181733142144, "referer_leaked": 0.9806512360684592, "referer_leaked_header": 0.12562541925398946, "referer_leaked_url": 0.0, "hosts": 12.200638804610717, "trackers": 11.07913053646048, "companies": 6.896154248542996}