{"id": "klingel.de", "month": "2019-04", "country": "global", "site": "klingel.de", "category": "E-Commerce", "popularity": 0.00013718102493555712, "cookies": 0.7650827823056026, "bad_qs": 0.1617202316879389, "tracked": 0.7697985545133016, "https": 0.9936952175918806, "requests": 60.18304372340971, "requests_tracking": 21.499256753293352, "content_length": 466136.6156133067, "requests_failed": 19.000922651084114, "has_blocking": 0.3476344251371162, "script": 0.9573530165564611, "iframe": 0.6798913322056487, "beacon": 0.3489158849761648, "image": 0.9230611512635194, "stylesheet": 0.8691373212363525, "font": 0.03424060689937977, "xhr": 0.7870213747501154, "plugin": 0.0, "media": 0.000666359116305295, "referer_leaked": 0.9701163565533856, "referer_leaked_header": 0.9651955507714388, "referer_leaked_url": 0.0, "hosts": 19.911681787892768, "trackers": 16.105284740376238, "companies": 13.698139320313702}