{"id": "kochbar.de", "month": "2019-04", "country": "global", "site": "kochbar.de", "category": "Reference", "popularity": 9.905526158527824e-05, "cookies": 0.846454177610563, "bad_qs": 0.2657769574785263, "tracked": 0.8481578760559381, "https": 0.9092780577837722, "requests": 212.55086249733796, "requests_tracking": 36.36111308298431, "content_length": 15704593.072336197, "requests_failed": 73.87754667423866, "has_blocking": 0.39121175551927306, "script": 0.9894228721516292, "iframe": 0.6750905089799105, "beacon": 0.23227088805281465, "image": 0.9976574146376092, "stylesheet": 0.9995030879534322, "font": 0.5356711862000426, "xhr": 0.9831759778519202, "plugin": 0.005395045077021367, "media": 0.4260665862142401, "referer_leaked": 0.9963086533683538, "referer_leaked_header": 0.9934691559593952, "referer_leaked_url": 0.0, "hosts": 31.788102505856465, "trackers": 26.673741747710654, "companies": 22.8628522751473}