{"id": "kodi.tv", "month": "2019-04", "country": "global", "site": "kodi.tv", "category": "Business", "popularity": 0.00017447001848895603, "cookies": 0.40637594712236014, "bad_qs": 0.005964855714976625, "tracked": 0.40831049492181204, "https": 0.9215299048847332, "requests": 6.992140899564727, "requests_tracking": 1.5305094309205223, "content_length": 332632.8690149927, "requests_failed": 3.1137352893761086, "has_blocking": 0.23226664517169113, "script": 0.9620344994357569, "iframe": 0.17874415605352248, "beacon": 0.03921489601805578, "image": 0.29300338545864907, "stylesheet": 0.44647751088183135, "font": 0.26882153796550057, "xhr": 0.05408673222634209, "plugin": 0.0020554570369176206, "media": 0.00012090923746574239, "referer_leaked": 0.729808157343221, "referer_leaked_header": 0.7281960341770112, "referer_leaked_url": 0.0, "hosts": 2.9082298887635014, "trackers": 2.7073593422537483, "companies": 1.919071417056263}