{"id": "konachan.com", "month": "2019-04", "country": "global", "site": "konachan.com", "category": "Adult", "popularity": 0.00033543921336438653, "cookies": 0.242180949186651, "bad_qs": 0.0010900553412711723, "tracked": 0.24234865000838504, "https": 0.46601962099614286, "requests": 8.413445413382526, "requests_tracking": 0.49758930068757334, "content_length": 63455.64023981217, "requests_failed": 6.847727653865504, "has_blocking": 0.46195287606909274, "script": 0.9613239979875902, "iframe": 0.9510942478618145, "beacon": 0.0, "image": 0.25517776287103805, "stylesheet": 0.0556766728156968, "font": 0.005890491363407681, "xhr": 0.007232097937279892, "plugin": 4.192520543350663e-05, "media": 0.07567499580747945, "referer_leaked": 0.3412292470233104, "referer_leaked_header": 0.34053748113365756, "referer_leaked_url": 0.0, "hosts": 3.2792428307898707, "trackers": 3.067981720610431, "companies": 3.0070853597182627}