{"id": "kongregate.com", "month": "2019-04", "country": "global", "site": "kongregate.com", "category": "Entertainment", "popularity": 0.0009806590435484958, "cookies": 0.6711170704774743, "bad_qs": 0.02884636068347877, "tracked": 0.6719990248309587, "https": 0.8728766769680847, "requests": 329.61296544603226, "requests_tracking": 32.751948545492354, "content_length": 7857355.538200096, "requests_failed": 59.75105225041767, "has_blocking": 0.48200598008073825, "script": 0.995626080035565, "iframe": 0.7875565562192123, "beacon": 0.31971920867900444, "image": 0.9896101474943175, "stylesheet": 0.9906211683385557, "font": 0.6703068197299642, "xhr": 0.5712124362734202, "plugin": 0.11050242716706223, "media": 0.02805045065716355, "referer_leaked": 0.9819163505732703, "referer_leaked_header": 0.9692965159217857, "referer_leaked_url": 0.0, "hosts": 18.99083627915648, "trackers": 14.77124398586005, "companies": 10.473150584742907}