{"id": "kopp-report.de", "month": "2019-04", "country": "global", "site": "kopp-report.de", "category": "News and Portals", "popularity": 0.00030822661576837416, "cookies": 0.9778482456540585, "bad_qs": 0.013368617967787563, "tracked": 0.9779623123602683, "https": 0.9993155997627412, "requests": 27.224209517725967, "requests_tracking": 11.059474380617786, "content_length": 875934.1013596752, "requests_failed": 11.037892959802893, "has_blocking": 0.40979604872929687, "script": 0.9984258794543048, "iframe": 0.8406944381074052, "beacon": 0.0053611351918602, "image": 0.8191130172925126, "stylesheet": 0.39822968471962406, "font": 0.2568782223844504, "xhr": 0.7998813706255418, "plugin": 0.0, "media": 0.00022813341241958296, "referer_leaked": 0.9870648355158096, "referer_leaked_header": 0.9868138887621482, "referer_leaked_url": 0.0, "hosts": 6.272505361135192, "trackers": 5.455605237943149, "companies": 2.1314732855774055}