{"id": "kpn.com", "month": "2019-04", "country": "global", "site": "kpn.com", "category": "Business", "popularity": 0.00024914644910126914, "cookies": 0.7691634680514788, "bad_qs": 0.030085798148566267, "tracked": 0.7691916911266652, "https": 0.9863964777602168, "requests": 33.745032738767215, "requests_tracking": 6.137023030029352, "content_length": 807735.9505249492, "requests_failed": 10.69883156468729, "has_blocking": 0.41947956649356516, "script": 0.9922668773989614, "iframe": 0.3238880108376609, "beacon": 0.000564461503725446, "image": 0.4063840596071348, "stylesheet": 0.678482727477986, "font": 0.1866109731316324, "xhr": 0.7513264845337548, "plugin": 0.0003668999774215399, "media": 0.016058929780988936, "referer_leaked": 0.7729453601264393, "referer_leaked_header": 0.6906750959584557, "referer_leaked_url": 0.0, "hosts": 6.510640099345225, "trackers": 5.881801761119892, "companies": 4.975248363061639}