{"id": "kraken.com", "month": "2019-04", "country": "global", "site": "kraken.com", "category": "Business", "popularity": 0.0005403493700944634, "cookies": 0.3937016071312382, "bad_qs": 0.001405426507905524, "tracked": 0.3943392543431583, "https": 0.9985034810332487, "requests": 12.434576094736157, "requests_tracking": 1.4707918537315374, "content_length": 87745.4177890559, "requests_failed": 3.4179191879757953, "has_blocking": 0.24453119916715466, "script": 0.9961480903116663, "iframe": 0.04283948207430542, "beacon": 3.903962521959789e-05, "image": 0.603175222851194, "stylesheet": 0.4403149196434381, "font": 0.2074175287917236, "xhr": 0.36787038844427095, "plugin": 0.0003383434185698484, "media": 0.008757889257596461, "referer_leaked": 0.7834732253237036, "referer_leaked_header": 0.7531264233196695, "referer_leaked_url": 0.0, "hosts": 2.769614158370746, "trackers": 2.532617606870974, "companies": 2.225974363979439}