{"id": "kreuzwort-raetsel.net", "month": "2019-04", "country": "global", "site": "kreuzwort-raetsel.net", "category": "Entertainment", "popularity": 0.0001314713016156703, "cookies": 0.2947531689575868, "bad_qs": 0.0669091298069209, "tracked": 0.29491362250628445, "https": 0.9978606193506979, "requests": 47.73327271754827, "requests_tracking": 19.423436915013102, "content_length": 313198.0655720169, "requests_failed": 16.35010964325828, "has_blocking": 0.3998502433545489, "script": 0.9970048670909771, "iframe": 0.16227202224955875, "beacon": 0.06696261432315345, "image": 0.46296197250895865, "stylesheet": 0.9986094025779537, "font": 0.14360592608439857, "xhr": 0.17131090549285982, "plugin": 0.0, "media": 0.0010162058084184629, "referer_leaked": 0.4706102583302134, "referer_leaked_header": 0.18767716746002033, "referer_leaked_url": 0.0, "hosts": 11.900946675937316, "trackers": 10.988821736107397, "companies": 6.298924961223726}