{"id": "kubernetes.io", "month": "2019-04", "country": "global", "site": "kubernetes.io", "category": "Business", "popularity": 0.0002361589380522162, "cookies": 0.8597885960994491, "bad_qs": 0.0023224653863331843, "tracked": 0.8598481464939706, "https": 0.9842489206490993, "requests": 9.453148727110317, "requests_tracking": 2.8739615899955337, "content_length": 88662.72240583594, "requests_failed": 2.735328271549799, "has_blocking": 0.1671579574214679, "script": 0.9889831770135478, "iframe": 0.022122971564686615, "beacon": 0.00020842638082477297, "image": 0.9700759267530147, "stylesheet": 0.1559029328569302, "font": 0.03439035283608754, "xhr": 0.025308917671579573, "plugin": 5.95503945213637e-05, "media": 0.00041685276164954595, "referer_leaked": 0.936459729045705, "referer_leaked_header": 0.9072204853357153, "referer_leaked_url": 0.0, "hosts": 4.1138603543248475, "trackers": 4.096650290308173, "companies": 2.49694804228078}