{"id": "kurir.rs", "month": "2019-04", "country": "global", "site": "kurir.rs", "category": "News and Portals", "popularity": 0.0006354528281011993, "cookies": 0.9927298882372468, "bad_qs": 0.017682859355980966, "tracked": 0.9929733318579175, "https": 0.9972003983622884, "requests": 79.5882593781122, "requests_tracking": 23.998229500940578, "content_length": 1604010.400641806, "requests_failed": 25.58280402788536, "has_blocking": 0.5441739515325883, "script": 0.9974327763638375, "iframe": 0.9696691379882705, "beacon": 0.11364390837667368, "image": 0.9937036627199292, "stylesheet": 0.9844638707535687, "font": 0.6762753126037402, "xhr": 0.9520748035852606, "plugin": 0.0027221423038619012, "media": 0.01475047028881266, "referer_leaked": 0.991711851278079, "referer_leaked_header": 0.9849507579949098, "referer_leaked_url": 0.0, "hosts": 20.910445944450593, "trackers": 12.251621113201283, "companies": 7.241130906274206}