{"id": "labirint.ru", "month": "2019-04", "country": "global", "site": "labirint.ru", "category": "Business", "popularity": 0.00038147561555071553, "cookies": 0.8572560874453927, "bad_qs": 0.06718770160918693, "tracked": 0.8738825090781737, "https": 0.9982857458848685, "requests": 54.90724594938342, "requests_tracking": 18.8560210871689, "content_length": 538849.8868592284, "requests_failed": 25.063667029179186, "has_blocking": 0.46299607380509117, "script": 0.9984885071242926, "iframe": 0.8298648872831837, "beacon": 0.16005234926545134, "image": 0.9937512672577464, "stylesheet": 0.8694770603306852, "font": 0.05316031040902472, "xhr": 0.5553446019428213, "plugin": 0.0002580597592671103, "media": 0.0, "referer_leaked": 0.9572542441613979, "referer_leaked_header": 0.9288492378020682, "referer_leaked_url": 0.0, "hosts": 16.89078542331017, "trackers": 14.158798916149012, "companies": 8.845938323717535}