{"id": "lacentrale.fr", "month": "2019-04", "country": "global", "site": "lacentrale.fr", "category": "Business", "popularity": 0.0013578804933251577, "cookies": 0.8400333490412151, "bad_qs": 0.09331517433159511, "tracked": 0.8413900957490329, "https": 0.9977422077686695, "requests": 33.65349621198391, "requests_tracking": 6.572728355488351, "content_length": 167754.04768291482, "requests_failed": 10.713695374115137, "has_blocking": 0.5217830344520452, "script": 0.999124846589232, "iframe": 0.47170250998140945, "beacon": 0.003588646826403741, "image": 0.9031220709547457, "stylesheet": 0.8245912930003262, "font": 0.31476005779119565, "xhr": 0.9647970835124204, "plugin": 0.0010978255803717073, "media": 4.1427380391385174e-05, "referer_leaked": 0.9751591070328156, "referer_leaked_header": 0.915638318255493, "referer_leaked_url": 0.0, "hosts": 13.02173383943783, "trackers": 11.940826165533455, "companies": 10.52166393073342}