{"id": "lachainemeteo.com", "month": "2019-04", "country": "global", "site": "lachainemeteo.com", "category": "News and Portals", "popularity": 0.0010448371774654996, "cookies": 0.8775826098660744, "bad_qs": 0.07362541220808938, "tracked": 0.8779662157614914, "https": 0.9980752405949256, "requests": 84.11441550575408, "requests_tracking": 14.375180025573727, "content_length": 24104093.527633086, "requests_failed": 24.172003499562553, "has_blocking": 0.47814792381721516, "script": 0.9819907126993741, "iframe": 0.6148327612894542, "beacon": 0.053725015142337976, "image": 0.9911030351975234, "stylesheet": 0.11454337438589407, "font": 0.05573726361127936, "xhr": 0.9577629719362003, "plugin": 0.006023285550844606, "media": 0.4207214482805034, "referer_leaked": 0.9975906857796621, "referer_leaked_header": 0.9972878390201225, "referer_leaked_url": 0.0, "hosts": 15.413863651658927, "trackers": 13.789252305000337, "companies": 10.369695134262063}