{"id": "ladepeche.fr", "month": "2019-04", "country": "global", "site": "ladepeche.fr", "category": "News and Portals", "popularity": 0.0007333900527309824, "cookies": 0.5521007114230378, "bad_qs": 0.04837101382576847, "tracked": 0.5522445300964544, "https": 0.9953210991581813, "requests": 59.11690540566454, "requests_tracking": 10.901906076818348, "content_length": 25925742.461926404, "requests_failed": 22.69797119791367, "has_blocking": 0.3510901455444975, "script": 0.9942568409748989, "iframe": 0.5131354388387122, "beacon": 0.008063433622888262, "image": 0.796717099081478, "stylesheet": 0.3158833342921245, "font": 0.25201825538361233, "xhr": 0.5399720032982416, "plugin": 0.002435329536520355, "media": 0.1889393852231107, "referer_leaked": 0.7972731979520221, "referer_leaked_header": 0.7828338031409998, "referer_leaked_url": 0.0, "hosts": 14.314579378319815, "trackers": 10.42233791635506, "companies": 8.37361214980153}