{"id": "ladies.de", "month": "2019-04", "country": "global", "site": "ladies.de", "category": "Adult", "popularity": 0.0003563303315705242, "cookies": 0.6640947212629502, "bad_qs": 0.142081894425259, "tracked": 0.6706462752836705, "https": 0.9997237296497287, "requests": 27.271731623088307, "requests_tracking": 6.143561914158855, "content_length": 732575.1335767143, "requests_failed": 10.304351258016773, "has_blocking": 0.3701233349777997, "script": 0.9963887518500246, "iframe": 0.8279625061667489, "beacon": 0.0004538727183029107, "image": 0.6605426739023187, "stylesheet": 0.257089294523927, "font": 0.08913665515540208, "xhr": 0.04015786877158362, "plugin": 0.00021706956092747904, "media": 0.014977799703996054, "referer_leaked": 0.8475777010360138, "referer_leaked_header": 0.7889097187962506, "referer_leaked_url": 0.0, "hosts": 6.668712382831771, "trackers": 6.556941292550567, "companies": 4.755698075974347}