{"id": "lamontagne.fr", "month": "2019-04", "country": "global", "site": "lamontagne.fr", "category": "News and Portals", "popularity": 0.0003600993114959668, "cookies": 0.9605553494366444, "bad_qs": 0.03389896701880455, "tracked": 0.9605944035461131, "https": 0.9557126398625295, "requests": 47.39384116693679, "requests_tracking": 13.789752201675421, "content_length": 1201455.1125539434, "requests_failed": 13.151432309464763, "has_blocking": 0.3534201636367187, "script": 0.9982425650739098, "iframe": 0.9864677510691062, "beacon": 0.007029739704360391, "image": 0.7806330671144871, "stylesheet": 0.9980863486360352, "font": 0.3465856944797016, "xhr": 0.5682372927691316, "plugin": 0.004237370877350569, "media": 0.009568256819823866, "referer_leaked": 0.9027162133135459, "referer_leaked_header": 0.7594657397824686, "referer_leaked_url": 0.0, "hosts": 13.709320263224697, "trackers": 11.28900041006815, "companies": 6.996192224326805}