{"id": "lanacion.com.ar", "month": "2019-04", "country": "global", "site": "lanacion.com.ar", "category": "News and Portals", "popularity": 0.0010993045627313168, "cookies": 0.7433988332821615, "bad_qs": 0.17638291884146964, "tracked": 0.7453241735748644, "https": 0.9731283901340702, "requests": 101.79199928359431, "requests_tracking": 15.409905587964385, "content_length": 1615922.0072472112, "requests_failed": 26.100143281138063, "has_blocking": 0.4863818954047692, "script": 0.9969424828574353, "iframe": 0.6260426261385733, "beacon": 0.03961979326578651, "image": 0.9795248695118207, "stylesheet": 0.9853904411012179, "font": 0.34164236004503123, "xhr": 0.5458691536178487, "plugin": 0.0008315423191075632, "media": 0.005366646197932658, "referer_leaked": 0.9952985876573534, "referer_leaked_header": 0.9799342441919967, "referer_leaked_url": 0.0, "hosts": 15.059659963156278, "trackers": 12.238352011053117, "companies": 8.899005987104697}