{"id": "landwirt.com", "month": "2019-04", "country": "global", "site": "landwirt.com", "category": "News and Portals", "popularity": 0.00011822361844489836, "cookies": 0.824183667400226, "bad_qs": 0.10955808005709868, "tracked": 0.824183667400226, "https": 0.9920299768036638, "requests": 73.30077915898411, "requests_tracking": 29.32599773984417, "content_length": 633787.9449830488, "requests_failed": 27.702254208053294, "has_blocking": 0.4096235056206507, "script": 0.9985725331588652, "iframe": 0.6454529233331351, "beacon": 0.1878903229643728, "image": 0.6242193540712544, "stylesheet": 0.9630048177005889, "font": 0.3248081841432225, "xhr": 0.2381490513293285, "plugin": 0.004341878308451793, "media": 0.030512103729257122, "referer_leaked": 0.989769820971867, "referer_leaked_header": 0.9869148872895973, "referer_leaked_url": 0.0, "hosts": 23.54344852197704, "trackers": 19.469398679593173, "companies": 15.552489145304229}