{"id": "landsend.de", "month": "2019-04", "country": "global", "site": "landsend.de", "category": "E-Commerce", "popularity": 0.00010423057730379636, "cookies": 0.8708088780948526, "bad_qs": 0.09336841395129192, "tracked": 0.870876340821696, "https": 0.9986507454631316, "requests": 116.5884099035283, "requests_tracking": 12.981785063752277, "content_length": 211266.0394656952, "requests_failed": 73.82884706199825, "has_blocking": 0.37091007218511773, "script": 0.998380894555758, "iframe": 0.5790325844970654, "beacon": 0.09255886122917088, "image": 0.7632058287795993, "stylesheet": 0.9973014909262632, "font": 0.3088443634891722, "xhr": 0.9788841664980098, "plugin": 0.006678809957498482, "media": 0.0, "referer_leaked": 0.9980435809215409, "referer_leaked_header": 0.9946029818525265, "referer_leaked_url": 0.0, "hosts": 19.2742359846185, "trackers": 16.587667813533024, "companies": 13.552722121028133}