{"id": "laposte.net", "month": "2019-04", "country": "global", "site": "laposte.net", "category": "Business", "popularity": 0.002691192300345285, "cookies": 0.44764895851841013, "bad_qs": 0.038725034228321194, "tracked": 0.44823423668230894, "https": 0.8584358441069805, "requests": 24.754112624240967, "requests_tracking": 5.294611782903607, "content_length": 204397.08123869944, "requests_failed": 11.473618064192474, "has_blocking": 0.5254569872806514, "script": 0.9912783102183297, "iframe": 0.20531505732590588, "beacon": 0.04079179774458879, "image": 0.46896196737074236, "stylesheet": 0.2526050103991388, "font": 0.2035148044021279, "xhr": 0.15942559128771647, "plugin": 0.0012489417961768794, "media": 0.0004598614144919054, "referer_leaked": 0.9439387130151232, "referer_leaked_header": 0.9433743376427922, "referer_leaked_url": 0.0, "hosts": 6.405652637409726, "trackers": 5.4716453632382605, "companies": 4.641067714593284}