{"id": "laposte.fr", "month": "2019-04", "country": "global", "site": "laposte.fr", "category": "Business", "popularity": 0.001303384981343479, "cookies": 0.6984770094789031, "bad_qs": 0.15707357074649733, "tracked": 0.703699307829671, "https": 0.9734191487869486, "requests": 51.380051683489874, "requests_tracking": 10.856742861150524, "content_length": 288047.98471614544, "requests_failed": 22.326582469693946, "has_blocking": 0.4883550299688712, "script": 0.9793589736673158, "iframe": 0.6857233800354987, "beacon": 0.09704950933054235, "image": 0.9225880588479654, "stylesheet": 0.4219811285127779, "font": 0.10083675462211168, "xhr": 0.5371360441089993, "plugin": 0.0014782125497008508, "media": 4.855442681499145e-05, "referer_leaked": 0.9531449781235333, "referer_leaked_header": 0.913217054472672, "referer_leaked_url": 0.0, "hosts": 16.136767030465204, "trackers": 13.889948694155665, "companies": 12.15439768233536}