{"id": "laprovence.com", "month": "2019-04", "country": "global", "site": "laprovence.com", "category": "News and Portals", "popularity": 0.0003648738215134584, "cookies": 0.8229909423781075, "bad_qs": 0.10670649450761226, "tracked": 0.8235498169204085, "https": 0.99019078820582, "requests": 68.36301792252843, "requests_tracking": 14.17955290036616, "content_length": 4349367.375891308, "requests_failed": 39.80252457120832, "has_blocking": 0.5094045095394103, "script": 0.9986124494122182, "iframe": 0.9604548082482174, "beacon": 0.12672962035074195, "image": 0.8193678936211216, "stylesheet": 0.5227018693389863, "font": 0.23320485642705724, "xhr": 0.9563885141645789, "plugin": 0.0001927153594141453, "media": 0.0525149354403546, "referer_leaked": 0.9740605126228561, "referer_leaked_header": 0.9735401811524379, "referer_leaked_url": 0.0, "hosts": 25.00940450953941, "trackers": 21.798284833301214, "companies": 17.357679707072652}