{"id": "largus.fr", "month": "2019-04", "country": "global", "site": "largus.fr", "category": "Entertainment", "popularity": 0.00022255967093317539, "cookies": 0.9731762029635714, "bad_qs": 0.02720293197687277, "tracked": 0.9733973650121639, "https": 0.9939338409528925, "requests": 81.25054500647688, "requests_tracking": 15.842880161764242, "content_length": 949992.5275978642, "requests_failed": 31.508009225616885, "has_blocking": 0.5367918865122745, "script": 0.9959874885469654, "iframe": 0.9580739945025434, "beacon": 0.18868282202774003, "image": 0.9873621686518593, "stylesheet": 0.9720703927206091, "font": 0.4964140153549651, "xhr": 0.9664149631923162, "plugin": 0.004833970490663802, "media": 0.0015165397617768791, "referer_leaked": 0.9900477078133393, "referer_leaked_header": 0.8274620075195096, "referer_leaked_url": 0.0, "hosts": 26.04685475972323, "trackers": 21.24864933177467, "companies": 15.690215159078702}