{"id": "lastminute.com", "month": "2019-04", "country": "global", "site": "lastminute.com", "category": "Recreation", "popularity": 0.0002947820455865716, "cookies": 0.909808692333381, "bad_qs": 0.04954439196603216, "tracked": 0.9109536758742427, "https": 0.9913410619722341, "requests": 111.31238967606507, "requests_tracking": 22.285983493153953, "content_length": 1338007.6714374314, "requests_failed": 35.937717666141886, "has_blocking": 0.5254997376079386, "script": 0.989504317542102, "iframe": 0.7550450837269215, "beacon": 0.06676685272649206, "image": 0.961810028147512, "stylesheet": 0.9569677019226182, "font": 0.7181432183579027, "xhr": 0.7570726587471972, "plugin": 0.00212299031534755, "media": 0.0011688373646295501, "referer_leaked": 0.9698726205810791, "referer_leaked_header": 0.9167501550498545, "referer_leaked_url": 0.0, "hosts": 22.171103477887506, "trackers": 17.445016936214873, "companies": 12.851462239396975}