{"id": "latimes.com", "month": "2019-04", "country": "global", "site": "latimes.com", "category": "News and Portals", "popularity": 0.001215889799977282, "cookies": 0.7753128686761201, "bad_qs": 0.133064609405723, "tracked": 0.7885273774549493, "https": 0.925379953272109, "requests": 75.16178953942955, "requests_tracking": 16.986727659672905, "content_length": 4351724.120943117, "requests_failed": 26.170660898933587, "has_blocking": 0.47585532859885726, "script": 0.9786485923801151, "iframe": 0.4200189687478313, "beacon": 0.013081496217816744, "image": 0.9693492794189086, "stylesheet": 0.14780587105878, "font": 0.09582687547711027, "xhr": 0.8619271785144232, "plugin": 0.0024289250271808276, "media": 0.10929584306831062, "referer_leaked": 0.9603969557472992, "referer_leaked_header": 0.9045895116704065, "referer_leaked_url": 0.0, "hosts": 21.57121376853501, "trackers": 17.228660158689767, "companies": 14.064383862684771}