{"id": "lavanguardia.com", "month": "2019-04", "country": "global", "site": "lavanguardia.com", "category": "News and Portals", "popularity": 0.0014767580579138362, "cookies": 0.9639073399519082, "bad_qs": 0.18911030164512058, "tracked": 0.9640549484560627, "https": 0.987205675785063, "requests": 103.97019736685475, "requests_tracking": 31.5305954336595, "content_length": 1361339.9457324478, "requests_failed": 37.73187629455039, "has_blocking": 0.4843511177773016, "script": 0.9793919481941766, "iframe": 0.9692736233126206, "beacon": 0.3566983310715901, "image": 0.953355712687189, "stylesheet": 0.47394233745208675, "font": 0.10650191652977169, "xhr": 0.9359855248434635, "plugin": 0.00018093945670547343, "media": 0.004428255124633955, "referer_leaked": 0.9798633430945408, "referer_leaked_header": 0.9617360664714425, "referer_leaked_url": 0.0, "hosts": 30.9784539199581, "trackers": 22.443120729471705, "companies": 19.920977073066208}