{"id": "lazada.sg", "month": "2019-04", "country": "global", "site": "lazada.sg", "category": "E-Commerce", "popularity": 0.00027760365387415346, "cookies": 0.934268851794625, "bad_qs": 0.1501557790217584, "tracked": 0.939562805542187, "https": 0.8592416221282201, "requests": 131.60432128473366, "requests_tracking": 14.0122090225183, "content_length": 4834982.95096127, "requests_failed": 36.70237341371362, "has_blocking": 0.4681729527090352, "script": 0.9989868031105145, "iframe": 0.8806200764963652, "beacon": 0.18650421743205248, "image": 0.9977456369208947, "stylesheet": 0.9986321841991945, "font": 0.7596696978140277, "xhr": 0.9696800830821449, "plugin": 0.0029636009017452317, "media": 0.00022796930013424858, "referer_leaked": 0.9935661997517667, "referer_leaked_header": 0.9646140986347171, "referer_leaked_url": 0.0, "hosts": 11.92431419235543, "trackers": 8.914435522682945, "companies": 7.171534233389903}