{"id": "lcl.fr", "month": "2019-04", "country": "global", "site": "lcl.fr", "category": "Banking", "popularity": 0.0009007721388228375, "cookies": 0.5346676866871711, "bad_qs": 0.08606423006666562, "tracked": 0.5370564081747358, "https": 0.9964871742829933, "requests": 19.100217014566518, "requests_tracking": 4.486924482053364, "content_length": 274735.8322118312, "requests_failed": 6.701815740581724, "has_blocking": 0.3396824405551826, "script": 0.9366052052270847, "iframe": 0.5346676866871711, "beacon": 8.586907308238747e-05, "image": 0.7342430250893819, "stylesheet": 0.05950726764609452, "font": 0.014230847293562943, "xhr": 0.40509125540584845, "plugin": 0.0014363554042872086, "media": 0.0, "referer_leaked": 0.8026416449391891, "referer_leaked_header": 0.7946870462600115, "referer_leaked_url": 0.0, "hosts": 4.574386036127461, "trackers": 4.27894178076845, "companies": 4.025354795397417}