{"id": "le-vrai-debat.fr", "month": "2019-04", "country": "global", "site": "le-vrai-debat.fr", "category": "Reference", "popularity": 3.860391751992458e-06, "cookies": 0.5683060109289617, "bad_qs": 0.00546448087431694, "tracked": 0.5683060109289617, "https": 0.9890710382513661, "requests": 5.757741347905283, "requests_tracking": 1.0874316939890711, "content_length": 72876.29326047358, "requests_failed": 1.4918032786885247, "has_blocking": 0.16939890710382513, "script": 0.994535519125683, "iframe": 0.08743169398907104, "beacon": 0.0018214936247723133, "image": 0.1366120218579235, "stylesheet": 0.970856102003643, "font": 0.46083788706739526, "xhr": 0.00546448087431694, "plugin": 0.0, "media": 0.0, "referer_leaked": 0.8451730418943534, "referer_leaked_header": 0.8178506375227687, "referer_leaked_url": 0.0, "hosts": 3.586520947176685, "trackers": 3.540983606557377, "companies": 3.3278688524590163}