{"id": "leadforensics.com", "month": "2019-04", "country": "global", "site": "leadforensics.com", "category": "Business", "popularity": 0.0005098529784216195, "cookies": 0.8955011860760193, "bad_qs": 0.004440889281182766, "tracked": 0.8955149776576378, "https": 0.9973933910740884, "requests": 12.13859160368511, "requests_tracking": 6.054159541016164, "content_length": 58098.59269322006, "requests_failed": 3.726940475533734, "has_blocking": 0.2337811000165499, "script": 0.5858250124124235, "iframe": 0.05854526397087218, "beacon": 8.274948971148011e-05, "image": 0.057014398411209796, "stylesheet": 0.05135984994759199, "font": 0.033830749710376785, "xhr": 0.8728692006399293, "plugin": 0.0, "media": 0.006909582390908589, "referer_leaked": 0.9971451426049539, "referer_leaked_header": 0.9872014122579578, "referer_leaked_url": 0.0, "hosts": 3.3370386715948586, "trackers": 3.018191096154907, "companies": 2.923815303138964}