{"id": "leadsquared.com", "month": "2019-04", "country": "global", "site": "leadsquared.com", "category": "Business", "popularity": 0.00012549437449509908, "cookies": 0.6709250854485348, "bad_qs": 0.0025214321734745334, "tracked": 0.6709250854485348, "https": 0.9929960217403485, "requests": 270.07581106068244, "requests_tracking": 232.60816944024205, "content_length": 565733.9185297249, "requests_failed": 12.292710259427356, "has_blocking": 0.3549055863730599, "script": 0.985431725219925, "iframe": 0.8511234381128481, "beacon": 0.0014568274780075083, "image": 0.8374516725500084, "stylesheet": 0.9909228441754917, "font": 0.5018210343475094, "xhr": 0.8456323191572813, "plugin": 0.00011206365215442371, "media": 0.7399562951756598, "referer_leaked": 0.9938925309575839, "referer_leaked_header": 0.985431725219925, "referer_leaked_url": 0.0, "hosts": 8.964812013223511, "trackers": 6.08259091163781, "companies": 4.7235950019611135}