{"id": "leagueoflegends.com", "month": "2019-04", "country": "global", "site": "leagueoflegends.com", "category": "Entertainment", "popularity": 0.0008416005603291828, "cookies": 0.6760049128142572, "bad_qs": 0.030320753298186103, "tracked": 0.676982462589922, "https": 0.9458671367817725, "requests": 73.79890046538054, "requests_tracking": 8.374050648775556, "content_length": 4100197.887715458, "requests_failed": 25.14684134450692, "has_blocking": 0.4191933961081822, "script": 0.9960229598870387, "iframe": 0.6633886721197791, "beacon": 0.04150826739746171, "image": 0.9707152823614928, "stylesheet": 0.9237761828770041, "font": 0.8043647179727121, "xhr": 0.9217458871890849, "plugin": 0.0009775497756648592, "media": 0.07218829112602038, "referer_leaked": 0.9751017236625532, "referer_leaked_header": 0.945349118951933, "referer_leaked_url": 0.0, "hosts": 14.572852523665896, "trackers": 12.124934203380484, "companies": 8.792909839832229}