{"id": "leagueofgraphs.com", "month": "2019-04", "country": "global", "site": "leagueofgraphs.com", "category": "Entertainment", "popularity": 0.0002712259210525557, "cookies": 0.9737892771958934, "bad_qs": 0.01223685575028518, "tracked": 0.9746707456185835, "https": 0.9938556465830136, "requests": 29.362776107020636, "requests_tracking": 7.491600124442601, "content_length": 274392.9994037125, "requests_failed": 13.925101109613191, "has_blocking": 0.4752151819973037, "script": 0.997796328943275, "iframe": 0.08731722493000103, "beacon": 0.011096131909156901, "image": 0.9770299699263715, "stylesheet": 0.9639634968370839, "font": 0.5084517266410868, "xhr": 0.9710670953022918, "plugin": 0.004925852950326662, "media": 0.004511044280825469, "referer_leaked": 0.9655968059732448, "referer_leaked_header": 0.8963237581665456, "referer_leaked_url": 0.0, "hosts": 13.132894327491444, "trackers": 12.800373327802552, "companies": 6.742637146116354}