{"id": "leclercdrive.fr", "month": "2019-04", "country": "global", "site": "leclercdrive.fr", "category": "Business", "popularity": 0.0011063643684125562, "cookies": 0.6786831066480233, "bad_qs": 0.009482649040294902, "tracked": 0.6822549891953731, "https": 0.9966823439684759, "requests": 12.337472988432694, "requests_tracking": 3.5036481505020975, "content_length": 60652.1120249142, "requests_failed": 4.574920554213804, "has_blocking": 0.0774945976865387, "script": 0.9416041693148596, "iframe": 0.04407016651836786, "beacon": 0.00043854073979916107, "image": 0.9954747680183043, "stylesheet": 0.06351849497902631, "font": 0.02881657556883183, "xhr": 0.7782064319308504, "plugin": 0.0014490911402059235, "media": 0.0, "referer_leaked": 0.9695245964154061, "referer_leaked_header": 0.9679674590059744, "referer_leaked_url": 0.0, "hosts": 3.822969365704843, "trackers": 2.961560950807169, "companies": 2.931377907715775}