{"id": "ledauphine.com", "month": "2019-04", "country": "global", "site": "ledauphine.com", "category": "News and Portals", "popularity": 0.0005301112455208733, "cookies": 0.9674090384538858, "bad_qs": 0.04783191181737389, "tracked": 0.9676478000769343, "https": 0.9949329477775273, "requests": 322.2782236135245, "requests_tracking": 115.93633023385375, "content_length": 37618682.08617968, "requests_failed": 80.0816830041518, "has_blocking": 0.515764899388505, "script": 0.9961134913581557, "iframe": 0.9894679595166403, "beacon": 0.20756343763679053, "image": 0.9942962501160647, "stylesheet": 0.9965777500696388, "font": 0.5984692727055672, "xhr": 0.958375890381886, "plugin": 0.0005173168499383199, "media": 0.3646553210680603, "referer_leaked": 0.9974266802849222, "referer_leaked_header": 0.9914311106394832, "referer_leaked_url": 0.0, "hosts": 24.3345182984255, "trackers": 19.3796840387855, "companies": 14.31704890633912}