{"id": "lelombrik.net", "month": "2019-04", "country": "global", "site": "lelombrik.net", "category": "Entertainment", "popularity": 0.00022135022215113038, "cookies": 0.12262143015978906, "bad_qs": 0.004479176593919756, "tracked": 0.12370151529591156, "https": 0.9987928460243337, "requests": 9.069538422440358, "requests_tracking": 1.053083007719432, "content_length": 1593678.1762444805, "requests_failed": 2.511483846373773, "has_blocking": 0.2392388576511325, "script": 0.9526986244798119, "iframe": 0.11938117475142158, "beacon": 0.011817402077575527, "image": 0.7774706947488802, "stylesheet": 0.08847167953238667, "font": 0.06960195686012897, "xhr": 0.09711236062136662, "plugin": 6.353441977191144e-05, "media": 0.00028590488897360146, "referer_leaked": 0.8889736014485847, "referer_leaked_header": 0.8664506496394422, "referer_leaked_url": 0.0, "hosts": 3.39156262905429, "trackers": 3.0941262428920866, "companies": 1.7471647765176785}