{"id": "lelscanv.com", "month": "2019-04", "country": "global", "site": "lelscanv.com", "category": "Entertainment", "popularity": 0.00106689555437989, "cookies": 0.08004508096779084, "bad_qs": 0.0019442815055988718, "tracked": 0.08092165534150152, "https": 0.002972443928898614, "requests": 4.881326329526057, "requests_tracking": 0.18584035801142842, "content_length": 39846.81604460643, "requests_failed": 3.641072452496919, "has_blocking": 0.39388506989527244, "script": 0.9990245638548182, "iframe": 0.012370903003420617, "beacon": 0.00023067746676596782, "image": 0.340084493860684, "stylesheet": 0.029638759087044494, "font": 0.001370883231066323, "xhr": 0.003104259624193453, "plugin": 3.295392382370969e-05, "media": 3.295392382370969e-05, "referer_leaked": 0.3784164980524231, "referer_leaked_header": 0.37799468782747964, "referer_leaked_url": 0.0, "hosts": 2.3325380453050544, "trackers": 2.269062197235825, "companies": 1.237340750163122}