{"id": "lematin.ch", "month": "2019-04", "country": "global", "site": "lematin.ch", "category": "News and Portals", "popularity": 0.00024015996338351623, "cookies": 0.8035662001522516, "bad_qs": 0.06860104233764713, "tracked": 0.8038004333313814, "https": 0.9812027873748317, "requests": 198.7734379574867, "requests_tracking": 11.200942788545998, "content_length": 6543239.399953153, "requests_failed": 68.63462551970487, "has_blocking": 0.5219300813960297, "script": 0.9979504596826141, "iframe": 0.8649352930842654, "beacon": 0.010159864144756104, "image": 0.9987702758095685, "stylesheet": 0.9969549686713123, "font": 0.9737658839374598, "xhr": 0.9789190138783158, "plugin": 0.0005270246530421034, "media": 0.04441646659249283, "referer_leaked": 0.9905135562452422, "referer_leaked_header": 0.9841307021139545, "referer_leaked_url": 0.0, "hosts": 21.7303097733794, "trackers": 18.092346430871935, "companies": 12.168267260057387}