{"id": "lemonde.fr", "month": "2019-04", "country": "global", "site": "lemonde.fr", "category": "News and Portals", "popularity": 0.01256305077998688, "cookies": 0.7722681060943584, "bad_qs": 0.06389046229897975, "tracked": 0.7724265043355222, "https": 0.9871770187100226, "requests": 66.0650317132309, "requests_tracking": 9.663031529645657, "content_length": 1709667.957149078, "requests_failed": 24.903772228926318, "has_blocking": 0.515673589919827, "script": 0.9966590844469718, "iframe": 0.6102194291394554, "beacon": 0.00710273385289449, "image": 0.9882275964438195, "stylesheet": 0.21439229927080838, "font": 0.13567341081227513, "xhr": 0.9612909400683743, "plugin": 0.0012929326398885951, "media": 0.005130871649289503, "referer_leaked": 0.9886244316133784, "referer_leaked_header": 0.9628262276143545, "referer_leaked_url": 0.0, "hosts": 16.072356092679204, "trackers": 14.267721013121866, "companies": 12.45996890245131}