{"id": "leparisien.fr", "month": "2019-04", "country": "global", "site": "leparisien.fr", "category": "News and Portals", "popularity": 0.002902634886834198, "cookies": 0.9222784245895047, "bad_qs": 0.07404661889465447, "tracked": 0.927559509101392, "https": 0.003188030833781499, "requests": 108.50195739279157, "requests_tracking": 13.958306080030233, "content_length": 1341383.1883021556, "requests_failed": 39.4285091353072, "has_blocking": 0.502405558220323, "script": 0.9961990726609399, "iframe": 0.5248574349433374, "beacon": 0.45160055620963485, "image": 0.998762094410287, "stylesheet": 0.9743722050223598, "font": 0.5186921321530836, "xhr": 0.9189183951317121, "plugin": 0.0015164949102942388, "media": 0.002284432428765922, "referer_leaked": 0.9945759870540754, "referer_leaked_header": 0.9429279495341502, "referer_leaked_url": 0.0, "hosts": 21.771270900255335, "trackers": 19.186918899015005, "companies": 16.5669244223511}