{"id": "lephoceen.fr", "month": "2019-04", "country": "global", "site": "lephoceen.fr", "category": "Entertainment", "popularity": 0.0004380806312220075, "cookies": 0.7799714290300316, "bad_qs": 0.06694916614500569, "tracked": 0.7802924511645077, "https": 0.995136514662686, "requests": 54.82602205422064, "requests_tracking": 9.384504261568836, "content_length": 30891312.66413059, "requests_failed": 31.85554003948572, "has_blocking": 0.4476172132068506, "script": 0.9987961669957144, "iframe": 0.9793422256464583, "beacon": 0.07362642654211007, "image": 0.9037094107638721, "stylesheet": 0.5701192597229578, "font": 0.05975827033273944, "xhr": 0.8328116723648096, "plugin": 0.00014445996051427746, "media": 0.11017479655222227, "referer_leaked": 0.9852008796006485, "referer_leaked_header": 0.9697436638256208, "referer_leaked_url": 0.0, "hosts": 23.25518049469511, "trackers": 17.90386992183111, "companies": 13.051186979342226}