{"id": "leprosorium.ru", "month": "2019-04", "country": "global", "site": "leprosorium.ru", "category": "Entertainment", "popularity": 0.00020500860023559217, "cookies": 0.8870176642085406, "bad_qs": 0.011593208712056251, "tracked": 0.887463556851312, "https": 0.8145772594752186, "requests": 60.476556336820444, "requests_tracking": 7.95853198422226, "content_length": 33589299.42939462, "requests_failed": 15.140833476247641, "has_blocking": 0.4063110958669182, "script": 0.9769164808780655, "iframe": 0.23330475047161722, "beacon": 0.01197050248670897, "image": 0.9981135311267364, "stylesheet": 0.12896587206311097, "font": 0.11064997427542446, "xhr": 0.14769336305950953, "plugin": 0.0, "media": 0.5002915451895044, "referer_leaked": 0.9910478477105128, "referer_leaked_header": 0.9868633167552735, "referer_leaked_url": 0.0, "hosts": 7.25594237695078, "trackers": 5.796329960555651, "companies": 4.550334419482079}