{"id": "leroymerlin.ru", "month": "2019-04", "country": "global", "site": "leroymerlin.ru", "category": "Business", "popularity": 0.0005781446445333695, "cookies": 0.8254804183896862, "bad_qs": 0.0573704694721479, "tracked": 0.8463390902456823, "https": 0.9494162004378497, "requests": 69.61224762831428, "requests_tracking": 7.698771588421309, "content_length": 1253753.0878983217, "requests_failed": 22.056701532473852, "has_blocking": 0.48005351495986376, "script": 0.9971783021162735, "iframe": 0.923424957431282, "beacon": 0.1178423741182194, "image": 0.9798954025784481, "stylesheet": 0.9184140111894916, "font": 0.26526392605205545, "xhr": 0.8375577718316711, "plugin": 0.0006689369982972513, "media": 1.2162490878131842e-05, "referer_leaked": 0.9862807102894673, "referer_leaked_header": 0.9349793237655072, "referer_leaked_url": 0.0, "hosts": 12.307139382145463, "trackers": 11.050863536852347, "companies": 7.660252979810265}