{"id": "leroymerlin.fr", "month": "2019-04", "country": "global", "site": "leroymerlin.fr", "category": "Business", "popularity": 0.002690932128223566, "cookies": 0.7056628524094103, "bad_qs": 0.11854596576314325, "tracked": 0.7117069563376859, "https": 0.9961195441705624, "requests": 86.52208724100898, "requests_tracking": 9.250092111830295, "content_length": 1377626.0895117943, "requests_failed": 25.37133741151385, "has_blocking": 0.49592225500212966, "script": 0.9985654072388139, "iframe": 0.5882222286098039, "beacon": 0.1571362497288907, "image": 0.995643959685069, "stylesheet": 0.9935430260238786, "font": 0.5589528779394126, "xhr": 0.839414456200498, "plugin": 7.055374235341153e-05, "media": 7.577994549070128e-05, "referer_leaked": 0.9416389895658854, "referer_leaked_header": 0.8277365052902241, "referer_leaked_url": 0.0, "hosts": 15.402284373391309, "trackers": 12.157528214964188, "companies": 10.661519727610292}