{"id": "lesara.de", "month": "2019-04", "country": "global", "site": "lesara.de", "category": "E-Commerce", "popularity": 3.5861562723427204e-07, "cookies": 0.8431372549019608, "bad_qs": 0.11764705882352941, "tracked": 0.8431372549019608, "https": 0.9803921568627451, "requests": 60.68627450980392, "requests_tracking": 11.980392156862745, "content_length": 518880.0588235294, "requests_failed": 17.901960784313726, "has_blocking": 0.7254901960784313, "script": 0.9411764705882353, "iframe": 0.7058823529411765, "beacon": 0.11764705882352941, "image": 0.8235294117647058, "stylesheet": 0.0784313725490196, "font": 0.0196078431372549, "xhr": 0.803921568627451, "plugin": 0.0, "media": 0.0, "referer_leaked": 0.9803921568627451, "referer_leaked_header": 0.9803921568627451, "referer_leaked_url": 0.0, "hosts": 14.862745098039216, "trackers": 12.980392156862745, "companies": 10.333333333333334}