{"id": "lesnumeriques.com", "month": "2019-04", "country": "global", "site": "lesnumeriques.com", "category": "Entertainment", "popularity": 0.0012349667450103523, "cookies": 0.9109885041764173, "bad_qs": 0.04002755809120362, "tracked": 0.9117230070204807, "https": 0.9834765329188232, "requests": 201.63138775486965, "requests_tracking": 10.945925786743647, "content_length": 38477091.12082856, "requests_failed": 72.48466938831287, "has_blocking": 0.5281701769070029, "script": 0.9949438873990059, "iframe": 0.9852188419907874, "beacon": 0.18281149468481855, "image": 0.9986733398242887, "stylesheet": 0.9883561370844223, "font": 0.7036138678692015, "xhr": 0.9769969651936753, "plugin": 0.003137295093634878, "media": 0.33618024358164084, "referer_leaked": 0.994750297502121, "referer_leaked_header": 0.9816317350779199, "referer_leaked_url": 0.0, "hosts": 26.50136367000894, "trackers": 19.60384105130702, "companies": 14.696200513582609}