{"id": "lesoir.be", "month": "2019-04", "country": "global", "site": "lesoir.be", "category": "News and Portals", "popularity": 0.0008053874136574866, "cookies": 0.9068161380165362, "bad_qs": 0.11725468625858892, "tracked": 0.9068423304259758, "https": 0.9938360529785135, "requests": 60.84320350629054, "requests_tracking": 13.987366527846897, "content_length": 10734719.465124806, "requests_failed": 26.338772623693654, "has_blocking": 0.44254694989392074, "script": 0.9969005648829636, "iframe": 0.6525664195849377, "beacon": 0.07969477112199551, "image": 0.9724543160725355, "stylesheet": 0.351676750744301, "font": 0.11996123523402918, "xhr": 0.7733308887084522, "plugin": 0.0020080847237137346, "media": 0.18097208762234038, "referer_leaked": 0.977491989488113, "referer_leaked_header": 0.959262072518051, "referer_leaked_url": 0.0, "hosts": 21.8858360180553, "trackers": 16.816382479024245, "companies": 14.629281367593006}