{"id": "letelegramme.fr", "month": "2019-04", "country": "global", "site": "letelegramme.fr", "category": "News and Portals", "popularity": 0.0005032150734783029, "cookies": 0.9064334022692974, "bad_qs": 0.09239282320719915, "tracked": 0.907928567436141, "https": 0.9979039740651724, "requests": 77.30909395785591, "requests_tracking": 18.673425185847634, "content_length": 11025402.749762451, "requests_failed": 27.689885976189146, "has_blocking": 0.4818204683919289, "script": 0.9978900005589403, "iframe": 0.8145156782739925, "beacon": 0.15333128388575262, "image": 0.9925521211782461, "stylesheet": 0.7062070314683361, "font": 0.32411547705550275, "xhr": 0.8574283159130289, "plugin": 0.0004052316807333296, "media": 0.14764406684925382, "referer_leaked": 0.9869487451791403, "referer_leaked_header": 0.959015706221005, "referer_leaked_url": 0.0, "hosts": 28.12611089374546, "trackers": 21.07000726622324, "companies": 17.062210049745683}