{"id": "lever.co", "month": "2019-04", "country": "global", "site": "lever.co", "category": "Business", "popularity": 0.000321621964197419, "cookies": 0.3547519622204246, "bad_qs": 0.09825313190056625, "tracked": 0.37926058724502065, "https": 0.995955311659634, "requests": 39.71630337348871, "requests_tracking": 7.395964056931721, "content_length": 190975.01963313585, "requests_failed": 22.295371564747807, "has_blocking": 0.3178469140121122, "script": 0.9830997616913356, "iframe": 0.10107348214871335, "beacon": 0.00024049498240013992, "image": 0.8287675725311003, "stylesheet": 0.10330352653096919, "font": 0.045103740790135335, "xhr": 0.2789741795841623, "plugin": 6.558954065458361e-05, "media": 0.0005903058658912525, "referer_leaked": 0.8575832440586808, "referer_leaked_header": 0.8504121209471129, "referer_leaked_url": 0.0, "hosts": 3.2968363978224273, "trackers": 2.9858326592186097, "companies": 2.653752814884453}