{"id": "levi.com", "month": "2019-04", "country": "global", "site": "levi.com", "category": "Business", "popularity": 0.000269854743654307, "cookies": 0.6209448367511791, "bad_qs": 0.04161346639914532, "tracked": 0.6217265549678193, "https": 0.9394428954842744, "requests": 128.74185058759153, "requests_tracking": 11.937827344503217, "content_length": 1167786.9946582587, "requests_failed": 33.37558954582172, "has_blocking": 0.48656747531073297, "script": 0.9949448888657269, "iframe": 0.3717330692862913, "beacon": 0.09135680225134847, "image": 0.9445761784402116, "stylesheet": 0.3803059123954452, "font": 0.24319253719675848, "xhr": 0.9889256585975975, "plugin": 0.014123042447299164, "media": 0.1361753133387185, "referer_leaked": 0.9833494019855643, "referer_leaked_header": 0.9806133882273237, "referer_leaked_url": 0.0, "hosts": 17.22487427365349, "trackers": 14.111811762253433, "companies": 10.779008260155823}