{"id": "lexis.com", "month": "2019-04", "country": "global", "site": "lexis.com", "category": "Business", "popularity": 0.00027557853033212463, "cookies": 0.7573422469444515, "bad_qs": 0.00015309637416753848, "tracked": 0.7573422469444515, "https": 0.9930085989130157, "requests": 12.68543798321043, "requests_tracking": 4.603531423030798, "content_length": 90683.63902426578, "requests_failed": 2.787527748717818, "has_blocking": 0.005307340971141334, "script": 0.6660457758158761, "iframe": 0.017912275777602002, "beacon": 0.0019137046770942307, "image": 0.9971422010155393, "stylesheet": 0.06182541910132428, "font": 0.07468551453139752, "xhr": 0.01464621979536118, "plugin": 0.0019392207394554873, "media": 0.0007144497461151795, "referer_leaked": 0.9466969457273353, "referer_leaked_header": 0.9365670689699166, "referer_leaked_url": 0.0, "hosts": 1.8619070705008802, "trackers": 1.1626393814906484, "companies": 1.1060702712357429}