{"id": "libertyvf.net", "month": "2019-04", "country": "global", "site": "libertyvf.net", "category": "Entertainment", "popularity": 1.5469693723831344e-07, "cookies": 0.9090909090909091, "bad_qs": 0.0, "tracked": 0.9090909090909091, "https": 0.9545454545454546, "requests": 19.818181818181817, "requests_tracking": 6.636363636363637, "content_length": 555050.2272727273, "requests_failed": 2.3181818181818183, "has_blocking": 0.0, "script": 0.9545454545454546, "iframe": 0.9090909090909091, "beacon": 0.045454545454545456, "image": 0.8636363636363636, "stylesheet": 0.9545454545454546, "font": 0.8636363636363636, "xhr": 0.2727272727272727, "plugin": 0.0, "media": 0.0, "referer_leaked": 0.9545454545454546, "referer_leaked_header": 0.9545454545454546, "referer_leaked_url": 0.0, "hosts": 2.3181818181818183, "trackers": 2.3181818181818183, "companies": 1.1363636363636365}