{"id": "liberoquotidiano.it", "month": "2019-04", "country": "global", "site": "liberoquotidiano.it", "category": "News and Portals", "popularity": 0.00036513399363517735, "cookies": 0.9514125599399157, "bad_qs": 0.16467348392936237, "tracked": 0.9515858801779421, "https": 0.9788549309607718, "requests": 76.76570955379668, "requests_tracking": 16.4987771294317, "content_length": 848570.2598455524, "requests_failed": 39.82702640244959, "has_blocking": 0.5440714849692838, "script": 0.9978238681225566, "iframe": 0.9818784062241224, "beacon": 0.1055905405665646, "image": 0.9881564504015252, "stylesheet": 0.9955707050282127, "font": 0.362489648930229, "xhr": 0.9850752017254992, "plugin": 0.007163903171760356, "media": 0.013133822481560652, "referer_leaked": 0.9982090242070599, "referer_leaked_header": 0.9964565640225701, "referer_leaked_url": 0.0, "hosts": 23.23278833747376, "trackers": 20.349105474993742, "companies": 15.503726385117568}