{"id": "librus.pl", "month": "2019-04", "country": "global", "site": "librus.pl", "category": "Reference", "popularity": 0.0005953300679247531, "cookies": 0.05771047907020693, "bad_qs": 0.001771709345176226, "tracked": 0.05884437305111972, "https": 0.9991613909099499, "requests": 5.3072025890579235, "requests_tracking": 0.15124492109987717, "content_length": 36180.87849617311, "requests_failed": 1.9681210431824625, "has_blocking": 0.33824293678541056, "script": 0.9966928092223377, "iframe": 0.01713833506567136, "beacon": 5.905697817254087e-05, "image": 0.06441935179060758, "stylesheet": 0.7322474723613343, "font": 0.3281323821222716, "xhr": 0.008244354152886706, "plugin": 0.0058820750259850705, "media": 3.543418690352452e-05, "referer_leaked": 0.48694840782386845, "referer_leaked_header": 0.4866767457242748, "referer_leaked_url": 0.0, "hosts": 2.1185509779835585, "trackers": 2.111546820372295, "companies": 1.048603893036001}