{"id": "libreoffice.org", "month": "2019-04", "country": "global", "site": "libreoffice.org", "category": "Business", "popularity": 0.00032454011096805084, "cookies": 0.380248732504225, "bad_qs": 0.00769164102786324, "tracked": 0.38133206222645927, "https": 0.9903150322832257, "requests": 18.69612601291329, "requests_tracking": 2.874463751787494, "content_length": 275696.6186462712, "requests_failed": 5.193201022663258, "has_blocking": 0.3536204879317069, "script": 0.9658317805607315, "iframe": 0.3623954586818044, "beacon": 0.0006933310222299258, "image": 0.5297482341725528, "stylesheet": 0.4592668024439919, "font": 0.18559604801317328, "xhr": 0.16590111366295446, "plugin": 0.002231659227802574, "media": 0.00010833297222342592, "referer_leaked": 0.6188629371235429, "referer_leaked_header": 0.6063829787234043, "referer_leaked_url": 0.0, "hosts": 2.695952680157733, "trackers": 2.3768904103652986, "companies": 1.9255102482991724}