{"id": "lidl.de", "month": "2019-04", "country": "global", "site": "lidl.de", "category": "Business", "popularity": 0.0012667710289707564, "cookies": 0.7658865846618411, "bad_qs": 0.04254740441405036, "tracked": 0.7664305697411075, "https": 0.9973300324170701, "requests": 50.92124983347396, "requests_tracking": 8.100348594520183, "content_length": 288601.1784604112, "requests_failed": 23.4719070562636, "has_blocking": 0.32264421155468714, "script": 0.9942493005906123, "iframe": 0.9882377103779031, "beacon": 0.08356832008526134, "image": 0.7002142635108131, "stylesheet": 0.11072871797149074, "font": 0.04445690305963853, "xhr": 0.7512433944668946, "plugin": 0.005484257737910209, "media": 0.001210089257959945, "referer_leaked": 0.9590789999555931, "referer_leaked_header": 0.9558761490297083, "referer_leaked_url": 0.0, "hosts": 12.284676273369154, "trackers": 10.6365735601048, "companies": 7.2336804476220085}