{"id": "lifeline.de", "month": "2019-04", "country": "global", "site": "lifeline.de", "category": "Reference", "popularity": 2.0870023169241558e-05, "cookies": 0.7446091644204852, "bad_qs": 0.2099056603773585, "tracked": 0.7476415094339622, "https": 0.9366576819407008, "requests": 79.12601078167116, "requests_tracking": 37.08288409703504, "content_length": 687301.0886118598, "requests_failed": 19.054919137466307, "has_blocking": 0.44070080862533695, "script": 0.9898921832884097, "iframe": 0.626010781671159, "beacon": 0.15566037735849056, "image": 0.9154312668463612, "stylesheet": 0.7230458221024259, "font": 0.2574123989218329, "xhr": 0.6923854447439353, "plugin": 0.013140161725067386, "media": 0.007075471698113208, "referer_leaked": 0.977088948787062, "referer_leaked_header": 0.9723719676549866, "referer_leaked_url": 0.0, "hosts": 15.50067385444744, "trackers": 12.190363881401618, "companies": 8.793463611859838}