{"id": "lifewire.com", "month": "2019-04", "country": "global", "site": "lifewire.com", "category": "News and Portals", "popularity": 0.0006099418968148083, "cookies": 0.5580572271794517, "bad_qs": 0.04043024140554748, "tracked": 0.5587028198565862, "https": 0.9909962878421065, "requests": 26.816986004473033, "requests_tracking": 6.112655922159969, "content_length": 290046.4019390837, "requests_failed": 12.595040464826727, "has_blocking": 0.5267920961010814, "script": 0.9792142214844021, "iframe": 0.2989555232759217, "beacon": 0.058011113416799244, "image": 0.6199073113370686, "stylesheet": 0.06883631919946508, "font": 0.031023033824444907, "xhr": 0.23837356759124761, "plugin": 0.0031587927416937586, "media": 0.01250835811948076, "referer_leaked": 0.6664706831753937, "referer_leaked_header": 0.6649489290078624, "referer_leaked_url": 0.0, "hosts": 10.767748034400867, "trackers": 9.393949874339997, "companies": 8.086567060939338}