{"id": "lifehacker.com", "month": "2019-04", "country": "global", "site": "lifehacker.com", "category": "Entertainment", "popularity": 0.0008009715192672293, "cookies": 0.98179248347365, "bad_qs": 0.1299282760800288, "tracked": 0.9818802728493797, "https": 0.9866208991387863, "requests": 168.11527622927073, "requests_tracking": 32.03883801982284, "content_length": 20916709.046730284, "requests_failed": 63.128672888007095, "has_blocking": 0.5365335487099351, "script": 0.9862697416358672, "iframe": 0.9316208552440983, "beacon": 0.3585493683554416, "image": 0.9968132456610101, "stylesheet": 0.9780438771299897, "font": 0.9023606563133729, "xhr": 0.9424452852715764, "plugin": 0.0018523558278977078, "media": 0.11111501286114354, "referer_leaked": 0.9948731004573826, "referer_leaked_header": 0.9851899323143913, "referer_leaked_url": 0.0, "hosts": 35.88184427920533, "trackers": 26.258645058774988, "companies": 20.96874698224021}