{"id": "ligalive.net", "month": "2019-04", "country": "global", "site": "ligalive.net", "category": "News and Portals", "popularity": 1.5750960882446457e-06, "cookies": 0.9419642857142857, "bad_qs": 0.41964285714285715, "tracked": 0.9464285714285714, "https": 0.9598214285714286, "requests": 348.17857142857144, "requests_tracking": 130.33928571428572, "content_length": 55509767.071428575, "requests_failed": 79.79017857142857, "has_blocking": 0.3392857142857143, "script": 0.9955357142857143, "iframe": 0.96875, "beacon": 0.24107142857142858, "image": 0.9955357142857143, "stylesheet": 1.0, "font": 0.3794642857142857, "xhr": 0.9866071428571429, "plugin": 0.04017857142857143, "media": 0.7410714285714286, "referer_leaked": 1.0, "referer_leaked_header": 1.0, "referer_leaked_url": 0.0, "hosts": 31.9375, "trackers": 24.357142857142858, "companies": 18.674107142857142}