{"id": "likemag.com", "month": "2019-04", "country": "global", "site": "likemag.com", "category": "Entertainment", "popularity": 3.4173959771736513e-06, "cookies": 0.9526748971193416, "bad_qs": 0.06378600823045268, "tracked": 0.9567901234567902, "https": 0.9938271604938271, "requests": 64.47119341563786, "requests_tracking": 20.849794238683128, "content_length": 2545019.6913580247, "requests_failed": 18.732510288065843, "has_blocking": 0.4588477366255144, "script": 0.9835390946502057, "iframe": 0.7325102880658436, "beacon": 0.08847736625514403, "image": 0.9259259259259259, "stylesheet": 0.98559670781893, "font": 0.8888888888888888, "xhr": 0.6213991769547325, "plugin": 0.0, "media": 0.030864197530864196, "referer_leaked": 0.9917695473251029, "referer_leaked_header": 0.9876543209876543, "referer_leaked_url": 0.0, "hosts": 15.981481481481481, "trackers": 12.89917695473251, "companies": 7.574074074074074}