{"id": "lilo.org", "month": "2019-04", "country": "global", "site": "lilo.org", "category": "Reference", "popularity": 0.0019769635727949573, "cookies": 0.05399589544408521, "bad_qs": 0.0011097239561659038, "tracked": 0.05449029169378732, "https": 0.9716380165818368, "requests": 14.04488691130389, "requests_tracking": 0.3108863208738365, "content_length": 183913.57006733038, "requests_failed": 3.643166839171833, "has_blocking": 0.019758065950325625, "script": 0.9920114102386263, "iframe": 0.009372187899029348, "beacon": 5.335211327720691e-05, "image": 0.9273628761768588, "stylesheet": 0.9626855319739215, "font": 0.021643173952786938, "xhr": 0.026142535505831385, "plugin": 0.002607139935479511, "media": 1.4227230207255176e-05, "referer_leaked": 0.09015084420827242, "referer_leaked_header": 0.08114856429463171, "referer_leaked_url": 0.0, "hosts": 1.2937887469722675, "trackers": 1.189830375847854, "companies": 1.1442427734562566}