{"id": "limango.de", "month": "2019-04", "country": "global", "site": "limango.de", "category": "E-Commerce", "popularity": 0.0002435070425710361, "cookies": 0.9509096159399365, "bad_qs": 0.15244008085475022, "tracked": 0.9512850129945134, "https": 0.9975166041004909, "requests": 79.6800173260179, "requests_tracking": 13.997112330349408, "content_length": 574190.2353161998, "requests_failed": 15.845336413514294, "has_blocking": 0.3055732024256425, "script": 0.9819231879872943, "iframe": 0.5225815766676293, "beacon": 0.14164019636153624, "image": 0.9708922899220329, "stylesheet": 0.991336991048224, "font": 0.325180479353162, "xhr": 0.43052266820675716, "plugin": 0.0015015882183078257, "media": 5.775339301183944e-05, "referer_leaked": 0.9944556742708635, "referer_leaked_header": 0.94175570314756, "referer_leaked_url": 0.0, "hosts": 12.61819231879873, "trackers": 11.460987583020502, "companies": 6.945913947444413}