{"id": "limango-outlet.de", "month": "2019-04", "country": "global", "site": "limango-outlet.de", "category": "E-Commerce", "popularity": 0.0002006419275980925, "cookies": 0.9967056844466251, "bad_qs": 0.22674703862059298, "tracked": 0.9967056844466251, "https": 0.9971963271886171, "requests": 96.10415644494287, "requests_tracking": 30.028597462676107, "content_length": 451248.594378636, "requests_failed": 24.247318987874117, "has_blocking": 0.39573841732669796, "script": 0.9984930258638817, "iframe": 0.5458400504661106, "beacon": 0.13124693348286254, "image": 0.9996845868087194, "stylesheet": 0.9914838438354244, "font": 0.2642812083829817, "xhr": 0.4629564729796033, "plugin": 0.00014018364056914557, "media": 0.00010513773042685918, "referer_leaked": 0.9957944907829256, "referer_leaked_header": 0.9778159388799327, "referer_leaked_url": 0.0, "hosts": 14.911333847340016, "trackers": 12.219527581131281, "companies": 7.578572930539006}