{"id": "limetorrents.cc", "month": "2019-04", "country": "global", "site": "limetorrents.cc", "category": "Entertainment", "popularity": 1.6172861620369132e-07, "cookies": 0.391304347826087, "bad_qs": 0.0, "tracked": 0.391304347826087, "https": 0.34782608695652173, "requests": 3.0434782608695654, "requests_tracking": 0.43478260869565216, "content_length": 45536.391304347824, "requests_failed": 0.8260869565217391, "has_blocking": 0.043478260869565216, "script": 0.4782608695652174, "iframe": 0.391304347826087, "beacon": 0.0, "image": 0.21739130434782608, "stylesheet": 0.30434782608695654, "font": 0.30434782608695654, "xhr": 0.08695652173913043, "plugin": 0.0, "media": 0.0, "referer_leaked": 0.7391304347826086, "referer_leaked_header": 0.7391304347826086, "referer_leaked_url": 0.0, "hosts": 1.7826086956521738, "trackers": 1.7391304347826086, "companies": 1.2608695652173914}