{"id": "lineageos.org", "month": "2019-04", "country": "global", "site": "lineageos.org", "category": "Business", "popularity": 0.00014654722131744047, "cookies": 0.19754330406410442, "bad_qs": 0.0014874526174367833, "tracked": 0.1985509332565616, "https": 0.9882443260879996, "requests": 8.086848039921309, "requests_tracking": 0.4187419029797035, "content_length": 172975.87193512789, "requests_failed": 3.0896789981286887, "has_blocking": 0.061705292452377526, "script": 0.8614269948658894, "iframe": 0.009932344897077875, "beacon": 4.798234249796075e-05, "image": 0.0821457703565088, "stylesheet": 0.9764886521759992, "font": 0.6485293412024375, "xhr": 0.007869104169665563, "plugin": 0.0006237704524734897, "media": 4.798234249796075e-05, "referer_leaked": 0.9533131807494842, "referer_leaked_header": 0.952401516242023, "referer_leaked_url": 0.0, "hosts": 3.2449978407945874, "trackers": 3.2392879420373304, "companies": 2.627033251763351}