{"id": "linkedin.com", "month": "2019-04", "country": "global", "site": "linkedin.com", "category": "Business", "popularity": 0.03575271936472212, "cookies": 0.7192217319979601, "bad_qs": 0.014391326144586677, "tracked": 0.7196188195505535, "https": 0.9862610460257711, "requests": 141.10842319266652, "requests_tracking": 24.34561780745915, "content_length": 38159829.58870953, "requests_failed": 35.0150200972717, "has_blocking": 0.38760583346985883, "script": 0.9799282960971152, "iframe": 0.6834071488740041, "beacon": 0.00031605730411969976, "image": 0.8833880320289758, "stylesheet": 0.9828904236996956, "font": 0.07187835392950487, "xhr": 0.8446846812118585, "plugin": 3.205808374082829e-05, "media": 0.6138039355132962, "referer_leaked": 0.9877528286342018, "referer_leaked_header": 0.9787492273116779, "referer_leaked_url": 0.0, "hosts": 5.973229926673525, "trackers": 5.577110016853112, "companies": 4.605155333216246}