{"id": "linternaute.fr", "month": "2019-04", "country": "global", "site": "linternaute.fr", "category": "News and Portals", "popularity": 0.0012909810996485525, "cookies": 0.6088836841961927, "bad_qs": 0.04564939132329312, "tracked": 0.6090361937961274, "https": 0.9820746752362537, "requests": 54.86429913668673, "requests_tracking": 9.132928456657316, "content_length": 575921.7157329993, "requests_failed": 18.080753833165392, "has_blocking": 0.17024973446989297, "script": 0.9958059860017975, "iframe": 0.8963152591301506, "beacon": 0.12859282660203164, "image": 0.9168114600070808, "stylesheet": 0.9949290558021733, "font": 0.27093875105531195, "xhr": 0.7476837604509927, "plugin": 0.0034369127699556087, "media": 0.0014270541136741197, "referer_leaked": 0.9903646613469865, "referer_leaked_header": 0.9867915792913751, "referer_leaked_url": 0.0, "hosts": 15.762591573844604, "trackers": 14.656853400147062, "companies": 11.043617745581306}