{"id": "linustechtips.com", "month": "2019-04", "country": "global", "site": "linustechtips.com", "category": "Reference", "popularity": 0.0002098042052899799, "cookies": 0.4355330629755002, "bad_qs": 0.001910379729865603, "tracked": 0.4360693099172169, "https": 0.9844488386902168, "requests": 22.322384958273286, "requests_tracking": 2.45607802393002, "content_length": 2924339.1686161477, "requests_failed": 8.557964942856186, "has_blocking": 0.5272648054429064, "script": 0.986426249287797, "iframe": 0.13546938365117137, "beacon": 0.0018433488621510206, "image": 0.9436605556858934, "stylesheet": 0.9890404531286657, "font": 0.7535610148473372, "xhr": 0.1465294768240775, "plugin": 0.0012065556188624862, "media": 0.0008043704125749908, "referer_leaked": 0.2452659449676576, "referer_leaked_header": 0.04990448101350672, "referer_leaked_url": 0.0, "hosts": 6.357509132955726, "trackers": 6.142105439554915, "companies": 2.536515065187519}