{"id": "linuxacademy.com", "month": "2019-04", "country": "global", "site": "linuxacademy.com", "category": "Business", "popularity": 0.00024276168460070604, "cookies": 0.7503186189317577, "bad_qs": 0.04411423936971382, "tracked": 0.7504924110763527, "https": 0.9955103695979608, "requests": 92.48774765380605, "requests_tracking": 9.703249913103928, "content_length": 1198378.214025026, "requests_failed": 27.636339937434826, "has_blocking": 0.4629822732012513, "script": 0.9964951917506663, "iframe": 0.8903081914030819, "beacon": 0.062014830263005444, "image": 0.988993164175646, "stylesheet": 0.9928165913567374, "font": 0.6058104507009616, "xhr": 0.9408817054802456, "plugin": 0.00043448036148766077, "media": 0.09413741165565984, "referer_leaked": 0.9931062449310625, "referer_leaked_header": 0.9588112617309698, "referer_leaked_url": 0.0, "hosts": 19.443633414436334, "trackers": 16.267842660178427, "companies": 12.441113428339706}