{"id": "lioden.com", "month": "2019-04", "country": "global", "site": "lioden.com", "category": "Entertainment", "popularity": 0.0006096325029403317, "cookies": 0.8378970679831138, "bad_qs": 4.613716579390528e-05, "tracked": 0.8378970679831138, "https": 0.9045076010980645, "requests": 8.120233454058917, "requests_tracking": 2.8651756672587605, "content_length": 216825.78628111375, "requests_failed": 2.0121686774781424, "has_blocking": 0.14502064638169276, "script": 0.9876237052757849, "iframe": 0.8012064868855107, "beacon": 0.0, "image": 0.30104500680523194, "stylesheet": 0.11656554937830169, "font": 0.038455327689220054, "xhr": 0.15811206717571338, "plugin": 0.0, "media": 1.153429144847632e-05, "referer_leaked": 0.9711412027959122, "referer_leaked_header": 0.9566656670280744, "referer_leaked_url": 0.0, "hosts": 3.17842395441648, "trackers": 2.3209877967196477, "companies": 2.251505225034026}