{"id": "lipstickalley.com", "month": "2019-04", "country": "global", "site": "lipstickalley.com", "category": "Entertainment", "popularity": 0.0004886735613779013, "cookies": 0.7026015885806377, "bad_qs": 0.00684931506849315, "tracked": 0.702716703119604, "https": 0.9966328997352366, "requests": 36.210040865661334, "requests_tracking": 10.456918383791873, "content_length": 4130164.2620294695, "requests_failed": 14.818593875906528, "has_blocking": 0.4577385748820076, "script": 0.997007021986877, "iframe": 0.6015885806377346, "beacon": 0.0069644296074594225, "image": 0.7942471509151606, "stylesheet": 0.9785023598480488, "font": 0.4055916887302866, "xhr": 0.4718832738574882, "plugin": 0.03460630827673535, "media": 0.02123863243927708, "referer_leaked": 0.9516662829515368, "referer_leaked_header": 0.871676067687349, "referer_leaked_url": 0.0, "hosts": 9.211522965350524, "trackers": 8.473595602624611, "companies": 4.92749222976862}