{"id": "listal.com", "month": "2019-04", "country": "global", "site": "listal.com", "category": "Adult", "popularity": 0.0003277676516131593, "cookies": 0.6464505610022955, "bad_qs": 0.006929397378413747, "tracked": 0.6473945036792311, "https": 0.9736125115311179, "requests": 59.42771329886512, "requests_tracking": 3.0013515542874307, "content_length": 534872.6733529273, "requests_failed": 17.79252569025808, "has_blocking": 0.5192757385278784, "script": 0.9902173213481218, "iframe": 0.864758758286315, "beacon": 0.0028103747881492286, "image": 0.9671979919764873, "stylesheet": 0.9736554180164332, "font": 0.4072469053697466, "xhr": 0.17692489219745564, "plugin": 0.0001072662132881385, "media": 0.0001716259412610216, "referer_leaked": 0.9965245746894643, "referer_leaked_header": 0.995044300946088, "referer_leaked_url": 0.0, "hosts": 11.597279728831014, "trackers": 10.645892776693197, "companies": 7.74371956321198}