{"id": "literotica.com", "month": "2019-04", "country": "global", "site": "literotica.com", "category": "Adult", "popularity": 0.0014241118775000518, "cookies": 0.5259667799020382, "bad_qs": 0.008305024490440828, "tracked": 0.5262729104123874, "https": 0.9816124190235425, "requests": 17.27445094011692, "requests_tracking": 4.691129127824301, "content_length": 249734.26574597092, "requests_failed": 4.285496326433876, "has_blocking": 0.11647772159898878, "script": 0.8313467767419813, "iframe": 0.5056288513193238, "beacon": 0.006068296729341128, "image": 0.5887334097013747, "stylesheet": 0.056110759993679885, "font": 0.01159345868225628, "xhr": 0.205018565334176, "plugin": 0.006616369094643704, "media": 0.0027946753041554746, "referer_leaked": 0.7896093379680834, "referer_leaked_header": 0.7866517222310001, "referer_leaked_url": 0.0, "hosts": 2.3923111866013587, "trackers": 2.3404615658081847, "companies": 1.8641768051824932}