{"id": "litnet.com", "month": "2019-04", "country": "global", "site": "litnet.com", "category": "Entertainment", "popularity": 0.00034456633266144703, "cookies": 0.8185176115260602, "bad_qs": 0.04124321456267091, "tracked": 0.8241500346924615, "https": 0.9923268438022937, "requests": 27.7589894290029, "requests_tracking": 6.8761070976694825, "content_length": 369468.5385902616, "requests_failed": 11.570201216276887, "has_blocking": 0.4726745847108281, "script": 0.9992449287784172, "iframe": 0.5713236194441044, "beacon": 0.1616668707399698, "image": 0.85004693685972, "stylesheet": 0.4040855475286723, "font": 0.08536386269948165, "xhr": 0.08360883229255948, "plugin": 0.003918207420105302, "media": 0.0, "referer_leaked": 0.9559609811844415, "referer_leaked_header": 0.9349618382923146, "referer_leaked_url": 0.0, "hosts": 7.994204318191095, "trackers": 7.254826333619036, "companies": 4.336169952246847}