{"id": "litres.ru", "month": "2019-04", "country": "global", "site": "litres.ru", "category": "E-Commerce", "popularity": 0.0002464955061313217, "cookies": 0.8556553986592498, "bad_qs": 0.08184281842818428, "tracked": 0.8701754385964913, "https": 0.9958351162458993, "requests": 37.175980601911284, "requests_tracking": 11.142148053059477, "content_length": 239928.72913992297, "requests_failed": 21.871173869633434, "has_blocking": 0.5371844244758237, "script": 0.9562972471829981, "iframe": 0.4888318356867779, "beacon": 0.2772500356582513, "image": 0.9679646270146912, "stylesheet": 0.1359577806304379, "font": 0.06957637997432606, "xhr": 0.881357866210241, "plugin": 0.0002282128084438739, "media": 0.0001426330052774212, "referer_leaked": 0.9097133076593924, "referer_leaked_header": 0.8752246469833119, "referer_leaked_url": 0.0, "hosts": 12.197147339894451, "trackers": 9.71168164313222, "companies": 6.846926258736271}