{"id": "livedoor.biz", "month": "2019-04", "country": "global", "site": "livedoor.biz", "category": "Entertainment", "popularity": 0.00048143796372252754, "cookies": 0.9415192720580717, "bad_qs": 0.07317393780945565, "tracked": 0.9417091445513898, "https": 8.76334584544379e-05, "requests": 162.81811675697782, "requests_tracking": 43.57595630011539, "content_length": 2781307.7131756903, "requests_failed": 68.05380694349103, "has_blocking": 0.5091503936202842, "script": 0.9704237077716272, "iframe": 0.9470401799407013, "beacon": 0.009172301984897834, "image": 0.9983057531365476, "stylesheet": 0.6242861524530066, "font": 0.04565703185476215, "xhr": 0.45194035082594536, "plugin": 0.004074955818131363, "media": 0.00264360933004221, "referer_leaked": 0.9944644865409613, "referer_leaked_header": 0.9396351527013014, "referer_leaked_url": 0.0, "hosts": 19.25476506930346, "trackers": 11.895818423474083, "companies": 8.899878773715805}