{"id": "liverpool.com.mx", "month": "2019-04", "country": "global", "site": "liverpool.com.mx", "category": "E-Commerce", "popularity": 0.00010728232597477036, "cookies": 0.5919905617093792, "bad_qs": 0.043258832011535686, "tracked": 0.5953988333224094, "https": 0.9801402634856131, "requests": 36.151209280985775, "requests_tracking": 4.438683882807892, "content_length": 441551.6263354526, "requests_failed": 12.840270039981649, "has_blocking": 0.4246575342465753, "script": 0.9830241856197155, "iframe": 0.8047453627842958, "beacon": 0.029560201874549386, "image": 0.6041816870944484, "stylesheet": 0.9534639837451662, "font": 0.5493871665465032, "xhr": 0.879071901422298, "plugin": 0.0024906600249066002, "media": 0.00026217473946385267, "referer_leaked": 0.985842564068952, "referer_leaked_header": 0.9800747198007472, "referer_leaked_url": 0.0, "hosts": 9.403749098774334, "trackers": 7.614668676673003, "companies": 3.7231434751261716}