{"id": "liveleak.com", "month": "2019-04", "country": "global", "site": "liveleak.com", "category": "News and Portals", "popularity": 0.0026483553120882027, "cookies": 0.8998598101064169, "bad_qs": 0.011849763164043417, "tracked": 0.900449244886255, "https": 0.9980883196329574, "requests": 54.172194609061364, "requests_tracking": 5.400096115040676, "content_length": 1724260.2913029164, "requests_failed": 17.18529492979885, "has_blocking": 0.5111089870218144, "script": 0.9988051997705983, "iframe": 0.7895160262537437, "beacon": 0.09094553835043226, "image": 0.9401351982837358, "stylesheet": 0.9994503918944753, "font": 0.46502952484122434, "xhr": 0.11241742602859024, "plugin": 0.012043586312368572, "media": 0.0012664882431657426, "referer_leaked": 0.983567514178296, "referer_leaked_header": 0.9814142186537522, "referer_leaked_url": 0.0, "hosts": 14.892815798976189, "trackers": 13.458434227574926, "companies": 9.497066101658914}