{"id": "liveinternet.ru", "month": "2019-04", "country": "global", "site": "liveinternet.ru", "category": "Business", "popularity": 0.0003621525617538571, "cookies": 0.719336737665767, "bad_qs": 0.021590975282993224, "tracked": 0.7241519911461468, "https": 0.6777275110187756, "requests": 83.39153059045104, "requests_tracking": 15.56771450206784, "content_length": 2502680.9497505, "requests_failed": 32.7702269770693, "has_blocking": 0.4835640642292682, "script": 0.9778653670659961, "iframe": 0.2562957497621498, "beacon": 0.03856086053239617, "image": 0.9836126050909656, "stylesheet": 0.8685707628681825, "font": 0.11391569423140399, "xhr": 0.4650214550608702, "plugin": 0.019261013921519136, "media": 0.00834902821194882, "referer_leaked": 0.7391996582723337, "referer_leaked_header": 0.08426693590664622, "referer_leaked_url": 0.0, "hosts": 8.13247771974448, "trackers": 6.01277595479875, "companies": 4.300992175213095}