{"id": "livetvcdn.net", "month": "2019-04", "country": "global", "site": "livetvcdn.net", "category": "Entertainment", "popularity": 0.0005314332011663643, "cookies": 0.9670799317252603, "bad_qs": 0.026026436614313878, "tracked": 0.9673577940378687, "https": 0.0007277346282599204, "requests": 290.6592878785874, "requests_tracking": 16.826931473861094, "content_length": 52368914.2604893, "requests_failed": 36.62152506715006, "has_blocking": 0.4806356431189383, "script": 0.9983989838178282, "iframe": 0.984452942032629, "beacon": 0.020085475739973803, "image": 0.9978300276539158, "stylesheet": 0.7819310107572409, "font": 0.3854479537425407, "xhr": 0.8425976156767271, "plugin": 0.023194887333448006, "media": 0.0009129761699988092, "referer_leaked": 0.9924050967887056, "referer_leaked_header": 0.98905751749871, "referer_leaked_url": 0.0, "hosts": 17.58938565965836, "trackers": 10.352580811622584, "companies": 9.090265556981622}