{"id": "livejasmin.com", "month": "2019-04", "country": "global", "site": "livejasmin.com", "category": "Adult", "popularity": 0.0015257266702287278, "cookies": 0.46072200535535696, "bad_qs": 0.012471252978398831, "tracked": 0.4642707358776656, "https": 0.9358785873287276, "requests": 68.52841980099457, "requests_tracking": 1.1591674770369482, "content_length": 7813489.668281262, "requests_failed": 17.35021361514248, "has_blocking": 0.45887390023919367, "script": 0.9940362892261463, "iframe": 0.026389650611349486, "beacon": 0.01647624885357569, "image": 0.8919388512252338, "stylesheet": 0.9576456707791998, "font": 0.7399794450154162, "xhr": 0.30054982279391096, "plugin": 0.0034795994082376636, "media": 0.5231842712889265, "referer_leaked": 0.9567515750372155, "referer_leaked_header": 0.9485111462399587, "referer_leaked_url": 0.0, "hosts": 6.448425884532605, "trackers": 4.893127906387254, "companies": 3.2091031851008625}