{"id": "livingathome.de", "month": "2019-04", "country": "global", "site": "livingathome.de", "category": "Reference", "popularity": 1.8050319904125025e-05, "cookies": 0.7261394624074795, "bad_qs": 0.2411375146084924, "tracked": 0.7308141799766265, "https": 0.9925983638488508, "requests": 171.79002726918583, "requests_tracking": 53.991040124659136, "content_length": 1560958.840670043, "requests_failed": 46.33852746396572, "has_blocking": 0.4090377873003506, "script": 0.9906505648617062, "iframe": 0.9820802493182703, "beacon": 0.2571094663030775, "image": 0.9637709388391118, "stylesheet": 0.9941566030385665, "font": 0.7093883911180366, "xhr": 0.7000389559797429, "plugin": 0.007012076353720296, "media": 0.08920919361121932, "referer_leaked": 0.9859758472925594, "referer_leaked_header": 0.9614335800545384, "referer_leaked_url": 0.0, "hosts": 25.45539540319439, "trackers": 20.830931047915854, "companies": 14.72925594078691}