{"id": "localbitcoins.com", "month": "2019-04", "country": "global", "site": "localbitcoins.com", "category": "Business", "popularity": 0.0005218771494524157, "cookies": 0.6361799024495406, "bad_qs": 0.005483844889379935, "tracked": 0.6372847557196367, "https": 0.9997709450537605, "requests": 15.154032714435852, "requests_tracking": 2.3718235468484736, "content_length": 196902.485448274, "requests_failed": 6.359023417499798, "has_blocking": 0.50049853135358, "script": 0.9988951467299038, "iframe": 0.1521059581233663, "beacon": 2.6947640734053733e-05, "image": 0.4601713869950686, "stylesheet": 0.07549381551645154, "font": 0.032094640114258, "xhr": 0.40067099625427793, "plugin": 0.0003907407906437791, "media": 6.736910183513433e-05, "referer_leaked": 0.9881969333584845, "referer_leaked_header": 0.9678784122450079, "referer_leaked_url": 0.0, "hosts": 5.864170416880002, "trackers": 4.982241504756258, "companies": 3.6081004608046565}