{"id": "logicad.jp", "month": "2019-04", "country": "global", "site": "logicad.jp", "category": "Business", "popularity": 0.00020969169842653386, "cookies": 0.06344522316488381, "bad_qs": 6.706683209818584e-05, "tracked": 0.06344522316488381, "https": 0.9997652660876564, "requests": 4.0831628718017505, "requests_tracking": 0.2885885785184937, "content_length": 65997.12658864558, "requests_failed": 0.7307266691257839, "has_blocking": 0.01643137386405553, "script": 0.9609000368867576, "iframe": 0.01998591596525938, "beacon": 0.0, "image": 0.9640857114114215, "stylesheet": 0.013010965427048054, "font": 0.0001341336641963717, "xhr": 0.003453941853056571, "plugin": 0.0, "media": 0.0002682673283927434, "referer_leaked": 0.972938533248382, "referer_leaked_header": 0.9506388115757353, "referer_leaked_url": 0.0, "hosts": 1.254820428557057, "trackers": 1.251835954528688, "companies": 1.250092216894135}