{"id": "lokalkompass.de", "month": "2019-04", "country": "global", "site": "lokalkompass.de", "category": "News and Portals", "popularity": 3.2268374772119103e-05, "cookies": 0.45478317716278055, "bad_qs": 0.07844846371758553, "tracked": 0.45609065155807366, "https": 0.992373066027457, "requests": 25.354543473523645, "requests_tracking": 8.100239703639136, "content_length": 3335657.117236871, "requests_failed": 8.046851165831336, "has_blocking": 0.4373501852255393, "script": 0.9945521900196121, "iframe": 0.10002179123992155, "beacon": 0.042057093048594466, "image": 0.45609065155807366, "stylesheet": 0.9300501198518196, "font": 0.49095663543255613, "xhr": 0.5088254521682284, "plugin": 0.0037045107866637613, "media": 0.003050773589017215, "referer_leaked": 0.9106559163216387, "referer_leaked_header": 0.8764436696448028, "referer_leaked_url": 0.0, "hosts": 8.785574199171933, "trackers": 7.055349749400741, "companies": 3.5752887339289607}