{"id": "lolibooru.moe", "month": "2019-04", "country": "global", "site": "lolibooru.moe", "category": "Adult", "popularity": 0.00021985950621047028, "cookies": 0.024850481338152045, "bad_qs": 0.0015351648703105512, "tracked": 0.026385646208462597, "https": 1.0, "requests": 3.3617232225669236, "requests_tracking": 0.039210669395848656, "content_length": 20296.51002654556, "requests_failed": 2.060415134167013, "has_blocking": 0.19435826910160872, "script": 0.9812581955416254, "iframe": 0.013912431637189368, "beacon": 0.0004157738190424409, "image": 0.2574919243931301, "stylesheet": 0.00406179038603, "font": 0.0029423993347618897, "xhr": 0.0003837912175776378, "plugin": 0.010554258483385039, "media": 0.0, "referer_leaked": 0.6517094700482937, "referer_leaked_header": 0.5856014328205457, "referer_leaked_url": 0.0, "hosts": 1.7086385006556433, "trackers": 1.702018102152429, "companies": 1.0601912559567594}