{"id": "lolskill.net", "month": "2019-04", "country": "global", "site": "lolskill.net", "category": "Entertainment", "popularity": 1.362036215593696e-05, "cookies": 0.9850283944243676, "bad_qs": 0.011357769747031492, "tracked": 0.9876097057305111, "https": 0.05214248838409912, "requests": 20.212183789364996, "requests_tracking": 4.422818791946309, "content_length": 61577.718120805366, "requests_failed": 10.408879710893133, "has_blocking": 0.4821889519876097, "script": 0.9989674754775426, "iframe": 0.018069179143004648, "beacon": 0.0015487867836861124, "image": 0.9943211151264842, "stylesheet": 0.9839958699019101, "font": 0.34073309241094474, "xhr": 0.9499225606608157, "plugin": 0.0, "media": 0.0, "referer_leaked": 0.9938048528652556, "referer_leaked_header": 0.9891584925141972, "referer_leaked_url": 0.0, "hosts": 11.331956633970057, "trackers": 10.088797108931336, "companies": 5.01600413009809}