{"id": "looker.com", "month": "2019-04", "country": "global", "site": "looker.com", "category": "Business", "popularity": 0.0002952601997562173, "cookies": 0.15153608001905217, "bad_qs": 0.011788521076446772, "tracked": 0.151559895213146, "https": 0.9927601809954751, "requests": 36.47785186949274, "requests_tracking": 1.5086925458442486, "content_length": 345022.63598475826, "requests_failed": 5.732341033579424, "has_blocking": 0.05222672064777328, "script": 0.9680876399142653, "iframe": 0.05313169802333889, "beacon": 0.00035722791140747797, "image": 0.9793522267206478, "stylesheet": 0.15644201000238153, "font": 0.2648487735175042, "xhr": 0.3920457251726602, "plugin": 0.0, "media": 0.01431293165039295, "referer_leaked": 0.19423672302929268, "referer_leaked_header": 0.1707787568468683, "referer_leaked_url": 0.0, "hosts": 3.3952131459871397, "trackers": 2.8217432722076685, "companies": 2.207120743034056}