{"id": "lordfilms.tv", "month": "2019-04", "country": "global", "site": "lordfilms.tv", "category": "Entertainment", "popularity": 0.00040224719521444183, "cookies": 0.6208548203828337, "bad_qs": 0.01262127436412901, "tracked": 0.624543309151298, "https": 0.34850100515689186, "requests": 152.96360458001922, "requests_tracking": 5.574914780176558, "content_length": 54764265.25053754, "requests_failed": 36.732435975876236, "has_blocking": 0.5451271741980596, "script": 0.9952276898872476, "iframe": 0.5435014421816274, "beacon": 0.24941875710165196, "image": 0.57531684293331, "stylesheet": 0.3826938204702386, "font": 0.21424700638056113, "xhr": 0.7479590944847478, "plugin": 0.004859715059872389, "media": 0.05086967922384407, "referer_leaked": 0.8706231972729657, "referer_leaked_header": 0.8007866445240801, "referer_leaked_url": 0.0, "hosts": 6.504029368062232, "trackers": 4.338309588322699, "companies": 3.8535617515951404}