{"id": "lovoo.com", "month": "2019-04", "country": "global", "site": "lovoo.com", "category": "Entertainment", "popularity": 0.00048920796897927, "cookies": 0.7167826136951647, "bad_qs": 0.015034784108549417, "tracked": 0.7170269648709251, "https": 0.9982033001782327, "requests": 21.745889150807795, "requests_tracking": 4.398407405277985, "content_length": 214677.8467918128, "requests_failed": 8.246334732363595, "has_blocking": 0.4178117633530731, "script": 0.9971252802851722, "iframe": 0.46834933593974587, "beacon": 0.040734778359109984, "image": 0.226527913528431, "stylesheet": 0.834674869200253, "font": 0.5254268958776519, "xhr": 0.07553326050710056, "plugin": 0.0022422813775656875, "media": 0.0003305927672051975, "referer_leaked": 0.9935318806416374, "referer_leaked_header": 0.9929425631000978, "referer_leaked_url": 0.0, "hosts": 8.280658885758639, "trackers": 7.075274535732766, "companies": 3.7746363479560743}