{"id": "lucidchart.com", "month": "2019-04", "country": "global", "site": "lucidchart.com", "category": "Business", "popularity": 0.0002519028672556973, "cookies": 0.8407771326485038, "bad_qs": 0.05077601607860652, "tracked": 0.841474988834301, "https": 0.9971527467619473, "requests": 88.83734368021437, "requests_tracking": 11.996119919606967, "content_length": 2071110.2799799019, "requests_failed": 23.723202322465387, "has_blocking": 0.4944171505136222, "script": 0.9850658776239393, "iframe": 0.13610987047789191, "beacon": 0.05560518088432336, "image": 0.9566491737382761, "stylesheet": 0.9478003573023671, "font": 0.6266469405984815, "xhr": 0.6834524341223761, "plugin": 0.0010049129075480126, "media": 0.005806163465832961, "referer_leaked": 0.9484144707458687, "referer_leaked_header": 0.8836813309513175, "referer_leaked_url": 0.0, "hosts": 14.273280482358196, "trackers": 10.916257257704332, "companies": 7.865118356409111}