{"id": "lufthansa.com", "month": "2019-04", "country": "global", "site": "lufthansa.com", "category": "Recreation", "popularity": 0.0006178736306877546, "cookies": 0.7181404347331285, "bad_qs": 0.02132696028223512, "tracked": 0.7183908045977011, "https": 0.9964151587572551, "requests": 18.900546261522702, "requests_tracking": 2.9604984636394676, "content_length": 127227.66630249232, "requests_failed": 5.977944691020826, "has_blocking": 0.4105838170023899, "script": 0.9916467508819847, "iframe": 0.35837031979059975, "beacon": 0.029930579264823034, "image": 0.5051894844656879, "stylesheet": 0.051257539547058154, "font": 0.022658472743826107, "xhr": 0.8478320245817685, "plugin": 0.010356208034596564, "media": 0.00013656538067599862, "referer_leaked": 0.8820530328894959, "referer_leaked_header": 0.6293615568453397, "referer_leaked_url": 0.0, "hosts": 6.910048935928075, "trackers": 6.042449072493456, "companies": 5.00101285990668}