{"id": "luxuretv.com", "month": "2019-04", "country": "global", "site": "luxuretv.com", "category": "Adult", "popularity": 0.0002888051184660004, "cookies": 0.17883229450720686, "bad_qs": 0.00299474094273471, "tracked": 0.1793922867160109, "https": 0.9991721854304636, "requests": 9.2043484612388, "requests_tracking": 1.773105765485002, "content_length": 239248.76799279315, "requests_failed": 6.654874366965329, "has_blocking": 0.5532966497857421, "script": 0.993645305804441, "iframe": 0.9863654070899883, "beacon": 0.046430658356057655, "image": 0.17040806388780677, "stylesheet": 0.04791585508375536, "font": 0.004893844955200623, "xhr": 0.060479158550837554, "plugin": 0.008253798208024932, "media": 0.057849629918192445, "referer_leaked": 0.20941273860537593, "referer_leaked_header": 0.20466497857421115, "referer_leaked_url": 0.0, "hosts": 1.8751704324113752, "trackers": 1.2331758862485391, "companies": 1.1992354888975458}