{"id": "lvz.de", "month": "2019-04", "country": "global", "site": "lvz.de", "category": "News and Portals", "popularity": 0.00012612722560198308, "cookies": 0.6359480403634945, "bad_qs": 0.17438813625466912, "tracked": 0.6434743825611864, "https": 0.0162791994201929, "requests": 146.64497965100074, "requests_tracking": 60.15415063834532, "content_length": 854748.1966326587, "requests_failed": 55.38384345208229, "has_blocking": 0.48174165133522884, "script": 0.9853933210681831, "iframe": 0.5743992863912583, "beacon": 0.064113285387746, "image": 0.7118804705357641, "stylesheet": 0.9565144673022244, "font": 0.7641188604560406, "xhr": 0.6547917711991972, "plugin": 0.006801583319395663, "media": 0.021296760885320846, "referer_leaked": 0.8620728103919273, "referer_leaked_header": 0.8503094162903495, "referer_leaked_url": 0.0, "hosts": 21.135641411607292, "trackers": 18.63143223504488, "companies": 13.13580866365613}