{"id": "macrumors.com", "month": "2019-04", "country": "global", "site": "macrumors.com", "category": "Entertainment", "popularity": 0.0005815339137946817, "cookies": 0.9253826993301251, "bad_qs": 0.041691857512514814, "tracked": 0.9254310657541535, "https": 0.9833256753161955, "requests": 73.87476723658436, "requests_tracking": 28.401671059950182, "content_length": 1354269.956240478, "requests_failed": 23.046746148823487, "has_blocking": 0.5402529563976688, "script": 0.994607143720829, "iframe": 0.8828202461850984, "beacon": 0.0062029938816473605, "image": 0.9774975212207685, "stylesheet": 0.6163212497883969, "font": 0.34712582525211, "xhr": 0.6238059539067979, "plugin": 0.001064061328625668, "media": 0.005658871611327417, "referer_leaked": 0.9885734323232812, "referer_leaked_header": 0.9645353195811468, "referer_leaked_url": 0.0, "hosts": 15.328541026819183, "trackers": 13.114289859979202, "companies": 6.912577688568596}