{"id": "macromill.com", "month": "2019-04", "country": "global", "site": "macromill.com", "category": "Business", "popularity": 0.00019532597830026685, "cookies": 0.6664266685866513, "bad_qs": 0.06181150550795594, "tracked": 0.6664626682986536, "https": 0.9341925264597883, "requests": 39.4031967744258, "requests_tracking": 17.991216070271438, "content_length": 271295.41720066237, "requests_failed": 12.525091799265606, "has_blocking": 0.2946576427388581, "script": 0.929296565627475, "iframe": 0.44452444380444955, "beacon": 0.008783929728562172, "image": 0.45777233782129745, "stylesheet": 0.3071855425156599, "font": 0.049895600835193316, "xhr": 0.6130750953992368, "plugin": 0.00039599683202534377, "media": 0.0011519907840737275, "referer_leaked": 0.9292245662034704, "referer_leaked_header": 0.9281445748434013, "referer_leaked_url": 0.0, "hosts": 11.703614371085031, "trackers": 6.200374397004824, "companies": 5.266217870257038}