{"id": "madchensex.com", "month": "2019-04", "country": "global", "site": "madchensex.com", "category": "Adult", "popularity": 3.657176229893037e-05, "cookies": 0.4774081907325514, "bad_qs": 0.02749471255527783, "tracked": 0.4774081907325514, "https": 0.0015381657373582003, "requests": 31.311478561815036, "requests_tracking": 7.338781003653144, "content_length": 184290.2987886945, "requests_failed": 16.553931936166123, "has_blocking": 0.39223226302634107, "script": 0.9548163814651028, "iframe": 0.30359546241107477, "beacon": 0.3831955393193617, "image": 0.9896173812728322, "stylesheet": 0.9826956354547203, "font": 0.3412805229763507, "xhr": 0.43741588156123823, "plugin": 0.00019227071716977504, "media": 0.0005768121515093252, "referer_leaked": 0.9532782157277446, "referer_leaked_header": 0.9452028456066142, "referer_leaked_url": 0.0, "hosts": 7.303210920976735, "trackers": 6.132474524129975, "companies": 4.853681984233801}