{"id": "madeleine.de", "month": "2019-04", "country": "global", "site": "madeleine.de", "category": "E-Commerce", "popularity": 5.92629903202048e-05, "cookies": 0.7250830564784053, "bad_qs": 0.16018035121025154, "tracked": 0.7250830564784053, "https": 0.9992880873279545, "requests": 156.2564072140484, "requests_tracking": 13.735999050783104, "content_length": 1022085.569886094, "requests_failed": 33.6578073089701, "has_blocking": 0.27064546748932133, "script": 0.9991694352159468, "iframe": 0.7319648789748457, "beacon": 0.14558614143331752, "image": 0.9931181775035596, "stylesheet": 0.299952539155197, "font": 0.0036782154722354056, "xhr": 0.7212861888941623, "plugin": 0.0, "media": 0.0, "referer_leaked": 0.9975083056478405, "referer_leaked_header": 0.9975083056478405, "referer_leaked_url": 0.0, "hosts": 12.909349786426198, "trackers": 11.825700047460845, "companies": 9.3609397247271}