{"id": "madmoizelle.com", "month": "2019-04", "country": "global", "site": "madmoizelle.com", "category": "Entertainment", "popularity": 0.0003094501279083499, "cookies": 0.6103435738956553, "bad_qs": 0.018155789856389746, "tracked": 0.6103890201781494, "https": 0.0077031448827485915, "requests": 107.1781267042356, "requests_tracking": 22.075668060352662, "content_length": 4514826.394610071, "requests_failed": 31.39286038902018, "has_blocking": 0.37952190510816214, "script": 0.9980912561352482, "iframe": 0.4653472095982549, "beacon": 0.1876931467005999, "image": 0.9698236684239229, "stylesheet": 0.9948645700781676, "font": 0.3811352481367024, "xhr": 0.5134975459007454, "plugin": 0.0042719505544446465, "media": 0.08087165969823669, "referer_leaked": 0.9290356298854754, "referer_leaked_header": 0.9013815669878203, "referer_leaked_url": 0.0, "hosts": 12.944146518814762, "trackers": 10.757362297764043, "companies": 6.41915106344301}