{"id": "mailchimp.com", "month": "2019-04", "country": "global", "site": "mailchimp.com", "category": "Business", "popularity": 0.004339319406324345, "cookies": 0.8089351979387791, "bad_qs": 0.11346275380402197, "tracked": 0.8115003808073115, "https": 0.8532012121015702, "requests": 38.38629255724263, "requests_tracking": 9.509875062792695, "content_length": 654973.4315113999, "requests_failed": 12.71196707232098, "has_blocking": 0.4278135178493299, "script": 0.997509358137123, "iframe": 0.1869650467501742, "beacon": 0.04950495049504951, "image": 0.901408176824229, "stylesheet": 0.2793505209768113, "font": 0.0945828134368265, "xhr": 0.5852619468166129, "plugin": 0.00038404822478974574, "media": 0.0008037464957625058, "referer_leaked": 0.9386640955421238, "referer_leaked_header": 0.8792387094683282, "referer_leaked_url": 0.0, "hosts": 14.071316296932476, "trackers": 11.518447278443066, "companies": 7.89890619176484}