{"id": "majorgeeks.com", "month": "2019-04", "country": "global", "site": "majorgeeks.com", "category": "Entertainment", "popularity": 0.00034827202747620117, "cookies": 0.9248117264632841, "bad_qs": 0.04682105433180561, "tracked": 0.9272951200306891, "https": 0.9604070342627552, "requests": 77.15158795856972, "requests_tracking": 23.235397443921745, "content_length": 732236.6910698783, "requests_failed": 29.691069878253145, "has_blocking": 0.4589432453713986, "script": 0.9675139817076864, "iframe": 0.8216398473621515, "beacon": 0.019322013365906842, "image": 0.9565103272830059, "stylesheet": 0.9812836923822407, "font": 0.5031193846029599, "xhr": 0.8174402875083284, "plugin": 0.0039774677461689115, "media": 0.0004845645985180399, "referer_leaked": 0.9701790869995356, "referer_leaked_header": 0.9544509277393043, "referer_leaked_url": 0.0, "hosts": 14.958832199317571, "trackers": 12.529548345413797, "companies": 7.4741262694582975}