{"id": "makemytrip.com", "month": "2019-04", "country": "global", "site": "makemytrip.com", "category": "Recreation", "popularity": 0.00023400724428881059, "cookies": 0.7566934102587217, "bad_qs": 0.025721926740587157, "tracked": 0.7574145857748129, "https": 0.8243036148922744, "requests": 80.5087292286427, "requests_tracking": 15.79825114937348, "content_length": 1213009.9963941225, "requests_failed": 27.73262417740918, "has_blocking": 0.4482105832506986, "script": 0.9943207428107815, "iframe": 0.6697617115898915, "beacon": 0.014453559301661709, "image": 0.9325099912857958, "stylesheet": 0.9138195258270981, "font": 0.6988791730520749, "xhr": 0.8203071005739355, "plugin": 0.00024039183869707624, "media": 0.0023137714474593587, "referer_leaked": 0.985937077436221, "referer_leaked_header": 0.9713633222152108, "referer_leaked_url": 0.0, "hosts": 11.379759007181706, "trackers": 8.01247032663241, "companies": 6.1317347276059975}