{"id": "makeuseof.com", "month": "2019-04", "country": "global", "site": "makeuseof.com", "category": "News and Portals", "popularity": 0.0004537542436358348, "cookies": 0.5439950410661708, "bad_qs": 0.09169378583604525, "tracked": 0.5673175267317526, "https": 0.9839609483960948, "requests": 189.25025569502557, "requests_tracking": 61.30450953045095, "content_length": 2782615.8792809546, "requests_failed": 55.41250581125058, "has_blocking": 0.49872927320626065, "script": 0.9795908879590888, "iframe": 0.49626530295986365, "beacon": 0.016070044940337827, "image": 0.9972260963892763, "stylesheet": 0.3660158066015807, "font": 0.9037656903765691, "xhr": 0.933596776693011, "plugin": 0.002262513559584689, "media": 0.01496978149697815, "referer_leaked": 0.9830466449713312, "referer_leaked_header": 0.9799318146598481, "referer_leaked_url": 0.0, "hosts": 15.63998140399814, "trackers": 12.766713156671315, "companies": 9.130280489694716}