{"id": "mako.co.il", "month": "2019-04", "country": "global", "site": "mako.co.il", "category": "News and Portals", "popularity": 0.0002126028135182003, "cookies": 0.8986935670580453, "bad_qs": 0.06962129981809162, "tracked": 0.9004465023978833, "https": 0.9885893831652058, "requests": 149.37020009922276, "requests_tracking": 47.102430957499585, "content_length": 27286319.797486357, "requests_failed": 46.84375723499256, "has_blocking": 0.5290557301141061, "script": 0.9973871341160906, "iframe": 0.9040846700843393, "beacon": 0.0793451298164379, "image": 0.8581776087316024, "stylesheet": 0.7605754919794939, "font": 0.49965272035720193, "xhr": 0.8026128658839093, "plugin": 0.0013891185711923267, "media": 0.09938812634364147, "referer_leaked": 0.9430130643294196, "referer_leaked_header": 0.9407309409624607, "referer_leaked_url": 0.0, "hosts": 20.61124524557632, "trackers": 14.43310732594675, "companies": 9.70441541260129}