{"id": "malwarebytes.com", "month": "2019-04", "country": "global", "site": "malwarebytes.com", "category": "Business", "popularity": 0.0003998072026134557, "cookies": 0.4351190685567554, "bad_qs": 0.018431882936438142, "tracked": 0.43824967462802067, "https": 0.9861760877976714, "requests": 21.30080199795983, "requests_tracking": 2.990238840620493, "content_length": 5511161.98842731, "requests_failed": 7.78472686341412, "has_blocking": 0.40718984135917546, "script": 0.9835906996376939, "iframe": 0.317897217629885, "beacon": 0.013841499876886277, "image": 0.6082521369024587, "stylesheet": 0.5154947412853073, "font": 0.2026275985789159, "xhr": 0.4160892046853565, "plugin": 0.0015125400119596188, "media": 0.01220584614302297, "referer_leaked": 0.8786802209011925, "referer_leaked_header": 0.8710119947940483, "referer_leaked_url": 0.0, "hosts": 6.687642899855781, "trackers": 5.9896232720109746, "companies": 4.67413556579549}