{"id": "mamba.ru", "month": "2019-04", "country": "global", "site": "mamba.ru", "category": "Entertainment", "popularity": 0.0009815661301350294, "cookies": 0.6679394234626627, "bad_qs": 0.057109289930655054, "tracked": 0.6802395552753739, "https": 0.9941973752077483, "requests": 203.2229067568342, "requests_tracking": 10.498760673964124, "content_length": 3420406.2262020744, "requests_failed": 77.80631411542208, "has_blocking": 0.4566307524786521, "script": 0.9991761705541865, "iframe": 0.3548412516476589, "beacon": 0.24795117198693334, "image": 0.9889177030202304, "stylesheet": 0.9664808871568571, "font": 0.031061951974325177, "xhr": 0.8913619691672875, "plugin": 0.006074846696085736, "media": 0.036527881253940055, "referer_leaked": 0.9575906928763827, "referer_leaked_header": 0.8936400366783197, "referer_leaked_url": 0.0, "hosts": 10.381533325692017, "trackers": 9.026598945498309, "companies": 6.313055189409135}