{"id": "mamikreisel.de", "month": "2019-04", "country": "global", "site": "mamikreisel.de", "category": "E-Commerce", "popularity": 0.0002608260678627618, "cookies": 0.9893241312376998, "bad_qs": 0.13347531879330332, "tracked": 0.9893241312376998, "https": 0.9838514005337934, "requests": 73.01760439975197, "requests_tracking": 46.75367319979511, "content_length": 1278246.3523575878, "requests_failed": 17.6606367778287, "has_blocking": 0.3954384924379263, "script": 0.9990564257407057, "iframe": 0.9863316528725097, "beacon": 0.16086593157738657, "image": 0.9537918205591351, "stylesheet": 0.9414444773946566, "font": 0.016606906963578034, "xhr": 0.22039198770657537, "plugin": 0.0, "media": 0.0011592483757043109, "referer_leaked": 0.9906451352007117, "referer_leaked_header": 0.11573612271857224, "referer_leaked_url": 0.0, "hosts": 12.039090933599331, "trackers": 10.804545332003343, "companies": 7.441808427466099}