{"id": "mangareader.net", "month": "2019-04", "country": "global", "site": "mangareader.net", "category": "Entertainment", "popularity": 0.00494509854919165, "cookies": 0.02849728407701277, "bad_qs": 0.0027514717174302534, "tracked": 0.02924949520803117, "https": 0.9994070471802747, "requests": 8.265908767738816, "requests_tracking": 0.49517532633734324, "content_length": 10513.408587151267, "requests_failed": 7.199594744475728, "has_blocking": 0.49877001393510223, "script": 0.9921096038449506, "iframe": 0.00821744447288343, "beacon": 0.00047493103546341324, "image": 0.25473082501493044, "stylesheet": 0.019820550009953645, "font": 0.0037525239598441545, "xhr": 0.0024485965361317292, "plugin": 0.0007166624008190427, "media": 8.958280010238034e-05, "referer_leaked": 0.29628018087193925, "referer_leaked_header": 0.2961507834940136, "referer_leaked_url": 0.0, "hosts": 3.075996075420186, "trackers": 3.0676151067883857, "companies": 3.044855387765549}