{"id": "mangahasu.se", "month": "2019-04", "country": "global", "site": "mangahasu.se", "category": "Entertainment", "popularity": 0.0004629938697963413, "cookies": 0.8896482595225077, "bad_qs": 0.08020472632282365, "tracked": 0.8919111840106919, "https": 0.0002733734281027884, "requests": 54.97917805722617, "requests_tracking": 9.604641273312678, "content_length": 1427985.2123200293, "requests_failed": 25.636352590972603, "has_blocking": 0.46889617884697166, "script": 0.9995291902071564, "iframe": 0.8700716845878136, "beacon": 0.013076362310916712, "image": 0.9017526274223924, "stylesheet": 0.7095103578154426, "font": 0.21590425855051334, "xhr": 0.7625599902800559, "plugin": 0.0036753538667152665, "media": 0.015202600085049511, "referer_leaked": 0.990052244699593, "referer_leaked_header": 0.9895206852560597, "referer_leaked_url": 0.0, "hosts": 14.874172286009355, "trackers": 13.363708158678088, "companies": 10.294772492558169}