{"id": "mangahere.cc", "month": "2019-04", "country": "global", "site": "mangahere.cc", "category": "Entertainment", "popularity": 0.0008747619583299048, "cookies": 0.9865035409113928, "bad_qs": 0.009203958103904246, "tracked": 0.9865517712595355, "https": 0.19387796114241618, "requests": 107.57614366213033, "requests_tracking": 57.61976801202543, "content_length": 10508889.997789443, "requests_failed": 26.976254591931063, "has_blocking": 0.4292902904270797, "script": 0.9984485904680755, "iframe": 0.8313706261103028, "beacon": 0.04434780511723994, "image": 0.989558129627099, "stylesheet": 0.4609535139827818, "font": 0.14354155446412065, "xhr": 0.3428454297725939, "plugin": 0.0011334131813541474, "media": 4.0191956785608066e-05, "referer_leaked": 0.9806917839601939, "referer_leaked_header": 0.9749282573571377, "referer_leaked_url": 0.0, "hosts": 9.34480679726373, "trackers": 6.386091975273908, "companies": 4.9000024115174075}