{"id": "manga-zip.net", "month": "2019-04", "country": "global", "site": "manga-zip.net", "category": "Entertainment", "popularity": 0.0002284944079799543, "cookies": 0.7388829050623172, "bad_qs": 0.022526542545006925, "tracked": 0.7388829050623172, "https": 0.03782120326204031, "requests": 4.134759193722111, "requests_tracking": 1.554423757501154, "content_length": 18378.590552392674, "requests_failed": 1.6077242652715802, "has_blocking": 0.22698876750269273, "script": 0.9215263886751808, "iframe": 0.02274196030158486, "beacon": 3.07739652254193e-05, "image": 0.39898445914756114, "stylesheet": 0.0515156177873519, "font": 0.0060009232189567625, "xhr": 0.0009847668872134175, "plugin": 0.001138636713340514, "media": 3.07739652254193e-05, "referer_leaked": 0.8634559162948146, "referer_leaked_header": 0.8481920295430067, "referer_leaked_url": 0.0, "hosts": 2.681858747499615, "trackers": 2.6580704723803663, "companies": 2.634343745191568}