{"id": "manganelo.com", "month": "2019-04", "country": "global", "site": "manganelo.com", "category": "Entertainment", "popularity": 0.00404921342724975, "cookies": 0.9585762338652399, "bad_qs": 0.004770314646272573, "tracked": 0.9587550989575464, "https": 0.998782675439739, "requests": 51.26057344495904, "requests_tracking": 31.750153250916465, "content_length": 6101965.12692128, "requests_failed": 12.298433801682027, "has_blocking": 0.2225342231437537, "script": 0.9920326888980348, "iframe": 0.6503500025180037, "beacon": 0.04685049830425473, "image": 0.980717301116778, "stylesheet": 0.28843124894721395, "font": 0.14202756606286673, "xhr": 0.27037976705860695, "plugin": 0.00055743392845049, "media": 0.0004879717566809585, "referer_leaked": 0.9844804142723924, "referer_leaked_header": 0.984039329481656, "referer_leaked_url": 0.0, "hosts": 4.627793898790142, "trackers": 3.847039088100609, "companies": 2.9652428658008207}