{"id": "mangarock.com", "month": "2019-04", "country": "global", "site": "mangarock.com", "category": "Entertainment", "popularity": 0.0012499090628117803, "cookies": 0.9657897993856678, "bad_qs": 0.08336239972096268, "tracked": 0.9660148294834434, "https": 0.7649166826062986, "requests": 339.5649605634754, "requests_tracking": 223.12670882230498, "content_length": 17521702.46341573, "requests_failed": 60.78359418072167, "has_blocking": 0.42199894235854046, "script": 0.9965739167613669, "iframe": 0.8780168097483039, "beacon": 0.09778120323593281, "image": 0.9156587193537136, "stylesheet": 0.9815531577348471, "font": 0.8519076926538924, "xhr": 0.9637814057630208, "plugin": 0.0018564983066485141, "media": 0.07402365066327621, "referer_leaked": 0.9925908840307391, "referer_leaked_header": 0.9900592954307639, "referer_leaked_url": 0.0, "hosts": 17.20276899535313, "trackers": 11.324830946139047, "companies": 7.5455292145324435}