{"id": "mango.com", "month": "2019-04", "country": "global", "site": "mango.com", "category": "Business", "popularity": 0.00042201324478611905, "cookies": 0.6948647027459344, "bad_qs": 0.07596307651292988, "tracked": 0.6967142095441216, "https": 0.9965175953079178, "requests": 200.21227672620634, "requests_tracking": 8.700463209810717, "content_length": 6647175.636346974, "requests_failed": 46.57306384964009, "has_blocking": 0.437316715542522, "script": 0.9984004265529193, "iframe": 0.3849473473740336, "beacon": 0.1460277259397494, "image": 0.9973673687016795, "stylesheet": 0.9965009330845108, "font": 0.6261663556384964, "xhr": 0.49211876832844575, "plugin": 0.0005331911490269261, "media": 0.07956211676886164, "referer_leaked": 0.9975673153825646, "referer_leaked_header": 0.9961510263929618, "referer_leaked_url": 0.0, "hosts": 12.58306118368435, "trackers": 11.87105105305252, "companies": 8.605155291922154}