{"id": "manomano.fr", "month": "2019-04", "country": "global", "site": "manomano.fr", "category": "E-Commerce", "popularity": 0.0006747810085545578, "cookies": 0.7949313798026323, "bad_qs": 0.034492460635870074, "tracked": 0.7980888467430155, "https": 0.9883600971207653, "requests": 56.31481925325386, "requests_tracking": 5.373612746579411, "content_length": 274268.9568583725, "requests_failed": 20.626085053614414, "has_blocking": 0.5116867959526067, "script": 0.997978387503517, "iframe": 0.9600471014870314, "beacon": 0.037316465721163365, "image": 0.8393339099444578, "stylesheet": 0.8253076706647353, "font": 0.42499713431218283, "xhr": 0.9852443129122682, "plugin": 0.0025322259620895555, "media": 0.0003021998061752967, "referer_leaked": 0.9951960651501099, "referer_leaked_header": 0.9922886946010442, "referer_leaked_url": 0.0, "hosts": 20.348217542177714, "trackers": 15.339464168481602, "companies": 12.597417754759647}