{"id": "manualslib.com", "month": "2019-04", "country": "global", "site": "manualslib.com", "category": "Reference", "popularity": 0.0005771039560464936, "cookies": 0.3151988497904279, "bad_qs": 0.01797202456379764, "tracked": 0.3177332098645092, "https": 0.9978189882054781, "requests": 13.396505507359391, "requests_tracking": 3.068549566234526, "content_length": 78549.07364265523, "requests_failed": 6.297433960424993, "has_blocking": 0.5138902427137148, "script": 0.9842455405010235, "iframe": 0.3043547129349839, "beacon": 0.09920557559216298, "image": 0.3210473730383078, "stylesheet": 0.9830149137342821, "font": 0.2957646944146603, "xhr": 0.1184935178867336, "plugin": 0.0029242616239399553, "media": 6.092211716541573e-05, "referer_leaked": 0.553331221366605, "referer_leaked_header": 0.3512403743054879, "referer_leaked_url": 0.0, "hosts": 4.663417487084511, "trackers": 4.355188127497807, "companies": 3.0880080904571594}