{"id": "marketo.com", "month": "2019-04", "country": "global", "site": "marketo.com", "category": "Business", "popularity": 0.00047605169763504805, "cookies": 0.7302698630744007, "bad_qs": 0.0981817107575959, "tracked": 0.7368724243364204, "https": 0.9492769678439018, "requests": 79.19989365001994, "requests_tracking": 22.472075744819133, "content_length": 616160.9301044297, "requests_failed": 11.274412490214324, "has_blocking": 0.26470805453390645, "script": 0.9720831302344131, "iframe": 0.2623594924742618, "beacon": 0.0073115611290822885, "image": 0.929439742396715, "stylesheet": 0.7856604776886604, "font": 0.1577820120825394, "xhr": 0.4477481868805483, "plugin": 4.431249169140781e-05, "media": 0.033396847904757686, "referer_leaked": 0.8589976514379404, "referer_leaked_header": 0.542872335711437, "referer_leaked_url": 0.0, "hosts": 10.374706429742545, "trackers": 8.264693283703343, "companies": 5.971935421928775}