{"id": "marketscreener.com", "month": "2019-04", "country": "global", "site": "marketscreener.com", "category": "Business", "popularity": 0.0005536040849442007, "cookies": 0.9840213387526991, "bad_qs": 0.0446081544519243, "tracked": 0.9841737584148356, "https": 0.95450273085228, "requests": 63.41085990092722, "requests_tracking": 11.980693509462721, "content_length": 260900.71201575003, "requests_failed": 25.205969770100342, "has_blocking": 0.5322875650958974, "script": 0.9990854820271815, "iframe": 0.8218087133240188, "beacon": 0.052673694906642955, "image": 0.9356153943858758, "stylesheet": 0.9947161183792709, "font": 0.01642321859519878, "xhr": 0.9859773910834497, "plugin": 0.0005842753715229264, "media": 0.0012574622126254288, "referer_leaked": 0.9849866632795631, "referer_leaked_header": 0.9839197256446082, "referer_leaked_url": 0.0, "hosts": 20.8806681061857, "trackers": 17.165476946526102, "companies": 10.413273212244379}