{"id": "marktplaats.nl", "month": "2019-04", "country": "global", "site": "marktplaats.nl", "category": "E-Commerce", "popularity": 0.006574001044879368, "cookies": 0.7979670813937568, "bad_qs": 0.016385499383899233, "tracked": 0.7981713786966046, "https": 0.9988683426889375, "requests": 88.90828655531216, "requests_tracking": 10.819961664841182, "content_length": 517018.1713968801, "requests_failed": 42.64701169735761, "has_blocking": 0.4990373425520263, "script": 0.9991892285049289, "iframe": 0.810959748083242, "beacon": 0.08046960569550932, "image": 0.9719353265334063, "stylesheet": 0.23044093989594744, "font": 0.026134010473713033, "xhr": 0.8643776098713034, "plugin": 0.0010321827081051478, "media": 0.0025553207146768895, "referer_leaked": 0.9841279179216867, "referer_leaked_header": 0.9826325900191676, "referer_leaked_url": 0.0, "hosts": 15.295364697426068, "trackers": 13.125396828792443, "companies": 10.02399691093921}