{"id": "markt.de", "month": "2019-04", "country": "global", "site": "markt.de", "category": "E-Commerce", "popularity": 0.0014603320558507133, "cookies": 0.6874936801506171, "bad_qs": 0.13096172458457522, "tracked": 0.6905127624844111, "https": 0.9935140288618493, "requests": 64.9468651139499, "requests_tracking": 27.96816721960333, "content_length": 293968.39139730064, "requests_failed": 23.995647128501197, "has_blocking": 0.3983407084972482, "script": 0.9955026748010151, "iframe": 0.7511929468073325, "beacon": 0.21520230740710422, "image": 0.760245378685375, "stylesheet": 0.5462516672364562, "font": 0.030450839998266557, "xhr": 0.654693059962731, "plugin": 0.016453276450676284, "media": 0.0005055879506353555, "referer_leaked": 0.9605111734937091, "referer_leaked_header": 0.9495760283899672, "referer_leaked_url": 0.0, "hosts": 15.473124389081226, "trackers": 12.948598558352073, "companies": 9.221365665281516}