{"id": "marketwatch.com", "month": "2019-04", "country": "global", "site": "marketwatch.com", "category": "Business", "popularity": 0.0019788129043628515, "cookies": 0.9689567683199841, "bad_qs": 0.14574967840974506, "tracked": 0.9694151676888854, "https": 0.8600744810137377, "requests": 139.2375006218596, "requests_tracking": 32.82710881477112, "content_length": 1191290.4795568096, "requests_failed": 57.56802433425487, "has_blocking": 0.53683540975218, "script": 0.9900928880581634, "iframe": 0.9325442231019068, "beacon": 0.10434804238595095, "image": 0.9940123803364438, "stylesheet": 0.9936179436701799, "font": 0.5374572693611548, "xhr": 0.9767637715252262, "plugin": 0.0011193472961544201, "media": 0.0029529447717597562, "referer_leaked": 0.9966881533967749, "referer_leaked_header": 0.9899898370372476, "referer_leaked_url": 0.0, "hosts": 30.75490913742742, "trackers": 25.816679340757744, "companies": 21.360102908881576}