{"id": "mashable.com", "month": "2019-04", "country": "global", "site": "mashable.com", "category": "Entertainment", "popularity": 0.0005554534165120951, "cookies": 0.9231197701062119, "bad_qs": 0.05168812426417531, "tracked": 0.9234235944957148, "https": 0.9818844707758916, "requests": 135.8829263352449, "requests_tracking": 31.750699429063335, "content_length": 2770654.9785424024, "requests_failed": 47.885470864506985, "has_blocking": 0.5051966629954553, "script": 0.9896573114073399, "iframe": 0.7724102135632271, "beacon": 0.016849594267846518, "image": 0.9725798488473663, "stylesheet": 0.976048510627524, "font": 0.6409681870545492, "xhr": 0.7269884673325484, "plugin": 0.00046839593381692047, "media": 0.019343486131682554, "referer_leaked": 0.990518147177598, "referer_leaked_header": 0.9641234033395364, "referer_leaked_url": 0.0, "hosts": 29.694491917005305, "trackers": 22.460002785056904, "companies": 18.05480232425658}