{"id": "materiel.net", "month": "2019-04", "country": "global", "site": "materiel.net", "category": "Business", "popularity": 0.0005203090850431364, "cookies": 0.42435299682410976, "bad_qs": 0.0075005067909993915, "tracked": 0.42525846340968987, "https": 0.9966889654706399, "requests": 16.08092438678289, "requests_tracking": 1.6022028515440232, "content_length": 219712.10598013378, "requests_failed": 7.300236502466383, "has_blocking": 0.47865396310561525, "script": 0.9968241097371444, "iframe": 0.1950131765659842, "beacon": 0.028231637272788702, "image": 0.4406649097912021, "stylesheet": 0.9815257787688357, "font": 0.44673288735725386, "xhr": 0.1151969727684303, "plugin": 0.0017839043178593148, "media": 0.00012162983985404419, "referer_leaked": 0.966646395026691, "referer_leaked_header": 0.9606189607405906, "referer_leaked_url": 0.0, "hosts": 8.60027028853301, "trackers": 8.236921413609029, "companies": 4.4356780863571865}