{"id": "mathxl.com", "month": "2019-04", "country": "global", "site": "mathxl.com", "category": "Business", "popularity": 0.0003245119842521893, "cookies": 0.49555796316359696, "bad_qs": 0.015167930660888408, "tracked": 0.49798483206933913, "https": 0.9922210184182015, "requests": 58.370769230769234, "requests_tracking": 39.19423618634886, "content_length": 8466406.116511377, "requests_failed": 9.44875406283857, "has_blocking": 0.2256338028169014, "script": 0.969534127843987, "iframe": 0.4998699891657638, "beacon": 0.0013217768147345613, "image": 0.48936078006500544, "stylesheet": 0.7249620801733477, "font": 0.43781148429035754, "xhr": 0.3761646803900325, "plugin": 0.0015167930660888408, "media": 0.024550379198266522, "referer_leaked": 0.7299024918743229, "referer_leaked_header": 0.7277356446370531, "referer_leaked_url": 0.0, "hosts": 3.5655471289274105, "trackers": 3.3430552546045504, "companies": 1.9873022751895992}