{"id": "matplotlib.org", "month": "2019-04", "country": "global", "site": "matplotlib.org", "category": "Business", "popularity": 0.00023718556318116137, "cookies": 0.6193709051021316, "bad_qs": 0.0013044380540155939, "tracked": 0.6197266609350449, "https": 0.9783285405116955, "requests": 6.455663929323174, "requests_tracking": 2.015445732412321, "content_length": 44664.9596810056, "requests_failed": 1.7124307017283804, "has_blocking": 0.2954255729151226, "script": 0.9837241706442145, "iframe": 0.011591710889093118, "beacon": 5.9292638818890636e-05, "image": 0.3956597788384572, "stylesheet": 0.027748954967240818, "font": 0.02926091725712253, "xhr": 0.14580059885565208, "plugin": 0.00032610951350389846, "media": 0.0007708043046455782, "referer_leaked": 0.7995908807921497, "referer_leaked_header": 0.7344875633690078, "referer_leaked_url": 0.0, "hosts": 2.5735673416145386, "trackers": 2.5159348966825767, "companies": 2.4018855059144406}