{"id": "maturetube.com", "month": "2019-04", "country": "global", "site": "maturetube.com", "category": "Adult", "popularity": 0.00029887448274442156, "cookies": 0.01635140222096744, "bad_qs": 0.0033879164313946925, "tracked": 0.019598155467720684, "https": 0.9989412761151891, "requests": 155.00407020515715, "requests_tracking": 0.05865330321852061, "content_length": 906043.4556512329, "requests_failed": 44.21760304912479, "has_blocking": 0.2876199887069452, "script": 0.9828722002635046, "iframe": 0.003529079616036138, "beacon": 4.7054394880481836e-05, "image": 0.9810370788631658, "stylesheet": 0.04192546583850932, "font": 0.0010351966873706005, "xhr": 0.000870506305288914, "plugin": 0.0, "media": 0.0, "referer_leaked": 0.31241765480895917, "referer_leaked_header": 0.07867494824016563, "referer_leaked_url": 0.0, "hosts": 2.0745341614906834, "trackers": 2.0585827216262, "companies": 2.0064935064935066}