{"id": "maville.com", "month": "2019-04", "country": "global", "site": "maville.com", "category": "News and Portals", "popularity": 0.00028050070560788916, "cookies": 0.8993507307412699, "bad_qs": 0.019703692562232082, "tracked": 0.8994510039858614, "https": 0.9776390664560929, "requests": 86.82442154872027, "requests_tracking": 9.793061091474268, "content_length": 6360973.349978692, "requests_failed": 28.02348900754556, "has_blocking": 0.4851219573337344, "script": 0.9985961745757188, "iframe": 0.9847083301997944, "beacon": 0.0007019127121405831, "image": 0.9987967210649018, "stylesheet": 0.9976937153743952, "font": 0.20362989145421273, "xhr": 0.6070792910681607, "plugin": 0.018826301672056355, "media": 0.10869619713719887, "referer_leaked": 0.8055200421147627, "referer_leaked_header": 0.19563310019803964, "referer_leaked_url": 0.0, "hosts": 18.31799152691083, "trackers": 14.953498282820686, "companies": 11.701085457872702}