{"id": "mayoclinic.org", "month": "2019-04", "country": "global", "site": "mayoclinic.org", "category": "Business", "popularity": 0.0004364633450599706, "cookies": 0.6464854763093877, "bad_qs": 0.015997808960706288, "tracked": 0.6467110244719756, "https": 0.9808606273461037, "requests": 30.612476035507726, "requests_tracking": 7.056725362890883, "content_length": 574456.4295403651, "requests_failed": 9.728198353498414, "has_blocking": 0.334584588616262, "script": 0.9779123906494176, "iframe": 0.5618404730067181, "beacon": 0.0019493805480820352, "image": 0.8837299221858839, "stylesheet": 0.0663111598008732, "font": 0.033703339723864606, "xhr": 0.43095809637350774, "plugin": 0.001884938215914034, "media": 0.0037054340996600667, "referer_leaked": 0.8964250616229802, "referer_leaked_header": 0.8936540413397561, "referer_leaked_url": 0.0, "hosts": 10.357252178956356, "trackers": 8.125050345572006, "companies": 7.163973514201479}