{"id": "meczyki.pl", "month": "2019-04", "country": "global", "site": "meczyki.pl", "category": "Entertainment", "popularity": 0.0003190554013750561, "cookies": 0.9703133953365364, "bad_qs": 0.06741746374575748, "tracked": 0.973332745625248, "https": 0.9933882840393177, "requests": 105.49825891479702, "requests_tracking": 30.290562877418786, "content_length": 4895105.983647022, "requests_failed": 52.06512540221272, "has_blocking": 0.47315643319962974, "script": 0.9991845550315158, "iframe": 0.8734076784061356, "beacon": 0.15614669193811434, "image": 0.9676687089522634, "stylesheet": 0.9984352272226386, "font": 0.56375898091418, "xhr": 0.7119716136994755, "plugin": 0.0019173976285978755, "media": 0.0252567549698065, "referer_leaked": 0.994534314805836, "referer_leaked_header": 0.9900603870057743, "referer_leaked_url": 0.0, "hosts": 18.542954114691234, "trackers": 15.969872614272491, "companies": 11.049698064971128}