{"id": "med1.de", "month": "2019-04", "country": "global", "site": "med1.de", "category": "Reference", "popularity": 3.37028372810562e-05, "cookies": 0.3753390360943042, "bad_qs": 0.06864176924681828, "tracked": 0.37617358648028376, "https": 0.9607761318589609, "requests": 43.14646359273941, "requests_tracking": 13.738159816398914, "content_length": 218460.62820780303, "requests_failed": 15.470269142499479, "has_blocking": 0.4348007510953474, "script": 0.968287085332777, "iframe": 0.5729188399749635, "beacon": 0.040058418527018566, "image": 0.9887335697892761, "stylesheet": 0.9987481744210307, "font": 0.40454829960358857, "xhr": 0.7452534946797413, "plugin": 0.00041727519298977677, "media": 0.02169831003546839, "referer_leaked": 0.9073649071562696, "referer_leaked_header": 0.9031921552263718, "referer_leaked_url": 0.0, "hosts": 12.542875026079699, "trackers": 10.729605674942624, "companies": 7.28896307114542}