{"id": "medium.com", "month": "2019-04", "country": "global", "site": "medium.com", "category": "Entertainment", "popularity": 0.004051372152692121, "cookies": 0.8011229519577895, "bad_qs": 0.1283792696473202, "tracked": 0.8029470980283254, "https": 0.9714645237434046, "requests": 27.4359049569564, "requests_tracking": 9.572341016384337, "content_length": 271842.6420022216, "requests_failed": 7.2052173007497915, "has_blocking": 0.20259302971396834, "script": 0.9807397250763676, "iframe": 0.4075465148569842, "beacon": 0.0005189530685920578, "image": 0.4258487225770619, "stylesheet": 0.4333535823382394, "font": 0.07724763954457095, "xhr": 0.8401850180505415, "plugin": 3.124132185504027e-05, "media": 0.0021920994168286587, "referer_leaked": 0.8408514995834491, "referer_leaked_header": 0.7955967092474313, "referer_leaked_url": 0.0, "hosts": 5.365226673146348, "trackers": 4.164417870036101, "companies": 3.2519682032768675}