{"id": "mediaocean.com", "month": "2019-04", "country": "global", "site": "mediaocean.com", "category": "Business", "popularity": 0.0003792254782817946, "cookies": 0.8478982403441434, "bad_qs": 0.0028555005469952347, "tracked": 0.8479538669781758, "https": 0.9994437336596762, "requests": 21.942630398101276, "requests_tracking": 6.116630509354546, "content_length": 47800.94895329217, "requests_failed": 4.1226752702527305, "has_blocking": 0.17244256550036158, "script": 0.9575939626559864, "iframe": 0.020878529973484636, "beacon": 0.001872763345756615, "image": 0.8350299456713207, "stylesheet": 0.38564091153510965, "font": 0.02312213754612375, "xhr": 0.46201628006156015, "plugin": 0.0, "media": 5.5626634032374704e-05, "referer_leaked": 0.8501047634940943, "referer_leaked_header": 0.5578424282879976, "referer_leaked_url": 0.0, "hosts": 3.1295544306614005, "trackers": 2.307707997255753, "companies": 2.2245276371660085}