{"id": "mediamarkt.pl", "month": "2019-04", "country": "global", "site": "mediamarkt.pl", "category": "Business", "popularity": 0.00019771674914849532, "cookies": 0.9911800270289495, "bad_qs": 0.0341062664485383, "tracked": 0.9918557507646347, "https": 0.9971548474286933, "requests": 105.44149655025251, "requests_tracking": 43.942563482466745, "content_length": 1899277.02429049, "requests_failed": 33.87086563766982, "has_blocking": 0.5287716053773384, "script": 0.997439362685824, "iframe": 0.9608435877373924, "beacon": 0.04733622590511416, "image": 0.9947009033359414, "stylesheet": 0.9928159897574508, "font": 0.6137705384451241, "xhr": 0.6864997510491501, "plugin": 0.0018493491713493136, "media": 0.0009246745856746568, "referer_leaked": 0.9907176897361121, "referer_leaked_header": 0.9874101998719681, "referer_leaked_url": 0.0, "hosts": 15.47037484885127, "trackers": 12.739704104132585, "companies": 8.250195604239277}