{"id": "mediafire.com", "month": "2019-04", "country": "global", "site": "mediafire.com", "category": "Business", "popularity": 0.0010454419018565222, "cookies": 0.7767090855282628, "bad_qs": 0.0337445182813635, "tracked": 0.7773077026554387, "https": 0.38487718259840187, "requests": 25.17180984153461, "requests_tracking": 6.9066560843713845, "content_length": 154939.35990341412, "requests_failed": 9.705345852726735, "has_blocking": 0.42367295326750787, "script": 0.8771960504721676, "iframe": 0.5181132126234227, "beacon": 0.013102316446501117, "image": 0.7470203664343943, "stylesheet": 0.7461123516909253, "font": 0.25914740778605827, "xhr": 0.3970109499852027, "plugin": 0.002488633000618795, "media": 0.001116521832710054, "referer_leaked": 0.8243832225779547, "referer_leaked_header": 0.8107159191799618, "referer_leaked_url": 0.0, "hosts": 7.1144165837122335, "trackers": 6.506376281309693, "companies": 3.1628171325567003}