{"id": "medizinfuchs.de", "month": "2019-04", "country": "global", "site": "medizinfuchs.de", "category": "E-Commerce", "popularity": 0.00013487463423491317, "cookies": 0.8456806214483082, "bad_qs": 0.019498462019707, "tracked": 0.8465669151764768, "https": 0.9985402220947813, "requests": 28.21828893175538, "requests_tracking": 2.5496063813148426, "content_length": 167614.74865752566, "requests_failed": 6.988426046608623, "has_blocking": 0.34351702205307333, "script": 0.9924925707731609, "iframe": 0.9948386424065482, "beacon": 0.058756060685052916, "image": 0.9322245972577029, "stylesheet": 0.03983108284239612, "font": 0.08800375371461341, "xhr": 0.8037120066732705, "plugin": 0.0014076429800323237, "media": 5.213492518638236e-05, "referer_leaked": 0.9596997028309264, "referer_leaked_header": 0.9443198999009437, "referer_leaked_url": 0.0, "hosts": 7.794275585214535, "trackers": 6.219644439810229, "companies": 5.238517282727699}