{"id": "mediaexpert.pl", "month": "2019-04", "country": "global", "site": "mediaexpert.pl", "category": "E-Commerce", "popularity": 6.704002725591273e-05, "cookies": 0.9396895322005454, "bad_qs": 0.05852737570799245, "tracked": 0.9409481854415775, "https": 0.972834067547724, "requests": 122.55296832389344, "requests_tracking": 27.58716173694147, "content_length": 529309.0713236836, "requests_failed": 45.30197189007762, "has_blocking": 0.4309838472834068, "script": 0.9918187539332913, "iframe": 0.5837004405286343, "beacon": 0.09020348227396685, "image": 0.8513740297881267, "stylesheet": 0.920809733585064, "font": 0.12806796727501574, "xhr": 0.9430459408432976, "plugin": 0.0049297251940423744, "media": 0.0, "referer_leaked": 0.985840151038389, "referer_leaked_header": 0.97398783301867, "referer_leaked_url": 0.0, "hosts": 13.647367316970842, "trackers": 10.417767988252569, "companies": 7.26169498636459}