{"id": "meetup.com", "month": "2019-04", "country": "global", "site": "meetup.com", "category": "Entertainment", "popularity": 0.0015883015813416255, "cookies": 0.6663907064875729, "bad_qs": 0.06535829075872816, "tracked": 0.6740275724063433, "https": 0.9925402208271722, "requests": 57.159829642550406, "requests_tracking": 4.1622335951265725, "content_length": 971378.3749634759, "requests_failed": 15.543226874684564, "has_blocking": 0.45108421360203294, "script": 0.9903133549969453, "iframe": 0.7165461001071375, "beacon": 0.05191297957304385, "image": 0.9856648279159547, "stylesheet": 0.4347391069515402, "font": 0.027320057730279176, "xhr": 0.7757506264443638, "plugin": 0.00042500819026199983, "media": 0.00032761047999362486, "referer_leaked": 0.990468305899645, "referer_leaked_header": 0.9850405971365073, "referer_leaked_url": 0.0, "hosts": 9.616868397984753, "trackers": 7.868827420111741, "companies": 5.266148097645631}