{"id": "meetic.fr", "month": "2019-04", "country": "global", "site": "meetic.fr", "category": "Entertainment", "popularity": 0.0004814168686856314, "cookies": 0.9286048142089273, "bad_qs": 0.0631718859546623, "tracked": 0.9286048142089273, "https": 0.9955597102126665, "requests": 159.35688829165693, "requests_tracking": 8.364965529329282, "content_length": 3094457.725373919, "requests_failed": 42.51498597803225, "has_blocking": 0.4120705772376724, "script": 0.9984809534938069, "iframe": 0.7784236971254966, "beacon": 0.0015920775882215471, "image": 0.9718538209862118, "stylesheet": 0.9906666277167563, "font": 0.7360510633325543, "xhr": 0.9414144659967282, "plugin": 0.006236854405234868, "media": 0.000715704603879411, "referer_leaked": 0.9983494975461557, "referer_leaked_header": 0.9974146996961907, "referer_leaked_url": 0.0, "hosts": 15.103952442159382, "trackers": 13.344020215003505, "companies": 10.278029329282543}