{"id": "mega-surf.pl", "month": "2019-04", "country": "global", "site": "mega-surf.pl", "category": "Business", "popularity": 0.00017939922544368594, "cookies": 0.8241680711793987, "bad_qs": 0.0, "tracked": 0.8241680711793987, "https": 0.18284795986359895, "requests": 66.77352722141653, "requests_tracking": 13.769333281072395, "content_length": 3845050.6852193, "requests_failed": 20.658135068396504, "has_blocking": 0.3882334496139223, "script": 0.8543879590796849, "iframe": 0.9995688472543409, "beacon": 0.0, "image": 0.8806490808607377, "stylesheet": 0.8162897346450829, "font": 0.5670050562458354, "xhr": 0.28699094579234113, "plugin": 0.0, "media": 0.03939168267157919, "referer_leaked": 0.9938854701524713, "referer_leaked_header": 0.9938854701524713, "referer_leaked_url": 0.0, "hosts": 7.105514835574021, "trackers": 5.085838592090307, "companies": 2.8668129972954963}