{"id": "meinvz.net", "month": "2019-04", "country": "global", "site": "meinvz.net", "category": "Entertainment", "popularity": 2.81689059353038e-05, "cookies": 0.37693459810284574, "bad_qs": 0.020469296055916127, "tracked": 0.37718422366450327, "https": 0.035696455317024464, "requests": 310.74588117823265, "requests_tracking": 56.269595606590116, "content_length": 9228416.861208187, "requests_failed": 62.282576135796305, "has_blocking": 0.4712930604093859, "script": 0.9890164752870694, "iframe": 0.4523215177234149, "beacon": 0.023964053919121316, "image": 0.9925112331502746, "stylesheet": 0.8839241138292561, "font": 0.02496255616575137, "xhr": 0.2508736894658013, "plugin": 0.1797304043934099, "media": 0.005991013479780329, "referer_leaked": 0.9860209685471792, "referer_leaked_header": 0.9845232151772342, "referer_leaked_url": 0.0, "hosts": 8.446330504243635, "trackers": 5.94882675986021, "companies": 3.3252621068397406}