{"id": "mejortorrent.org", "month": "2019-04", "country": "global", "site": "mejortorrent.org", "category": "Entertainment", "popularity": 3.8674234309578355e-07, "cookies": 0.43636363636363634, "bad_qs": 0.0, "tracked": 0.43636363636363634, "https": 0.43636363636363634, "requests": 10.818181818181818, "requests_tracking": 6.963636363636364, "content_length": 131297.63636363635, "requests_failed": 2.0727272727272728, "has_blocking": 0.05454545454545454, "script": 0.7272727272727273, "iframe": 0.01818181818181818, "beacon": 0.0, "image": 0.34545454545454546, "stylesheet": 0.32727272727272727, "font": 0.09090909090909091, "xhr": 0.07272727272727272, "plugin": 0.0, "media": 0.0, "referer_leaked": 0.7818181818181819, "referer_leaked_header": 0.7818181818181819, "referer_leaked_url": 0.0, "hosts": 2.4727272727272727, "trackers": 1.9090909090909092, "companies": 1.5636363636363637}