{"id": "mejortorrent1.com", "month": "2019-04", "country": "global", "site": "mejortorrent1.com", "category": "Entertainment", "popularity": 9.141182654991248e-08, "cookies": 0.07692307692307693, "bad_qs": 0.0, "tracked": 0.07692307692307693, "https": 0.6153846153846154, "requests": 2.3076923076923075, "requests_tracking": 0.07692307692307693, "content_length": 175854.38461538462, "requests_failed": 1.0769230769230769, "has_blocking": 0.07692307692307693, "script": 0.5384615384615384, "iframe": 0.0, "beacon": 0.0, "image": 0.15384615384615385, "stylesheet": 0.7692307692307693, "font": 0.07692307692307693, "xhr": 0.0, "plugin": 0.0, "media": 0.0, "referer_leaked": 0.6923076923076923, "referer_leaked_header": 0.6923076923076923, "referer_leaked_url": 0.0, "hosts": 1.2307692307692308, "trackers": 1.1538461538461537, "companies": 1.0769230769230769}