{"id": "melissadata.com", "month": "2019-04", "country": "global", "site": "melissadata.com", "category": "Business", "popularity": 8.43801475845346e-08, "cookies": 0.25, "bad_qs": 0.0, "tracked": 0.25, "https": 0.5833333333333334, "requests": 1.1666666666666667, "requests_tracking": 0.25, "content_length": 2277.9166666666665, "requests_failed": 0.3333333333333333, "has_blocking": 0.0, "script": 0.08333333333333333, "iframe": 0.08333333333333333, "beacon": 0.0, "image": 0.25, "stylesheet": 0.16666666666666666, "font": 0.0, "xhr": 0.08333333333333333, "plugin": 0.0, "media": 0.0, "referer_leaked": 0.25, "referer_leaked_header": 0.25, "referer_leaked_url": 0.0, "hosts": 1.0, "trackers": 1.0, "companies": 1.0}