{"id": "memrise.com", "month": "2019-04", "country": "global", "site": "memrise.com", "category": "Business", "popularity": 0.00041725982980552357, "cookies": 0.6384732052578362, "bad_qs": 0.008779912369396696, "tracked": 0.638675429726997, "https": 0.9974384900572969, "requests": 29.04469160768453, "requests_tracking": 6.153926525109538, "content_length": 116256.22858105831, "requests_failed": 11.381530165149982, "has_blocking": 0.45606673407482307, "script": 0.9906302662622177, "iframe": 0.6346814964610717, "beacon": 0.04833164812942366, "image": 0.27145264577013817, "stylesheet": 0.7444051230198854, "font": 0.3707448601280755, "xhr": 0.4591001011122346, "plugin": 0.0013144590495449949, "media": 0.001482979440512302, "referer_leaked": 0.9029154027637344, "referer_leaked_header": 0.8841422312099764, "referer_leaked_url": 0.0, "hosts": 6.057111560498821, "trackers": 4.973087293562521, "companies": 4.1927873272666}