{"id": "menards.com", "month": "2019-04", "country": "global", "site": "menards.com", "category": "Business", "popularity": 0.0005693339507897511, "cookies": 0.2771623006904047, "bad_qs": 0.0030753269850679905, "tracked": 0.2775204713031235, "https": 0.9973075450492176, "requests": 89.95756295774822, "requests_tracking": 2.1338199513381997, "content_length": 2615063.6954561733, "requests_failed": 22.447206886756334, "has_blocking": 0.44390924697716355, "script": 0.9983450047550236, "iframe": 0.060691392789655046, "beacon": 0.0012844739214741808, "image": 0.9965047488482962, "stylesheet": 0.9958625118875591, "font": 0.6062222880926798, "xhr": 0.9637383131399212, "plugin": 0.005866587622117653, "media": 0.0015067867155754814, "referer_leaked": 0.9969493744364988, "referer_leaked_header": 0.9946891943631356, "referer_leaked_url": 0.0, "hosts": 9.443291711437993, "trackers": 4.85250781182457, "companies": 3.985018587819729}