{"id": "meraki.com", "month": "2019-04", "country": "global", "site": "meraki.com", "category": "Business", "popularity": 0.0006823330317633736, "cookies": 0.3225779857167884, "bad_qs": 0.0027103063779795335, "tracked": 0.3237527953254944, "https": 0.9950019064892773, "requests": 22.333604707482714, "requests_tracking": 2.558467388728011, "content_length": 200008.48242422994, "requests_failed": 9.440873069035522, "has_blocking": 0.353092119500809, "script": 0.9882003771757165, "iframe": 0.005544276925296536, "beacon": 0.05732864783536177, "image": 0.6234838257571854, "stylesheet": 0.1634840318641343, "font": 0.1592382287168812, "xhr": 0.2985253047806507, "plugin": 0.0001958016014509929, "media": 0.00025763368611972755, "referer_leaked": 0.6910353782577779, "referer_leaked_header": 0.596628090316065, "referer_leaked_url": 0.0, "hosts": 3.2669600255572617, "trackers": 2.8990797324731803, "companies": 2.2117439739480815}