{"id": "mercantilbanco.com", "month": "2019-04", "country": "global", "site": "mercantilbanco.com", "category": "Banking", "popularity": 0.00013840453707553288, "cookies": 0.1361581059797795, "bad_qs": 0.005232942132804959, "tracked": 0.1372758217751359, "https": 0.699385256312554, "requests": 6.770258598790835, "requests_tracking": 0.8011990042168369, "content_length": 47102.30208809633, "requests_failed": 4.004369252654575, "has_blocking": 0.40171721790377485, "script": 0.9844027841284357, "iframe": 0.06924757404867145, "beacon": 0.006045826347609613, "image": 0.46557943402936547, "stylesheet": 0.026164710664024794, "font": 0.01818828430625413, "xhr": 0.028552558045013464, "plugin": 0.0035055631763450694, "media": 5.080526342529086e-05, "referer_leaked": 0.4603972971599858, "referer_leaked_header": 0.35101356500533454, "referer_leaked_url": 0.0, "hosts": 2.388660265203475, "trackers": 2.342122643905909, "companies": 1.6236346085454454}