{"id": "mercadolibre.com.mx", "month": "2019-04", "country": "global", "site": "mercadolibre.com.mx", "category": "E-Commerce", "popularity": 0.001411497045436164, "cookies": 0.6676646706586826, "bad_qs": 0.03955483376010043, "tracked": 0.6721083623103211, "https": 0.9771737722558211, "requests": 97.94097661581993, "requests_tracking": 6.714193908356332, "content_length": 988240.1139468151, "requests_failed": 26.89330656490679, "has_blocking": 0.4966024689389939, "script": 0.9874859266491974, "iframe": 0.4713202546653781, "beacon": 0.25549732481791826, "image": 0.9876652684647345, "stylesheet": 0.9964928711628324, "font": 0.7064573017027509, "xhr": 0.29015513067043947, "plugin": 0.0021321749180507536, "media": 0.00020923211812647584, "referer_leaked": 0.7962676975499915, "referer_leaked_header": 0.7308577520499766, "referer_leaked_url": 0.0, "hosts": 7.21252005141132, "trackers": 5.86522462562396, "companies": 3.856710871103052}