{"id": "mercadolibre.com.ar", "month": "2019-04", "country": "global", "site": "mercadolibre.com.ar", "category": "E-Commerce", "popularity": 0.002655239325795308, "cookies": 0.6707934885371454, "bad_qs": 0.03744594304720996, "tracked": 0.6755179271790281, "https": 0.9783030685017121, "requests": 100.59143404191086, "requests_tracking": 6.903707783936379, "content_length": 1012119.8922091782, "requests_failed": 28.04716229135274, "has_blocking": 0.47422612159073757, "script": 0.985733996096512, "iframe": 0.43039265275640803, "beacon": 0.25198153655481437, "image": 0.9863139580149942, "stylesheet": 0.9966076200110696, "font": 0.7107128764787043, "xhr": 0.3040642354168708, "plugin": 0.0010698840870631417, "media": 8.20950660865282e-05, "referer_leaked": 0.8181753179859697, "referer_leaked_header": 0.7581823622722855, "referer_leaked_url": 0.0, "hosts": 6.695543826848264, "trackers": 5.378532405041167, "companies": 3.2746159407432516}