{"id": "metafilter.com", "month": "2019-04", "country": "global", "site": "metafilter.com", "category": "Reference", "popularity": 0.00036386125974244396, "cookies": 0.0774939125729525, "bad_qs": 0.0061454025431917445, "tracked": 0.07813164302554787, "https": 0.9919993815947127, "requests": 14.407065280408148, "requests_tracking": 0.47872299308159083, "content_length": 202434.98805704789, "requests_failed": 5.197522513817493, "has_blocking": 0.3585977660108994, "script": 0.9652920032466278, "iframe": 0.018996637421249952, "beacon": 0.0004058284698334171, "image": 0.8341707571599737, "stylesheet": 0.9948788312140069, "font": 0.3960112858964944, "xhr": 0.010590190546129169, "plugin": 0.0005990801221350443, "media": 0.0007343562787461833, "referer_leaked": 0.9378889189502571, "referer_leaked_header": 0.913539210760252, "referer_leaked_url": 0.0, "hosts": 3.985428825416457, "trackers": 3.920863448382484, "companies": 2.3616511421172652}