{"id": "metacritic.com", "month": "2019-04", "country": "global", "site": "metacritic.com", "category": "Entertainment", "popularity": 0.000606735451206596, "cookies": 0.7853533597570869, "bad_qs": 0.032600885427531694, "tracked": 0.7867440836288622, "https": 0.9909139373710683, "requests": 78.74519620795958, "requests_tracking": 12.94411607908583, "content_length": 11713938.13828431, "requests_failed": 35.07800801984099, "has_blocking": 0.46949678974572934, "script": 0.9850381290128178, "iframe": 0.8121363836543588, "beacon": 0.010036390607978118, "image": 0.9560299469207055, "stylesheet": 0.9158148482952043, "font": 0.5264585216605243, "xhr": 0.8480402382773568, "plugin": 0.0009271492478501727, "media": 0.25242797209280765, "referer_leaked": 0.9951904132767773, "referer_leaked_header": 0.9883179194770878, "referer_leaked_url": 0.0, "hosts": 23.06888718911527, "trackers": 20.641077347426002, "companies": 17.412882738798878}