{"id": "meteoblue.com", "month": "2019-04", "country": "global", "site": "meteoblue.com", "category": "News and Portals", "popularity": 0.00040267612763132985, "cookies": 0.13734152900499424, "bad_qs": 0.01028533510285335, "tracked": 0.140537142458003, "https": 0.9956344078510809, "requests": 6.175374567806378, "requests_tracking": 0.9075192959172982, "content_length": 44794.99479621416, "requests_failed": 3.1439073795969685, "has_blocking": 0.413735899137359, "script": 0.9979918276114972, "iframe": 0.021408863898299164, "beacon": 0.01679879858904062, "image": 0.5436908462263822, "stylesheet": 0.04826598679844934, "font": 0.016012992002235184, "xhr": 0.036531275102154856, "plugin": 0.0008905807983794922, "media": 0.00047148395208326056, "referer_leaked": 0.6120560192784549, "referer_leaked_header": 0.6103097824188873, "referer_leaked_url": 0.0, "hosts": 3.4425837320574164, "trackers": 3.142423078266336, "companies": 1.5007159571124227}