{"id": "metservice.com", "month": "2019-04", "country": "global", "site": "metservice.com", "category": "Reference", "popularity": 0.00028955750811529584, "cookies": 0.3861919910634061, "bad_qs": 0.20129192063916074, "tracked": 0.386386264843731, "https": 0.5612812355812429, "requests": 27.536511328589814, "requests_tracking": 3.321717380218072, "content_length": 189676.13502027732, "requests_failed": 8.193156706088054, "has_blocking": 0.546686417834333, "script": 0.9923019014546249, "iframe": 0.9225090458728964, "beacon": 0.008790888559702762, "image": 0.9375166954029966, "stylesheet": 0.9887806891862357, "font": 0.6450132349012846, "xhr": 0.7903057383617863, "plugin": 0.000267126447946769, "media": 0.0003399791155686151, "referer_leaked": 0.8225794701182642, "referer_leaked_header": 0.7716797396731344, "referer_leaked_url": 0.0, "hosts": 8.582967046310012, "trackers": 7.947861774205299, "companies": 6.208261492508317}