{"id": "mheducation.com", "month": "2019-04", "country": "global", "site": "mheducation.com", "category": "Reference", "popularity": 0.00046314856673357964, "cookies": 0.3589408799684207, "bad_qs": 0.026903106306743994, "tracked": 0.37006953511675217, "https": 0.3071235538821243, "requests": 10.981067622141925, "requests_tracking": 3.2143898217593296, "content_length": 351864.79687547445, "requests_failed": 3.966765857954028, "has_blocking": 0.27754835575258857, "script": 0.8452919563963198, "iframe": 0.15124647010597272, "beacon": 0.0025658154434761485, "image": 0.5729966902499013, "stylesheet": 0.06221722891932104, "font": 0.01319345337503416, "xhr": 0.11206085081832812, "plugin": 0.0018977924877782164, "media": 0.004949442808125588, "referer_leaked": 0.6301733823216834, "referer_leaked_header": 0.5469893419973887, "referer_leaked_url": 0.0, "hosts": 2.2506907964655514, "trackers": 2.134986184070689, "companies": 1.8571949108796648}