{"id": "micromania.fr", "month": "2019-04", "country": "global", "site": "micromania.fr", "category": "Entertainment", "popularity": 0.00012389115169099293, "cookies": 0.6677450479595891, "bad_qs": 0.022873034791985925, "tracked": 0.6681991032408195, "https": 0.9952891764572337, "requests": 60.12270843975254, "requests_tracking": 11.562404222714115, "content_length": 8097661.021681139, "requests_failed": 21.73034791985924, "has_blocking": 0.53640955786367, "script": 0.9935297122424656, "iframe": 0.5746637153073386, "beacon": 0.24462228276292639, "image": 0.6912991656734208, "stylesheet": 0.9973891821329247, "font": 0.393268630455758, "xhr": 0.8636699018105455, "plugin": 0.0028946024178443724, "media": 0.13383279414268687, "referer_leaked": 0.9965378284806176, "referer_leaked_header": 0.9943810658947727, "referer_leaked_url": 0.0, "hosts": 20.741074975878313, "trackers": 13.8369373971281, "companies": 10.363187468074239}