{"id": "microsoftonline.com", "month": "2019-04", "country": "global", "site": "microsoftonline.com", "category": "Business", "popularity": 0.004105087148308643, "cookies": 0.43890448596177795, "bad_qs": 0.002637894206738963, "tracked": 0.43963076332778916, "https": 0.9942343169481277, "requests": 18.159414456002835, "requests_tracking": 1.0784139746727899, "content_length": 415877.282174173, "requests_failed": 4.9277165599804045, "has_blocking": 0.003741013602284348, "script": 0.8583930428109675, "iframe": 0.38616373101015933, "beacon": 3.5971284637349496e-05, "image": 0.9327611044212135, "stylesheet": 0.8726308198540936, "font": 0.11474325923819671, "xhr": 0.1259303287604124, "plugin": 0.0005721147175654634, "media": 0.00039739704932690873, "referer_leaked": 0.9677902839847277, "referer_leaked_header": 0.9674579778314112, "referer_leaked_url": 0.0, "hosts": 2.2955126678874063, "trackers": 1.9298611337121168, "companies": 1.655396806092508}