{"id": "milanuncios.com", "month": "2019-04", "country": "global", "site": "milanuncios.com", "category": "E-Commerce", "popularity": 0.0005493428874911818, "cookies": 0.7638625774409913, "bad_qs": 0.062336797911013264, "tracked": 0.7661538067687267, "https": 0.9978239721468435, "requests": 64.59318519277046, "requests_tracking": 7.182696738518253, "content_length": 129727.69805693513, "requests_failed": 31.96093389995392, "has_blocking": 0.5172802211868311, "script": 0.9981183759152117, "iframe": 0.20810506374481594, "beacon": 0.02146587476319697, "image": 0.9364983871793559, "stylesheet": 0.3117351902104347, "font": 0.013516973017254621, "xhr": 0.9791101326096974, "plugin": 0.002649633915314116, "media": 0.00010240131073677743, "referer_leaked": 0.976818903281962, "referer_leaked_header": 0.960498694383288, "referer_leaked_url": 0.0, "hosts": 16.64062259996928, "trackers": 14.313732015769801, "companies": 11.763273769904254}