{"id": "miles-and-more.com", "month": "2019-04", "country": "global", "site": "miles-and-more.com", "category": "Business", "popularity": 0.0001877387966966241, "cookies": 0.3018465111052848, "bad_qs": 0.010374920409004083, "tracked": 0.30709015318925803, "https": 0.9975654518895839, "requests": 7.947601033746582, "requests_tracking": 1.1864489306715607, "content_length": 65370.87471440878, "requests_failed": 3.2504588186823478, "has_blocking": 0.34990074534626764, "script": 0.9940072661897449, "iframe": 0.049739690625117045, "beacon": 0.0, "image": 0.6711112775759391, "stylesheet": 0.10637102513202741, "font": 0.015019289111951759, "xhr": 0.17817146709614592, "plugin": 0.00022472751788456496, "media": 0.0, "referer_leaked": 0.5036143675793101, "referer_leaked_header": 0.404546986778531, "referer_leaked_url": 0.0, "hosts": 3.1012022922206826, "trackers": 3.066444436121203, "companies": 2.212404958987228}