{"id": "milfzr.com", "month": "2019-04", "country": "global", "site": "milfzr.com", "category": "Adult", "popularity": 0.00021251843337061576, "cookies": 0.05088839625450815, "bad_qs": 0.0015220196539059657, "tracked": 0.05105383317341098, "https": 0.9984448929623134, "requests": 17.54580948284419, "requests_tracking": 0.4950865235085862, "content_length": 230211.31267577672, "requests_failed": 11.623200873506931, "has_blocking": 0.49521887304370843, "script": 0.9903053965522947, "iframe": 0.03745491843959898, "beacon": 0.0, "image": 0.49052046454686826, "stylesheet": 0.9475895840915859, "font": 0.46623432485193395, "xhr": 0.43235284386063594, "plugin": 0.0007940972107335473, "media": 0.012374681533931111, "referer_leaked": 0.9672434900572412, "referer_leaked_header": 0.9672104026734606, "referer_leaked_url": 0.0, "hosts": 9.245342950732885, "trackers": 8.04804288124938, "companies": 5.716838169605929}