{"id": "milf-finder.com", "month": "2019-04", "country": "global", "site": "milf-finder.com", "category": "Adult", "popularity": 6.117560699878758e-07, "cookies": 0.9655172413793104, "bad_qs": 0.0, "tracked": 0.9655172413793104, "https": 1.0, "requests": 61.64367816091954, "requests_tracking": 1.3218390804597702, "content_length": 1016475.9655172414, "requests_failed": 14.068965517241379, "has_blocking": 0.0, "script": 1.0, "iframe": 0.0, "beacon": 0.0, "image": 1.0, "stylesheet": 1.0, "font": 0.16091954022988506, "xhr": 0.0, "plugin": 0.0, "media": 0.0, "referer_leaked": 1.0, "referer_leaked_header": 1.0, "referer_leaked_url": 0.0, "hosts": 4.896551724137931, "trackers": 4.896551724137931, "companies": 3.954022988505747}