{"id": "milliyet.com.tr", "month": "2019-04", "country": "global", "site": "milliyet.com.tr", "category": "News and Portals", "popularity": 0.0012888856593168698, "cookies": 0.7160018985580778, "bad_qs": 0.07870287020518611, "tracked": 0.7164929049575279, "https": 0.02132604461611483, "requests": 39.99265127088823, "requests_tracking": 8.03726738571826, "content_length": 650792.903991882, "requests_failed": 18.260642563708082, "has_blocking": 0.5242529883195033, "script": 0.9997435855469539, "iframe": 0.8615361953550794, "beacon": 0.024375739919365837, "image": 0.7822932181104982, "stylesheet": 0.6823188595558028, "font": 0.5299813963130875, "xhr": 0.9055521912524482, "plugin": 0.00451725887494067, "media": 0.016181388675210177, "referer_leaked": 0.9805943359684011, "referer_leaked_header": 0.9799614832757765, "referer_leaked_url": 0.0, "hosts": 15.235552136696182, "trackers": 12.234340987577538, "companies": 7.261984647866577}