{"id": "millenium.org", "month": "2019-04", "country": "global", "site": "millenium.org", "category": "Entertainment", "popularity": 0.0003018840413416033, "cookies": 0.9647116370073605, "bad_qs": 0.022454113481785148, "tracked": 0.9650377340911208, "https": 0.9949454952017144, "requests": 59.70977359545328, "requests_tracking": 11.911860616789342, "content_length": 1572399.7650470512, "requests_failed": 28.386937482530513, "has_blocking": 0.5353582409391596, "script": 0.9973679306810771, "iframe": 0.8013602906922576, "beacon": 0.0049147489052455045, "image": 0.9875617255194261, "stylesheet": 0.8275878132861268, "font": 0.10004192676791204, "xhr": 0.5000465852976801, "plugin": 0.0016071927699618, "media": 0.004332432684244852, "referer_leaked": 0.994642690766794, "referer_leaked_header": 0.9929423274014721, "referer_leaked_url": 0.0, "hosts": 20.272081431100343, "trackers": 14.400121121773967, "companies": 11.275342401937948}