{"id": "mindbodyonline.com", "month": "2019-04", "country": "global", "site": "mindbodyonline.com", "category": "Business", "popularity": 0.0006073964290293415, "cookies": 0.5184533456818708, "bad_qs": 0.028872424172262098, "tracked": 0.5301921741143784, "https": 0.9982056031488771, "requests": 24.838897893030794, "requests_tracking": 2.513220652928919, "content_length": 348010.5542602454, "requests_failed": 7.5241375318360735, "has_blocking": 0.41210928455661033, "script": 0.9959481361426256, "iframe": 0.5668441768927993, "beacon": 0.0562746006019912, "image": 0.108115304468627, "stylesheet": 0.23068997453114146, "font": 0.1357027089604075, "xhr": 0.8792891873118778, "plugin": 0.0002778420930771012, "media": 0.0027552674230145865, "referer_leaked": 0.9655244269506831, "referer_leaked_header": 0.9587867561935633, "referer_leaked_url": 0.0, "hosts": 5.632345450335726, "trackers": 4.910094929381802, "companies": 4.777888400092614}