{"id": "minecraft.net", "month": "2019-04", "country": "global", "site": "minecraft.net", "category": "Entertainment", "popularity": 0.00043739855836236587, "cookies": 0.7319304224808694, "bad_qs": 0.038614880072021095, "tracked": 0.732541315671018, "https": 0.9914957237476689, "requests": 33.33346730113819, "requests_tracking": 10.423027458041284, "content_length": 715295.4037843226, "requests_failed": 8.310526654234454, "has_blocking": 0.3204777827792425, "script": 0.9696482541315671, "iframe": 0.41981223072471224, "beacon": 0.24032216577712046, "image": 0.41590572953507815, "stylesheet": 0.883126487042634, "font": 0.6513246736544274, "xhr": 0.7122853835766189, "plugin": 0.0010449488778856665, "media": 0.00038582727798855377, "referer_leaked": 0.9003440293228732, "referer_leaked_header": 0.8818725483891711, "referer_leaked_url": 0.0, "hosts": 6.947704327695968, "trackers": 5.795720532441644, "companies": 3.821683493022957}