{"id": "mingle2.com", "month": "2019-04", "country": "global", "site": "mingle2.com", "category": "Entertainment", "popularity": 0.00023814890319941815, "cookies": 0.6404865950159443, "bad_qs": 0.00933034132514468, "tracked": 0.6421400732254635, "https": 0.9883961261367663, "requests": 37.29493917562301, "requests_tracking": 9.731073579780324, "content_length": 455594.7411125546, "requests_failed": 14.291071217668597, "has_blocking": 0.45157670957836304, "script": 0.9966635171843629, "iframe": 0.541927483169954, "beacon": 0.004015589937404039, "image": 0.6651706625723397, "stylesheet": 0.9645978504783276, "font": 0.3248198889807488, "xhr": 0.2947029644502185, "plugin": 0.000265737569387032, "media": 2.9526396598559113e-05, "referer_leaked": 0.9952167237510334, "referer_leaked_header": 0.9894590764143144, "referer_leaked_url": 0.0, "hosts": 11.520875162395182, "trackers": 10.569327979213417, "companies": 7.740285815519074}