{"id": "mintos.com", "month": "2019-04", "country": "global", "site": "mintos.com", "category": "Business", "popularity": 0.00024849250295748903, "cookies": 0.7999943405302923, "bad_qs": 0.03698463453974363, "tracked": 0.8000792325759076, "https": 0.9897280624805456, "requests": 42.52437816576587, "requests_tracking": 11.55774073969269, "content_length": 200887.160672345, "requests_failed": 17.005489685616457, "has_blocking": 0.43957101219615724, "script": 0.9958685871133874, "iframe": 0.07892130507371459, "beacon": 0.06480092815303207, "image": 0.8108322250205156, "stylesheet": 0.1736325306318798, "font": 0.021024929964062366, "xhr": 0.7915051359687597, "plugin": 0.0, "media": 0.0001697840912306517, "referer_leaked": 0.9499985851325731, "referer_leaked_header": 0.9487535017968817, "referer_leaked_url": 0.0, "hosts": 7.830272503466425, "trackers": 7.306997934293556, "companies": 4.254506352754747}