{"id": "mirknig.su", "month": "2019-04", "country": "global", "site": "mirknig.su", "category": "Entertainment", "popularity": 0.0003452835639159156, "cookies": 0.680229716520039, "bad_qs": 0.021036982730531117, "tracked": 0.6813294232649071, "https": 0.006414956011730206, "requests": 46.977517106549364, "requests_tracking": 11.623798468556533, "content_length": 484244.0730286738, "requests_failed": 23.586021505376344, "has_blocking": 0.5067407950472467, "script": 0.9888196480938416, "iframe": 0.3850602802215705, "beacon": 0.16458944281524926, "image": 0.5673468556533072, "stylesheet": 0.19314108830237864, "font": 0.08756924079504724, "xhr": 0.9611844248941023, "plugin": 0.001323721081785598, "media": 0.022482893450635387, "referer_leaked": 0.8787878787878788, "referer_leaked_header": 0.8781565656565656, "referer_leaked_url": 0.0, "hosts": 12.491161616161616, "trackers": 6.438905180840664, "companies": 5.447234441186054}