{"id": "mirtesen.ru", "month": "2019-04", "country": "global", "site": "mirtesen.ru", "category": "News and Portals", "popularity": 0.00022872645338581178, "cookies": 0.9244958189867192, "bad_qs": 0.051647811116576486, "tracked": 0.9512727496310871, "https": 0.8911399409739301, "requests": 155.08340506640434, "requests_tracking": 18.716705607476637, "content_length": 3045425.5028283326, "requests_failed": 54.940451303492374, "has_blocking": 0.5459911460895229, "script": 0.9965568125922283, "iframe": 0.341644121987211, "beacon": 0.34222823413674375, "image": 0.9886559272011806, "stylesheet": 0.9925909985243483, "font": 0.8943679291687162, "xhr": 0.9629857353664535, "plugin": 0.0006148548942449582, "media": 0.7532894736842105, "referer_leaked": 0.9813084112149533, "referer_leaked_header": 0.9114916379734382, "referer_leaked_url": 0.0, "hosts": 26.088662075750122, "trackers": 13.234597884899165, "companies": 9.51601696999508}