{"id": "mistrzowie.org", "month": "2019-04", "country": "global", "site": "mistrzowie.org", "category": "Entertainment", "popularity": 0.00023081486203852902, "cookies": 0.8831073876618432, "bad_qs": 0.017273419649657274, "tracked": 0.8838690022848439, "https": 0.9609748667174409, "requests": 41.75223153084539, "requests_tracking": 17.626016755521707, "content_length": 757837.3858035035, "requests_failed": 13.06025894897182, "has_blocking": 0.5015993907083016, "script": 0.9911652703731911, "iframe": 0.6472810357958872, "beacon": 0.005605483625285605, "image": 0.9427265803503427, "stylesheet": 0.9995734958111195, "font": 0.2484082254379284, "xhr": 0.8907539984767707, "plugin": 0.0, "media": 0.0009748667174409749, "referer_leaked": 0.9929322162985529, "referer_leaked_header": 0.9847067783701448, "referer_leaked_url": 0.0, "hosts": 11.988575780654989, "trackers": 8.271744097486671, "companies": 6.531302361005332}