{"id": "miui.com", "month": "2019-04", "country": "global", "site": "miui.com", "category": "Business", "popularity": 0.00019499548938889407, "cookies": 0.34329811402401644, "bad_qs": 0.012657314918322456, "tracked": 0.346687822292741, "https": 0.16692510187155168, "requests": 10.641989109660669, "requests_tracking": 2.1345786304136167, "content_length": 502523.33961991995, "requests_failed": 6.546356063611121, "has_blocking": 0.3004219104972774, "script": 0.7561573690094119, "iframe": 0.04154195665500703, "beacon": 0.0005048501676823771, "image": 0.46107244599906244, "stylesheet": 0.14853413147740796, "font": 0.06234899570877357, "xhr": 0.03779164112365223, "plugin": 0.006779416537449064, "media": 0.0012981861454689698, "referer_leaked": 0.5800367819407883, "referer_leaked_header": 0.5740146406548627, "referer_leaked_url": 0.0, "hosts": 3.005336987486928, "trackers": 2.9071075691464427, "companies": 2.6634091810609064}