{"id": "mixer.com", "month": "2019-04", "country": "global", "site": "mixer.com", "category": "Entertainment", "popularity": 0.0002742565746866336, "cookies": 0.8539599517985796, "bad_qs": 0.10758146809219804, "tracked": 0.8610106914852703, "https": 0.9816424377611979, "requests": 833.37207394303, "requests_tracking": 537.4237366356434, "content_length": 55157617.1640643, "requests_failed": 229.01740891726277, "has_blocking": 0.3829961797810425, "script": 0.9938466271825244, "iframe": 0.2097018178088865, "beacon": 0.2734917826833833, "image": 0.9139296977155603, "stylesheet": 0.32125733917903754, "font": 0.31138630361767045, "xhr": 0.8703689459785144, "plugin": 0.0002307514806553342, "media": 0.003051047355331641, "referer_leaked": 0.9851037099710279, "referer_leaked_header": 0.9833858933928159, "referer_leaked_url": 0.0, "hosts": 8.291003256159783, "trackers": 6.851806271312463, "companies": 3.9481834730661745}