{"id": "mk.ru", "month": "2019-04", "country": "global", "site": "mk.ru", "category": "News and Portals", "popularity": 0.0004592881749815872, "cookies": 0.8725140468790668, "bad_qs": 0.2234487193226878, "tracked": 0.8907022674035856, "https": 0.973023868211951, "requests": 223.34894437895187, "requests_tracking": 47.49688442518793, "content_length": 1265611.8834606612, "requests_failed": 132.53393450403416, "has_blocking": 0.5030543350123245, "script": 0.9948252369214753, "iframe": 0.8202764976958525, "beacon": 0.2875820996065343, "image": 0.9971217294119448, "stylesheet": 0.5436103923940169, "font": 0.5248250838219759, "xhr": 0.6737143469540855, "plugin": 0.0011482462452347781, "media": 0.004730774530367286, "referer_leaked": 0.9754581502518487, "referer_leaked_header": 0.9486044980632913, "referer_leaked_url": 0.0, "hosts": 25.46320253532771, "trackers": 21.780041949262827, "companies": 14.444049787957193}