{"id": "ml.com", "month": "2019-04", "country": "global", "site": "ml.com", "category": "Banking", "popularity": 0.0005111468073512491, "cookies": 0.43801243603147527, "bad_qs": 0.01663181643096902, "tracked": 0.43912672646233425, "https": 0.9961343751719584, "requests": 40.810529356738016, "requests_tracking": 4.341192978594618, "content_length": 1683679.5328784462, "requests_failed": 12.987962912012327, "has_blocking": 0.25309525119683046, "script": 0.966722610466076, "iframe": 0.47174379574093434, "beacon": 0.00012381004787321851, "image": 0.9134430198646344, "stylesheet": 0.9835470203048479, "font": 0.40965993506850823, "xhr": 0.25568150553018215, "plugin": 0.0007978869751829637, "media": 0.0004814835195069609, "referer_leaked": 0.9884443955318329, "referer_leaked_header": 0.9859269245584108, "referer_leaked_url": 0.0, "hosts": 3.1718345897760414, "trackers": 2.47401364661861, "companies": 2.372819567490233}