{"id": "mmoframes.com", "month": "2019-04", "country": "global", "site": "mmoframes.com", "category": "Entertainment", "popularity": 4.21900737922673e-07, "cookies": 0.3333333333333333, "bad_qs": 0.0, "tracked": 0.3333333333333333, "https": 0.36666666666666664, "requests": 4.183333333333334, "requests_tracking": 1.9166666666666667, "content_length": 48930.73333333333, "requests_failed": 1.65, "has_blocking": 0.016666666666666666, "script": 0.5166666666666667, "iframe": 0.18333333333333332, "beacon": 0.0, "image": 0.08333333333333333, "stylesheet": 0.21666666666666667, "font": 0.15, "xhr": 0.016666666666666666, "plugin": 0.016666666666666666, "media": 0.0, "referer_leaked": 0.85, "referer_leaked_header": 0.85, "referer_leaked_url": 0.0, "hosts": 1.3, "trackers": 1.2666666666666666, "companies": 1.1333333333333333}