{"id": "mobilcom-debitel.de", "month": "2019-04", "country": "global", "site": "mobilcom-debitel.de", "category": "Business", "popularity": 9.106727428060897e-05, "cookies": 0.6882866187939155, "bad_qs": 0.11836923789668752, "tracked": 0.6899853293181993, "https": 0.9945177978534476, "requests": 96.48629449463363, "requests_tracking": 29.17666589452552, "content_length": 398440.7213342599, "requests_failed": 39.80773685429696, "has_blocking": 0.3854528607829511, "script": 0.9935140143618253, "iframe": 0.7197127634931666, "beacon": 0.17280518878851053, "image": 0.7174735541657015, "stylesheet": 0.9963709366072118, "font": 0.6403366535402671, "xhr": 0.7271253185082233, "plugin": 0.000463284688441047, "media": 0.000154428229480349, "referer_leaked": 0.8953748745270635, "referer_leaked_header": 0.7678171569762953, "referer_leaked_url": 0.0, "hosts": 16.510539726662035, "trackers": 14.862481661647749, "companies": 10.403520963632152}