{"id": "mobile.bg", "month": "2019-04", "country": "global", "site": "mobile.bg", "category": "E-Commerce", "popularity": 0.0002697070783960341, "cookies": 0.6609135467723433, "bad_qs": 0.005918239649598498, "tracked": 0.6611221190947961, "https": 0.9989049953071227, "requests": 40.55965168422151, "requests_tracking": 7.280269058295964, "content_length": 616689.9580769632, "requests_failed": 12.350271144019189, "has_blocking": 0.523412243195328, "script": 0.9994524976535614, "iframe": 0.8751173219313797, "beacon": 0.05634059860256544, "image": 0.8922723954531234, "stylesheet": 0.2899676712900198, "font": 0.014991135676295755, "xhr": 0.4040828032120138, "plugin": 0.0017728647408488893, "media": 2.6071540306601314e-05, "referer_leaked": 0.9437115444780477, "referer_leaked_header": 0.9421472520596517, "referer_leaked_url": 0.0, "hosts": 7.50805610595474, "trackers": 5.891594535405152, "companies": 3.8299874856606526}