{"id": "modhub.us", "month": "2019-04", "country": "global", "site": "modhub.us", "category": "Entertainment", "popularity": 0.00016626404913636005, "cookies": 0.9098752378938465, "bad_qs": 0.015901882004652146, "tracked": 0.9123704800169169, "https": 0.015225206174666949, "requests": 39.834552759568616, "requests_tracking": 9.660351025586804, "content_length": 1700108.1280609008, "requests_failed": 14.894480862761684, "has_blocking": 0.47515330936773104, "script": 0.9890886022414886, "iframe": 0.9677310213575809, "beacon": 0.007570310847959399, "image": 0.5647705646013956, "stylesheet": 0.9878198350602665, "font": 0.43967012053288224, "xhr": 0.16510890251638824, "plugin": 0.0, "media": 0.00021146119687037428, "referer_leaked": 0.9975470501163036, "referer_leaked_header": 0.9912877986889406, "referer_leaked_url": 0.0, "hosts": 9.607654895326707, "trackers": 8.805286529921759, "companies": 4.709113977585113}