{"id": "moebel.de", "month": "2019-04", "country": "global", "site": "moebel.de", "category": "E-Commerce", "popularity": 1.0870975680474208e-05, "cookies": 0.6377749029754204, "bad_qs": 0.17335058214747737, "tracked": 0.6390685640362225, "https": 0.9922380336351876, "requests": 102.22445019404915, "requests_tracking": 31.077619663648125, "content_length": 485970.31177231565, "requests_failed": 34.192108667529105, "has_blocking": 0.3829236739974127, "script": 0.9877102199223803, "iframe": 0.4644243208279431, "beacon": 0.24191461836998707, "image": 0.7483829236739974, "stylesheet": 0.6442432082794308, "font": 0.8906856403622251, "xhr": 0.8829236739974127, "plugin": 0.00129366106080207, "media": 0.0, "referer_leaked": 0.685640362225097, "referer_leaked_header": 0.37710219922380334, "referer_leaked_url": 0.0, "hosts": 20.779430789133247, "trackers": 17.90556274256145, "companies": 13.61319534282018}