{"id": "momondo.de", "month": "2019-04", "country": "global", "site": "momondo.de", "category": "Recreation", "popularity": 7.685625109158026e-05, "cookies": 0.9200365965233303, "bad_qs": 0.056633119853613904, "tracked": 0.9204025617566332, "https": 0.969167429094236, "requests": 103.7476669716377, "requests_tracking": 56.37520585544373, "content_length": 551742.4972552607, "requests_failed": 29.33010064043916, "has_blocking": 0.4139066788655078, "script": 0.9740164684354986, "iframe": 0.5727355901189387, "beacon": 0.029826166514181154, "image": 0.9203110704483074, "stylesheet": 0.38380603842634947, "font": 0.6101555352241537, "xhr": 0.2021043000914913, "plugin": 0.0019213174748398901, "media": 0.0, "referer_leaked": 0.6778591033851784, "referer_leaked_header": 0.6111619396157365, "referer_leaked_url": 0.0, "hosts": 9.53989021043001, "trackers": 7.6196706312900275, "companies": 4.449862763037512}