{"id": "mondialrelay.fr", "month": "2019-04", "country": "global", "site": "mondialrelay.fr", "category": "Business", "popularity": 0.0002250348219289884, "cookies": 0.621379245695716, "bad_qs": 0.02671624535199825, "tracked": 0.6217854576133488, "https": 0.9915320438708871, "requests": 38.48657938318283, "requests_tracking": 11.558166421897948, "content_length": 337951.0802112302, "requests_failed": 11.534012436334093, "has_blocking": 0.37352748179858136, "script": 0.9769396619066962, "iframe": 0.9192575696028498, "beacon": 0.06083804643314689, "image": 0.8288285473236884, "stylesheet": 0.9668781051776396, "font": 0.6038496390963347, "xhr": 0.7109333499984376, "plugin": 0.0010624003999625035, "media": 0.010530262787863637, "referer_leaked": 0.9718463894009937, "referer_leaked_header": 0.9628159860013124, "referer_leaked_url": 0.0, "hosts": 11.223479048839172, "trackers": 10.172640064993907, "companies": 7.205699465675093}