{"id": "moneyforward.com", "month": "2019-04", "country": "global", "site": "moneyforward.com", "category": "Business", "popularity": 0.00022907803733408067, "cookies": 0.8225796549818897, "bad_qs": 0.054331143716618575, "tracked": 0.8225796549818897, "https": 0.9923568052059673, "requests": 33.20222235864694, "requests_tracking": 10.788783841856468, "content_length": 305467.0241881024, "requests_failed": 11.960801768064337, "has_blocking": 0.4559211737982688, "script": 0.990361593713549, "iframe": 0.35180182945546074, "beacon": 0.01596169193934557, "image": 0.8092270857633986, "stylesheet": 0.1110872367855608, "font": 0.06252685861624409, "xhr": 0.47050156547363253, "plugin": 3.069556142181841e-05, "media": 0.0008901712812327338, "referer_leaked": 0.8512186137884462, "referer_leaked_header": 0.4441340782122905, "referer_leaked_url": 0.0, "hosts": 10.665633249432132, "trackers": 8.681748419178588, "companies": 6.601540917183375}