{"id": "money.pl", "month": "2019-04", "country": "global", "site": "money.pl", "category": "Business", "popularity": 0.00039063086156363754, "cookies": 0.7759076917538207, "bad_qs": 0.04098788544273037, "tracked": 0.7764837182510396, "https": 0.9841232696704049, "requests": 206.04421003366156, "requests_tracking": 68.58301081849766, "content_length": 10776469.320720753, "requests_failed": 55.55021330981225, "has_blocking": 0.4828182096376433, "script": 0.9907115727323457, "iframe": 0.7743236188864687, "beacon": 0.03555163537522726, "image": 0.991773621586593, "stylesheet": 0.7997947905603657, "font": 0.32921714398862345, "xhr": 0.901121451586773, "plugin": 0.0004500207009522438, "media": 0.3430957824059907, "referer_leaked": 0.9960578186596584, "referer_leaked_header": 0.9935557035623639, "referer_leaked_url": 0.0, "hosts": 15.356182384389681, "trackers": 11.542166939679225, "companies": 8.64030745414289}