{"id": "moneycontrol.com", "month": "2019-04", "country": "global", "site": "moneycontrol.com", "category": "Business", "popularity": 0.0013025130531517722, "cookies": 0.6389559208572894, "bad_qs": 0.07863524711852511, "tracked": 0.6393284206548439, "https": 0.982438524037034, "requests": 51.942991335330795, "requests_tracking": 14.843528490835965, "content_length": 1360734.6837530704, "requests_failed": 20.501244365265745, "has_blocking": 0.5388560477231624, "script": 0.9980997111776932, "iframe": 0.37129052284935354, "beacon": 0.004545577239722515, "image": 0.7812184522363484, "stylesheet": 0.4981509973817043, "font": 0.2890976327367938, "xhr": 0.47927227575782116, "plugin": 0.0005398547790644317, "media": 0.0011067022970820848, "referer_leaked": 0.8550759845601533, "referer_leaked_header": 0.6864577428671688, "referer_leaked_url": 0.0, "hosts": 13.215439846681242, "trackers": 10.266299565416903, "companies": 6.274796879639377}