{"id": "monova.to", "month": "2019-04", "country": "global", "site": "monova.to", "category": "Entertainment", "popularity": 0.0001370896131090072, "cookies": 0.04113664341403365, "bad_qs": 0.015900697578990562, "tracked": 0.04113664341403365, "https": 0.9896901928600739, "requests": 6.886386951169471, "requests_tracking": 0.7183011899876898, "content_length": 78316.12961633156, "requests_failed": 3.2926754205990973, "has_blocking": 0.13479688141157162, "script": 0.23240664751743947, "iframe": 0.058729995896594174, "beacon": 0.003846942962659007, "image": 0.053805908904390645, "stylesheet": 0.9331144850225688, "font": 0.8381206401313089, "xhr": 0.017183011899876897, "plugin": 0.0039495281083299135, "media": 5.1292572835453425e-05, "referer_leaked": 0.9170599097250718, "referer_leaked_header": 0.9167521542880591, "referer_leaked_url": 0.0, "hosts": 3.077810832991383, "trackers": 2.854636848584325, "companies": 1.7717993434550676}