{"id": "monster.com", "month": "2019-04", "country": "global", "site": "monster.com", "category": "Reference", "popularity": 0.0003388214509467333, "cookies": 0.6809380512607658, "bad_qs": 0.04154819964719311, "tracked": 0.6811040780325828, "https": 0.9749092041091626, "requests": 75.96812285981115, "requests_tracking": 12.238123897478468, "content_length": 514634.40359032893, "requests_failed": 25.274317733734566, "has_blocking": 0.4353429490505344, "script": 0.9593649475978001, "iframe": 0.6447234616581924, "beacon": 0.005644910241776486, "image": 0.8817059250804192, "stylesheet": 0.8037148490194044, "font": 0.5234616581923835, "xhr": 0.680107917401681, "plugin": 0.03090173290443084, "media": 0.0004565736224966276, "referer_leaked": 0.985057590536474, "referer_leaked_header": 0.9752620109992737, "referer_leaked_url": 0.0, "hosts": 18.19508145688492, "trackers": 13.70432707274048, "companies": 9.666369202033827}