{"id": "morele.net", "month": "2019-04", "country": "global", "site": "morele.net", "category": "E-Commerce", "popularity": 0.0005219474662420695, "cookies": 0.7363798027698443, "bad_qs": 0.01993856765640998, "tracked": 0.737282427116452, "https": 0.9902732122649135, "requests": 21.879479441720104, "requests_tracking": 4.64557848790214, "content_length": 273184.5830414399, "requests_failed": 8.327544861777227, "has_blocking": 0.4105458856496201, "script": 0.9842916419679905, "iframe": 0.43541520719943955, "beacon": 0.08293366384652692, "image": 0.46448779436331306, "stylesheet": 0.7717977043703185, "font": 0.5223365845772485, "xhr": 0.28764078245406044, "plugin": 0.0014684485638842486, "media": 0.004014657541628496, "referer_leaked": 0.97413375006736, "referer_leaked_header": 0.9656059707926928, "referer_leaked_url": 0.0, "hosts": 8.194549226706902, "trackers": 7.424112194859083, "companies": 4.724645686263943}