{"id": "morgenweb.de", "month": "2019-04", "country": "global", "site": "morgenweb.de", "category": "News and Portals", "popularity": 5.057183511899774e-05, "cookies": 0.7209399332591768, "bad_qs": 0.25417130144605116, "tracked": 0.7234427141268076, "https": 0.9741379310344828, "requests": 107.83342602892102, "requests_tracking": 39.59162958843159, "content_length": 1043879.5877363738, "requests_failed": 35.37068965517241, "has_blocking": 0.4228309232480534, "script": 0.9531423804226918, "iframe": 0.6979977753058955, "beacon": 0.3925194660734149, "image": 0.6028921023359288, "stylesheet": 0.960650723025584, "font": 0.3228587319243604, "xhr": 0.606924360400445, "plugin": 0.029338153503893214, "media": 0.04699666295884316, "referer_leaked": 0.9852614015572859, "referer_leaked_header": 0.9765016685205784, "referer_leaked_url": 0.0, "hosts": 23.95773081201335, "trackers": 19.56535038932147, "companies": 16.359566184649612}