{"id": "motherless.com", "month": "2019-04", "country": "global", "site": "motherless.com", "category": "Adult", "popularity": 0.0026245882371852256, "cookies": 0.34966992809147707, "bad_qs": 0.00941990933739136, "tracked": 0.35142477468305594, "https": 0.9940737089151566, "requests": 53.30469495140013, "requests_tracking": 2.1353937822168403, "content_length": 37489793.68571903, "requests_failed": 15.124602145467405, "has_blocking": 0.39011713266104403, "script": 0.9920027220215832, "iframe": 0.5853793147792912, "beacon": 0.09541275063495976, "image": 0.9805734463579565, "stylesheet": 0.06325485194988908, "font": 0.024680376796373495, "xhr": 0.2805932721057087, "plugin": 0.0808676175881174, "media": 0.14210774490156783, "referer_leaked": 0.4012945677451159, "referer_leaked_header": 0.04364343660583198, "referer_leaked_url": 0.0, "hosts": 8.772448640596702, "trackers": 7.623008048181926, "companies": 6.695535455938615}