{"id": "motorradonline.de", "month": "2019-04", "country": "global", "site": "motorradonline.de", "category": "Reference", "popularity": 4.541058275841037e-05, "cookies": 0.9015174976772995, "bad_qs": 0.2030040260142459, "tracked": 0.9021368844843605, "https": 0.9941158253329204, "requests": 113.09941158253329, "requests_tracking": 41.21074636110251, "content_length": 2662666.7172499225, "requests_failed": 44.02260761845773, "has_blocking": 0.45493960978631154, "script": 0.9857541034375967, "iframe": 0.6872096624341901, "beacon": 0.26881387426447817, "image": 0.9166924744502942, "stylesheet": 0.1353360173428306, "font": 0.07479095695261691, "xhr": 0.8572313409724373, "plugin": 0.0003096934035305048, "media": 0.0066584081759058535, "referer_leaked": 0.9360483121709507, "referer_leaked_header": 0.9315577578197585, "referer_leaked_url": 0.0, "hosts": 23.30953855682874, "trackers": 19.26277485289563, "companies": 16.05094456488077}