{"id": "motorsport-total.com", "month": "2019-04", "country": "global", "site": "motorsport-total.com", "category": "News and Portals", "popularity": 0.00016212942190471785, "cookies": 0.7524396061933469, "bad_qs": 0.14364401266426682, "tracked": 0.7548683696925012, "https": 0.9607060762458256, "requests": 58.396408899683394, "requests_tracking": 17.454482369779242, "content_length": 8443171.030576397, "requests_failed": 23.25020601118966, "has_blocking": 0.48388775642971765, "script": 0.9856009021121568, "iframe": 0.8734874441601249, "beacon": 0.060285379711150625, "image": 0.7609836492171574, "stylesheet": 0.34527475387084183, "font": 0.2273496118315479, "xhr": 0.678882768790389, "plugin": 0.006115279524656287, "media": 0.0811900941145856, "referer_leaked": 0.9036735047924709, "referer_leaked_header": 0.8947824955544954, "referer_leaked_url": 0.0, "hosts": 16.762718480287983, "trackers": 13.603330875655983, "companies": 11.350609359413626}