{"id": "mountainbike-magazin.de", "month": "2019-04", "country": "global", "site": "mountainbike-magazin.de", "category": "Reference", "popularity": 2.1601317781640858e-05, "cookies": 0.9007161458333334, "bad_qs": 0.18001302083333334, "tracked": 0.9020182291666666, "https": 0.9833984375, "requests": 109.44270833333333, "requests_tracking": 32.330078125, "content_length": 1716183.9560546875, "requests_failed": 39.080078125, "has_blocking": 0.4264322916666667, "script": 0.9915364583333334, "iframe": 0.6588541666666666, "beacon": 0.19173177083333334, "image": 0.7666015625, "stylesheet": 0.9938151041666666, "font": 0.5826822916666666, "xhr": 0.7552083333333334, "plugin": 0.0003255208333333333, "media": 0.005859375, "referer_leaked": 0.9886067708333334, "referer_leaked_header": 0.9694010416666666, "referer_leaked_url": 0.0, "hosts": 24.083658854166668, "trackers": 21.317057291666668, "companies": 16.02734375}