{"id": "movistar.es", "month": "2019-04", "country": "global", "site": "movistar.es", "category": "Business", "popularity": 0.00017150264996556658, "cookies": 0.9478884788847889, "bad_qs": 0.052111521115211154, "tracked": 0.9494464944649447, "https": 0.8619926199261992, "requests": 61.59819598195982, "requests_tracking": 17.57519475194752, "content_length": 11992256.102255022, "requests_failed": 14.046494464944649, "has_blocking": 0.4077490774907749, "script": 0.9514965149651496, "iframe": 0.32706027060270604, "beacon": 0.05038950389503895, "image": 0.6533825338253383, "stylesheet": 0.8401804018040181, "font": 0.27080770807708077, "xhr": 0.8118491184911849, "plugin": 0.0013940139401394014, "media": 0.00032800328003280033, "referer_leaked": 0.9526445264452644, "referer_leaked_header": 0.868839688396884, "referer_leaked_url": 0.0, "hosts": 10.76719967199672, "trackers": 7.144608446084461, "companies": 4.230545305453054}