{"id": "movie4k.to", "month": "2019-04", "country": "global", "site": "movie4k.to", "category": "Entertainment", "popularity": 0.00018326664887464376, "cookies": 0.4570463875992787, "bad_qs": 0.019759812761385873, "tracked": 0.4580823389479339, "https": 0.24793768944480682, "requests": 98.66918620266277, "requests_tracking": 4.194068219314738, "content_length": 66066153.08421901, "requests_failed": 9.500901661359014, "has_blocking": 0.45693128189387255, "script": 0.9937842919080689, "iframe": 0.7310363350343398, "beacon": 0.1773395234623796, "image": 0.34923071020220237, "stylesheet": 0.29470897440816485, "font": 0.043932010896673444, "xhr": 0.3209530752407628, "plugin": 0.009246825000959214, "media": 0.03836856846871043, "referer_leaked": 0.9485477496834593, "referer_leaked_header": 0.9465525841230864, "referer_leaked_url": 0.0, "hosts": 5.7138088477918885, "trackers": 4.827379810459272, "companies": 4.603269002033534}