{"id": "movie4k.org", "month": "2019-04", "country": "global", "site": "movie4k.org", "category": "Entertainment", "popularity": 1.56103273031389e-05, "cookies": 0.4702702702702703, "bad_qs": 0.05, "tracked": 0.48243243243243245, "https": 0.9972972972972973, "requests": 16.94099099099099, "requests_tracking": 4.081081081081081, "content_length": 48276288.216216214, "requests_failed": 6.426126126126126, "has_blocking": 0.4891891891891892, "script": 0.9905405405405405, "iframe": 0.7121621621621622, "beacon": 0.19594594594594594, "image": 0.3824324324324324, "stylesheet": 0.25045045045045045, "font": 0.052702702702702706, "xhr": 0.30495495495495495, "plugin": 0.012612612612612612, "media": 0.0472972972972973, "referer_leaked": 0.9509009009009008, "referer_leaked_header": 0.9423423423423424, "referer_leaked_url": 0.0, "hosts": 5.8563063063063066, "trackers": 4.912162162162162, "companies": 4.6702702702702705}