{"id": "moviepilot.de", "month": "2019-04", "country": "global", "site": "moviepilot.de", "category": "Entertainment", "popularity": 0.0002573102283800729, "cookies": 0.8673790069138906, "bad_qs": 0.10810810810810811, "tracked": 0.867761593747438, "https": 0.9938239554013063, "requests": 69.93064247260405, "requests_tracking": 15.264695433552866, "content_length": 1943533.6367611291, "requests_failed": 26.088541524335255, "has_blocking": 0.4449758150465936, "script": 0.9873473068619681, "iframe": 0.761730385592873, "beacon": 0.19093815757112015, "image": 0.7271062771568333, "stylesheet": 0.9912551580903451, "font": 0.595059164321045, "xhr": 0.6298745661738584, "plugin": 0.002240865739349056, "media": 0.16076845298281092, "referer_leaked": 0.9891236028748668, "referer_leaked_header": 0.9854070450632635, "referer_leaked_url": 0.0, "hosts": 21.890798786653185, "trackers": 18.524635859317357, "companies": 13.156423359658952}