{"id": "movie-blog.org", "month": "2019-04", "country": "global", "site": "movie-blog.org", "category": "Entertainment", "popularity": 5.398923109617139e-05, "cookies": 0.622818442302683, "bad_qs": 0.00937744204219849, "tracked": 0.6292003125814014, "https": 0.016280281323261266, "requests": 20.867934357905703, "requests_tracking": 3.5716332378223496, "content_length": 770819.1289398281, "requests_failed": 7.615524876269862, "has_blocking": 0.32261005470174525, "script": 0.9383954154727794, "iframe": 0.5431101849439959, "beacon": 0.0006512112529304506, "image": 0.9398280802292264, "stylesheet": 0.28692367804115654, "font": 0.001953633758791352, "xhr": 0.004818963271685335, "plugin": 0.014326647564469915, "media": 0.0, "referer_leaked": 0.9678301641052357, "referer_leaked_header": 0.9613180515759312, "referer_leaked_url": 0.0, "hosts": 4.5501432664756445, "trackers": 3.2766345402448556, "companies": 3.027741599374837}