{"id": "mozilla.com", "month": "2019-04", "country": "global", "site": "mozilla.com", "category": "Business", "popularity": 6.0036475006396364e-05, "cookies": 0.1537830873740923, "bad_qs": 0.00046849379245724994, "tracked": 0.15413445771843523, "https": 0.6446474584211759, "requests": 12.562426797844928, "requests_tracking": 0.7309674396814242, "content_length": 808093.4120402904, "requests_failed": 2.6993441086905596, "has_blocking": 0.18833450456781448, "script": 0.9676739283204497, "iframe": 0.011243851018973999, "beacon": 0.0, "image": 0.9577184352307332, "stylesheet": 0.9727102365893652, "font": 0.07695010541110331, "xhr": 0.02131646755680487, "plugin": 0.003396579995315062, "media": 0.015928788943546497, "referer_leaked": 0.8622628250175686, "referer_leaked_header": 0.8596861091590536, "referer_leaked_url": 0.0, "hosts": 2.7273366127898804, "trackers": 2.689622862497072, "companies": 2.6475755446240337}