{"id": "mozilla.org", "month": "2019-04", "country": "global", "site": "mozilla.org", "category": "Business", "popularity": 0.0020379704194985757, "cookies": 0.17899298547064282, "bad_qs": 0.0034330824940395476, "tracked": 0.18134266303691512, "https": 0.9758062568359746, "requests": 8.412946343853402, "requests_tracking": 1.0089087628136786, "content_length": 267789.73410689825, "requests_failed": 2.3872034006493528, "has_blocking": 0.22583817242699955, "script": 0.7781331621967588, "iframe": 0.2712756230440918, "beacon": 0.0031881087683342134, "image": 0.43325501074779094, "stylesheet": 0.134076535312445, "font": 0.09022623841119012, "xhr": 0.051182257001590604, "plugin": 0.0008729345437105584, "media": 0.0025049426036911674, "referer_leaked": 0.6230958468327658, "referer_leaked_header": 0.6134038581636632, "referer_leaked_url": 0.0, "hosts": 1.8415675558177809, "trackers": 1.778509248620729, "companies": 1.389125236779182}