{"id": "msi.com", "month": "2019-04", "country": "global", "site": "msi.com", "category": "Entertainment", "popularity": 0.000439578378841633, "cookies": 0.6148382762261253, "bad_qs": 0.025370317048981027, "tracked": 0.6196212048501136, "https": 0.9660715999616086, "requests": 51.23022043062354, "requests_tracking": 13.26402085932751, "content_length": 1364601.231612119, "requests_failed": 18.617477684998562, "has_blocking": 0.42488082669482036, "script": 0.9734779409412292, "iframe": 0.3547205425984579, "beacon": 0.05752311482227981, "image": 0.6004415011037527, "stylesheet": 0.8056435358479701, "font": 0.47072655725117574, "xhr": 0.9289919058130979, "plugin": 0.001599641680263621, "media": 0.0004958889208817225, "referer_leaked": 0.9733179767732028, "referer_leaked_header": 0.8746520779345427, "referer_leaked_url": 0.0, "hosts": 12.564497552548229, "trackers": 10.91966599481716, "companies": 7.408004606968039}