{"id": "msn.com", "month": "2019-04", "country": "global", "site": "msn.com", "category": "News and Portals", "popularity": 0.015050373612088963, "cookies": 0.9665202276058265, "bad_qs": 0.08910668123737658, "tracked": 0.9678597175157344, "https": 0.986033236356195, "requests": 114.73651341101782, "requests_tracking": 23.710818752111205, "content_length": 10157925.041750317, "requests_failed": 35.52591214497327, "has_blocking": 0.4780423170418905, "script": 0.6509084656977051, "iframe": 0.9222927656799045, "beacon": 0.040480908180699854, "image": 0.9923452379895598, "stylesheet": 0.4652160120203685, "font": 0.4989396678233219, "xhr": 0.9380947286142984, "plugin": 0.002977059541658043, "media": 0.15069985661337518, "referer_leaked": 0.9957423189574498, "referer_leaked_header": 0.9860598673031308, "referer_leaked_url": 0.0, "hosts": 11.849317430141653, "trackers": 10.725345700059849, "companies": 8.795566835033432}