{"id": "msnbc.com", "month": "2019-04", "country": "global", "site": "msnbc.com", "category": "News and Portals", "popularity": 0.0005621546065661002, "cookies": 0.9491281615090186, "bad_qs": 0.11195056663247692, "tracked": 0.9494658894753959, "https": 0.7593000275185751, "requests": 281.99607234883547, "requests_tracking": 93.70112325819929, "content_length": 165018382.35196257, "requests_failed": 113.381107247392, "has_blocking": 0.48321366922672804, "script": 0.9957471293122858, "iframe": 0.8797438270832812, "beacon": 0.06603207164836264, "image": 0.9979110899857404, "stylesheet": 0.9986490881344908, "font": 0.52157706451855, "xhr": 0.9094513796812849, "plugin": 0.014409726565431666, "media": 0.4913566657493808, "referer_leaked": 0.9901683636454607, "referer_leaked_header": 0.973407049758587, "referer_leaked_url": 0.0, "hosts": 19.083931653866358, "trackers": 13.764628624321418, "companies": 10.856903409801616}