{"id": "mtb-news.de", "month": "2019-04", "country": "global", "site": "mtb-news.de", "category": "Reference", "popularity": 0.00031499812261203303, "cookies": 0.5522244793178115, "bad_qs": 0.14657231511038685, "tracked": 0.5616001071500324, "https": 0.9976784159653548, "requests": 52.68756836395294, "requests_tracking": 9.83018952161975, "content_length": 760362.4832912919, "requests_failed": 33.598499899546844, "has_blocking": 0.4774426858941447, "script": 0.9874321941201419, "iframe": 0.41522869835033593, "beacon": 0.16911846775453712, "image": 0.7636448869343929, "stylesheet": 0.1693640199120477, "font": 0.048954171038239166, "xhr": 0.7393352233408487, "plugin": 0.00017858338728039824, "media": 0.001227760787552738, "referer_leaked": 0.7227269683237717, "referer_leaked_header": 0.691073062928321, "referer_leaked_url": 0.0, "hosts": 15.309150166305779, "trackers": 14.532669598410608, "companies": 11.015871598544546}