{"id": "mtggoldfish.com", "month": "2019-04", "country": "global", "site": "mtggoldfish.com", "category": "Entertainment", "popularity": 0.0005786579570978422, "cookies": 0.9885652485630613, "bad_qs": 0.014509132003937152, "tracked": 0.988747524090749, "https": 0.9921864557131226, "requests": 50.37687288104699, "requests_tracking": 14.714969681503895, "content_length": 2567186.137472203, "requests_failed": 19.85180999598994, "has_blocking": 0.531989355109183, "script": 0.9955889322299588, "iframe": 0.5053649763649399, "beacon": 0.014800772848237395, "image": 0.986718189882493, "stylesheet": 0.9788317353845406, "font": 0.3975064707812329, "xhr": 0.9719781755434849, "plugin": 0.0006561918996755495, "media": 0.005601934550933859, "referer_leaked": 0.9035883975550776, "referer_leaked_header": 0.6781014181036054, "referer_leaked_url": 0.0, "hosts": 16.821321376058716, "trackers": 15.317220176685744, "companies": 9.503481462578835}