{"id": "mts.ru", "month": "2019-04", "country": "global", "site": "mts.ru", "category": "Business", "popularity": 0.00039587649407180943, "cookies": 0.4403808238156983, "bad_qs": 0.045009680456135986, "tracked": 0.4637204923710901, "https": 0.9458960194674861, "requests": 18.983143572709995, "requests_tracking": 4.386791950123448, "content_length": 262428.55992113537, "requests_failed": 7.745412884775929, "has_blocking": 0.36654292260963783, "script": 0.9728236735998863, "iframe": 0.18106893550507114, "beacon": 0.11247091422582994, "image": 0.31108900690953656, "stylesheet": 0.20439084175562622, "font": 0.11797722872519938, "xhr": 0.5001865042007851, "plugin": 0.0013854597772606973, "media": 0.0021492388852377485, "referer_leaked": 0.7715412351906783, "referer_leaked_header": 0.7143643759214195, "referer_leaked_url": 0.0, "hosts": 6.301301976944528, "trackers": 5.514751594166859, "companies": 4.103056892662392}