{"id": "mturk.com", "month": "2019-04", "country": "global", "site": "mturk.com", "category": "Business", "popularity": 0.00042585957318018073, "cookies": 0.312781731420174, "bad_qs": 0.0007925631160939848, "tracked": 0.3128147548833446, "https": 0.9851229298416525, "requests": 22.811700213001338, "requests_tracking": 6.682528936809603, "content_length": 975355.3937387514, "requests_failed": 5.892227927942804, "has_blocking": 0.027822267721215925, "script": 0.908244307580536, "iframe": 0.3703416277264997, "beacon": 0.0001320938526823308, "image": 0.5112362333437908, "stylesheet": 0.9703779535359873, "font": 0.3041130723378961, "xhr": 0.8995426250350874, "plugin": 0.00033023463170582697, "media": 0.03254462295460925, "referer_leaked": 0.9663656027607616, "referer_leaked_header": 0.965655598302594, "referer_leaked_url": 0.0, "hosts": 4.670343278899658, "trackers": 4.443108828822878, "companies": 2.3611941284282483}