{"id": "mtvuutiset.fi", "month": "2019-04", "country": "global", "site": "mtvuutiset.fi", "category": "News and Portals", "popularity": 0.0002552640098011479, "cookies": 0.9517106495509889, "bad_qs": 0.17470111839568067, "tracked": 0.9520136631590546, "https": 0.9949589554294529, "requests": 478.58963693460413, "requests_tracking": 55.736901548124074, "content_length": 23610097.840917856, "requests_failed": 118.81598809982921, "has_blocking": 0.4776596330780673, "script": 0.980028648559308, "iframe": 0.9306925238278883, "beacon": 0.06768222136521404, "image": 0.9939948212219712, "stylesheet": 0.999338879400584, "font": 0.7935926395239932, "xhr": 0.9488733403118286, "plugin": 0.20098066222246708, "media": 0.6743705580959727, "referer_leaked": 0.9965015701614236, "referer_leaked_header": 0.976475125337447, "referer_leaked_url": 0.0, "hosts": 28.84372761831304, "trackers": 17.645363891796595, "companies": 15.074155693901162}