{"id": "mueller.de", "month": "2019-04", "country": "global", "site": "mueller.de", "category": "E-Commerce", "popularity": 6.552118459939111e-05, "cookies": 0.37014380768405236, "bad_qs": 0.0060098733633827004, "tracked": 0.371646276024898, "https": 0.9988194891607641, "requests": 17.745868212062675, "requests_tracking": 2.4651212706589396, "content_length": 161403.2647563855, "requests_failed": 6.3170208199184374, "has_blocking": 0.4293839879802533, "script": 0.993024254131788, "iframe": 0.27409315303713244, "beacon": 0.26808327967374973, "image": 0.5030049366816913, "stylesheet": 0.9037347070186735, "font": 0.40877870787722687, "xhr": 0.10184588967589611, "plugin": 0.0007512341704228376, "media": 0.0, "referer_leaked": 0.7863275380983044, "referer_leaked_header": 0.77269800386349, "referer_leaked_url": 0.0, "hosts": 5.3881734277742, "trackers": 5.263361236316806, "companies": 3.1783644558918223}