{"id": "muenchnersingles.de", "month": "2019-04", "country": "global", "site": "muenchnersingles.de", "category": "Entertainment", "popularity": 4.934129130005661e-05, "cookies": 0.25181701581872595, "bad_qs": 0.05116146501353855, "tracked": 0.2523870599971498, "https": 0.8894114293857774, "requests": 54.48296993016959, "requests_tracking": 3.7862334330910645, "content_length": 335322.3149494086, "requests_failed": 18.761579022374235, "has_blocking": 0.5043465868604817, "script": 0.9888841385207353, "iframe": 0.16602536696593986, "beacon": 0.0015676214906655266, "image": 0.9095054866752174, "stylesheet": 0.01824141370956249, "font": 0.0021376656690893546, "xhr": 0.1606099472709135, "plugin": 0.0, "media": 0.0, "referer_leaked": 0.9317372096337466, "referer_leaked_header": 0.930597121276899, "referer_leaked_url": 0.0, "hosts": 6.87487530283597, "trackers": 6.4352287302265925, "companies": 4.8871312526720825}