{"id": "multiup.org", "month": "2019-04", "country": "global", "site": "multiup.org", "category": "Business", "popularity": 0.00020602819368557198, "cookies": 0.3001706484641638, "bad_qs": 0.01068259385665529, "tracked": 0.3022184300341297, "https": 0.9838907849829351, "requests": 16.051569965870307, "requests_tracking": 2.4450170648464162, "content_length": 80270.88924914676, "requests_failed": 10.907576791808873, "has_blocking": 0.45293515358361774, "script": 0.9904778156996586, "iframe": 0.08122866894197953, "beacon": 0.006757679180887372, "image": 0.1015358361774744, "stylesheet": 0.1237542662116041, "font": 0.3728668941979522, "xhr": 0.4310580204778157, "plugin": 0.0018771331058020477, "media": 0.00013651877133105802, "referer_leaked": 0.3584300341296928, "referer_leaked_header": 0.3582252559726962, "referer_leaked_url": 0.0, "hosts": 7.865563139931741, "trackers": 4.605938566552901, "companies": 3.831296928327645}