{"id": "mundodeportivo.com", "month": "2019-04", "country": "global", "site": "mundodeportivo.com", "category": "Entertainment", "popularity": 0.0006786835903803425, "cookies": 0.9451190451521996, "bad_qs": 0.2505335792287449, "tracked": 0.9503926728693094, "https": 0.9941876126732837, "requests": 105.55020825131064, "requests_tracking": 31.871381503968173, "content_length": 1244282.5334030958, "requests_failed": 45.06911664145548, "has_blocking": 0.5098738059222114, "script": 0.9954101825566216, "iframe": 0.949864274021426, "beacon": 0.008962058890569634, "image": 0.9963322903499865, "stylesheet": 0.5381379639031062, "font": 0.09937006568722932, "xhr": 0.8953563065956609, "plugin": 0.0010567976957665927, "media": 0.007325058538303736, "referer_leaked": 0.9949439482790775, "referer_leaked_header": 0.985681427298535, "referer_leaked_url": 0.0, "hosts": 31.079259827182494, "trackers": 25.378468264986843, "companies": 23.425392154831222}