{"id": "mvnrepository.com", "month": "2019-04", "country": "global", "site": "mvnrepository.com", "category": "Business", "popularity": 0.00024385159484033962, "cookies": 0.12070705614348741, "bad_qs": 0.007785691628939704, "tracked": 0.12145678941145939, "https": 0.9925603391101243, "requests": 11.079933100723782, "requests_tracking": 0.5070792122033507, "content_length": 23247.50817497621, "requests_failed": 4.702557743879582, "has_blocking": 0.5556676951469189, "script": 0.9787479454424868, "iframe": 0.021079039187981197, "beacon": 0.0007497332679719715, "image": 0.7720234147466767, "stylesheet": 0.03549698664898065, "font": 0.010698117016061593, "xhr": 0.004786758557051818, "plugin": 0.00020185126445399233, "media": 0.00017301536953199343, "referer_leaked": 0.7782519680498284, "referer_leaked_header": 0.7776175783615444, "referer_leaked_url": 0.0, "hosts": 2.822255543700799, "trackers": 2.8042619452694715, "companies": 1.711179676461259}