{"id": "mx-sh.net", "month": "2019-04", "country": "global", "site": "mx-sh.net", "category": "Business", "popularity": 0.0004945379816350265, "cookies": 0.603469358737381, "bad_qs": 0.05622067396559079, "tracked": 0.6087160528935021, "https": 0.9977818853974122, "requests": 25.555068960614246, "requests_tracking": 7.3258637850135075, "content_length": 366187.68315086025, "requests_failed": 8.482255083179298, "has_blocking": 0.38100383904450447, "script": 0.9865917816010238, "iframe": 0.5782027584245699, "beacon": 0.015768519835063274, "image": 0.7782454144746197, "stylesheet": 0.5112611972131381, "font": 0.4322906298876724, "xhr": 0.22776908858239728, "plugin": 0.000696715484146168, "media": 0.0008246836342954642, "referer_leaked": 0.7655481302431395, "referer_leaked_header": 0.76364282667425, "referer_leaked_url": 0.0, "hosts": 5.265292193942841, "trackers": 4.8814161808616525, "companies": 2.106896061424712}