{"id": "mxtoolbox.com", "month": "2019-04", "country": "global", "site": "mxtoolbox.com", "category": "Business", "popularity": 0.00028308133178818283, "cookies": 0.39890208157384865, "bad_qs": 0.005713150181330419, "tracked": 0.40071538576183613, "https": 0.9957275572557007, "requests": 16.64531273287297, "requests_tracking": 1.6722887376422078, "content_length": 136299.3861592727, "requests_failed": 6.151771076556212, "has_blocking": 0.5323165581996125, "script": 0.9950320433205823, "iframe": 0.42399026280490837, "beacon": 9.935913358835511e-05, "image": 0.6442446221868945, "stylesheet": 0.07143921705002733, "font": 0.019325351482935068, "xhr": 0.051343832281782506, "plugin": 0.0005961548015301307, "media": 4.9679566794177554e-05, "referer_leaked": 0.8865070296587014, "referer_leaked_header": 0.8514829350688062, "referer_leaked_url": 0.0, "hosts": 8.469049629887227, "trackers": 8.3797009290079, "companies": 6.547568185205425}