{"id": "myanimelist.net", "month": "2019-04", "country": "global", "site": "myanimelist.net", "category": "Entertainment", "popularity": 0.0031771164752477238, "cookies": 0.9357500293252535, "bad_qs": 0.009103001356707958, "tracked": 0.9363874386106248, "https": 0.976364952227502, "requests": 19.967536390979774, "requests_tracking": 5.66028519639067, "content_length": 640903.7327019735, "requests_failed": 9.566853831870022, "has_blocking": 0.5352865796573483, "script": 0.9977159500607531, "iframe": 0.45362294142252935, "beacon": 0.003441567495667609, "image": 0.5199666245415854, "stylesheet": 0.21875311235002623, "font": 0.043469985326307074, "xhr": 0.07573219071816993, "plugin": 0.00418521166193405, "media": 0.00036960885644790397, "referer_leaked": 0.9887191835849404, "referer_leaked_header": 0.9836663870623621, "referer_leaked_url": 0.0, "hosts": 8.177204207786573, "trackers": 7.623744823816089, "companies": 4.004010366753794}