{"id": "mybrowseraddon.com", "month": "2019-04", "country": "global", "site": "mybrowseraddon.com", "category": "Reference", "popularity": 0.0001409710998978958, "cookies": 0.9022845171588189, "bad_qs": 0.013866719872306464, "tracked": 0.9072725458898643, "https": 0.9987031125299282, "requests": 29.40577613727055, "requests_tracking": 8.6063946528332, "content_length": 291181.4271249002, "requests_failed": 11.705955706304868, "has_blocking": 0.47540901835594573, "script": 0.9644852354349561, "iframe": 0.4877294493216281, "beacon": 0.01685953711093376, "image": 0.8542498004788508, "stylesheet": 0.9375498802873105, "font": 0.8653731045490822, "xhr": 0.258330007980846, "plugin": 0.007881085395051876, "media": 0.00029928172386272945, "referer_leaked": 0.934656823623304, "referer_leaked_header": 0.9171488427773344, "referer_leaked_url": 0.0, "hosts": 6.942787310454908, "trackers": 6.413956504389465, "companies": 3.110434956105347}