{"id": "mydays.de", "month": "2019-04", "country": "global", "site": "mydays.de", "category": "Entertainment", "popularity": 3.880783620992054e-05, "cookies": 0.7967023011415112, "bad_qs": 0.2241348070302591, "tracked": 0.7997825693060338, "https": 0.9960137706106179, "requests": 74.76789273419098, "requests_tracking": 19.00543576734916, "content_length": 578162.3468019569, "requests_failed": 22.154919369450987, "has_blocking": 0.38702663526001085, "script": 0.9967385395905055, "iframe": 0.7390831672404421, "beacon": 0.3337561152382678, "image": 0.972096394274325, "stylesheet": 0.9900344265265446, "font": 0.446638883855771, "xhr": 0.7704294256205835, "plugin": 0.0001811922449719152, "media": 0.0, "referer_leaked": 0.997825693060337, "referer_leaked_header": 0.993658271425983, "referer_leaked_url": 0.0, "hosts": 21.38231563689074, "trackers": 18.472730567131727, "companies": 12.36147852871897}