{"id": "mydealz.de", "month": "2019-04", "country": "global", "site": "mydealz.de", "category": "Reference", "popularity": 0.001656958894759575, "cookies": 0.8795588222812571, "bad_qs": 0.025390210573666833, "tracked": 0.8799662199438131, "https": 0.9971736787160184, "requests": 48.30004413474678, "requests_tracking": 3.307958683087056, "content_length": 192170.97844611743, "requests_failed": 19.214834367387816, "has_blocking": 0.34357627248113665, "script": 0.9951579090314969, "iframe": 0.06678775430525967, "beacon": 0.10155659856901571, "image": 0.4776737593468057, "stylesheet": 0.05700172295261456, "font": 0.011708439072830819, "xhr": 0.9421368007401058, "plugin": 0.0028093463813751367, "media": 3.394980521299259e-05, "referer_leaked": 0.9226580999991513, "referer_leaked_header": 0.8964615815516759, "referer_leaked_url": 0.0, "hosts": 4.297166888754976, "trackers": 3.9933458381782536, "companies": 3.8581534700944653}