{"id": "mydirtyhobby.com", "month": "2019-04", "country": "global", "site": "mydirtyhobby.com", "category": "Adult", "popularity": 0.000301209000160927, "cookies": 0.4425249789896349, "bad_qs": 0.009384629750677, "tracked": 0.44497618825287144, "https": 0.990241852647306, "requests": 101.46993183303763, "requests_tracking": 1.2107339620879634, "content_length": 4367869.6929218415, "requests_failed": 27.47284993930339, "has_blocking": 0.20545802595947335, "script": 0.9702119712391446, "iframe": 0.01972639835652255, "beacon": 0.0132131851713512, "image": 0.9933467177140722, "stylesheet": 0.9848258474180596, "font": 0.490615370249323, "xhr": 0.23349519096087404, "plugin": 0.0006303109534036792, "media": 0.2716640209169857, "referer_leaked": 0.9767485292744421, "referer_leaked_header": 0.962484825847418, "referer_leaked_url": 0.0, "hosts": 5.585675599962649, "trackers": 5.560603230927257, "companies": 3.188813147819591}