{"id": "mydrivers.com", "month": "2019-04", "country": "global", "site": "mydrivers.com", "category": "Reference", "popularity": 0.00020162636265324543, "cookies": 0.45783636744088724, "bad_qs": 0.04624398409709144, "tracked": 0.4587431122271047, "https": 0.6729441305712492, "requests": 31.05430006277464, "requests_tracking": 7.635488595940573, "content_length": 298650.8661853944, "requests_failed": 18.6986119829811, "has_blocking": 0.4852130850247611, "script": 0.9829113482597475, "iframe": 0.3524098486433703, "beacon": 0.0002092487968194183, "image": 0.3493408662900188, "stylesheet": 0.24907581781404756, "font": 0.026121224802957383, "xhr": 0.015589035363046663, "plugin": 0.0068703354955709, "media": 3.487479946990305e-05, "referer_leaked": 0.6005789216712004, "referer_leaked_header": 0.5975099393178489, "referer_leaked_url": 0.0, "hosts": 7.641870684243566, "trackers": 5.106333263583735, "companies": 4.105391643998047}