{"id": "myegy.cc", "month": "2019-04", "country": "global", "site": "myegy.cc", "category": "Entertainment", "popularity": 0.00010122805038558001, "cookies": 0.7830647402056127, "bad_qs": 0.011600444567935537, "tracked": 0.7836899138649625, "https": 0.9935398721867186, "requests": 18.677966101694917, "requests_tracking": 4.14344262295082, "content_length": 37466635.730411224, "requests_failed": 8.707904973603778, "has_blocking": 0.4607529869408169, "script": 0.9985412614615171, "iframe": 0.520908585718255, "beacon": 0.1016949152542373, "image": 0.32599333148096693, "stylesheet": 0.9017088080022229, "font": 0.6007918866351765, "xhr": 0.979091414281745, "plugin": 0.0022228396776882466, "media": 0.027716032231175327, "referer_leaked": 0.8746179494303973, "referer_leaked_header": 0.8626007224228952, "referer_leaked_url": 0.0, "hosts": 8.642609058071686, "trackers": 5.772436787996666, "companies": 4.179633231453181}