{"id": "myfitnesspal.com", "month": "2019-04", "country": "global", "site": "myfitnesspal.com", "category": "Business", "popularity": 0.0013017255051076498, "cookies": 0.7345278544535255, "bad_qs": 0.012299930316600314, "tracked": 0.7345926762206749, "https": 0.9883428855409646, "requests": 42.832803055265956, "requests_tracking": 7.245598872101252, "content_length": 293951.59484774986, "requests_failed": 15.218670829664601, "has_blocking": 0.4900201487659556, "script": 0.9990114680509715, "iframe": 0.19916487956655846, "beacon": 0.04547787146923937, "image": 0.9886886016324282, "stylesheet": 0.8619296359717593, "font": 0.14877135742182224, "xhr": 0.24034290714822037, "plugin": 0.000923710181879075, "media": 0.00034571609146351345, "referer_leaked": 0.9886291816792079, "referer_leaked_header": 0.9831949568665158, "referer_leaked_url": 0.0, "hosts": 14.79165743856787, "trackers": 12.6652874035101, "companies": 9.3050296289494}