{"id": "myfonts.com", "month": "2019-04", "country": "global", "site": "myfonts.com", "category": "Business", "popularity": 0.0002103386128913486, "cookies": 0.6286898672817839, "bad_qs": 0.05977334269381206, "tracked": 0.6301273693711764, "https": 0.9723531574900545, "requests": 34.02119479824825, "requests_tracking": 8.702671079463778, "content_length": 119011.99391568883, "requests_failed": 12.939691772807809, "has_blocking": 0.37809647979139505, "script": 0.9932136529268211, "iframe": 0.5557784240965467, "beacon": 0.036973890950422895, "image": 0.6634239293952462, "stylesheet": 0.5332798448834954, "font": 0.01962357503426604, "xhr": 0.5671781499682412, "plugin": 0.0006017450606759602, "media": 6.686056229732892e-05, "referer_leaked": 0.7193862200381105, "referer_leaked_header": 0.7057132350483067, "referer_leaked_url": 0.0, "hosts": 10.26279544010965, "trackers": 8.85080065523351, "companies": 7.779427004981112}