{"id": "mygully.com", "month": "2019-04", "country": "global", "site": "mygully.com", "category": "Reference", "popularity": 0.0014859976840743427, "cookies": 0.3080741403214892, "bad_qs": 0.003397546006463855, "tracked": 0.3107571606357859, "https": 0.05048526231610427, "requests": 23.90164624826692, "requests_tracking": 10.474374080225619, "content_length": 460266.8039928264, "requests_failed": 8.567778203654019, "has_blocking": 0.29120944120305303, "script": 0.9896228156097838, "iframe": 0.019713337970652396, "beacon": 9.463916452545556e-06, "image": 0.6445116382512576, "stylesheet": 0.03738246998755495, "font": 0.003468525379857947, "xhr": 0.005403896294403513, "plugin": 0.002347051280231298, "media": 1.4195874678818336e-05, "referer_leaked": 0.9420808313104212, "referer_leaked_header": 0.9378315328232283, "referer_leaked_url": 0.0, "hosts": 3.1933430811672796, "trackers": 2.6119321058633695, "companies": 1.6913485607749055}