{"id": "myhermes.de", "month": "2019-04", "country": "global", "site": "myhermes.de", "category": "Business", "popularity": 0.00028666045638156014, "cookies": 0.47845070768023157, "bad_qs": 0.02840532783869306, "tracked": 0.4788922412735791, "https": 0.9978904506095616, "requests": 9.086442465719822, "requests_tracking": 2.075673951970957, "content_length": 134432.2885667329, "requests_failed": 2.205975421296637, "has_blocking": 0.25402899403929646, "script": 0.9896484902004072, "iframe": 0.4893909289376211, "beacon": 0.0007849486103956632, "image": 0.36914661368263546, "stylesheet": 0.1093040939975961, "font": 0.03098094046655383, "xhr": 0.22312164250496724, "plugin": 0.0011774229155934947, "media": 0.001447249000417004, "referer_leaked": 0.5274854661858857, "referer_leaked_header": 0.36531998920695663, "referer_leaked_url": 0.0, "hosts": 3.441656241567935, "trackers": 2.5776485883189837, "companies": 2.380798194618196}