{"id": "mylife.com", "month": "2019-04", "country": "global", "site": "mylife.com", "category": "Business", "popularity": 0.0003093727794397307, "cookies": 0.7393004068459214, "bad_qs": 0.03384321658294884, "tracked": 0.7395731527149578, "https": 0.8232834056867514, "requests": 31.469622928836056, "requests_tracking": 4.357751664886242, "content_length": 387976.92706320883, "requests_failed": 12.6609768847876, "has_blocking": 0.4613496374752824, "script": 0.9928404209377912, "iframe": 0.4504625315362411, "beacon": 0.061276905243539334, "image": 0.946860013182717, "stylesheet": 0.3508875605154897, "font": 0.7399595426960929, "xhr": 0.014910107507330045, "plugin": 0.0030456622042411984, "media": 0.02611541696024729, "referer_leaked": 0.9889765211264404, "referer_leaked_header": 0.9882719276314295, "referer_leaked_url": 0.0, "hosts": 9.557151623974361, "trackers": 8.824692592676774, "companies": 7.023478873559561}