{"id": "myminifactory.com", "month": "2019-04", "country": "global", "site": "myminifactory.com", "category": "Business", "popularity": 0.0002904856897387257, "cookies": 0.7144102055142698, "bad_qs": 0.028854300307424172, "tracked": 0.7202197961801942, "https": 0.9928832514342427, "requests": 15.363752995570188, "requests_tracking": 2.846989905836218, "content_length": 186376.9245237346, "requests_failed": 5.7995207087700615, "has_blocking": 0.5311902398876812, "script": 0.9929800779453415, "iframe": 0.0865871075500472, "beacon": 0.0007019922054658566, "image": 0.3276609135581322, "stylesheet": 0.9904141754012249, "font": 0.5954830432572439, "xhr": 0.07445958703493016, "plugin": 2.420662777468471e-05, "media": 0.000750405461015226, "referer_leaked": 0.9912372007455641, "referer_leaked_header": 0.9892038440124906, "referer_leaked_url": 0.0, "hosts": 6.600445401951054, "trackers": 6.505240734913219, "companies": 2.172278569872431}