{"id": "myprotein.com", "month": "2019-04", "country": "global", "site": "myprotein.com", "category": "E-Commerce", "popularity": 0.0002169202644029423, "cookies": 0.9270640863561218, "bad_qs": 0.05455606340562093, "tracked": 0.9273882459723167, "https": 0.9910531945930176, "requests": 181.10146195986903, "requests_tracking": 12.00975720444747, "content_length": 1061979.9033680183, "requests_failed": 34.85740218483581, "has_blocking": 0.4208888456676067, "script": 0.9972446432623424, "iframe": 0.7528282926513015, "beacon": 0.07575610230477488, "image": 0.9700476514635806, "stylesheet": 0.9574702583552142, "font": 0.35855295147330546, "xhr": 0.6417712081428896, "plugin": 0.0006159032707705274, "media": 0.00048623942429252165, "referer_leaked": 0.9964342442218549, "referer_leaked_header": 0.9929009044053292, "referer_leaked_url": 0.0, "hosts": 15.152517099419754, "trackers": 11.745858860903109, "companies": 9.031281402962819}