{"id": "myshopify.com", "month": "2019-04", "country": "global", "site": "myshopify.com", "category": "E-Commerce", "popularity": 0.0011551501570743479, "cookies": 0.8909957511048345, "bad_qs": 0.48937167484386224, "tracked": 0.9004918491824834, "https": 0.9918065717868492, "requests": 168.32748146434702, "requests_tracking": 76.92797574842645, "content_length": 3718648.0195948333, "requests_failed": 29.149064390849656, "has_blocking": 0.20704537430453257, "script": 0.995921547620497, "iframe": 0.3497546841329941, "beacon": 0.0028853528774394625, "image": 0.997406834755719, "stylesheet": 0.9959763328017142, "font": 0.2666820876806389, "xhr": 0.8168774881603136, "plugin": 0.0003226238449457627, "media": 0.012192746442006842, "referer_leaked": 0.9804051668513131, "referer_leaked_header": 0.3713096093207855, "referer_leaked_url": 0.0, "hosts": 7.136098564628252, "trackers": 6.254270200513763, "companies": 3.9324742205286163}