{"id": "mysku.ru", "month": "2019-04", "country": "global", "site": "mysku.ru", "category": "E-Commerce", "popularity": 0.00041851146866136085, "cookies": 0.6282301152592493, "bad_qs": 0.017188077556369502, "tracked": 0.634379515440707, "https": 0.9964716556335899, "requests": 73.9869115225646, "requests_tracking": 3.674333814980342, "content_length": 2554844.6264323397, "requests_failed": 21.400248664269633, "has_blocking": 0.15262609630699955, "script": 0.9942874424543835, "iframe": 0.16258946873214825, "beacon": 0.13612688598407205, "image": 0.9839544339527538, "stylesheet": 0.9982358278167949, "font": 0.5930978863537081, "xhr": 0.6322625088208609, "plugin": 0.00010080983904029033, "media": 5.040491952014517e-05, "referer_leaked": 0.9599616922611647, "referer_leaked_header": 0.9255855371484257, "referer_leaked_url": 0.0, "hosts": 5.035938707617864, "trackers": 4.803538425350315, "companies": 3.4845256897073154}