{"id": "mysql.com", "month": "2019-04", "country": "global", "site": "mysql.com", "category": "Business", "popularity": 0.00037331183627191183, "cookies": 0.21137690713882087, "bad_qs": 0.0015822188736108495, "tracked": 0.2114522508947071, "https": 0.9875871162177434, "requests": 5.97280090412507, "requests_tracking": 0.6506498398945187, "content_length": 20729.969335091355, "requests_failed": 1.6635712940290073, "has_blocking": 0.17413825579205122, "script": 0.9853268035411565, "iframe": 0.08346204558297231, "beacon": 0.0003013750235449237, "image": 0.5629873799208891, "stylesheet": 0.1363533622151064, "font": 0.012827274439630816, "xhr": 0.07097381804482954, "plugin": 0.0005274062912036165, "media": 0.00011301563382934639, "referer_leaked": 0.9051987191561499, "referer_leaked_header": 0.9029572424185346, "referer_leaked_url": 0.0, "hosts": 2.6867018270860803, "trackers": 2.5809003578828404, "companies": 1.6073083443209644}