{"id": "mysynchrony.com", "month": "2019-04", "country": "global", "site": "mysynchrony.com", "category": "Business", "popularity": 0.0002754449284317824, "cookies": 0.5339783518839988, "bad_qs": 0.05279281119166752, "tracked": 0.5473297253139998, "https": 0.9950730113346268, "requests": 38.42236801797202, "requests_tracking": 6.666700704584907, "content_length": 481575.3171397937, "requests_failed": 11.001582763198202, "has_blocking": 0.44700296129888695, "script": 0.9987746349433269, "iframe": 0.16225875625446748, "beacon": 0.019197385887879097, "image": 0.7286326968242622, "stylesheet": 0.7929898907382824, "font": 0.02560502399673236, "xhr": 0.8143061370366589, "plugin": 0.006101296844684979, "media": 0.00015317063208414173, "referer_leaked": 0.9811600122536506, "referer_leaked_header": 0.9779179005412029, "referer_leaked_url": 0.0, "hosts": 6.0782446645563155, "trackers": 5.244792198509139, "companies": 4.281655263964056}