{"id": "mytischtennis.de", "month": "2019-04", "country": "global", "site": "mytischtennis.de", "category": "Entertainment", "popularity": 0.00015033026460081376, "cookies": 0.5121380794237336, "bad_qs": 0.1445343561438795, "tracked": 0.5151784461387343, "https": 0.9968193086673839, "requests": 28.92095046540998, "requests_tracking": 10.848730062210581, "content_length": 563979.7213153094, "requests_failed": 11.080686655128865, "has_blocking": 0.4551195097993358, "script": 0.9979886804808457, "iframe": 0.15842649328780578, "beacon": 0.11057579868094859, "image": 0.5649936853922073, "stylesheet": 0.0968707610271762, "font": 0.032040787688853545, "xhr": 0.1516441367697273, "plugin": 0.0028532672248468122, "media": 0.039945741147855374, "referer_leaked": 0.6670096823986155, "referer_leaked_header": 0.6572337340380747, "referer_leaked_url": 0.0, "hosts": 8.015856681790542, "trackers": 7.673979138406848, "companies": 3.996304785069461}