{"id": "myway.com", "month": "2019-04", "country": "global", "site": "myway.com", "category": "Reference", "popularity": 0.0006210589812590708, "cookies": 0.37772720582407754, "bad_qs": 0.020119334714626996, "tracked": 0.37917643195996514, "https": 0.8143971558937083, "requests": 14.36220463525922, "requests_tracking": 3.425551668308368, "content_length": 476429.2833010654, "requests_failed": 3.561597771814816, "has_blocking": 0.38530167679992755, "script": 0.9442614041642607, "iframe": 0.3597590661549087, "beacon": 0.0012567507897150232, "image": 0.3098739852586529, "stylesheet": 0.13449497865788074, "font": 0.02627854579214927, "xhr": 0.07864316203027524, "plugin": 0.005027003158860093, "media": 0.0014265819775143508, "referer_leaked": 0.8900739331770886, "referer_leaked_header": 0.8896550162471837, "referer_leaked_url": 0.0, "hosts": 3.026312512029709, "trackers": 2.6470115371986913, "companies": 2.499088572625477}