{"id": "myworkday.com", "month": "2019-04", "country": "global", "site": "myworkday.com", "category": "Business", "popularity": 0.0008089313798560371, "cookies": 0.794751436444398, "bad_qs": 0.0009648733929642475, "tracked": 0.7950643683556298, "https": 0.9985483436340088, "requests": 28.9164037169357, "requests_tracking": 1.5440842829947583, "content_length": 2768294.739684113, "requests_failed": 8.631679140480351, "has_blocking": 0.024643388009492267, "script": 0.8286437009414035, "iframe": 0.012595509427073825, "beacon": 8.692553089767996e-06, "image": 0.7647968984970576, "stylesheet": 0.8100416373293, "font": 0.6979511652367417, "xhr": 0.7994454151128728, "plugin": 0.00013908084943628794, "media": 0.0027207691170973826, "referer_leaked": 0.974556897106249, "referer_leaked_header": 0.9744178162568128, "referer_leaked_url": 0.0, "hosts": 1.1672968767656748, "trackers": 1.1160108135360436, "companies": 1.105318973235629}