{"id": "myworkdayjobs.com", "month": "2019-04", "country": "global", "site": "myworkdayjobs.com", "category": "Reference", "popularity": 0.00026927111430018067, "cookies": 0.9780122212357028, "bad_qs": 0.0031336501801848852, "tracked": 0.9780905624902073, "https": 0.9896328406538883, "requests": 38.30158771609129, "requests_tracking": 5.159450566668408, "content_length": 2652807.2950331643, "requests_failed": 10.089648508904789, "has_blocking": 0.06828746017652897, "script": 0.9975714211103567, "iframe": 0.22100067895753903, "beacon": 2.611375150154071e-05, "image": 0.9119705436883062, "stylesheet": 0.9796835013318014, "font": 0.8150885256175903, "xhr": 0.15723089779077662, "plugin": 0.0009662088055570063, "media": 0.008304172977489947, "referer_leaked": 0.9949861597117042, "referer_leaked_header": 0.9944899984331749, "referer_leaked_url": 0.0, "hosts": 3.0752337180759386, "trackers": 1.60813704496788, "companies": 1.5703504465451508}