{"id": "mz-web.de", "month": "2019-04", "country": "global", "site": "mz-web.de", "category": "News and Portals", "popularity": 0.00013355267858942215, "cookies": 0.9019112304533249, "bad_qs": 0.2645711577949771, "tracked": 0.9023850892434054, "https": 0.9958405728426263, "requests": 194.52177117885537, "requests_tracking": 69.02406149634076, "content_length": 2304438.29058074, "requests_failed": 63.822987416416574, "has_blocking": 0.4092560416995735, "script": 0.9862054441109882, "iframe": 0.855946927815511, "beacon": 0.30642868425209285, "image": 0.9842573579739904, "stylesheet": 0.9444005686305481, "font": 0.2731532669931027, "xhr": 0.8682146053809299, "plugin": 0.01363660295898489, "media": 0.07665982203969883, "referer_leaked": 0.9837308482072342, "referer_leaked_header": 0.9788343073764019, "referer_leaked_url": 0.0, "hosts": 35.357078923814036, "trackers": 30.276733533407043, "companies": 23.860159005949562}