{"id": "n-tv.de", "month": "2019-04", "country": "global", "site": "n-tv.de", "category": "News and Portals", "popularity": 0.0023609424660573472, "cookies": 0.37936549538655817, "bad_qs": 0.07657598627582962, "tracked": 0.379722895656991, "https": 0.996795310908452, "requests": 62.966401396243725, "requests_tracking": 14.87337606252122, "content_length": 2782848.415805431, "requests_failed": 15.306026959893734, "has_blocking": 0.4596792928239982, "script": 0.9943917940897908, "iframe": 0.2845233769560219, "beacon": 0.08397417187379005, "image": 0.7330845430339709, "stylesheet": 0.4902936043221606, "font": 0.07184043269259408, "xhr": 0.9740170003395302, "plugin": 0.003779507859827614, "media": 0.01488869959911603, "referer_leaked": 0.9789908207697211, "referer_leaked_header": 0.9762239470094533, "referer_leaked_url": 0.0, "hosts": 11.017360718136278, "trackers": 9.31273714997111, "companies": 8.524145366603328}