{"id": "nametests.com", "month": "2019-04", "country": "global", "site": "nametests.com", "category": "Entertainment", "popularity": 1.9695732782023453e-05, "cookies": 0.9532309889325241, "bad_qs": 0.03248839700107105, "tracked": 0.9535880042841842, "https": 0.9975008925383791, "requests": 54.01963584434131, "requests_tracking": 14.05533737950732, "content_length": 604672.8586219207, "requests_failed": 16.41306676187076, "has_blocking": 0.4687611567297394, "script": 0.9992859692966798, "iframe": 0.8903962870403427, "beacon": 0.0567654409139593, "image": 0.8375580149946448, "stylesheet": 0.9628704034273474, "font": 0.021063905747947163, "xhr": 0.9878614780435558, "plugin": 0.0003570153516601214, "media": 0.0010710460549803642, "referer_leaked": 0.9975008925383791, "referer_leaked_header": 0.9328811138878972, "referer_leaked_url": 0.0, "hosts": 13.984648339878614, "trackers": 11.330596215637273, "companies": 8.473402356301321}