{"id": "natemat.pl", "month": "2019-04", "country": "global", "site": "natemat.pl", "category": "News and Portals", "popularity": 0.00020314520530976705, "cookies": 0.9308065074420214, "bad_qs": 0.07133956386292835, "tracked": 0.9321564555209415, "https": 0.9624437521633783, "requests": 83.63471789546556, "requests_tracking": 28.978677743163725, "content_length": 1350691.3336448597, "requests_failed": 29.3374177916234, "has_blocking": 0.5219453097957771, "script": 0.9966770508826583, "iframe": 0.9179993077189339, "beacon": 0.08023537556247837, "image": 0.9013845621322257, "stylesheet": 0.9840083073727933, "font": 0.2637244721356871, "xhr": 0.5072689511941848, "plugin": 0.0013499480789200416, "media": 0.25721703011422636, "referer_leaked": 0.9962962962962963, "referer_leaked_header": 0.9924541363793701, "referer_leaked_url": 0.0, "hosts": 20.277916233991, "trackers": 15.846105919003115, "companies": 10.461855313257182}