{"id": "nationstates.net", "month": "2019-04", "country": "global", "site": "nationstates.net", "category": "Entertainment", "popularity": 0.0004142221444924803, "cookies": 0.11947443471175392, "bad_qs": 0.002342635974740273, "tracked": 0.11976302030284511, "https": 0.9825320839274801, "requests": 4.62161336321043, "requests_tracking": 0.5658654172608135, "content_length": 55869.87674000136, "requests_failed": 2.462178311944048, "has_blocking": 0.5077408840904462, "script": 0.9982515108304475, "iframe": 0.009540300129014734, "beacon": 0.003089563386976302, "image": 0.46365519114551507, "stylesheet": 0.3335709920554084, "font": 0.07238405649487337, "xhr": 0.013173083452162695, "plugin": 1.6975623005364297e-05, "media": 3.3951246010728594e-05, "referer_leaked": 0.6346336660555443, "referer_leaked_header": 0.615519114551504, "referer_leaked_url": 0.0, "hosts": 2.5365824675765603, "trackers": 2.4369016092890607, "companies": 1.9330651184898486}