{"id": "national-lottery.co.uk", "month": "2019-04", "country": "global", "site": "national-lottery.co.uk", "category": "Entertainment", "popularity": 0.0004549285340230529, "cookies": 0.7841476420854135, "bad_qs": 0.002689460098613537, "tracked": 0.784163098752647, "https": 0.9990571432987619, "requests": 51.55693463375427, "requests_tracking": 4.447516886408953, "content_length": 304758.0774069895, "requests_failed": 15.43490424594649, "has_blocking": 0.4691871338701949, "script": 0.9978051532528556, "iframe": 0.9344482742631034, "beacon": 0.051903488569794584, "image": 0.9581897151336229, "stylesheet": 0.950074964836082, "font": 0.15685425908465617, "xhr": 0.9326398441967942, "plugin": 0.0006182666893364453, "media": 6.182666893364453e-05, "referer_leaked": 0.9722861956504938, "referer_leaked_header": 0.9712505989458553, "referer_leaked_url": 0.0, "hosts": 7.90262299642951, "trackers": 5.664713974372845, "companies": 5.158739972487132}