{"id": "nationalreview.com", "month": "2019-04", "country": "global", "site": "nationalreview.com", "category": "News and Portals", "popularity": 0.00027884826105102536, "cookies": 0.733079483558604, "bad_qs": 0.25110954206173086, "tracked": 0.7436957837401654, "https": 0.9763465805931006, "requests": 178.7277587250353, "requests_tracking": 40.95947649788178, "content_length": 5747615.802501513, "requests_failed": 70.12515130119023, "has_blocking": 0.49384708493040147, "script": 0.9784900141214444, "iframe": 0.8639297962477305, "beacon": 0.27549425055477106, "image": 0.9960913859189026, "stylesheet": 0.9975539640911841, "font": 0.702894896106516, "xhr": 0.9106566471656243, "plugin": 0.005320758523300383, "media": 0.0190891668347791, "referer_leaked": 0.9987895904781118, "referer_leaked_header": 0.9836594714545088, "referer_leaked_url": 0.0, "hosts": 35.331677425862416, "trackers": 28.83581299172887, "companies": 23.984743796651202}