{"id": "nature.com", "month": "2019-04", "country": "global", "site": "nature.com", "category": "Reference", "popularity": 0.0005893250140883204, "cookies": 0.6486815415821501, "bad_qs": 0.0726643598615917, "tracked": 0.6490752893449468, "https": 0.9878654098556259, "requests": 48.48821143061687, "requests_tracking": 14.311490275623434, "content_length": 583969.0897744899, "requests_failed": 14.0487292685837, "has_blocking": 0.30835222527144734, "script": 0.9644911108459611, "iframe": 0.48498985801217037, "beacon": 0.18830688461997375, "image": 0.8382173964920654, "stylesheet": 0.7363083164300203, "font": 0.1096169908125522, "xhr": 0.7055601956807064, "plugin": 0.0009784035317981147, "media": 0.01042834983892137, "referer_leaked": 0.9452213339696933, "referer_leaked_header": 0.9276339338981029, "referer_leaked_url": 0.0, "hosts": 9.53109414151056, "trackers": 8.062713280038182, "companies": 6.453728671996182}