{"id": "naver.com", "month": "2019-04", "country": "global", "site": "naver.com", "category": "News and Portals", "popularity": 0.014581030136186886, "cookies": 0.07530068189928724, "bad_qs": 0.0010353873901679188, "tracked": 0.07566911970370656, "https": 0.971722880759252, "requests": 135.83368842893105, "requests_tracking": 0.8180915500429201, "content_length": 11794334.150820304, "requests_failed": 31.178476287844447, "has_blocking": 0.04153268197644699, "script": 0.9849302186514405, "iframe": 0.06669544082329452, "beacon": 0.00011284613381429577, "image": 0.9917352263191906, "stylesheet": 0.9118199091443948, "font": 0.19345154849972512, "xhr": 0.11168005709821471, "plugin": 0.002272354626209238, "media": 0.046363846799317134, "referer_leaked": 0.9550607150779796, "referer_leaked_header": 0.9544661027574965, "referer_leaked_url": 0.0, "hosts": 1.4282501133283823, "trackers": 1.3742855489433936, "companies": 1.3130342107039863}