{"id": "nba.com", "month": "2019-04", "country": "global", "site": "nba.com", "category": "News and Portals", "popularity": 0.0009880212114252464, "cookies": 0.8047469930965767, "bad_qs": 0.11473916447227955, "tracked": 0.8084620311721585, "https": 0.8907337556045833, "requests": 296.6360187886983, "requests_tracking": 131.74904277275638, "content_length": 73122628.43209024, "requests_failed": 80.34243114369085, "has_blocking": 0.4238417194505729, "script": 0.9952672407657818, "iframe": 0.8444737029392926, "beacon": 0.08736744715678599, "image": 0.9529001494555548, "stylesheet": 0.9408298341755035, "font": 0.6283609707494129, "xhr": 0.8939506084976159, "plugin": 0.0021421962849619246, "media": 0.03786207387374564, "referer_leaked": 0.9196711977795174, "referer_leaked_header": 0.8492135791046901, "referer_leaked_url": 0.0, "hosts": 20.988555974663726, "trackers": 17.800227741797737, "companies": 12.915728417906198}