{"id": "nbcnews.com", "month": "2019-04", "country": "global", "site": "nbcnews.com", "category": "News and Portals", "popularity": 0.0012466323004139141, "cookies": 0.8759645322864492, "bad_qs": 0.15565069265827355, "tracked": 0.8773126212716033, "https": 0.9688642209286584, "requests": 132.18299602906006, "requests_tracking": 41.913993050855105, "content_length": 10640975.444361717, "requests_failed": 43.89572898334913, "has_blocking": 0.45934863047696406, "script": 0.9854417670682731, "iframe": 0.8905735300753576, "beacon": 0.08291593339650738, "image": 0.9897793420874509, "stylesheet": 0.9799591624926673, "font": 0.6907066468119669, "xhr": 0.9012397906231668, "plugin": 0.001336807905780425, "media": 0.21258630025720862, "referer_leaked": 0.9961700735526375, "referer_leaked_header": 0.990642344659537, "referer_leaked_url": 0.0, "hosts": 21.65770948964397, "trackers": 16.81914173548125, "companies": 13.1589391272957}