{"id": "ncore.cc", "month": "2019-04", "country": "global", "site": "ncore.cc", "category": "Business", "popularity": 0.001386640060293553, "cookies": 0.5114123296771281, "bad_qs": 0.0011206953382116543, "tracked": 0.5115695312856556, "https": 0.9990010091329063, "requests": 16.455296426452467, "requests_tracking": 2.0239504257120977, "content_length": 950923.67682899, "requests_failed": 4.069239702026887, "has_blocking": 0.25002662285305705, "script": 0.9440362273642361, "iframe": 0.3076536899274337, "beacon": 0.00028904811890526826, "image": 0.7943549409479764, "stylesheet": 0.43565636742579833, "font": 0.20533065583496873, "xhr": 0.07420423024457527, "plugin": 0.0012728259271091637, "media": 1.5213058889750962e-05, "referer_leaked": 0.8825247592533431, "referer_leaked_header": 0.880389859989148, "referer_leaked_url": 0.0, "hosts": 3.4070456746738067, "trackers": 3.168251360301016, "companies": 2.462355285777311}