{"id": "ndr.de", "month": "2019-04", "country": "global", "site": "ndr.de", "category": "News and Portals", "popularity": 0.0005875038092362875, "cookies": 0.6774664576127156, "bad_qs": 0.11388253880863185, "tracked": 0.6815597658914915, "https": 0.9978456272216969, "requests": 80.490047994638, "requests_tracking": 49.9950449426099, "content_length": 68456949.45246616, "requests_failed": 21.86820026091848, "has_blocking": 0.3546097593086857, "script": 0.9922801642110807, "iframe": 0.0931526851862934, "beacon": 0.3725149908439157, "image": 0.8024200787542938, "stylesheet": 0.049742073703486496, "font": 0.008282366458809589, "xhr": 0.34091752342880394, "plugin": 0.010903520005744995, "media": 0.06045409390671566, "referer_leaked": 0.7950952113080634, "referer_leaked_header": 0.7908941843903724, "referer_leaked_url": 0.0, "hosts": 3.496223863269141, "trackers": 3.431054086725473, "companies": 3.4223767519239745}