{"id": "ndtv.com", "month": "2019-04", "country": "global", "site": "ndtv.com", "category": "News and Portals", "popularity": 0.00032741606766489037, "cookies": 0.7493718188261066, "bad_qs": 0.040396881644223954, "tracked": 0.7506603955930674, "https": 0.8840280909735198, "requests": 157.10813306702747, "requests_tracking": 25.455554839679575, "content_length": 3890224.7844855357, "requests_failed": 58.03689624809398, "has_blocking": 0.5267701823336125, "script": 0.9852457960182978, "iframe": 0.5835964177565879, "beacon": 0.015892446792517664, "image": 0.9876511393166247, "stylesheet": 0.8981809591306402, "font": 0.7010716663445224, "xhr": 0.5107918304232975, "plugin": 0.0007516697807271868, "media": 0.029809075875695295, "referer_leaked": 0.9862122285935184, "referer_leaked_header": 0.9851169383416017, "referer_leaked_url": 0.0, "hosts": 18.219680862487383, "trackers": 13.353821703928011, "companies": 8.793398191697271}