{"id": "nemzetisport.hu", "month": "2019-04", "country": "global", "site": "nemzetisport.hu", "category": "Entertainment", "popularity": 0.00024027247024696228, "cookies": 0.946883230904302, "bad_qs": 0.07535850160959906, "tracked": 0.9477611940298507, "https": 0.0002341235001463272, "requests": 89.88434299092772, "requests_tracking": 30.987971905179982, "content_length": 1247657.0875036581, "requests_failed": 33.83482587064677, "has_blocking": 0.5235586772022242, "script": 0.9996780801872988, "iframe": 0.8804506877377817, "beacon": 0.23286508633304068, "image": 0.9498097746561311, "stylesheet": 0.9979221539362013, "font": 0.5830845771144278, "xhr": 0.4488147497805092, "plugin": 0.0027509511267193444, "media": 0.017617793386011122, "referer_leaked": 0.9980684811237928, "referer_leaked_header": 0.9970149253731343, "referer_leaked_url": 0.0, "hosts": 21.717851916886158, "trackers": 16.15516534972198, "companies": 9.590956979806847}