{"id": "neopets.com", "month": "2019-04", "country": "global", "site": "neopets.com", "category": "Entertainment", "popularity": 0.0039804365752893894, "cookies": 0.6730150934863409, "bad_qs": 0.0027346344634604784, "tracked": 0.6730839893158468, "https": 0.3228122924292316, "requests": 5.848058197543775, "requests_tracking": 1.328935188456592, "content_length": 42360.993400132844, "requests_failed": 3.1373588518774995, "has_blocking": 0.28582759790274026, "script": 0.674622662841476, "iframe": 0.04654354923048658, "beacon": 0.0006394946225921791, "image": 0.7361766701055696, "stylesheet": 0.041381661696745294, "font": 0.009304470102743115, "xhr": 0.021262312921324494, "plugin": 0.004061320821379612, "media": 0.00024025212340479657, "referer_leaked": 0.7855714467417573, "referer_leaked_header": 0.7815737220706906, "referer_leaked_url": 0.0, "hosts": 3.062214700603457, "trackers": 2.235765061688266, "companies": 2.1610537175482976}