{"id": "nerdwallet.com", "month": "2019-04", "country": "global", "site": "nerdwallet.com", "category": "Business", "popularity": 0.0002391122432176749, "cookies": 0.9778856050580796, "bad_qs": 0.15047787090133805, "tracked": 0.978003234818409, "https": 0.9852374650786649, "requests": 85.43220114689016, "requests_tracking": 19.831142479047198, "content_length": 561211.8470519042, "requests_failed": 32.89295691810028, "has_blocking": 0.4763711218938391, "script": 0.9904131745331569, "iframe": 0.680841052786355, "beacon": 0.04337597412145273, "image": 0.8876047640052933, "stylesheet": 0.6190266137332745, "font": 0.4587854727245993, "xhr": 0.7929716218203205, "plugin": 0.0008234083223055433, "media": 0.00035288928098809, "referer_leaked": 0.9945008087046022, "referer_leaked_header": 0.979032495221291, "referer_leaked_url": 0.0, "hosts": 23.976679900014705, "trackers": 20.471665931480665, "companies": 15.372680488163505}