{"id": "nest.com", "month": "2019-04", "country": "global", "site": "nest.com", "category": "Business", "popularity": 0.00021049330982858693, "cookies": 0.550325705695674, "bad_qs": 0.01817270753298814, "tracked": 0.551595122765993, "https": 0.9868047436111576, "requests": 122.6237848672123, "requests_tracking": 17.281643561048938, "content_length": 2277162.725972941, "requests_failed": 27.376248538500082, "has_blocking": 0.3849674294304326, "script": 0.9930182061132453, "iframe": 0.2753966928344747, "beacon": 0.00033405712376816435, "image": 0.6335059295139469, "stylesheet": 0.10095206280273927, "font": 0.025989644229163188, "xhr": 0.45311508267913814, "plugin": 6.681142475363287e-05, "media": 0.018807416068147655, "referer_leaked": 0.7490228829129781, "referer_leaked_header": 0.6273258727242358, "referer_leaked_url": 0.0, "hosts": 4.170970435944547, "trackers": 4.039886420577919, "companies": 2.2371805578753965}