{"id": "netcourrier.com", "month": "2019-04", "country": "global", "site": "netcourrier.com", "category": "Business", "popularity": 0.0004092226207480967, "cookies": 0.25006443631115005, "bad_qs": 0.002680550543842466, "tracked": 0.2506314758492706, "https": 0.9503582658899943, "requests": 42.48284275821778, "requests_tracking": 8.363420794886334, "content_length": 135519.41383576472, "requests_failed": 17.83710500541265, "has_blocking": 0.33302403903981304, "script": 0.08364692338093029, "iframe": 0.6330910528034092, "beacon": 0.0010137979620942661, "image": 0.9371101603175421, "stylesheet": 0.9465608192862175, "font": 0.19861848548894273, "xhr": 0.7667749196693988, "plugin": 5.1549048920047426e-05, "media": 0.006151519837792326, "referer_leaked": 0.9905321580150179, "referer_leaked_header": 0.9904806089660979, "referer_leaked_url": 0.0, "hosts": 1.4254858497860714, "trackers": 1.274206574222039, "companies": 1.2602539649810127}