{"id": "netgear.com", "month": "2019-04", "country": "global", "site": "netgear.com", "category": "Business", "popularity": 0.00036555589437310004, "cookies": 0.5737780598995903, "bad_qs": 0.016138650047127168, "tracked": 0.574335891665224, "https": 0.9572200742493315, "requests": 37.31461711581741, "requests_tracking": 3.336968857599015, "content_length": 4221670.489045339, "requests_failed": 10.674322426760536, "has_blocking": 0.3836728412872449, "script": 0.9748206282339815, "iframe": 0.2484659626445073, "beacon": 0.013811145093965799, "image": 0.6918075672764344, "stylesheet": 0.33352568911458635, "font": 0.2284994325504453, "xhr": 0.3970223325062035, "plugin": 0.0014041972031469405, "media": 0.10618039125165907, "referer_leaked": 0.7352030315271125, "referer_leaked_header": 0.6336199434474004, "referer_leaked_url": 0.0, "hosts": 6.418662357897166, "trackers": 5.764556523746321, "companies": 4.5960336237905635}