{"id": "netkeiba.com", "month": "2019-04", "country": "global", "site": "netkeiba.com", "category": "Entertainment", "popularity": 0.00033740105179572697, "cookies": 0.5018027217973032, "bad_qs": 0.0013129650084404893, "tracked": 0.5018027217973032, "https": 0.9977283621282538, "requests": 22.014400933664007, "requests_tracking": 3.2323531250651274, "content_length": 493347.64914657274, "requests_failed": 10.91319842444199, "has_blocking": 0.4655190379926224, "script": 0.9966446449784299, "iframe": 0.6061730196111123, "beacon": 0.0011670800075026572, "image": 0.7281537211095597, "stylesheet": 0.052852051768334615, "font": 0.015297084384052684, "xhr": 0.21699351853781548, "plugin": 2.0840714419690307e-05, "media": 0.0014796907237980118, "referer_leaked": 0.8808953170914698, "referer_leaked_header": 0.8802909363732989, "referer_leaked_url": 0.0, "hosts": 6.11172707000396, "trackers": 4.272450659608611, "companies": 2.8901277535793928}