{"id": "netmoms.de", "month": "2019-04", "country": "global", "site": "netmoms.de", "category": "Reference", "popularity": 2.813374754047691e-05, "cookies": 0.7403149212696826, "bad_qs": 0.13571607098225444, "tracked": 0.7415646088477881, "https": 0.9850037490627344, "requests": 109.54661334666334, "requests_tracking": 20.93376655836041, "content_length": 8263742.957510622, "requests_failed": 31.644588852786804, "has_blocking": 0.44663834041489625, "script": 0.9780054986253437, "iframe": 0.9410147463134216, "beacon": 0.14071482129467633, "image": 0.9985003749062734, "stylesheet": 0.9897525618595351, "font": 0.8677830542364409, "xhr": 0.9652586853286679, "plugin": 0.0032491877030742314, "media": 0.2939265183704074, "referer_leaked": 0.9967508122969257, "referer_leaked_header": 0.9910022494376406, "referer_leaked_url": 0.0, "hosts": 15.970007498125469, "trackers": 13.587103224193951, "companies": 10.100724818795301}