{"id": "netpeak.net", "month": "2019-04", "country": "global", "site": "netpeak.net", "category": "Business", "popularity": 0.0003254893876283768, "cookies": 0.20534036164099462, "bad_qs": 0.009980772969820044, "tracked": 0.20549158547387067, "https": 0.8741169608330273, "requests": 11.730022251506837, "requests_tracking": 3.759100434228434, "content_length": 302471.0207824753, "requests_failed": 2.7050271122728944, "has_blocking": 0.1564302534079371, "script": 0.4554213744086068, "iframe": 0.07846356585797921, "beacon": 0.0017498757804229946, "image": 0.3773898766445592, "stylesheet": 0.624813670634492, "font": 0.20706863401672104, "xhr": 0.10762816219836246, "plugin": 6.481021408974055e-05, "media": 8.641361878632073e-05, "referer_leaked": 0.7840091598435913, "referer_leaked_header": 0.7043141999179071, "referer_leaked_url": 0.0, "hosts": 2.6969258355116765, "trackers": 2.252759834949988, "companies": 1.7292445289377605}