{"id": "netshoes.com.br", "month": "2019-04", "country": "global", "site": "netshoes.com.br", "category": "E-Commerce", "popularity": 0.00020931901944136884, "cookies": 0.861092448266595, "bad_qs": 0.10622144584789035, "tracked": 0.861126041386724, "https": 0.9942891695780705, "requests": 61.73333781241602, "requests_tracking": 17.821922870196182, "content_length": 324154.58952566516, "requests_failed": 22.643476216070948, "has_blocking": 0.5213988175221714, "script": 0.9829011018543402, "iframe": 0.862201021230852, "beacon": 0.05267401236226821, "image": 0.8622346143509809, "stylesheet": 0.9809862940069873, "font": 0.42589357699543134, "xhr": 0.8946855683955925, "plugin": 0.00429991937651169, "media": 3.359312012899758e-05, "referer_leaked": 0.9955657081429723, "referer_leaked_header": 0.9940204246170384, "referer_leaked_url": 0.0, "hosts": 20.344631819403386, "trackers": 17.534029830690674, "companies": 12.651303413061004}