{"id": "netsuite.com", "month": "2019-04", "country": "global", "site": "netsuite.com", "category": "Business", "popularity": 0.000253963149192553, "cookies": 0.42733338870891824, "bad_qs": 0.021015034471301604, "tracked": 0.4305174848409336, "https": 0.833845557493701, "requests": 10.832433480078633, "requests_tracking": 3.5356480327823463, "content_length": 129751.69230556248, "requests_failed": 3.411025278954509, "has_blocking": 0.11274469086579728, "script": 0.6723980397042943, "iframe": 0.2616219508818562, "beacon": 0.0006921948113076945, "image": 0.4312650552371459, "stylesheet": 0.3278511504277764, "font": 0.149874020544342, "xhr": 0.14602541739347122, "plugin": 0.0029072182074923168, "media": 0.0013290140377107734, "referer_leaked": 0.8129412741922086, "referer_leaked_header": 0.7971592324943932, "referer_leaked_url": 0.0, "hosts": 2.8964753440208213, "trackers": 2.5473599689896727, "companies": 2.0877979898662677}