{"id": "nettruyen.com", "month": "2019-04", "country": "global", "site": "nettruyen.com", "category": "Entertainment", "popularity": 0.0002318696138833357, "cookies": 0.8301743745261562, "bad_qs": 0.005216072782410918, "tracked": 0.8302350265352539, "https": 0.015375284306292645, "requests": 75.15223654283548, "requests_tracking": 19.879666413949963, "content_length": 8863115.052342683, "requests_failed": 29.14647460197119, "has_blocking": 0.5140864291129643, "script": 0.9949658832448824, "iframe": 0.6949203942380592, "beacon": 0.016770280515542076, "image": 0.9845640636846096, "stylesheet": 0.9788627748294162, "font": 0.25176648976497346, "xhr": 0.4394541319181198, "plugin": 0.0, "media": 0.0030629264594389687, "referer_leaked": 0.7239423805913571, "referer_leaked_header": 0.11578468536770281, "referer_leaked_url": 0.0, "hosts": 11.702441243366186, "trackers": 8.902228961334345, "companies": 5.522699014404852}