{"id": "nettavisen.no", "month": "2019-04", "country": "global", "site": "nettavisen.no", "category": "News and Portals", "popularity": 0.0004911909024475067, "cookies": 0.8900993500730094, "bad_qs": 0.06234431814928279, "tracked": 0.8904858705299625, "https": 0.9965499470323819, "requests": 84.78075700747273, "requests_tracking": 19.96638703581756, "content_length": 2644087.789045724, "requests_failed": 22.76906118475678, "has_blocking": 0.5049818192229507, "script": 0.9968362584819767, "iframe": 0.8190941105734818, "beacon": 0.0040799381567268875, "image": 0.9968505740544564, "stylesheet": 0.9912531852148767, "font": 0.15359177713516764, "xhr": 0.9665015603974003, "plugin": 0.00181807770492742, "media": 0.05344003206688235, "referer_leaked": 0.9941592464282647, "referer_leaked_header": 0.833538523205543, "referer_leaked_url": 0.0, "hosts": 13.617416325478857, "trackers": 8.607538580467834, "companies": 6.620136284250007}