{"id": "netto-online.de", "month": "2019-04", "country": "global", "site": "netto-online.de", "category": "Business", "popularity": 0.00014841061624326561, "cookies": 0.7737136359329101, "bad_qs": 0.10603619823746802, "tracked": 0.7770302283710793, "https": 0.997204586373543, "requests": 55.13209513882308, "requests_tracking": 7.143608452572728, "content_length": 483854.10949493037, "requests_failed": 14.024116365014688, "has_blocking": 0.3707476546953473, "script": 0.9917558987965508, "iframe": 0.4585899744148583, "beacon": 0.15384250923907894, "image": 0.946034303041789, "stylesheet": 0.8038472472282763, "font": 0.32966928835402254, "xhr": 0.7597839476925993, "plugin": 0.014261347484127737, "media": 0.0004264190277646167, "referer_leaked": 0.9881550270065385, "referer_leaked_header": 0.975646735525443, "referer_leaked_url": 0.0, "hosts": 13.70510755235478, "trackers": 12.123661518051739, "companies": 8.571543636880508}