{"id": "netzwelt.de", "month": "2019-04", "country": "global", "site": "netzwelt.de", "category": "Reference", "popularity": 0.00040181826279755376, "cookies": 0.7870992580148397, "bad_qs": 0.06621867562648746, "tracked": 0.7894792104157917, "https": 0.989745205095898, "requests": 79.73227285454291, "requests_tracking": 22.66769914601708, "content_length": 355668.35594288114, "requests_failed": 39.67308903821924, "has_blocking": 0.4708630827383452, "script": 0.9812578748425032, "iframe": 0.9022819543609127, "beacon": 0.18579378412431752, "image": 0.997602547949041, "stylesheet": 0.3858147837043259, "font": 0.24298264034719305, "xhr": 0.9651231975360492, "plugin": 0.0039024219515609686, "media": 0.007874842503149937, "referer_leaked": 0.9128517429651407, "referer_leaked_header": 0.8868822623547529, "referer_leaked_url": 0.0, "hosts": 24.389017219655607, "trackers": 22.82012109757805, "companies": 20.208910821783565}