{"id": "neverbounce.com", "month": "2019-04", "country": "global", "site": "neverbounce.com", "category": "Business", "popularity": 0.0002910763507718175, "cookies": 0.026718202681483273, "bad_qs": 0.010677618069815195, "tracked": 0.026887305230100255, "https": 0.9998067399444377, "requests": 2.8395216813624833, "requests_tracking": 0.26742360188428554, "content_length": 18940.058026331684, "requests_failed": 1.4486773764947458, "has_blocking": 0.010653460562869912, "script": 0.9980915569513227, "iframe": 0.02174175625075492, "beacon": 0.00016910254861698273, "image": 0.025582799855054957, "stylesheet": 0.01985747070902283, "font": 0.01645126222973789, "xhr": 0.021379393646575675, "plugin": 0.0, "media": 0.01642710472279261, "referer_leaked": 0.025292909771711558, "referer_leaked_header": 0.0064017393405000605, "referer_leaked_url": 0.0, "hosts": 1.351467568546926, "trackers": 1.2710713854330233, "companies": 1.1620968716028506}