{"id": "newauction.com.ua", "month": "2019-04", "country": "global", "site": "newauction.com.ua", "category": "E-Commerce", "popularity": 0.0002132426963040497, "cookies": 0.188452153267823, "bad_qs": 0.002703950405592561, "tracked": 0.18921057838158675, "https": 0.9315768647365297, "requests": 37.56423530963529, "requests_tracking": 0.3950405592560839, "content_length": 291954.8028754204, "requests_failed": 11.179087251863088, "has_blocking": 0.5537162830574425, "script": 0.9996372749455913, "iframe": 0.014344127151619073, "beacon": 0.00042867506430125963, "image": 0.8913473587021038, "stylesheet": 0.7474774121216118, "font": 0.10819099122864868, "xhr": 0.037921255688188354, "plugin": 0.00029677504451625667, "media": 0.0, "referer_leaked": 0.9586163687924553, "referer_leaked_header": 0.9357317153597573, "referer_leaked_url": 0.0, "hosts": 5.813493372024006, "trackers": 5.1980149047022355, "companies": 2.9915583987337597}