{"id": "newepisodes.co", "month": "2019-04", "country": "global", "site": "newepisodes.co", "category": "Entertainment", "popularity": 0.00024333125059690166, "cookies": 0.5725762173096374, "bad_qs": 0.0024562924432885423, "tracked": 0.5734720416124838, "https": 0.6837740210952175, "requests": 107.3113133940182, "requests_tracking": 10.636526513509608, "content_length": 305930442.51405865, "requests_failed": 78.89180754226268, "has_blocking": 0.3579829504406878, "script": 0.9970813466262101, "iframe": 0.5162837740210953, "beacon": 0.00713769686461494, "image": 0.4867215720271637, "stylesheet": 0.34697298078312383, "font": 0.17306747579829504, "xhr": 0.33971969368588356, "plugin": 0.0007802340702210664, "media": 0.19488513220632855, "referer_leaked": 0.7748591244039879, "referer_leaked_header": 0.7739344025429851, "referer_leaked_url": 0.0, "hosts": 8.61207917930935, "trackers": 5.459442277127582, "companies": 4.09724028319607}