{"id": "newegg.ca", "month": "2019-04", "country": "global", "site": "newegg.ca", "category": "E-Commerce", "popularity": 0.0003315295998596364, "cookies": 0.6571010435225249, "bad_qs": 0.06278102994824807, "tracked": 0.6701450750827183, "https": 0.9973063544583015, "requests": 147.61998388054636, "requests_tracking": 9.54740391957241, "content_length": 1668021.9879740393, "requests_failed": 43.50014846865191, "has_blocking": 0.5103503860184949, "script": 0.998727411555103, "iframe": 0.9751633155170951, "beacon": 0.018282853991685756, "image": 0.9897768728259947, "stylesheet": 0.9823322304233477, "font": 0.5087808602697887, "xhr": 0.9831806227199457, "plugin": 0.002587596504623738, "media": 0.013531857130737252, "referer_leaked": 0.9931068125901417, "referer_leaked_header": 0.988843641299737, "referer_leaked_url": 0.0, "hosts": 15.255493340120472, "trackers": 13.949732756426572, "companies": 10.976308645117502}