{"id": "newintranet.netclin.gva", "month": "2019-04", "country": "global", "site": "newintranet.netclin.gva", "category": "Business", "popularity": 0.0002900286306059762, "cookies": 0.0, "bad_qs": 0.0, "tracked": 0.0, "https": 2.4244775250933423e-05, "requests": 1.271323279833196, "requests_tracking": 0.0, "content_length": 7128.760073704117, "requests_failed": 0.2703534888231586, "has_blocking": 0.0, "script": 4.8489550501866846e-05, "iframe": 0.0, "beacon": 0.0, "image": 9.697910100373369e-05, "stylesheet": 0.9998787761237453, "font": 0.001018280560539204, "xhr": 0.0, "plugin": 0.0, "media": 0.0, "referer_leaked": 0.9998060417979925, "referer_leaked_header": 0.9998060417979925, "referer_leaked_url": 0.0, "hosts": 1.0001939582020074, "trackers": 1.0001939582020074, "companies": 1.0001939582020074}