{"id": "newrelic.com", "month": "2019-04", "country": "global", "site": "newrelic.com", "category": "Business", "popularity": 0.0020847099895814425, "cookies": 0.7632777241849201, "bad_qs": 0.12199046122088278, "tracked": 0.7641546982197427, "https": 0.9986811659707091, "requests": 53.89249984821603, "requests_tracking": 11.415112286406227, "content_length": 475775.62948858924, "requests_failed": 25.514729790807962, "has_blocking": 0.41056214035632127, "script": 0.998303392540324, "iframe": 0.17223770043916162, "beacon": 0.06537841429602596, "image": 0.7849221179597536, "stylesheet": 0.9937397545821893, "font": 0.34589542421932445, "xhr": 0.692158502937863, "plugin": 8.432442642525146e-05, "media": 0.006091596564960165, "referer_leaked": 0.9948325991486606, "referer_leaked_header": 0.9301287802640367, "referer_leaked_url": 0.0, "hosts": 10.294278756315899, "trackers": 8.87836707434716, "companies": 7.042351099927818}