{"id": "newsru.com", "month": "2019-04", "country": "global", "site": "newsru.com", "category": "News and Portals", "popularity": 0.00022399413344211246, "cookies": 0.8912886517030294, "bad_qs": 0.21679485167163712, "tracked": 0.9049128865170303, "https": 0.979469471040653, "requests": 66.58938942081306, "requests_tracking": 21.161827028723906, "content_length": 870062.4064354105, "requests_failed": 33.27819808507299, "has_blocking": 0.5032490974729242, "script": 0.9876942395228379, "iframe": 0.40125568984460835, "beacon": 0.14644482812745252, "image": 0.9919321927483912, "stylesheet": 0.8709778684664887, "font": 0.7426463663475121, "xhr": 0.491382828441375, "plugin": 0.0008161983989954481, "media": 0.004865798147857479, "referer_leaked": 0.9679799089624863, "referer_leaked_header": 0.9611050070632554, "referer_leaked_url": 0.0, "hosts": 18.171338879296815, "trackers": 14.400816198398996, "companies": 9.733919321927484}