{"id": "newsbeast.gr", "month": "2019-04", "country": "global", "site": "newsbeast.gr", "category": "News and Portals", "popularity": 0.0002542303529932374, "cookies": 0.9989213110219887, "bad_qs": 0.06532982989904577, "tracked": 0.9992532153229152, "https": 0.9982021850366478, "requests": 144.88693126815102, "requests_tracking": 73.92009403955193, "content_length": 2224388.52875121, "requests_failed": 47.08056976904992, "has_blocking": 0.5461485271746647, "script": 0.9987000414880376, "iframe": 0.9909556077997511, "beacon": 0.048153782326095976, "image": 0.9993638500898907, "stylesheet": 0.9996127783155857, "font": 0.7353616373945513, "xhr": 0.8255013137878578, "plugin": 0.0017978149633522335, "media": 0.0027382104826441708, "referer_leaked": 0.9998893652330245, "referer_leaked_header": 0.9971511547503803, "referer_leaked_url": 0.0, "hosts": 23.012778315585674, "trackers": 18.997731987277003, "companies": 12.800691467293596}