{"id": "news.de", "month": "2019-04", "country": "global", "site": "news.de", "category": "News and Portals", "popularity": 6.24131824966941e-05, "cookies": 0.9198963497070752, "bad_qs": 0.18893645786390265, "tracked": 0.920797656602073, "https": 0.013406940063091483, "requests": 87.85973411446598, "requests_tracking": 29.682514646237042, "content_length": 1848508.0271518703, "requests_failed": 36.46653898152321, "has_blocking": 0.4196710229833258, "script": 0.9898602974312753, "iframe": 0.9109959441189726, "beacon": 0.07424515547543939, "image": 0.8510590356016223, "stylesheet": 0.8510590356016223, "font": 0.05847228481297882, "xhr": 0.8154574132492114, "plugin": 0.0067598017124831005, "media": 0.0626408292023434, "referer_leaked": 0.9854664263181613, "referer_leaked_header": 0.9808472284812979, "referer_leaked_url": 0.0, "hosts": 20.66550247859396, "trackers": 19.660770617395222, "companies": 15.51599819738621}