{"id": "newsnow.co.uk", "month": "2019-04", "country": "global", "site": "newsnow.co.uk", "category": "News and Portals", "popularity": 0.0028533709440027605, "cookies": 0.09715417902944394, "bad_qs": 0.02315741224481749, "tracked": 0.09746715033465751, "https": 0.997550445059982, "requests": 29.718749691957377, "requests_tracking": 4.706975070726586, "content_length": 103543.2084709257, "requests_failed": 19.11419756128816, "has_blocking": 0.4505037112975248, "script": 0.9557724723254507, "iframe": 0.11419016826520252, "beacon": 0.015764389287016865, "image": 0.36133153272151963, "stylesheet": 0.05471083422871056, "font": 0.02855678334499788, "xhr": 0.8509172277149645, "plugin": 0.00023411239366368644, "media": 0.0007023371809910594, "referer_leaked": 0.3651635829546463, "referer_leaked_header": 0.041526609953966113, "referer_leaked_url": 0.0, "hosts": 9.990554181000917, "trackers": 8.667498792472918, "companies": 6.587003558508384}