{"id": "newspapers.com", "month": "2019-04", "country": "global", "site": "newspapers.com", "category": "Business", "popularity": 0.0003136128818558536, "cookies": 0.9513228699551569, "bad_qs": 0.06056053811659193, "tracked": 0.9515695067264573, "https": 0.997219730941704, "requests": 46.34769058295964, "requests_tracking": 11.752466367713005, "content_length": 263563.41307174886, "requests_failed": 17.121434977578474, "has_blocking": 0.5695291479820628, "script": 0.9987443946188341, "iframe": 0.6167713004484305, "beacon": 0.094304932735426, "image": 0.9328251121076233, "stylesheet": 0.8567713004484305, "font": 0.018071748878923766, "xhr": 0.813542600896861, "plugin": 0.015022421524663676, "media": 0.0, "referer_leaked": 0.9628923766816143, "referer_leaked_header": 0.7689237668161435, "referer_leaked_url": 0.0, "hosts": 14.27585201793722, "trackers": 12.999865470852018, "companies": 9.520089686098654}