{"id": "news18.com", "month": "2019-04", "country": "global", "site": "news18.com", "category": "News and Portals", "popularity": 0.00027286430225148875, "cookies": 0.9588197397242624, "bad_qs": 0.08148434480092771, "tracked": 0.9588712794742945, "https": 0.1920628784950393, "requests": 147.35382038397114, "requests_tracking": 78.43177425589487, "content_length": 43652261.62883649, "requests_failed": 36.8139157325087, "has_blocking": 0.505115320190697, "script": 0.9950521839969076, "iframe": 0.6180904522613065, "beacon": 0.00396856075248035, "image": 0.9507022290941889, "stylesheet": 0.9852338616157712, "font": 0.5755701584847314, "xhr": 0.707022290941889, "plugin": 0.0020873598763046, "media": 0.012498389382811493, "referer_leaked": 0.9954387321221492, "referer_leaked_header": 0.9948202551217626, "referer_leaked_url": 0.0, "hosts": 21.194150238371343, "trackers": 15.572452003607783, "companies": 9.525705450328566}