{"id": "news.com.au", "month": "2019-04", "country": "global", "site": "news.com.au", "category": "News and Portals", "popularity": 0.0021362311013607663, "cookies": 0.9492101737650633, "bad_qs": 0.23034486390762374, "tracked": 0.9496940431400819, "https": 0.9953423458118966, "requests": 162.81719612509505, "requests_tracking": 27.87903265624537, "content_length": 3355161.0616522, "requests_failed": 57.84215325163512, "has_blocking": 0.5273814108577655, "script": 0.9922416318576963, "iframe": 0.8511756050835909, "beacon": 0.28997271240055167, "image": 0.9938413632608187, "stylesheet": 0.6672492848937298, "font": 0.05225130924519669, "xhr": 0.9279001714938397, "plugin": 0.0012047359949440587, "media": 0.006214594422006511, "referer_leaked": 0.9938940293152425, "referer_leaked_header": 0.8201684655415881, "referer_leaked_url": 0.0, "hosts": 26.068679826597016, "trackers": 20.926402480571163, "companies": 16.8208564158775}