{"id": "newsit.gr", "month": "2019-04", "country": "global", "site": "newsit.gr", "category": "News and Portals", "popularity": 0.00043033875268112646, "cookies": 0.9932843137254902, "bad_qs": 0.014183006535947713, "tracked": 0.9938888888888889, "https": 0.9963888888888889, "requests": 37.9218954248366, "requests_tracking": 14.673464052287581, "content_length": 460692.44493464055, "requests_failed": 17.000604575163397, "has_blocking": 0.5078431372549019, "script": 0.9990686274509804, "iframe": 0.8145261437908496, "beacon": 0.005751633986928104, "image": 0.9821241830065359, "stylesheet": 0.9733333333333334, "font": 0.022222222222222223, "xhr": 0.1671732026143791, "plugin": 0.00065359477124183, "media": 0.002320261437908497, "referer_leaked": 0.9983660130718954, "referer_leaked_header": 0.9976470588235294, "referer_leaked_url": 0.0, "hosts": 14.361830065359477, "trackers": 10.883643790849673, "companies": 7.588415032679738}