{"id": "newyorker.com", "month": "2019-04", "country": "global", "site": "newyorker.com", "category": "News and Portals", "popularity": 0.0005337747502618351, "cookies": 0.9483467263865103, "bad_qs": 0.25668554867606375, "tracked": 0.9489263601633513, "https": 0.8688578579897247, "requests": 255.20681069687788, "requests_tracking": 65.63672770385983, "content_length": 7743893.4357660385, "requests_failed": 79.92234224739823, "has_blocking": 0.5366486628902648, "script": 0.97938348043736, "iframe": 0.9689895929390068, "beacon": 0.2198524568568041, "image": 0.9507311289685153, "stylesheet": 0.8987880384666052, "font": 0.7506784349888025, "xhr": 0.897681464892636, "plugin": 0.0018706362798050322, "media": 0.5443156369384797, "referer_leaked": 0.9815966275852984, "referer_leaked_header": 0.972098537742063, "referer_leaked_url": 0.0, "hosts": 40.298498221578186, "trackers": 28.159122645237783, "companies": 21.736740877354762}