{"id": "next.co.uk", "month": "2019-04", "country": "global", "site": "next.co.uk", "category": "Business", "popularity": 0.0003494533495423847, "cookies": 0.771937943940278, "bad_qs": 0.12544016741453207, "tracked": 0.7724812362919291, "https": 0.9948085397508903, "requests": 62.484053363382095, "requests_tracking": 22.42807412922309, "content_length": 184948.8686842264, "requests_failed": 15.506610056945087, "has_blocking": 0.4227619373402821, "script": 0.9982091474334467, "iframe": 0.7200635853270821, "beacon": 0.035776807453166186, "image": 0.7705897740306256, "stylesheet": 0.1665895325673582, "font": 0.02090669456908868, "xhr": 0.745417228404129, "plugin": 0.00028170714530052115, "media": 0.0004628045958508562, "referer_leaked": 0.8218202305974204, "referer_leaked_header": 0.5799344024790228, "referer_leaked_url": 0.0, "hosts": 13.976054892649456, "trackers": 10.565386240618146, "companies": 8.407670483127754}