{"id": "nextu.com", "month": "2019-04", "country": "global", "site": "nextu.com", "category": "Business", "popularity": 0.00040614977704022656, "cookies": 0.9035145429362881, "bad_qs": 0.005332409972299169, "tracked": 0.9035664819944599, "https": 0.9969875346260387, "requests": 267.81662049861495, "requests_tracking": 55.28959487534626, "content_length": 6732567.3746883655, "requests_failed": 163.7755713296399, "has_blocking": 0.4629501385041551, "script": 0.9946675900277008, "iframe": 0.7293628808864266, "beacon": 0.00015581717451523545, "image": 0.8739785318559556, "stylesheet": 0.992676592797784, "font": 0.8584660664819944, "xhr": 0.9676246537396122, "plugin": 0.0002943213296398892, "media": 0.010889889196675901, "referer_leaked": 0.9935076177285319, "referer_leaked_header": 0.9907548476454293, "referer_leaked_url": 0.0, "hosts": 9.760439750692521, "trackers": 9.08123268698061, "companies": 6.274826869806094}