{"id": "nexusmods.com", "month": "2019-04", "country": "global", "site": "nexusmods.com", "category": "Entertainment", "popularity": 0.00822662842539627, "cookies": 0.8657039945706525, "bad_qs": 0.01920785545900723, "tracked": 0.8659672563845263, "https": 0.9295501129119663, "requests": 41.354770081833394, "requests_tracking": 11.712754009186812, "content_length": 1642742.6537406256, "requests_failed": 14.731374654041495, "has_blocking": 0.45999446124495486, "script": 0.9942680723252001, "iframe": 0.30002871947060444, "beacon": 0.012200646529987058, "image": 0.7048937636011481, "stylesheet": 0.9918816210773562, "font": 0.5930724534120612, "xhr": 0.7521270357916402, "plugin": 0.002232596941034482, "media": 0.01777273667493491, "referer_leaked": 0.9904516307701776, "referer_leaked_header": 0.9882728828365264, "referer_leaked_url": 0.0, "hosts": 12.564385463161296, "trackers": 12.083110387046151, "companies": 7.656090322735051}