{"id": "nhk.or.jp", "month": "2019-04", "country": "global", "site": "nhk.or.jp", "category": "News and Portals", "popularity": 0.0005906540014127768, "cookies": 0.3360992392766581, "bad_qs": 0.00358337599257134, "tracked": 0.33726591983237897, "https": 0.9648329146775557, "requests": 55.924380052143476, "requests_tracking": 19.44780295003512, "content_length": 6144708.374861605, "requests_failed": 19.53698258312599, "has_blocking": 0.3168847248181526, "script": 0.984178383075989, "iframe": 0.03897665448398195, "beacon": 7.14294217788307e-05, "image": 0.213073965166252, "stylesheet": 0.10791795140418338, "font": 0.03326230074167549, "xhr": 0.7093417778783081, "plugin": 0.002964321003821474, "media": 0.0003928618197835689, "referer_leaked": 0.7550566078167598, "referer_leaked_header": 0.7446160073334206, "referer_leaked_url": 0.0, "hosts": 2.9132370623459805, "trackers": 2.5647091036798058, "companies": 1.856498291646329}