{"id": "nick.de", "month": "2019-04", "country": "global", "site": "nick.de", "category": "Entertainment", "popularity": 1.3317999960425711e-05, "cookies": 0.9725448785638859, "bad_qs": 0.0501583949313622, "tracked": 0.9741288278775079, "https": 0.02164730728616684, "requests": 142.30200633579724, "requests_tracking": 42.1467793030623, "content_length": 29924433.1187962, "requests_failed": 34.30464625131996, "has_blocking": 0.29091869060190073, "script": 0.9963041182682154, "iframe": 0.1737064413938754, "beacon": 0.25131995776135163, "image": 0.9973600844772967, "stylesheet": 0.9762407602956705, "font": 0.32682154171066524, "xhr": 0.9720168954593453, "plugin": 0.2550158394931362, "media": 0.2624076029567054, "referer_leaked": 0.9920802534318902, "referer_leaked_header": 0.9915522703273495, "referer_leaked_url": 0.0, "hosts": 9.263463569165786, "trackers": 7.513199577613516, "companies": 6.17001055966209}