{"id": "niezalezna.pl", "month": "2019-04", "country": "global", "site": "niezalezna.pl", "category": "News and Portals", "popularity": 0.0005759156023013447, "cookies": 0.8065760716945656, "bad_qs": 0.02068300306460081, "tracked": 0.8071377116833327, "https": 0.9954336227000232, "requests": 210.82749105649367, "requests_tracking": 54.58111424489945, "content_length": 2087228.1005701867, "requests_failed": 84.72657900199016, "has_blocking": 0.530554436345433, "script": 0.9848479298682588, "iframe": 0.7977363466539688, "beacon": 0.04382012868881482, "image": 0.9781204595680256, "stylesheet": 0.9952871079203448, "font": 0.6310757847697887, "xhr": 0.7324151740473487, "plugin": 9.767651978560004e-05, "media": 0.0019046921358192009, "referer_leaked": 0.9950184974909344, "referer_leaked_header": 0.986813669828944, "referer_leaked_url": 0.0, "hosts": 18.145623481435358, "trackers": 12.590124903849675, "companies": 8.63401828992833}