{"id": "nih.gov", "month": "2019-04", "country": "global", "site": "nih.gov", "category": "Government", "popularity": 0.004535496217779423, "cookies": 0.2031692581033753, "bad_qs": 0.002071288927751396, "tracked": 0.20395064254917372, "https": 0.9937070645525876, "requests": 18.985914925218097, "requests_tracking": 0.5747516701317346, "content_length": 35198.05776043435, "requests_failed": 5.852268728033252, "has_blocking": 0.24108190738423804, "script": 0.9117547197015856, "iframe": 0.02081521343113042, "beacon": 0.0007085172454957992, "image": 0.802404307536794, "stylesheet": 0.7586979406488902, "font": 0.039997891502289114, "xhr": 0.02101210990854391, "plugin": 0.0008961115271259781, "media": 0.0004123973463936162, "referer_leaked": 0.4390124788956433, "referer_leaked_header": 0.059916993406293556, "referer_leaked_url": 0.0, "hosts": 2.1859431418786404, "trackers": 2.1269982279317032, "companies": 1.88044817979284}