{"id": "ninemanga.com", "month": "2019-04", "country": "global", "site": "ninemanga.com", "category": "Entertainment", "popularity": 0.001042277646322102, "cookies": 0.8020994967144766, "bad_qs": 0.02355187349048075, "tracked": 0.8039750111316503, "https": 0.0014167554949873842, "requests": 42.6279397676521, "requests_tracking": 13.713107012265056, "content_length": 536572.812131475, "requests_failed": 17.487849635016797, "has_blocking": 0.4939889088284107, "script": 0.9981447249470403, "iframe": 0.6397123311699702, "beacon": 0.09382294604185501, "image": 0.7284686897035608, "stylesheet": 0.4931253626219422, "font": 0.001706853048722896, "xhr": 0.4599125659465951, "plugin": 0.006915116106486042, "media": 0.0, "referer_leaked": 0.8664336890963799, "referer_leaked_header": 0.8654014815214605, "referer_leaked_url": 0.0, "hosts": 7.0824754091724795, "trackers": 5.1692685493773025, "companies": 5.010895524401927}