{"id": "nintendo.com", "month": "2019-04", "country": "global", "site": "nintendo.com", "category": "Business", "popularity": 0.0006705057477436081, "cookies": 0.4528236589586283, "bad_qs": 0.024728645587541294, "tracked": 0.457616276021184, "https": 0.9898799223952598, "requests": 35.51514865502595, "requests_tracking": 3.6596717529232867, "content_length": 1975396.5935084682, "requests_failed": 11.184709768758848, "has_blocking": 0.3137853285092549, "script": 0.9688112841487074, "iframe": 0.5361753447643018, "beacon": 0.13853494835089927, "image": 0.5349483508992712, "stylesheet": 0.6349955429710031, "font": 0.43974621152535265, "xhr": 0.48866865922080643, "plugin": 0.0016359918200408998, "media": 0.00048240784437103454, "referer_leaked": 0.8291122646950868, "referer_leaked_header": 0.8078863195427612, "referer_leaked_url": 0.0, "hosts": 7.023187037910964, "trackers": 6.740548476744796, "companies": 4.994777410728331}