{"id": "nitroflare.com", "month": "2019-04", "country": "global", "site": "nitroflare.com", "category": "Business", "popularity": 0.00042456574425055123, "cookies": 0.5196011858427599, "bad_qs": 0.00889382069924974, "tracked": 0.5231454644826844, "https": 0.2627734808459895, "requests": 16.577203994766393, "requests_tracking": 4.493002533993607, "content_length": 374766.73575249675, "requests_failed": 4.3004355819076165, "has_blocking": 0.35156262939101346, "script": 0.9908080624058033, "iframe": 0.5152619288163103, "beacon": 1.6562049719273256e-05, "image": 0.4733930671259875, "stylesheet": 0.4508189933586181, "font": 0.2559996025108067, "xhr": 0.2373838586263436, "plugin": 0.008960068898126831, "media": 0.002302124910978983, "referer_leaked": 0.9216283807283989, "referer_leaked_header": 0.9159807217741268, "referer_leaked_url": 0.0, "hosts": 4.148346279335531, "trackers": 3.791682538630981, "companies": 2.0245118335845245}