{"id": "nitrotype.com", "month": "2019-04", "country": "global", "site": "nitrotype.com", "category": "Entertainment", "popularity": 0.00012086049805691505, "cookies": 0.7070048871305562, "bad_qs": 0.026646497556434723, "tracked": 0.7088666511519665, "https": 0.9946474284384454, "requests": 15.783046311380033, "requests_tracking": 3.67104956946707, "content_length": 110994.27751919944, "requests_failed": 6.289562485454969, "has_blocking": 0.4185478240633, "script": 0.9987782173609495, "iframe": 0.02251570863393065, "beacon": 0.07633232487782174, "image": 0.5552711193856179, "stylesheet": 0.9732953223178962, "font": 0.011810565510821503, "xhr": 0.23853851524319292, "plugin": 0.000523621131021643, "media": 5.8180125669071444e-05, "referer_leaked": 0.9905748196416104, "referer_leaked_header": 0.9872585524784734, "referer_leaked_url": 0.0, "hosts": 7.898941121712823, "trackers": 6.608156853618804, "companies": 5.16912962531999}