{"id": "nnm-club.me", "month": "2019-04", "country": "global", "site": "nnm-club.me", "category": "Entertainment", "popularity": 0.0008347376416589739, "cookies": 0.8017454153364052, "bad_qs": 0.027529041116661473, "tracked": 0.8162512319835568, "https": 0.09006747479172107, "requests": 34.22651649804988, "requests_tracking": 10.044629394074686, "content_length": 1703128.078215161, "requests_failed": 15.708594822720725, "has_blocking": 0.4623244686676045, "script": 0.9701544086057737, "iframe": 0.21701443000227444, "beacon": 0.04365223104851278, "image": 0.9602985401521342, "stylesheet": 0.09966220485043509, "font": 0.05210974551642224, "xhr": 0.24774452241157097, "plugin": 0.0006654817161004456, "media": 0.0014994398160237889, "referer_leaked": 0.9484041074542376, "referer_leaked_header": 0.9125017900615782, "referer_leaked_url": 0.0, "hosts": 10.121892663695867, "trackers": 7.559400561026358, "companies": 5.007168670131664}