{"id": "nnmclub.to", "month": "2019-04", "country": "global", "site": "nnmclub.to", "category": "Entertainment", "popularity": 0.0007620300811569666, "cookies": 0.8899613365199177, "bad_qs": 0.01260484816048574, "tracked": 0.891327015529985, "https": 0.11396960441446513, "requests": 88.95221046220853, "requests_tracking": 33.824141144771204, "content_length": 1928824.6109844884, "requests_failed": 32.079513892092905, "has_blocking": 0.5150916758173312, "script": 0.9699642893393989, "iframe": 0.21935757721161567, "beacon": 0.03728857351136374, "image": 0.9868322706259055, "stylesheet": 0.9622131382011793, "font": 0.05070544702918677, "xhr": 0.24920873665464008, "plugin": 0.013924389366158843, "media": 0.0017716916887359165, "referer_leaked": 0.9552094194941451, "referer_leaked_header": 0.9224423508134095, "referer_leaked_url": 0.0, "hosts": 10.060375930830205, "trackers": 7.47778464718421, "companies": 4.999178747081784}