{"id": "noaa.gov", "month": "2019-04", "country": "global", "site": "noaa.gov", "category": "Government", "popularity": 0.0010041026612190656, "cookies": 0.1587568366282205, "bad_qs": 0.004166754203519682, "tracked": 0.16110282428902567, "https": 0.9759798875326512, "requests": 14.053586559941735, "requests_tracking": 1.521502552574634, "content_length": 315313.70687759545, "requests_failed": 3.6200410372766934, "has_blocking": 0.3962618262288423, "script": 0.9689139127572708, "iframe": 0.036730463525144086, "beacon": 0.0024160171432172943, "image": 0.29880879850417025, "stylesheet": 0.4372850970258479, "font": 0.054644005126158114, "xhr": 0.05027416542364335, "plugin": 0.0007213036688445835, "media": 0.0013165542693473952, "referer_leaked": 0.6113293696646288, "referer_leaked_header": 0.6079399427158834, "referer_leaked_url": 0.0, "hosts": 2.5068453819057823, "trackers": 2.3520802257750515, "companies": 2.0034594564311576}