{"id": "noip.com", "month": "2019-04", "country": "global", "site": "noip.com", "category": "Business", "popularity": 0.00019091711558897492, "cookies": 0.8104305550440131, "bad_qs": 0.0031674708113881623, "tracked": 0.8115723177783507, "https": 0.959228021067364, "requests": 41.336672682405805, "requests_tracking": 3.716437700268867, "content_length": 769428.659644212, "requests_failed": 13.177231041213952, "has_blocking": 0.4799454900371994, "script": 0.9861883540201097, "iframe": 0.1913741666973592, "beacon": 0.002357187580567935, "image": 0.9196714669809584, "stylesheet": 0.9945490037199366, "font": 0.7849066332731759, "xhr": 0.21012117417406356, "plugin": 0.0008471142867666016, "media": 0.00014732422378549594, "referer_leaked": 0.947110603661007, "referer_leaked_header": 0.9295790210305329, "referer_leaked_url": 0.0, "hosts": 10.045965157821074, "trackers": 9.212257375418954, "companies": 4.34017163272071}