{"id": "nordvpn.com", "month": "2019-04", "country": "global", "site": "nordvpn.com", "category": "Business", "popularity": 0.00048245052549354195, "cookies": 0.9382023290725977, "bad_qs": 0.008089081925638746, "tracked": 0.9389310751920246, "https": 0.9903368264563991, "requests": 69.16388042733672, "requests_tracking": 29.77834458031511, "content_length": 444281.61393945577, "requests_failed": 15.448674410808762, "has_blocking": 0.36556820334931717, "script": 0.9868388450831499, "iframe": 0.2202999519027561, "beacon": 0.0024194371164973547, "image": 0.9752809316290391, "stylesheet": 0.7311947063881885, "font": 0.09929894623311131, "xhr": 0.8974508460742446, "plugin": 0.0027255104866566585, "media": 0.00018947399105099765, "referer_leaked": 0.9859060500502835, "referer_leaked_header": 0.9793619098978298, "referer_leaked_url": 0.0, "hosts": 6.964655813207795, "trackers": 5.55370130154057, "companies": 3.9128565390389296}