{"id": "nordstromrack.com", "month": "2019-04", "country": "global", "site": "nordstromrack.com", "category": "Business", "popularity": 0.00041593787416003257, "cookies": 0.9598661076548552, "bad_qs": 0.1405193400054098, "tracked": 0.960052069245334, "https": 0.9945902082769813, "requests": 217.37980119015418, "requests_tracking": 26.25126791993508, "content_length": 2073599.631407222, "requests_failed": 72.05113943738166, "has_blocking": 0.5052238301325399, "script": 0.9785637002975386, "iframe": 0.9292838788206654, "beacon": 0.03086962401947525, "image": 0.9966865025696511, "stylesheet": 0.9840073032188261, "font": 0.3822694076278063, "xhr": 0.9643968082228834, "plugin": 0.0007607519610494996, "media": 0.03562009737625101, "referer_leaked": 0.9985123072761699, "referer_leaked_header": 0.981860292128753, "referer_leaked_url": 0.0, "hosts": 30.87297132810387, "trackers": 21.052762374898567, "companies": 15.494218285096023}