{"id": "nordnet.dk", "month": "2019-04", "country": "global", "site": "nordnet.dk", "category": "Banking", "popularity": 0.00030053395898025075, "cookies": 0.6134300421151146, "bad_qs": 0.011254094525035096, "tracked": 0.6134300421151146, "https": 0.9994150678521292, "requests": 13.337856808610201, "requests_tracking": 2.308072063640618, "content_length": 164770.51824988303, "requests_failed": 4.364950865699579, "has_blocking": 0.3143893308376228, "script": 0.9785680861020122, "iframe": 0.08072063640617688, "beacon": 7.019185774450164e-05, "image": 0.45065512400561536, "stylesheet": 0.9128685072531586, "font": 0.25956948993916706, "xhr": 0.9382077678989237, "plugin": 0.0, "media": 0.0, "referer_leaked": 0.9727655591951334, "referer_leaked_header": 0.9555451567618156, "referer_leaked_url": 0.0, "hosts": 4.289003275620028, "trackers": 3.706761815629387, "companies": 2.6435891436593355}