{"id": "nos.nl", "month": "2019-04", "country": "global", "site": "nos.nl", "category": "News and Portals", "popularity": 0.0031733193686064197, "cookies": 0.8818185242715865, "bad_qs": 0.005444404804903288, "tracked": 0.8819359656450745, "https": 0.9729153602237147, "requests": 28.952258973739667, "requests_tracking": 6.558976620303176, "content_length": 26003699.30002947, "requests_failed": 8.649958230756788, "has_blocking": 0.3280137561518229, "script": 0.9954485928085993, "iframe": 0.054701089545723475, "beacon": 0.0008132261145297137, "image": 0.9268007861924399, "stylesheet": 0.9575128132970225, "font": 0.013729561323231897, "xhr": 0.3874102847620926, "plugin": 0.0006935688660703009, "media": 0.02515018092619142, "referer_leaked": 0.9699859735114306, "referer_leaked_header": 0.954685356833426, "referer_leaked_url": 0.0, "hosts": 5.869905980424961, "trackers": 4.200459129294089, "companies": 4.063327490809659}