{"id": "notebooksbilliger.de", "month": "2019-04", "country": "global", "site": "notebooksbilliger.de", "category": "E-Commerce", "popularity": 0.0005219896563158617, "cookies": 0.9401487189158606, "bad_qs": 0.09332650806907886, "tracked": 0.9411186248888649, "https": 0.9555055634884285, "requests": 103.20575477543983, "requests_tracking": 19.17699436915699, "content_length": 1372120.044736913, "requests_failed": 41.160963978769836, "has_blocking": 0.46525850688363823, "script": 0.9915537354850877, "iframe": 0.5335829943152733, "beacon": 0.17113452057008918, "image": 0.958038095751273, "stylesheet": 0.42114125602823504, "font": 0.12713850796131154, "xhr": 0.8738987525931514, "plugin": 0.0011854406336719023, "media": 0.28051836085890564, "referer_leaked": 0.9817873211735862, "referer_leaked_header": 0.9708489371447045, "referer_leaked_url": 0.0, "hosts": 17.604615135921545, "trackers": 14.806274752808687, "companies": 10.510439960126087}