{"id": "novelfull.com", "month": "2019-04", "country": "global", "site": "novelfull.com", "category": "Entertainment", "popularity": 0.0005032853902679566, "cookies": 0.16635929248050968, "bad_qs": 0.007446838237348758, "tracked": 0.1676307038868863, "https": 0.00016765864699471876, "requests": 13.399809986866739, "requests_tracking": 2.992650962640065, "content_length": 35475.19539218152, "requests_failed": 6.0397211277838325, "has_blocking": 0.5051415318411714, "script": 0.9984910721770476, "iframe": 0.007572582222594797, "beacon": 0.0001117724313298125, "image": 0.20925196300332524, "stylesheet": 0.9990219912258641, "font": 0.08229245256657446, "xhr": 0.02425461759856931, "plugin": 0.0, "media": 0.0002654595244083047, "referer_leaked": 0.9233241121077487, "referer_leaked_header": 0.922304188671864, "referer_leaked_url": 0.0, "hosts": 4.189593986643194, "trackers": 4.121161315561516, "companies": 1.9080951183390618}