{"id": "novelupdates.com", "month": "2019-04", "country": "global", "site": "novelupdates.com", "category": "Entertainment", "popularity": 0.0010308581996823283, "cookies": 0.8946603729826332, "bad_qs": 0.013935689826878215, "tracked": 0.8955403064078252, "https": 0.9944270883071172, "requests": 22.651798747629638, "requests_tracking": 5.5411522353037475, "content_length": 188471.61441180884, "requests_failed": 9.06034706211375, "has_blocking": 0.5018485423118375, "script": 0.9970805309613784, "iframe": 0.6088525395287923, "beacon": 0.006705229123750017, "image": 0.7866741245003479, "stylesheet": 0.993806360076943, "font": 0.5365547536868528, "xhr": 0.09014883835145496, "plugin": 0.0019440389626335247, "media": 0.0005729799047761968, "referer_leaked": 0.9860711313624644, "referer_leaked_header": 0.983629145577823, "referer_leaked_url": 0.0, "hosts": 9.984802390144745, "trackers": 9.749109834790794, "companies": 4.889558123354388}