{"id": "nox.tv", "month": "2019-04", "country": "global", "site": "nox.tv", "category": "Entertainment", "popularity": 0.00018207126345052952, "cookies": 0.6328737496620709, "bad_qs": 0.006604101494612443, "tracked": 0.6332599544278377, "https": 0.9290541845286371, "requests": 18.078360946974087, "requests_tracking": 5.232649750897926, "content_length": 732704.8266713012, "requests_failed": 5.126211717452593, "has_blocking": 0.37844204997489667, "script": 0.9871780017765419, "iframe": 0.44664581160931527, "beacon": 0.0006951685783802572, "image": 0.44664581160931527, "stylesheet": 0.9898041941837562, "font": 0.4873904143977137, "xhr": 0.17587765033020508, "plugin": 0.0, "media": 0.0, "referer_leaked": 0.8995867609006295, "referer_leaked_header": 0.8907426717645696, "referer_leaked_url": 0.0, "hosts": 5.730892519213687, "trackers": 5.028695014096474, "companies": 2.7597806356930445}