{"id": "nozomi.la", "month": "2019-04", "country": "global", "site": "nozomi.la", "category": "Adult", "popularity": 0.0002721400393180548, "cookies": 0.0928117409952974, "bad_qs": 0.0017311766833755361, "tracked": 0.0939744716035347, "https": 0.9982688233166245, "requests": 6.346855459666167, "requests_tracking": 2.1465298950958607, "content_length": 12270.609916800166, "requests_failed": 3.027492119270322, "has_blocking": 0.47857991835047287, "script": 0.9971060927083871, "iframe": 0.07852307374295903, "beacon": 0.0, "image": 0.21079014004444216, "stylesheet": 0.011885690661981294, "font": 0.003798253320241848, "xhr": 0.085473618934422, "plugin": 2.58384579608289e-05, "media": 0.0, "referer_leaked": 0.23146090641310527, "referer_leaked_header": 0.10867655418324634, "referer_leaked_url": 0.0, "hosts": 2.764844194098496, "trackers": 2.391297607358793, "companies": 2.304454550152447}