{"id": "npmjs.com", "month": "2019-04", "country": "global", "site": "npmjs.com", "category": "Business", "popularity": 0.0008014918635106673, "cookies": 0.7588763236623005, "bad_qs": 0.08942561610064659, "tracked": 0.7593500785204811, "https": 0.8656554047533405, "requests": 34.140424449259974, "requests_tracking": 4.83576498249739, "content_length": 290121.9135748313, "requests_failed": 11.862821648842372, "has_blocking": 0.45405893861365293, "script": 0.9929550897940921, "iframe": 0.007536211540317416, "beacon": 3.5092952457822656e-05, "image": 0.9249800408832897, "stylesheet": 0.8788415816393673, "font": 0.8433187405139363, "xhr": 0.8043392435714097, "plugin": 5.263942868673399e-05, "media": 8.773238114455664e-06, "referer_leaked": 0.9401138766307257, "referer_leaked_header": 0.9362975180509374, "referer_leaked_url": 0.0, "hosts": 9.798777010606845, "trackers": 8.020117034996447, "companies": 4.3085547844854055}