{"id": "nrc.nl", "month": "2019-04", "country": "global", "site": "nrc.nl", "category": "News and Portals", "popularity": 0.0007031468015008922, "cookies": 0.6064581937458123, "bad_qs": 0.01675050251507545, "tracked": 0.6070382111463344, "https": 0.9966598997969939, "requests": 27.34760042801284, "requests_tracking": 4.900807024210726, "content_length": 800664.2156064681, "requests_failed": 8.597127913837415, "has_blocking": 0.4997949938498155, "script": 0.9861495844875346, "iframe": 0.5741372241167235, "beacon": 0.008050241507245218, "image": 0.9839295178855366, "stylesheet": 0.148364450933528, "font": 0.08306249187475624, "xhr": 0.18515555466664, "plugin": 0.0002000060001800054, "media": 0.0056001680050401514, "referer_leaked": 0.6777203316099483, "referer_leaked_header": 0.5990979729391882, "referer_leaked_url": 0.0, "hosts": 6.8415452463573905, "trackers": 6.26807804234127, "companies": 4.6065081952458575}