{"id": "ns.nl", "month": "2019-04", "country": "global", "site": "ns.nl", "category": "Recreation", "popularity": 0.0003904621012684685, "cookies": 0.6650578976750887, "bad_qs": 0.030164418592087017, "tracked": 0.6652199751481208, "https": 0.9927065137135551, "requests": 55.95137675809037, "requests_tracking": 6.876136793387239, "content_length": 204220.61263483946, "requests_failed": 15.501035494966594, "has_blocking": 0.4811539916079886, "script": 0.9924183759837202, "iframe": 0.6082227304651624, "beacon": 0.03288371841740352, "image": 0.9154135676853536, "stylesheet": 0.6481117974391759, "font": 0.044463253435142, "xhr": 0.16886671829134325, "plugin": 0.00028813772983486105, "media": 0.00012606025680275172, "referer_leaked": 0.9759765167750185, "referer_leaked_header": 0.6992562444848638, "referer_leaked_url": 0.0, "hosts": 13.997586846512633, "trackers": 11.407768913540673, "companies": 8.81105368366079}