{"id": "nudevista.at", "month": "2019-04", "country": "global", "site": "nudevista.at", "category": "Adult", "popularity": 0.00015734084852929553, "cookies": 0.2749374329638899, "bad_qs": 0.021183410797282802, "tracked": 0.28526099392205934, "https": 0.9778333929209868, "requests": 6.471129781909188, "requests_tracking": 0.9665266356810869, "content_length": 58703.90132284591, "requests_failed": 2.56149445834823, "has_blocking": 0.2707811941365749, "script": 0.9909724705041115, "iframe": 0.4001608866642832, "beacon": 0.0003575259206292456, "image": 0.39166964604933857, "stylesheet": 0.02194315337861995, "font": 0.0012513407222023596, "xhr": 0.38469789059706827, "plugin": 4.46907400786557e-05, "media": 0.0, "referer_leaked": 0.43274043618162317, "referer_leaked_header": 0.04142831605291383, "referer_leaked_url": 0.0, "hosts": 3.526456918126564, "trackers": 3.091124419020379, "companies": 2.2394976760815157}