{"id": "nudecollect.com", "month": "2019-04", "country": "global", "site": "nudecollect.com", "category": "Adult", "popularity": 0.0002638285947809782, "cookies": 0.08736673773987207, "bad_qs": 0.002345415778251599, "tracked": 0.0896588486140725, "https": 0.007409381663113007, "requests": 6.097228144989339, "requests_tracking": 0.9109275053304904, "content_length": 44897.712606609806, "requests_failed": 4.786513859275053, "has_blocking": 0.47289445628997867, "script": 0.9706289978678039, "iframe": 0.9519456289978678, "beacon": 0.0, "image": 0.1097814498933902, "stylesheet": 0.026625799573560767, "font": 0.00018656716417910448, "xhr": 0.0002398720682302772, "plugin": 0.0, "media": 0.0, "referer_leaked": 0.16473880597014925, "referer_leaked_header": 0.16473880597014925, "referer_leaked_url": 0.0, "hosts": 2.056130063965885, "trackers": 2.050133262260128, "companies": 2.046908315565032}