{"id": "nudevista.com", "month": "2019-04", "country": "global", "site": "nudevista.com", "category": "Adult", "popularity": 0.0008703320005817168, "cookies": 0.2330718331138455, "bad_qs": 0.01843697736986257, "tracked": 0.23776591017427065, "https": 0.9718840134762832, "requests": 7.025587163597876, "requests_tracking": 0.932820566682556, "content_length": 87881.35269404475, "requests_failed": 4.084339880264678, "has_blocking": 0.48141355546039927, "script": 0.9902321184749501, "iframe": 0.3121036090262012, "beacon": 6.463445177865931e-05, "image": 0.12071291800311862, "stylesheet": 0.03676892375558482, "font": 0.006932044953261212, "xhr": 0.18679356564032543, "plugin": 0.003506419008992268, "media": 0.00025853780711463726, "referer_leaked": 0.3448086416262028, "referer_leaked_header": 0.073376261381723, "referer_leaked_url": 0.0, "hosts": 4.444289142220032, "trackers": 4.118507267336172, "companies": 3.29010365750204}