{"id": "nurxxx.mobi", "month": "2019-04", "country": "global", "site": "nurxxx.mobi", "category": "Adult", "popularity": 0.0002619370731392915, "cookies": 0.3336823172532281, "bad_qs": 0.015194222973879895, "tracked": 0.3340849910069528, "https": 2.684491691498215e-05, "requests": 148.71788676814046, "requests_tracking": 3.6985584279616655, "content_length": 17916865.697377253, "requests_failed": 47.3176827467719, "has_blocking": 0.11376875788569435, "script": 0.9795710182276985, "iframe": 0.3005288448632252, "beacon": 0.00875144291428418, "image": 0.9968054548871171, "stylesheet": 0.9988725134895707, "font": 0.39851279160291, "xhr": 0.9828460980913264, "plugin": 0.005959571555126037, "media": 0.07307186384258141, "referer_leaked": 0.9586856728678425, "referer_leaked_header": 0.9575581863574132, "referer_leaked_url": 0.0, "hosts": 6.128936135942659, "trackers": 4.531019301495262, "companies": 4.010711121849078}