{"id": "nurxxx.net", "month": "2019-04", "country": "global", "site": "nurxxx.net", "category": "Adult", "popularity": 2.1917743335082862e-05, "cookies": 0.8572345203721528, "bad_qs": 0.01507860121912095, "tracked": 0.8572345203721528, "https": 0.0019249278152069298, "requests": 136.31504651908887, "requests_tracking": 11.812319538017324, "content_length": 16546944.684311839, "requests_failed": 36.11742059672762, "has_blocking": 0.19313442412576196, "script": 0.9900545396214309, "iframe": 0.9101700352903432, "beacon": 0.008020532563362208, "image": 0.9967917869746551, "stylesheet": 0.9935835739493102, "font": 0.1475777991658646, "xhr": 0.9602181584857234, "plugin": 0.010907924286172602, "media": 0.09175489252486366, "referer_leaked": 0.9801090792428617, "referer_leaked_header": 0.9797882579403272, "referer_leaked_url": 0.0, "hosts": 6.408084696823869, "trackers": 2.790824510747514, "companies": 2.6859159448187357}