{"id": "nw.de", "month": "2019-04", "country": "global", "site": "nw.de", "category": "News and Portals", "popularity": 0.00011447573355635194, "cookies": 0.9048525798525798, "bad_qs": 0.15976658476658476, "tracked": 0.9052211302211303, "https": 0.9845823095823096, "requests": 101.8014742014742, "requests_tracking": 36.4490171990172, "content_length": 1156406.061916462, "requests_failed": 21.41750614250614, "has_blocking": 0.44594594594594594, "script": 0.9912162162162163, "iframe": 0.5283783783783784, "beacon": 0.6421990171990172, "image": 0.753992628992629, "stylesheet": 0.9694717444717444, "font": 0.6773955773955774, "xhr": 0.7461916461916462, "plugin": 0.009705159705159705, "media": 0.009152334152334152, "referer_leaked": 0.9689189189189189, "referer_leaked_header": 0.9504299754299754, "referer_leaked_url": 0.0, "hosts": 17.831142506142506, "trackers": 13.76879606879607, "companies": 8.927027027027027}