{"id": "nydailynews.com", "month": "2019-04", "country": "global", "site": "nydailynews.com", "category": "News and Portals", "popularity": 0.000585949808184939, "cookies": 0.8671786871474859, "bad_qs": 0.2827793111724469, "tracked": 0.8681747269890796, "https": 0.9888155526221049, "requests": 168.83482539301573, "requests_tracking": 50.76975879035162, "content_length": 13415848.88624745, "requests_failed": 55.270694827793115, "has_blocking": 0.5142565702628105, "script": 0.9941677667106684, "iframe": 0.5056882275291011, "beacon": 0.05917436697467899, "image": 0.9642985719428777, "stylesheet": 0.7711388455538222, "font": 0.4238569542781711, "xhr": 0.9590183607344294, "plugin": 0.0005760230409216369, "media": 0.019704788191527663, "referer_leaked": 0.9770910836433457, "referer_leaked_header": 0.9226089043561743, "referer_leaked_url": 0.0, "hosts": 29.81483259330373, "trackers": 22.851410056402255, "companies": 16.628021120844835}