{"id": "nymag.com", "month": "2019-04", "country": "global", "site": "nymag.com", "category": "News and Portals", "popularity": 0.00037345950153018476, "cookies": 0.8798177402044774, "bad_qs": 0.2665737794430532, "tracked": 0.8817947317881418, "https": 0.16328067631940651, "requests": 70.25139801547702, "requests_tracking": 21.500065899719456, "content_length": 1555921.3667978386, "requests_failed": 26.932481030295044, "has_blocking": 0.518254222289168, "script": 0.9784413774924215, "iframe": 0.7606145619551505, "beacon": 0.027433111784752686, "image": 0.7343111596467775, "stylesheet": 0.3599819246483779, "font": 0.14185385325073901, "xhr": 0.4779047654911412, "plugin": 0.0014121368454745721, "media": 0.010751068516879743, "referer_leaked": 0.9559789874037393, "referer_leaked_header": 0.9449831485003106, "referer_leaked_url": 0.0, "hosts": 17.521775150157218, "trackers": 13.757168948052193, "companies": 9.321515316977651}