{"id": "nypost.com", "month": "2019-04", "country": "global", "site": "nypost.com", "category": "News and Portals", "popularity": 0.0015247422351735748, "cookies": 0.9439076918819954, "bad_qs": 0.3018368466927075, "tracked": 0.9451390201947066, "https": 0.9885076024146948, "requests": 209.6881741753098, "requests_tracking": 37.52151135174023, "content_length": 2514371.298663986, "requests_failed": 79.1365160326325, "has_blocking": 0.506218899736671, "script": 0.9897988830422572, "iframe": 0.7947232739497968, "beacon": 0.33755459119438846, "image": 0.998367452349439, "stylesheet": 0.999432758867178, "font": 0.5884273585471248, "xhr": 0.8985699067049746, "plugin": 0.0013696798085215298, "media": 0.011612302215007447, "referer_leaked": 0.9931193189417032, "referer_leaked_header": 0.9914637127085072, "referer_leaked_url": 0.0, "hosts": 39.75931912617195, "trackers": 31.918432569786802, "companies": 24.458994922500104}