{"id": "nytimes.com", "month": "2019-04", "country": "global", "site": "nytimes.com", "category": "News and Portals", "popularity": 0.008908187972473452, "cookies": 0.7089989856851362, "bad_qs": 0.03635272898059383, "tracked": 0.7093897139789954, "https": 0.9931610708323302, "requests": 94.86181400543862, "requests_tracking": 15.160587750075974, "content_length": 4268940.693910559, "requests_failed": 43.60728570131782, "has_blocking": 0.47711318885595544, "script": 0.9835720459559621, "iframe": 0.9219861626929468, "beacon": 0.010488094627288622, "image": 0.9807588022401755, "stylesheet": 0.6980222833530013, "font": 0.2887655748639358, "xhr": 0.9126884079992738, "plugin": 0.0022038654473838966, "media": 0.06995457290240081, "referer_leaked": 0.9759437666996879, "referer_leaked_header": 0.9611821306926942, "referer_leaked_url": 0.0, "hosts": 12.79764142193525, "trackers": 10.886948490959968, "companies": 8.051213823098752}