{"id": "nyu.edu", "month": "2019-04", "country": "global", "site": "nyu.edu", "category": "Reference", "popularity": 0.00025534135826976706, "cookies": 0.45793517473081263, "bad_qs": 0.005535207776829235, "tracked": 0.45843086497948393, "https": 0.8305840883430177, "requests": 17.734062181587863, "requests_tracking": 5.2287059730674965, "content_length": 1751252.0447222758, "requests_failed": 5.017789772257869, "has_blocking": 0.28989618043125054, "script": 0.8946382838102057, "iframe": 0.29559661829097017, "beacon": 0.004378597196596261, "image": 0.5406052928703219, "stylesheet": 0.7329606477019249, "font": 0.33932751356263596, "xhr": 0.23256134166827308, "plugin": 0.000550766942968083, "media": 0.03758984385757167, "referer_leaked": 0.8978327320794206, "referer_leaked_header": 0.8787211191584281, "referer_leaked_url": 0.0, "hosts": 4.34478010629802, "trackers": 3.9963098614821138, "companies": 2.8137581582353426}