{"id": "o2.pl", "month": "2019-04", "country": "global", "site": "o2.pl", "category": "News and Portals", "popularity": 0.0008810764060408141, "cookies": 0.868428823393269, "bad_qs": 0.03101331992561911, "tracked": 0.8689555550235034, "https": 0.9910615238505678, "requests": 165.54373867726514, "requests_tracking": 74.79645812882579, "content_length": 3277976.7385894763, "requests_failed": 40.74087198027151, "has_blocking": 0.5192935411529038, "script": 0.9886593083854079, "iframe": 0.9144938986919497, "beacon": 0.06380635429884837, "image": 0.9454194300125298, "stylesheet": 0.23528144228697298, "font": 0.04254555031484186, "xhr": 0.6131954254155992, "plugin": 0.0002952889442223127, "media": 0.16229718837040408, "referer_leaked": 0.8769123949529533, "referer_leaked_header": 0.7150621303900209, "referer_leaked_url": 0.0, "hosts": 10.472079233206438, "trackers": 8.004509141986098, "companies": 5.493204363891748}