{"id": "obi.de", "month": "2019-04", "country": "global", "site": "obi.de", "category": "Business", "popularity": 0.0007575860600508477, "cookies": 0.9592440991655761, "bad_qs": 0.0948217451433557, "tracked": 0.9593554794456974, "https": 0.9978188028476225, "requests": 62.18955995507662, "requests_tracking": 19.499846852114832, "content_length": 904985.9753942398, "requests_failed": 16.092686956441028, "has_blocking": 0.3366933051169957, "script": 0.9921569719414511, "iframe": 0.9868664086356844, "beacon": 0.08994885788804426, "image": 0.7293737643750174, "stylesheet": 0.9574991414436741, "font": 0.018173549039809167, "xhr": 0.8397701853553495, "plugin": 0.0014572253315883756, "media": 0.004510901344916883, "referer_leaked": 0.9798216059180056, "referer_leaked_header": 0.9720435496895274, "referer_leaked_url": 0.0, "hosts": 12.168768969453959, "trackers": 10.54797241481729, "companies": 7.270199277884517}