{"id": "ocado.com", "month": "2019-04", "country": "global", "site": "ocado.com", "category": "E-Commerce", "popularity": 0.0003467320897827834, "cookies": 0.6519164469681606, "bad_qs": 0.027884810383289393, "tracked": 0.652443723382681, "https": 0.9982153721354695, "requests": 41.49371324274995, "requests_tracking": 7.6775907523828835, "content_length": 239575.0040154127, "requests_failed": 16.371101196511862, "has_blocking": 0.49428107888866357, "script": 0.984060028391807, "iframe": 0.7833299533563172, "beacon": 0.08554045832488338, "image": 0.7313729466639627, "stylesheet": 0.8185966335428919, "font": 0.16138714256743053, "xhr": 0.35952139525451227, "plugin": 0.0005069965524234435, "media": 6.0839586290813226e-05, "referer_leaked": 0.9342729669438248, "referer_leaked_header": 0.9259379436219833, "referer_leaked_url": 0.0, "hosts": 10.311762320016223, "trackers": 9.172358547961874, "companies": 5.690083147434597}