{"id": "oceanofgames.com", "month": "2019-04", "country": "global", "site": "oceanofgames.com", "category": "Entertainment", "popularity": 0.0001493036394718686, "cookies": 0.6069326049074554, "bad_qs": 0.030801111477417226, "tracked": 0.6121603164884849, "https": 0.5359110818066217, "requests": 18.626100880704563, "requests_tracking": 3.9051005510290584, "content_length": 184342.94258936562, "requests_failed": 5.025337917392738, "has_blocking": 0.37168558376112654, "script": 0.9959497009372204, "iframe": 0.4278717091320115, "beacon": 0.0007535440116799322, "image": 0.5919559176753167, "stylesheet": 0.4199594970093722, "font": 0.2684971506617058, "xhr": 0.05369001083219517, "plugin": 0.0011303160175198982, "media": 0.0, "referer_leaked": 0.9761220741298922, "referer_leaked_header": 0.9748504686101822, "referer_leaked_url": 0.0, "hosts": 3.523430509113173, "trackers": 3.0140347572175386, "companies": 2.4955493806810156}