{"id": "oddsmonkey.com", "month": "2019-04", "country": "global", "site": "oddsmonkey.com", "category": "Business", "popularity": 0.0002687507700567427, "cookies": 0.8532705389848247, "bad_qs": 0.040266875981161694, "tracked": 0.8533490319204605, "https": 0.9983254840397697, "requests": 54.95099424385138, "requests_tracking": 13.526033490319204, "content_length": 402611.6813448456, "requests_failed": 16.958738880167452, "has_blocking": 0.35266875981161694, "script": 0.997854526425955, "iframe": 0.7899790685504972, "beacon": 0.07854526425954997, "image": 0.6095238095238096, "stylesheet": 0.9953689167974882, "font": 0.6378335949764521, "xhr": 0.7934065934065934, "plugin": 0.0, "media": 0.007587650444793302, "referer_leaked": 0.8625065410779696, "referer_leaked_header": 0.822501308215594, "referer_leaked_url": 0.0, "hosts": 16.063003663003663, "trackers": 12.298220826792255, "companies": 7.079696493982208}