{"id": "oddschecker.com", "month": "2019-04", "country": "global", "site": "oddschecker.com", "category": "Entertainment", "popularity": 0.0002921170392586934, "cookies": 0.9653611920179092, "bad_qs": 0.03394073610475892, "tracked": 0.9654574777940929, "https": 0.9954504970753195, "requests": 30.98160941674891, "requests_tracking": 7.404616902968009, "content_length": 367611.61702332523, "requests_failed": 11.858604337674217, "has_blocking": 0.4958236044580314, "script": 0.9992778566786221, "iframe": 0.9373901740365405, "beacon": 0.009074934405314974, "image": 0.9778302000337, "stylesheet": 0.047011530221698, "font": 0.03259273523818694, "xhr": 0.79515201116915, "plugin": 0.0001444286642755699, "media": 0.00012035722022964157, "referer_leaked": 0.9980983559203717, "referer_leaked_header": 0.9820427027417374, "referer_leaked_url": 0.0, "hosts": 14.461401439472354, "trackers": 8.874515562188575, "companies": 6.457983294417832}