{"id": "oe24.at", "month": "2019-04", "country": "global", "site": "oe24.at", "category": "News and Portals", "popularity": 0.0001971190564364382, "cookies": 0.9661113687439803, "bad_qs": 0.3572575179253023, "tracked": 0.9680019976456319, "https": 0.9790603931081225, "requests": 1370.5621588841723, "requests_tracking": 60.55745014803981, "content_length": 28851851.484750114, "requests_failed": 1194.7856811614884, "has_blocking": 0.46891163985303036, "script": 0.9956479863018586, "iframe": 0.9297613526914708, "beacon": 0.47986301858523883, "image": 0.9845182463525131, "stylesheet": 0.9954696250847216, "font": 0.672386116362858, "xhr": 0.9306888310205829, "plugin": 0.006956087468340884, "media": 0.39132451039845895, "referer_leaked": 0.9898334106231941, "referer_leaked_header": 0.9843398851353762, "referer_leaked_url": 0.0, "hosts": 30.325544893518355, "trackers": 23.876716726714942, "companies": 18.93482681125816}