{"id": "office365.com", "month": "2019-04", "country": "global", "site": "office365.com", "category": "Business", "popularity": 0.001527892427350064, "cookies": 0.8856305255261474, "bad_qs": 0.25207214421479424, "tracked": 0.8862932434982305, "https": 0.9421318348543631, "requests": 161.90403935808402, "requests_tracking": 31.003258363362743, "content_length": 2001714.9128065645, "requests_failed": 69.37311021828273, "has_blocking": 0.03242715855067261, "script": 0.8553940180498604, "iframe": 0.8251759194061311, "beacon": 0.007524610308025791, "image": 0.5821102965202705, "stylesheet": 0.5765692379203542, "font": 0.4968774017773728, "xhr": 0.880314975125065, "plugin": 0.04770648957369746, "media": 0.002052584830201531, "referer_leaked": 0.8886587784819157, "referer_leaked_header": 0.27130016982148036, "referer_leaked_url": 0.0, "hosts": 7.26312664816579, "trackers": 4.547543111184747, "companies": 2.1819344921693427}