{"id": "okcupid.com", "month": "2019-04", "country": "global", "site": "okcupid.com", "category": "Entertainment", "popularity": 0.003106490291719468, "cookies": 0.9675837794402254, "bad_qs": 0.04004662901637675, "tracked": 0.9678735131342169, "https": 0.9986260284980251, "requests": 104.49049650848264, "requests_tracking": 47.35752911484093, "content_length": 1625788.2348110506, "requests_failed": 29.015016354108898, "has_blocking": 0.4948176149031769, "script": 0.9991851239856492, "iframe": 0.8930067793157305, "beacon": 0.0579942732324547, "image": 0.9947531038853741, "stylesheet": 0.9978202066616114, "font": 0.5636769016603099, "xhr": 0.6224158810281019, "plugin": 0.0061681587197392395, "media": 0.0003440587616148126, "referer_leaked": 0.4145047930554455, "referer_leaked_header": 0.03302285048156909, "referer_leaked_url": 0.0, "hosts": 13.238794888916555, "trackers": 11.606897020043686, "companies": 10.149996038797152}