{"id": "ole.com.ar", "month": "2019-04", "country": "global", "site": "ole.com.ar", "category": "News and Portals", "popularity": 0.0006114537077923646, "cookies": 0.9033315316765758, "bad_qs": 0.21156433639614983, "tracked": 0.9036535299055856, "https": 0.9939970330163184, "requests": 108.08670952309762, "requests_tracking": 33.214772818749495, "content_length": 1391878.7312924778, "requests_failed": 34.515795163126604, "has_blocking": 0.4644709454098003, "script": 0.9989305058822177, "iframe": 0.9336798647607438, "beacon": 0.005013972423151673, "image": 0.9641086974021643, "stylesheet": 0.7334659659371874, "font": 0.6216750807870557, "xhr": 0.6936991846544844, "plugin": 0.0003449981025104362, "media": 0.010660441367572479, "referer_leaked": 0.9858090780500707, "referer_leaked_header": 0.9842450866520234, "referer_leaked_url": 0.0, "hosts": 16.6627988546063, "trackers": 14.52069413618225, "companies": 11.92628540543027}