{"id": "olimp.com", "month": "2019-04", "country": "global", "site": "olimp.com", "category": "News and Portals", "popularity": 0.00019017175761864484, "cookies": 0.6343501571454983, "bad_qs": 0.00950268071732298, "tracked": 0.6343501571454983, "https": 0.9987798114254021, "requests": 107.8242188944352, "requests_tracking": 10.886078757626178, "content_length": 355443.7025697911, "requests_failed": 12.876982806433722, "has_blocking": 0.5139582177851728, "script": 0.9955259752264743, "iframe": 0.3881678683675356, "beacon": 0.04100573118875948, "image": 0.7731928267701978, "stylesheet": 0.7602884082085413, "font": 0.4630430763542244, "xhr": 0.9136624144943613, "plugin": 0.0, "media": 0.005509336291366241, "referer_leaked": 0.9890552782399704, "referer_leaked_header": 0.9733777038269551, "referer_leaked_url": 0.0, "hosts": 8.753669809576632, "trackers": 7.067221297836938, "companies": 5.040968755777408}