{"id": "oload.live", "month": "2019-04", "country": "global", "site": "oload.live", "category": "Business", "popularity": 5.660501567129196e-06, "cookies": 0.84472049689441, "bad_qs": 0.012422360248447204, "tracked": 0.84472049689441, "https": 0.986335403726708, "requests": 21.698136645962734, "requests_tracking": 2.3093167701863355, "content_length": 1366312595.4062111, "requests_failed": 9.032298136645963, "has_blocking": 0.653416149068323, "script": 0.9788819875776398, "iframe": 0.037267080745341616, "beacon": 0.0, "image": 0.8521739130434782, "stylesheet": 0.9627329192546584, "font": 0.6608695652173913, "xhr": 0.5590062111801242, "plugin": 0.0, "media": 0.3093167701863354, "referer_leaked": 0.9267080745341615, "referer_leaked_header": 0.924223602484472, "referer_leaked_url": 0.0, "hosts": 7.722981366459627, "trackers": 7.464596273291925, "companies": 6.792546583850932}