{"id": "olx.pt", "month": "2019-04", "country": "global", "site": "olx.pt", "category": "E-Commerce", "popularity": 0.0005832496434622339, "cookies": 0.8839727051334603, "bad_qs": 0.04005015311166301, "tracked": 0.8874448436332072, "https": 0.9892942396257807, "requests": 267.3310949292311, "requests_tracking": 12.359004653630073, "content_length": 1172777.9810237987, "requests_failed": 200.27456417428206, "has_blocking": 0.49453861548477324, "script": 0.9963831890627637, "iframe": 0.7968919538012683, "beacon": 0.031610927591445036, "image": 0.9963831890627637, "stylesheet": 0.9927784341619849, "font": 0.45804499312805924, "xhr": 0.9130036409230101, "plugin": 0.0017842933957032286, "media": 0.0064017553589082055, "referer_leaked": 0.9725966291322065, "referer_leaked_header": 0.6373303112868614, "referer_leaked_url": 0.0, "hosts": 17.352397945651386, "trackers": 14.363827068213054, "companies": 11.763846357871387}