{"id": "olx.pl", "month": "2019-04", "country": "global", "site": "olx.pl", "category": "E-Commerce", "popularity": 0.0060989830040522304, "cookies": 0.8555533009437856, "bad_qs": 0.03946121440051282, "tracked": 0.8594674863205274, "https": 0.9887013205619825, "requests": 134.07769686795993, "requests_tracking": 15.472197178097163, "content_length": 1080613.3461650207, "requests_failed": 64.97873311827412, "has_blocking": 0.5395453780330614, "script": 0.9975857719649787, "iframe": 0.9816823041927324, "beacon": 0.024244890806333717, "image": 0.9982014347017033, "stylesheet": 0.9948775476792743, "font": 0.5010053518846889, "xhr": 0.9123891172964336, "plugin": 0.00218594859331441, "media": 0.0002790082065306367, "referer_leaked": 0.9656266501260149, "referer_leaked_header": 0.6464458735608596, "referer_leaked_url": 0.0, "hosts": 21.124546035201153, "trackers": 18.58919269782489, "companies": 14.516877690642158}