{"id": "olx.ro", "month": "2019-04", "country": "global", "site": "olx.ro", "category": "E-Commerce", "popularity": 0.001328115396264713, "cookies": 0.8718206654101104, "bad_qs": 0.16523539253266695, "tracked": 0.8751138312967238, "https": 0.9983798894512802, "requests": 123.17548550371673, "requests_tracking": 17.31095533577585, "content_length": 1112471.6503526124, "requests_failed": 45.712573328533004, "has_blocking": 0.5471579237171478, "script": 0.9988140367225058, "iframe": 0.9306793875346788, "beacon": 0.13897477710243758, "image": 0.9987663864122494, "stylesheet": 0.9944672695313327, "font": 0.48535547131451323, "xhr": 0.5867923928926915, "plugin": 0.0008047607954425126, "media": 0.0007359325695165082, "referer_leaked": 0.9646169973951164, "referer_leaked_header": 0.5867182701878481, "referer_leaked_url": 0.0, "hosts": 21.56995594993541, "trackers": 18.432183019547217, "companies": 14.439489400453207}