{"id": "olx.ba", "month": "2019-04", "country": "global", "site": "olx.ba", "category": "E-Commerce", "popularity": 0.0003875861445716289, "cookies": 0.8068577648766329, "bad_qs": 0.005279390420899855, "tracked": 0.8069121915820029, "https": 0.9400761973875181, "requests": 78.68878809869376, "requests_tracking": 16.042053701015966, "content_length": 736331.6086901306, "requests_failed": 26.36052249637155, "has_blocking": 0.49664368650217705, "script": 0.9996734397677793, "iframe": 0.2173076923076923, "beacon": 0.010250362844702467, "image": 0.988243831640058, "stylesheet": 0.926233671988389, "font": 0.3794267053701016, "xhr": 0.06074020319303338, "plugin": 0.0006349782293178519, "media": 0.000362844702467344, "referer_leaked": 0.9983853410740203, "referer_leaked_header": 0.9951378809869376, "referer_leaked_url": 0.0, "hosts": 11.683599419448477, "trackers": 10.429698838896952, "companies": 5.784633526850508}