{"id": "olx.com.br", "month": "2019-04", "country": "global", "site": "olx.com.br", "category": "E-Commerce", "popularity": 0.0014024050845339304, "cookies": 0.7016310588093722, "bad_qs": 0.023480628356255733, "tracked": 0.7017965212769691, "https": 0.9966155404355173, "requests": 42.496071519898116, "requests_tracking": 5.812490912099317, "content_length": 192758.2958569201, "requests_failed": 22.62441524059747, "has_blocking": 0.5199231853029217, "script": 0.9990523513219448, "iframe": 0.4797559177902237, "beacon": 0.004607879021866116, "image": 0.9416017769666217, "stylesheet": 0.9923786984622018, "font": 0.40461590144453746, "xhr": 0.934582157129176, "plugin": 0.0008222983238150631, "media": 0.00039109310522911537, "referer_leaked": 0.9927497355107525, "referer_leaked_header": 0.9925241048731204, "referer_leaked_url": 0.0, "hosts": 18.669696802563163, "trackers": 12.95022588133834, "companies": 8.702463385161526}