{"id": "olx.bg", "month": "2019-04", "country": "global", "site": "olx.bg", "category": "E-Commerce", "popularity": 0.0004897353449016735, "cookies": 0.861171335448763, "bad_qs": 0.03422975863999885, "tracked": 0.8623630594282596, "https": 0.996597125504329, "requests": 113.88644162706218, "requests_tracking": 15.133774606228553, "content_length": 898269.6758654357, "requests_failed": 45.66529785920427, "has_blocking": 0.5316524760578345, "script": 0.9979324306861745, "iframe": 0.9863023532959065, "beacon": 0.1408531595043577, "image": 0.9989662153430873, "stylesheet": 0.9935388458942955, "font": 0.47399026519448073, "xhr": 0.8715235401381252, "plugin": 0.0006030410498657516, "media": 0.0002153718035234827, "referer_leaked": 0.9465734346059413, "referer_leaked_header": 0.6297040791419587, "referer_leaked_url": 0.0, "hosts": 19.56214912343676, "trackers": 17.01688514939624, "companies": 13.283228279753615}