{"id": "ondemandkorea.com", "month": "2019-04", "country": "global", "site": "ondemandkorea.com", "category": "Entertainment", "popularity": 0.0001859949403132104, "cookies": 0.7439794336698046, "bad_qs": 0.03251294847075725, "tracked": 0.7440172394238403, "https": 0.9736871951911081, "requests": 745.0579562209368, "requests_tracking": 234.93353748440512, "content_length": 312802126.33552605, "requests_failed": 136.87414464481495, "has_blocking": 0.5204718158103664, "script": 0.9946693886809572, "iframe": 0.25371441533401384, "beacon": 0.09583758648066236, "image": 0.6930928887376658, "stylesheet": 0.9762957922195759, "font": 0.34376772144720424, "xhr": 0.6795206230388265, "plugin": 0.003062266076896904, "media": 0.04483762428641639, "referer_leaked": 0.9948962232051718, "referer_leaked_header": 0.9947450001890288, "referer_leaked_url": 0.0, "hosts": 19.267513515557066, "trackers": 15.894106082945825, "companies": 10.901780651015084}