{"id": "onet.pl", "month": "2019-04", "country": "global", "site": "onet.pl", "category": "News and Portals", "popularity": 0.004789585937193353, "cookies": 0.79856095040109, "bad_qs": 0.08525363212477831, "tracked": 0.7998910656190175, "https": 0.977374828230154, "requests": 125.90858614331184, "requests_tracking": 27.834518104835393, "content_length": 3754849.9253270966, "requests_failed": 31.111691507229015, "has_blocking": 0.4324871099209565, "script": 0.9615132776622858, "iframe": 0.5073993164441, "beacon": 0.0810313237729467, "image": 0.9875209940922918, "stylesheet": 0.6629068155925912, "font": 0.6346147070223036, "xhr": 0.9519925302138755, "plugin": 0.0029450453942191372, "media": 0.013938315539739028, "referer_leaked": 0.9801965516836381, "referer_leaked_header": 0.866136969568843, "referer_leaked_url": 0.0, "hosts": 11.726536532656825, "trackers": 9.441367757772218, "companies": 5.571594259070035}