{"id": "onlinetrade.ru", "month": "2019-04", "country": "global", "site": "onlinetrade.ru", "category": "E-Commerce", "popularity": 0.0006174095398760397, "cookies": 0.7726982825383809, "bad_qs": 0.03872260944831671, "tracked": 0.7976743656325452, "https": 0.9965491321579882, "requests": 23.68503712814906, "requests_tracking": 6.334745569677919, "content_length": 261615.16770306593, "requests_failed": 8.685105462165733, "has_blocking": 0.4883376611543893, "script": 0.9959569040134846, "iframe": 0.07992802150243725, "beacon": 0.06112477791444581, "image": 0.9667441118855633, "stylesheet": 0.6534440344403444, "font": 0.41037993713270465, "xhr": 0.5322992118810077, "plugin": 5.694501389458339e-05, "media": 7.972301945241675e-05, "referer_leaked": 0.9547628809621429, "referer_leaked_header": 0.9153341533415335, "referer_leaked_url": 0.0, "hosts": 5.690617739510729, "trackers": 6.486390141679195, "companies": 2.144731447314473}