{"id": "onlinetvrecorder.com", "month": "2019-04", "country": "global", "site": "onlinetvrecorder.com", "category": "Entertainment", "popularity": 0.0003374854319433115, "cookies": 0.4623814980727159, "bad_qs": 0.017460152099176996, "tracked": 0.4632357537243463, "https": 0.9630169809355141, "requests": 32.73418064381706, "requests_tracking": 7.855859985415147, "content_length": 298353.9606834045, "requests_failed": 15.023169080112512, "has_blocking": 0.3804146265235962, "script": 0.984748411292843, "iframe": 0.5432232524221273, "beacon": 0.01760600062506511, "image": 0.4458172726325659, "stylesheet": 0.8884258776955933, "font": 0.2546515262006459, "xhr": 0.0436712157516408, "plugin": 0.008646734034795291, "media": 0.0006250651109490572, "referer_leaked": 0.9477445567246588, "referer_leaked_header": 0.9388269611417857, "referer_leaked_url": 0.0, "hosts": 8.458881133451401, "trackers": 7.418793624335868, "companies": 4.618189394728618}