{"id": "online-convert.com", "month": "2019-04", "country": "global", "site": "online-convert.com", "category": "Business", "popularity": 0.0003629190147610833, "cookies": 0.9448190343331009, "bad_qs": 0.01404712082461443, "tracked": 0.9460978067116175, "https": 0.979229636518639, "requests": 35.681682554444706, "requests_tracking": 10.203789816321786, "content_length": 107589.55901728281, "requests_failed": 14.930946291560103, "has_blocking": 0.4976943346508564, "script": 0.9814965511896458, "iframe": 0.05833914593505386, "beacon": 0.003584437727660234, "image": 0.980566534914361, "stylesheet": 0.9691350848639851, "font": 0.8545493296132682, "xhr": 0.04363326358211269, "plugin": 0.0010462683096954196, "media": 0.00017437805161590327, "referer_leaked": 0.9837247151825157, "referer_leaked_header": 0.9816128032240564, "referer_leaked_url": 0.0, "hosts": 6.544873285282493, "trackers": 6.229791521351624, "companies": 3.143803766565915}