{"id": "onliner.by", "month": "2019-04", "country": "global", "site": "onliner.by", "category": "News and Portals", "popularity": 0.0014896471254573738, "cookies": 0.7931913447377364, "bad_qs": 0.0418082776330199, "tracked": 0.7966985763377515, "https": 0.9829500396510705, "requests": 54.62468845587402, "requests_tracking": 14.198009893886182, "content_length": 991841.3180959934, "requests_failed": 25.8132481779389, "has_blocking": 0.522634152788792, "script": 0.9974982062610929, "iframe": 0.36483705298138286, "beacon": 0.30030493561421395, "image": 0.9742976096068879, "stylesheet": 0.921934594615007, "font": 0.8000500358747782, "xhr": 0.9465749027604697, "plugin": 0.002043918281031683, "media": 0.0037951738982666817, "referer_leaked": 0.8842613571995015, "referer_leaked_header": 0.8584787205921226, "referer_leaked_url": 0.0, "hosts": 11.38087685510366, "trackers": 10.916510894603679, "companies": 4.7264170537366414}