{"id": "onlinefussballmanager.de", "month": "2019-04", "country": "global", "site": "onlinefussballmanager.de", "category": "Entertainment", "popularity": 0.0001531148094711034, "cookies": 0.5369001148105625, "bad_qs": 0.2119862227324914, "tracked": 0.5385533869115958, "https": 0.9868197474167624, "requests": 54.265671641791045, "requests_tracking": 23.71214695752009, "content_length": 355626.11164179107, "requests_failed": 17.140711825487944, "has_blocking": 0.21120551090700346, "script": 0.8546498277841561, "iframe": 0.3269804822043628, "beacon": 0.17726750861079218, "image": 0.6783926521239954, "stylesheet": 0.10636050516647531, "font": 0.07586681974741676, "xhr": 0.38181400688863376, "plugin": 0.02622273249138921, "media": 0.01933409873708381, "referer_leaked": 0.7140298507462687, "referer_leaked_header": 0.6338002296211251, "referer_leaked_url": 0.0, "hosts": 8.10971297359357, "trackers": 7.538094144661309, "companies": 5.184845005740528}