{"id": "onmeda.de", "month": "2019-04", "country": "global", "site": "onmeda.de", "category": "Reference", "popularity": 5.218208960206927e-05, "cookies": 0.5945290392130441, "bad_qs": 0.1273413286619054, "tracked": 0.5988411265328123, "https": 0.9632125050532273, "requests": 124.32677536720118, "requests_tracking": 35.12410726317208, "content_length": 1770608.2321789516, "requests_failed": 68.9590351704622, "has_blocking": 0.46260611777388494, "script": 0.9831559089071553, "iframe": 0.986659479854467, "beacon": 0.05969545883304137, "image": 0.7997574450882631, "stylesheet": 0.9993262363562863, "font": 0.515833445627274, "xhr": 0.9762835197412748, "plugin": 0.003368818218568926, "media": 0.015631316534159816, "referer_leaked": 0.9873332434981809, "referer_leaked_header": 0.980595607061043, "referer_leaked_url": 0.0, "hosts": 22.49413825629969, "trackers": 19.30292413421372, "companies": 15.126263306831964}