{"id": "onthehub.com", "month": "2019-04", "country": "global", "site": "onthehub.com", "category": "Business", "popularity": 0.00010863240833612292, "cookies": 0.6689753382095929, "bad_qs": 0.001359311282283643, "tracked": 0.6692342546443135, "https": 0.9918441323062981, "requests": 27.312059032947115, "requests_tracking": 2.5419768269790923, "content_length": 435485.12427988864, "requests_failed": 9.554275357628326, "has_blocking": 0.3740695190627225, "script": 0.9853064923296007, "iframe": 0.6304615185448896, "beacon": 0.0029775389992879797, "image": 0.889183765939543, "stylesheet": 0.9302867499514532, "font": 0.2269402550326882, "xhr": 0.567544824907761, "plugin": 0.0009709366302026021, "media": 0.0005825619781215613, "referer_leaked": 0.9852417632209205, "referer_leaked_header": 0.9760502297883358, "referer_leaked_url": 0.0, "hosts": 6.506052171661596, "trackers": 5.8562366496213345, "companies": 3.6367402420868666}