{"id": "ontvtime.ru", "month": "2019-04", "country": "global", "site": "ontvtime.ru", "category": "Entertainment", "popularity": 0.00032663555129973344, "cookies": 0.9199388616205976, "bad_qs": 0.06938344958236459, "tracked": 0.9365796951692069, "https": 0.00019374838543012143, "requests": 336.38041419099284, "requests_tracking": 41.57142857142857, "content_length": 90612011.07672437, "requests_failed": 54.426741582709035, "has_blocking": 0.503982605700508, "script": 0.9988805648841815, "iframe": 0.9862008094376992, "beacon": 0.2270731077241023, "image": 0.9975243261861707, "stylesheet": 0.6865151123740636, "font": 0.02708171876345475, "xhr": 0.6901102213037114, "plugin": 0.035628175320761214, "media": 0.006264531128907259, "referer_leaked": 0.9623267028330319, "referer_leaked_header": 0.9305734952208732, "referer_leaked_url": 0.0, "hosts": 12.368853870662189, "trackers": 10.764337380521829, "companies": 6.271699819168173}