{"id": "opensubtitles.org", "month": "2019-04", "country": "global", "site": "opensubtitles.org", "category": "Entertainment", "popularity": 0.0007216330855008707, "cookies": 0.7897511351899129, "bad_qs": 0.007990177927620681, "tracked": 0.7899265293395435, "https": 0.9753181454991913, "requests": 10.615409350457, "requests_tracking": 2.561933623058484, "content_length": 24087.514294623194, "requests_failed": 6.782209186755793, "has_blocking": 0.4666751115701674, "script": 0.9794691403737844, "iframe": 0.041870481164617154, "beacon": 0.00024360298559819148, "image": 0.9839904117864868, "stylesheet": 0.059536569680198, "font": 0.03262331183130981, "xhr": 0.0342408356556818, "plugin": 0.002299612184046928, "media": 3.897647769571064e-05, "referer_leaked": 0.9530528326155165, "referer_leaked_header": 0.9527507649133747, "referer_leaked_url": 0.0, "hosts": 5.775904741488512, "trackers": 5.7616003741741855, "companies": 4.9986163350418025}