{"id": "opendesktop.org", "month": "2019-04", "country": "global", "site": "opendesktop.org", "category": "Business", "popularity": 7.343885511440661e-05, "cookies": 0.1852738414400613, "bad_qs": 0.0068939103791650705, "tracked": 0.1861355802374569, "https": 0.9990425124473382, "requests": 8.921294523171198, "requests_tracking": 0.3655687476062811, "content_length": 115202.60417464573, "requests_failed": 3.7680965147453085, "has_blocking": 0.4159325928762926, "script": 0.9858291842206052, "iframe": 0.2017426273458445, "beacon": 0.0005744925315970893, "image": 0.3931443891229414, "stylesheet": 0.1021639218690157, "font": 0.0347567981616239, "xhr": 0.33176943699731903, "plugin": 0.0019149751053236309, "media": 0.00028724626579854464, "referer_leaked": 0.7364994255074684, "referer_leaked_header": 0.731520490233627, "referer_leaked_url": 0.0, "hosts": 4.388356951359632, "trackers": 3.6590386824971275, "companies": 3.2305630026809653}