{"id": "openload.co", "month": "2019-04", "country": "global", "site": "openload.co", "category": "Entertainment", "popularity": 0.0021838355679563745, "cookies": 0.6499544387595751, "bad_qs": 0.037569509065559885, "tracked": 0.6509332809566895, "https": 0.9901632798941304, "requests": 45.860395851512216, "requests_tracking": 3.197220603340299, "content_length": 794360012.9436361, "requests_failed": 14.577790585727579, "has_blocking": 0.43381384610926327, "script": 0.9237469048945329, "iframe": 0.10942747391095756, "beacon": 0.0019351452646898777, "image": 0.6560561031132978, "stylesheet": 0.9791448654252973, "font": 0.6747571408792192, "xhr": 0.15770628938310402, "plugin": 0.0072028618254763, "media": 0.3730676721265025, "referer_leaked": 0.8204693934720241, "referer_leaked_header": 0.816100022217142, "referer_leaked_url": 0.0, "hosts": 6.416088430664808, "trackers": 5.293655879009953, "companies": 4.5803149682359265}