{"id": "opera.com", "month": "2019-04", "country": "global", "site": "opera.com", "category": "Business", "popularity": 0.00026951722306396887, "cookies": 0.2985728821518954, "bad_qs": 0.09167992903545619, "tracked": 0.36906780766521435, "https": 0.9908163531529651, "requests": 43.362127892718306, "requests_tracking": 2.0690078008818387, "content_length": 2771146.0790002346, "requests_failed": 13.838529572908241, "has_blocking": 0.3169401758459652, "script": 0.9755537582509327, "iframe": 0.28620626679537686, "beacon": 0.03073390905058833, "image": 0.9512118761251271, "stylesheet": 0.8965013436301495, "font": 0.36126692582639774, "xhr": 0.22027707479975997, "plugin": 0.0007305173628323202, "media": 0.0023220016175741604, "referer_leaked": 0.7913590231939263, "referer_leaked_header": 0.6811552610295076, "referer_leaked_url": 0.0, "hosts": 5.290850270030525, "trackers": 4.843356205484098, "companies": 3.8520180542148243}