{"id": "opodo.de", "month": "2019-04", "country": "global", "site": "opodo.de", "category": "Recreation", "popularity": 0.00012052297746657691, "cookies": 0.9270128354725787, "bad_qs": 0.14719953325554258, "tracked": 0.9274795799299883, "https": 0.8598599766627771, "requests": 151.89451575262544, "requests_tracking": 48.81120186697783, "content_length": 1273317.567444574, "requests_failed": 41.86458576429405, "has_blocking": 0.4000583430571762, "script": 0.9926487747957993, "iframe": 0.9100350058343057, "beacon": 0.3333722287047841, "image": 0.9720536756126021, "stylesheet": 0.9673862310385064, "font": 0.6662193698949825, "xhr": 0.619078179696616, "plugin": 0.020653442240373396, "media": 0.004725787631271879, "referer_leaked": 0.9536172695449242, "referer_leaked_header": 0.3778296382730455, "referer_leaked_url": 0.0, "hosts": 25.921528588098017, "trackers": 22.3036756126021, "companies": 16.753733955659275}