{"id": "orange.pl", "month": "2019-04", "country": "global", "site": "orange.pl", "category": "Business", "popularity": 0.00021531000991987078, "cookies": 0.907184846505552, "bad_qs": 0.042390594382756365, "tracked": 0.9075114304376225, "https": 0.9839647289353364, "requests": 58.384617896799476, "requests_tracking": 21.710548661005877, "content_length": 874115.6271391248, "requests_failed": 14.037295885042456, "has_blocking": 0.35676028739386023, "script": 0.9914108425865448, "iframe": 0.8943174395819725, "beacon": 0.05365774003919007, "image": 0.7772697583278902, "stylesheet": 0.8174395819725669, "font": 0.21877857609405618, "xhr": 0.8489875898105813, "plugin": 0.0030045721750489875, "media": 0.06665578053559765, "referer_leaked": 0.9770411495754409, "referer_leaked_header": 0.949967341606793, "referer_leaked_url": 0.0, "hosts": 8.666721097322013, "trackers": 6.188112344872632, "companies": 4.4420966688438925}