{"id": "orange.fr", "month": "2019-04", "country": "global", "site": "orange.fr", "category": "Business", "popularity": 0.020528550775324877, "cookies": 0.7717879263063644, "bad_qs": 0.027951612604891762, "tracked": 0.7729963780700259, "https": 0.8875650039493903, "requests": 84.52931968413098, "requests_tracking": 7.141187105189424, "content_length": 4461640.730862241, "requests_failed": 28.545062097568092, "has_blocking": 0.5239628312024438, "script": 0.9961458335474156, "iframe": 0.8484917302576729, "beacon": 0.10688084487493826, "image": 0.9925204782564315, "stylesheet": 0.9888553892906785, "font": 0.4396568791664697, "xhr": 0.7058019385922907, "plugin": 0.477807029983168, "media": 0.06684676982350712, "referer_leaked": 0.9755213160889185, "referer_leaked_header": 0.962216015548198, "referer_leaked_url": 0.0, "hosts": 11.276976253648819, "trackers": 10.645599255747168, "companies": 9.053466797376755}