{"id": "oreilly.com", "month": "2019-04", "country": "global", "site": "oreilly.com", "category": "Business", "popularity": 0.0006196596771449606, "cookies": 0.6471562797875721, "bad_qs": 0.026939312786528075, "tracked": 0.6478030956379647, "https": 0.9618719077663292, "requests": 45.53332803776497, "requests_tracking": 5.62391629975943, "content_length": 4936348.361592756, "requests_failed": 13.896872588625119, "has_blocking": 0.4478689119876538, "script": 0.990445281648586, "iframe": 0.4448844809586492, "beacon": 0.03289682719803912, "image": 0.7920770732150152, "stylesheet": 0.7486155871272299, "font": 0.5922109754436929, "xhr": 0.5184853161454315, "plugin": 0.00020425763696609324, "media": 0.0013957605192683037, "referer_leaked": 0.9320729880622759, "referer_leaked_header": 0.9250034042939494, "referer_leaked_url": 0.0, "hosts": 9.990116199900141, "trackers": 8.85969769869729, "companies": 5.57060505651128}