{"id": "orf.at", "month": "2019-04", "country": "global", "site": "orf.at", "category": "News and Portals", "popularity": 0.0026517164546336533, "cookies": 0.7545861950094137, "bad_qs": 0.16218344780037655, "tracked": 0.7558378192039458, "https": 0.9949033438519265, "requests": 1281.0037734348068, "requests_tracking": 8.07757418259924, "content_length": 26478675.533234335, "requests_failed": 1259.3018906950226, "has_blocking": 0.4669804566306913, "script": 0.9910370979289862, "iframe": 0.14524674498157036, "beacon": 0.05406380101296704, "image": 0.24381480204714806, "stylesheet": 0.07031370157248548, "font": 0.016610538039298878, "xhr": 0.3450160430643579, "plugin": 0.0036302405133780595, "media": 0.0500517090504097, "referer_leaked": 0.781623399008247, "referer_leaked_header": 0.7375513775821378, "referer_leaked_url": 0.0, "hosts": 3.056755323380446, "trackers": 2.888716820025987, "companies": 2.8150300973190845}