{"id": "origin.com", "month": "2019-04", "country": "global", "site": "origin.com", "category": "Entertainment", "popularity": 0.0001523553881428426, "cookies": 0.8667097429270318, "bad_qs": 0.03299949231550284, "tracked": 0.867725111921355, "https": 0.9850925370378917, "requests": 92.28245719296626, "requests_tracking": 12.839848617713574, "content_length": 3472874.766649744, "requests_failed": 25.36539437854802, "has_blocking": 0.41542437808649096, "script": 0.9891540130151844, "iframe": 0.4152397655420686, "beacon": 0.0712604421470439, "image": 0.8741865509761388, "stylesheet": 0.44445470069691234, "font": 0.4551622282734112, "xhr": 0.9307241427054969, "plugin": 0.0011999815387455579, "media": 9.230627221119675e-05, "referer_leaked": 0.965985138690174, "referer_leaked_header": 0.9615082844879309, "referer_leaked_url": 0.0, "hosts": 13.567914339779389, "trackers": 11.867448193104721, "companies": 7.430516453593022}