{"id": "otodom.pl", "month": "2019-04", "country": "global", "site": "otodom.pl", "category": "Business", "popularity": 0.0005656845094067199, "cookies": 0.7642576571201273, "bad_qs": 0.026489160700079555, "tracked": 0.7656871519490851, "https": 0.9970664280031821, "requests": 97.37440334128878, "requests_tracking": 13.707251889419252, "content_length": 1163412.562462709, "requests_failed": 27.62245177008751, "has_blocking": 0.5159854813046937, "script": 0.997986276849642, "iframe": 0.9884770286396182, "beacon": 0.04486127684964201, "image": 0.9994406324582339, "stylesheet": 0.8151228122513922, "font": 0.527757060461416, "xhr": 0.44724542561654734, "plugin": 0.00017402545743834527, "media": 4.972155926809865e-05, "referer_leaked": 0.9268844470962609, "referer_leaked_header": 0.7207015712012729, "referer_leaked_url": 0.0, "hosts": 13.783524761336515, "trackers": 11.91118486475736, "companies": 8.558969769291965}