{"id": "otomoto.pl", "month": "2019-04", "country": "global", "site": "otomoto.pl", "category": "E-Commerce", "popularity": 0.00237056883456095, "cookies": 0.6820960646877883, "bad_qs": 0.05007311784579698, "tracked": 0.6869369703405541, "https": 0.9984278921593346, "requests": 102.889605400932, "requests_tracking": 15.971292717581209, "content_length": 1004995.7271384374, "requests_failed": 33.50570259872392, "has_blocking": 0.4740468725435815, "script": 0.9987660436571381, "iframe": 0.9883130096373177, "beacon": 0.10987254061525775, "image": 0.9990152079186775, "stylesheet": 0.9986859551445004, "font": 0.5784615293346425, "xhr": 0.4242080877532799, "plugin": 0.0021149299818762663, "media": 0.00031145532692427485, "referer_leaked": 0.8808935505017397, "referer_leaked_header": 0.6872424931850608, "referer_leaked_url": 0.0, "hosts": 14.813429360448733, "trackers": 12.818394848232268, "companies": 8.375647752923973}