{"id": "oui.sncf", "month": "2019-04", "country": "global", "site": "oui.sncf", "category": "Business", "popularity": 0.0020206584258858156, "cookies": 0.8387242705270301, "bad_qs": 0.08653106676178379, "tracked": 0.8398726358463975, "https": 0.9901623370974196, "requests": 68.81048492335532, "requests_tracking": 9.595068988916534, "content_length": 304970.28032641415, "requests_failed": 38.67129260696327, "has_blocking": 0.5089311502792616, "script": 0.9966384215196701, "iframe": 0.7024272266977537, "beacon": 0.5677970525290136, "image": 0.780697022949907, "stylesheet": 0.46080420371304787, "font": 0.03911401875663355, "xhr": 0.9751674699424078, "plugin": 0.0011379256346458336, "media": 0.0003062307518312947, "referer_leaked": 0.9817409914220591, "referer_leaked_header": 0.9452647330050632, "referer_leaked_url": 0.0, "hosts": 16.27482818018896, "trackers": 11.902120995945923, "companies": 10.439775198788997}