{"id": "ourdailysweepstakes.com", "month": "2019-04", "country": "global", "site": "ourdailysweepstakes.com", "category": "Business", "popularity": 0.0003435678342483634, "cookies": 0.8678264428980761, "bad_qs": 6.139991813344248e-05, "tracked": 0.8678264428980761, "https": 0.9997544003274662, "requests": 29.94269340974212, "requests_tracking": 11.997073270568972, "content_length": 141762.4118501842, "requests_failed": 6.821858370855505, "has_blocking": 0.4936553417928776, "script": 0.9159230454359394, "iframe": 0.9859803520261973, "beacon": 0.0, "image": 0.8820302906262791, "stylesheet": 0.975010233319689, "font": 0.5336471551371265, "xhr": 0.20204666393778142, "plugin": 8.186655751125665e-05, "media": 0.0, "referer_leaked": 0.9951084731887024, "referer_leaked_header": 0.9951084731887024, "referer_leaked_url": 0.0, "hosts": 7.060192386410152, "trackers": 5.597237003683995, "companies": 4.970814572247237}