{"id": "overstock.com", "month": "2019-04", "country": "global", "site": "overstock.com", "category": "E-Commerce", "popularity": 0.0004782174547563845, "cookies": 0.7665014924495287, "bad_qs": 0.41196018174065197, "tracked": 0.8003940654913321, "https": 0.9942360569924569, "requests": 158.0377891161464, "requests_tracking": 14.640871061183079, "content_length": 1872854.9080415827, "requests_failed": 41.44449999264803, "has_blocking": 0.4783190460086165, "script": 0.9964563513652605, "iframe": 0.6560455233866106, "beacon": 0.023761560969871635, "image": 0.9957652663618051, "stylesheet": 0.5709391404078872, "font": 0.07487244335308563, "xhr": 0.7791615815553824, "plugin": 0.0033377935273272655, "media": 0.0066461791821670665, "referer_leaked": 0.9932214853916393, "referer_leaked_header": 0.9791792262788749, "referer_leaked_url": 0.0, "hosts": 19.480201149847815, "trackers": 15.285241659192165, "companies": 12.660089105853636}