{"id": "overleaf.com", "month": "2019-04", "country": "global", "site": "overleaf.com", "category": "Business", "popularity": 0.0009022136330107401, "cookies": 0.9202303849361297, "bad_qs": 0.0025407810953416415, "tracked": 0.9205655186388896, "https": 0.9984178571706922, "requests": 39.79541256517571, "requests_tracking": 10.362186006998838, "content_length": 824251.7823267631, "requests_failed": 8.322398622054916, "has_blocking": 0.27066333091725314, "script": 0.9976696516947633, "iframe": 0.934072186240813, "beacon": 0.00017146375490035618, "image": 0.8958435627050746, "stylesheet": 0.9961342717077011, "font": 0.6343379550609086, "xhr": 0.1271091990304504, "plugin": 0.0010677515646067635, "media": 0.0021744721644181533, "referer_leaked": 0.5857747433889032, "referer_leaked_header": 0.3679534242091234, "referer_leaked_url": 0.0, "hosts": 5.6063815692051095, "trackers": 5.420623972191697, "companies": 2.807539728931391}