{"id": "overwatchleague.com", "month": "2019-04", "country": "global", "site": "overwatchleague.com", "category": "Entertainment", "popularity": 0.00013427694152285606, "cookies": 0.5109447004608295, "bad_qs": 0.015919564306661083, "tracked": 0.511520737327189, "https": 0.9903644742354419, "requests": 929.289327607876, "requests_tracking": 19.197161709258484, "content_length": 240407149.6459468, "requests_failed": 156.36112274821951, "has_blocking": 0.45533095936321744, "script": 0.9983242563887725, "iframe": 0.4740783410138249, "beacon": 0.012306242144951822, "image": 0.9865416841223292, "stylesheet": 0.9124423963133641, "font": 0.4735023041474654, "xhr": 0.4739212400502723, "plugin": 0.0007331378299120235, "media": 0.016547968160871385, "referer_leaked": 0.9846564725596983, "referer_leaked_header": 0.9841851696690407, "referer_leaked_url": 0.0, "hosts": 13.32378508588186, "trackers": 9.620391705069125, "companies": 6.9753351487222455}