{"id": "oxforddictionaries.com", "month": "2019-04", "country": "global", "site": "oxforddictionaries.com", "category": "Reference", "popularity": 0.0002731877594838961, "cookies": 0.7039973231062263, "bad_qs": 0.010784793184216622, "tracked": 0.7047180252760546, "https": 0.9910169622403542, "requests": 26.82041646289671, "requests_tracking": 6.315616071658387, "content_length": 598175.8019870789, "requests_failed": 9.988751898278037, "has_blocking": 0.5348897068286531, "script": 0.9861264832308049, "iframe": 0.07868523332732748, "beacon": 0.004813260919924841, "image": 0.7883194769761396, "stylesheet": 0.9423695657769426, "font": 0.583948933103395, "xhr": 0.11335615556871123, "plugin": 0.0013899256132403285, "media": 0.7705593163625132, "referer_leaked": 0.9932820262026717, "referer_leaked_header": 0.9890350312733263, "referer_leaked_url": 0.0, "hosts": 9.326349386116188, "trackers": 7.7511003577771485, "companies": 4.553705181333814}