{"id": "pagesix.com", "month": "2019-04", "country": "global", "site": "pagesix.com", "category": "News and Portals", "popularity": 0.0002815413940947651, "cookies": 0.9591648143060516, "bad_qs": 0.354579285196933, "tracked": 0.9612877444491621, "https": 0.7057369065161467, "requests": 221.86345812832488, "requests_tracking": 43.90114638227728, "content_length": 2804756.9886360797, "requests_failed": 82.42296261145383, "has_blocking": 0.5357526411748545, "script": 0.9868877844102001, "iframe": 0.8589125602537526, "beacon": 0.289267963735358, "image": 0.9989260471040735, "stylesheet": 0.9993256574839532, "font": 0.7375558830140613, "xhr": 0.9240490521741302, "plugin": 0.0021978570893378957, "media": 0.016633782062489073, "referer_leaked": 0.9990759009965284, "referer_leaked_header": 0.9970278977996453, "referer_leaked_url": 0.0, "hosts": 42.5384250355903, "trackers": 34.002472589225505, "companies": 26.185244386722946}