{"id": "paheal.net", "month": "2019-04", "country": "global", "site": "paheal.net", "category": "Adult", "popularity": 0.002446946931482884, "cookies": 0.5407670932127165, "bad_qs": 0.001569015112546661, "tracked": 0.5409107759153307, "https": 0.4367781740227421, "requests": 21.546341982074146, "requests_tracking": 3.736376724551638, "content_length": 301556.4266600381, "requests_failed": 11.744885614200449, "has_blocking": 0.44416346493711006, "script": 0.9662230702694625, "iframe": 0.9756946340257882, "beacon": 2.2989232418266093e-05, "image": 0.9814994152114004, "stylesheet": 0.9742578069996466, "font": 0.18854906333246166, "xhr": 0.006954242806525493, "plugin": 0.001140840658756455, "media": 0.013586636359195261, "referer_leaked": 0.8478313969694444, "referer_leaked_header": 0.6214104468819417, "referer_leaked_url": 0.0, "hosts": 6.692352344470659, "trackers": 6.6341321133713995, "companies": 5.511929974798054}