{"id": "panasonic.com", "month": "2019-04", "country": "global", "site": "panasonic.com", "category": "Business", "popularity": 0.00022428946395865835, "cookies": 0.7701037715145626, "bad_qs": 0.045772329686177386, "tracked": 0.7761858481988901, "https": 0.9082672351631815, "requests": 37.598426184280655, "requests_tracking": 10.372009906887795, "content_length": 824078.4696993447, "requests_failed": 11.54230805404897, "has_blocking": 0.3885945386713484, "script": 0.9879612502743205, "iframe": 0.4998275699909082, "beacon": 0.05944132677054268, "image": 0.6119384268112988, "stylesheet": 0.2957017901370035, "font": 0.16904411073141676, "xhr": 0.41822114932438786, "plugin": 0.0012853873405022417, "media": 0.00037621092892748537, "referer_leaked": 0.938552214941844, "referer_leaked_header": 0.924757814214503, "referer_leaked_url": 0.0, "hosts": 8.977458695175095, "trackers": 7.19751073768693, "companies": 4.177446154810797}