{"id": "pandora.com", "month": "2019-04", "country": "global", "site": "pandora.com", "category": "Entertainment", "popularity": 0.00036850216785959335, "cookies": 0.6492768003663703, "bad_qs": 0.0760218295615006, "tracked": 0.649811090333168, "https": 0.9637064458268138, "requests": 318.48877991069725, "requests_tracking": 45.97238865778728, "content_length": 29497363.035148647, "requests_failed": 144.1328283021028, "has_blocking": 0.458802427202992, "script": 0.9935121932603137, "iframe": 0.781170095027287, "beacon": 0.06976300423615617, "image": 0.8045834446437431, "stylesheet": 0.05035682937068275, "font": 0.02448192955005152, "xhr": 0.7522993550356829, "plugin": 0.00255695912681754, "media": 0.6182307369385185, "referer_leaked": 0.9563790405678739, "referer_leaked_header": 0.950177460596115, "referer_leaked_url": 0.0, "hosts": 16.64107163301912, "trackers": 13.75168873793077, "companies": 9.963973590810212}