{"id": "pandao.ru", "month": "2019-04", "country": "global", "site": "pandao.ru", "category": "E-Commerce", "popularity": 0.00011529140831633577, "cookies": 0.6670529397414003, "bad_qs": 0.08325201268602098, "tracked": 0.7130397657965357, "https": 0.9963405708709442, "requests": 75.2104781654062, "requests_tracking": 6.105147596974872, "content_length": 685956.0107343254, "requests_failed": 9.96267382288363, "has_blocking": 0.3950353744815809, "script": 0.9899975603805806, "iframe": 0.32575018297145647, "beacon": 0.06111246645523298, "image": 0.937972676262503, "stylesheet": 0.9555989265674555, "font": 0.4438887533544767, "xhr": 0.5403757013905831, "plugin": 0.00725786777262747, "media": 0.0, "referer_leaked": 0.9708465479385215, "referer_leaked_header": 0.899670651378385, "referer_leaked_url": 0.0, "hosts": 8.648145889241277, "trackers": 7.154732861673579, "companies": 3.785984386435716}