{"id": "paradoxwikis.com", "month": "2019-04", "country": "global", "site": "paradoxwikis.com", "category": "Entertainment", "popularity": 0.0002854158492046883, "cookies": 0.5720620842572062, "bad_qs": 0.0019955654101995565, "tracked": 0.5736388272973639, "https": 0.992880019709288, "requests": 8.115521064301552, "requests_tracking": 1.8648435575264843, "content_length": 166688.22552352797, "requests_failed": 3.3943828529194384, "has_blocking": 0.20591278640059127, "script": 0.9704360679970436, "iframe": 0.057748213845774825, "beacon": 0.00022172949002217295, "image": 0.7302537570830254, "stylesheet": 0.05269770879526977, "font": 0.027937915742793792, "xhr": 0.04161123429416112, "plugin": 0.0003941857600394186, "media": 0.0009361911800936191, "referer_leaked": 0.7628233555062823, "referer_leaked_header": 0.7384577482138458, "referer_leaked_url": 0.0, "hosts": 3.179157427937916, "trackers": 3.1284552845528455, "companies": 2.323651145602365}