{"id": "parfumdreams.de", "month": "2019-04", "country": "global", "site": "parfumdreams.de", "category": "E-Commerce", "popularity": 4.680285519355519e-05, "cookies": 0.7309194711538461, "bad_qs": 0.09164663461538461, "tracked": 0.7318209134615384, "https": 0.998046875, "requests": 47.50886418269231, "requests_tracking": 9.428485576923077, "content_length": 387179.19951923075, "requests_failed": 14.178786057692308, "has_blocking": 0.3864182692307692, "script": 0.9966947115384616, "iframe": 0.962890625, "beacon": 0.1834435096153846, "image": 0.9203725961538461, "stylesheet": 0.9146634615384616, "font": 0.24549278846153846, "xhr": 0.8060396634615384, "plugin": 0.0009014423076923077, "media": 0.0025540865384615385, "referer_leaked": 0.9939903846153846, "referer_leaked_header": 0.990234375, "referer_leaked_url": 0.0, "hosts": 19.863431490384617, "trackers": 16.239332932692307, "companies": 12.78680889423077}