{"id": "parship.de", "month": "2019-04", "country": "global", "site": "parship.de", "category": "Entertainment", "popularity": 0.0004173301465951774, "cookies": 0.48353833192923334, "bad_qs": 0.26783487784330245, "tracked": 0.5331255265374895, "https": 0.9997809604043808, "requests": 15.482392586352148, "requests_tracking": 3.0583150800336982, "content_length": 55491.292586352145, "requests_failed": 5.065223251895535, "has_blocking": 0.353664700926706, "script": 0.9990058972198821, "iframe": 0.14385846672283067, "beacon": 0.0013647851727042965, "image": 0.7478348778433025, "stylesheet": 0.18798652064026958, "font": 0.016023588879528223, "xhr": 0.7795619208087616, "plugin": 0.0, "media": 0.0, "referer_leaked": 0.8277000842459983, "referer_leaked_header": 0.8267396798652064, "referer_leaked_url": 0.0, "hosts": 5.93597304128054, "trackers": 5.47519797809604, "companies": 3.174726200505476}