{"id": "paruvendu.fr", "month": "2019-04", "country": "global", "site": "paruvendu.fr", "category": "E-Commerce", "popularity": 0.0005684831176349404, "cookies": 0.730586547262697, "bad_qs": 0.02747198377161517, "tracked": 0.7309081463523242, "https": 0.9850209039408258, "requests": 35.47335675234396, "requests_tracking": 5.818086238032803, "content_length": 216892.49360512578, "requests_failed": 16.852089157163, "has_blocking": 0.5047868787571432, "script": 0.9981817282240308, "iframe": 0.3986962867674344, "beacon": 0.04402196769166069, "image": 0.9736288746505702, "stylesheet": 0.974568933527942, "font": 0.33771615169581676, "xhr": 0.8242708359102491, "plugin": 0.0005689830047250328, "media": 0.0003587066768918685, "referer_leaked": 0.9888924622121069, "referer_leaked_header": 0.9847487816342182, "referer_leaked_url": 0.0, "hosts": 14.40730524701284, "trackers": 12.37517007644163, "companies": 7.545394948420454}