{"id": "pastebin.com", "month": "2019-04", "country": "global", "site": "pastebin.com", "category": "Business", "popularity": 0.0006629396611768615, "cookies": 0.19510177239894355, "bad_qs": 0.009896159271948153, "tracked": 0.197658015040465, "https": 0.9855641235057648, "requests": 21.934407450227518, "requests_tracking": 5.223252261903499, "content_length": 132750.18782549666, "requests_failed": 12.982233583300628, "has_blocking": 0.4775188536153332, "script": 0.9771635252813458, "iframe": 0.026867064775824945, "beacon": 0.0010606815939922995, "image": 0.4381039255825794, "stylesheet": 0.10250426924341582, "font": 0.019208943667200544, "xhr": 0.027917139553877323, "plugin": 0.001750124630087294, "media": 0.0003606317419573818, "referer_leaked": 0.6120875274451363, "referer_leaked_header": 0.6101252664962505, "referer_leaked_url": 0.0, "hosts": 4.587108475906618, "trackers": 4.277665227675304, "companies": 3.532356092024735}