{"id": "patagonia.com", "month": "2019-04", "country": "global", "site": "patagonia.com", "category": "Business", "popularity": 0.0003163763316892471, "cookies": 0.9577712088547108, "bad_qs": 0.31155957593403416, "tracked": 0.9588824928322184, "https": 0.991376436334541, "requests": 126.69175205031894, "requests_tracking": 48.11644033516325, "content_length": 1106636.779165648, "requests_failed": 44.177672082323916, "has_blocking": 0.556353210499411, "script": 0.9918431756050942, "iframe": 0.8076145178138822, "beacon": 0.07201120174249327, "image": 0.9736847954126198, "stylesheet": 0.9901317982797324, "font": 0.5656213188718245, "xhr": 0.8401973640344054, "plugin": 0.0015780232480608095, "media": 0.0002889338341519792, "referer_leaked": 0.9764407796768386, "referer_leaked_header": 0.7828995621541128, "referer_leaked_url": 0.0, "hosts": 22.49496588358189, "trackers": 19.88284844309115, "companies": 14.504145089236104}