{"id": "pathofexile.com", "month": "2019-04", "country": "global", "site": "pathofexile.com", "category": "Entertainment", "popularity": 0.001306865662431341, "cookies": 0.9205613008060091, "bad_qs": 0.0031045874718865344, "tracked": 0.9213737665048909, "https": 0.909041505698021, "requests": 103.41847364059961, "requests_tracking": 54.95008447491041, "content_length": 3108448.6096936306, "requests_failed": 27.600218451042217, "has_blocking": 0.28694028646141595, "script": 0.9981544653330033, "iframe": 0.0870737245364641, "beacon": 0.001743303883693652, "image": 0.9933065739774232, "stylesheet": 0.9725375832642827, "font": 0.4971052546622618, "xhr": 0.6557566692134686, "plugin": 0.0005649595919377576, "media": 0.16205193323791794, "referer_leaked": 0.9707350931376242, "referer_leaked_header": 0.9632184402810808, "referer_leaked_url": 0.0, "hosts": 3.3732876343796745, "trackers": 3.1929794354708534, "companies": 2.8017691306078967}