{"id": "paxful.com", "month": "2019-04", "country": "global", "site": "paxful.com", "category": "Business", "popularity": 0.00019865899412985596, "cookies": 0.8271272830242107, "bad_qs": 0.29820897635565624, "tracked": 0.8281183633017132, "https": 0.9973807164094577, "requests": 104.39398980603143, "requests_tracking": 18.87307093303129, "content_length": 616326.8205436784, "requests_failed": 47.86418660625797, "has_blocking": 0.28596205578366135, "script": 0.9920713577799801, "iframe": 0.807978196233895, "beacon": 0.009132096842701401, "image": 0.9163245079994337, "stylesheet": 0.9342347444428714, "font": 0.27233470196800225, "xhr": 0.9419864080419086, "plugin": 0.001061871725895512, "media": 0.001840577658218887, "referer_leaked": 0.9537023927509557, "referer_leaked_header": 0.8616381141158148, "referer_leaked_url": 0.0, "hosts": 16.31686252300722, "trackers": 12.950445986124876, "companies": 10.355443862381424}