{"id": "pc-magazin.de", "month": "2019-04", "country": "global", "site": "pc-magazin.de", "category": "News and Portals", "popularity": 0.00015217959616870816, "cookies": 0.8706681452730801, "bad_qs": 0.1265132612512707, "tracked": 0.8726550226411607, "https": 0.994593845300804, "requests": 73.86382959061085, "requests_tracking": 17.57947509472322, "content_length": 5911288.142685519, "requests_failed": 29.937990943535716, "has_blocking": 0.4920524905276777, "script": 0.9684872008132335, "iframe": 0.7733111542371315, "beacon": 0.09532390721744756, "image": 0.9071250346548378, "stylesheet": 0.992375935680621, "font": 0.5574808243230756, "xhr": 0.6518806025321134, "plugin": 0.010904722299232972, "media": 0.2101931429627576, "referer_leaked": 0.7824600314203863, "referer_leaked_header": 0.25371961925884856, "referer_leaked_url": 0.0, "hosts": 19.833749191387117, "trackers": 16.697116717493763, "companies": 12.480870529525921}