{"id": "pcastuces.com", "month": "2019-04", "country": "global", "site": "pcastuces.com", "category": "Entertainment", "popularity": 0.00032439947738874324, "cookies": 0.278189621537261, "bad_qs": 0.02018034421467898, "tracked": 0.28460571379026317, "https": 0.9740104911778732, "requests": 18.33079724281441, "requests_tracking": 4.141912689122989, "content_length": 179021.87143971908, "requests_failed": 10.113148653921186, "has_blocking": 0.4992630164303984, "script": 0.9901157497724021, "iframe": 0.2851042614991113, "beacon": 0.006481120215025795, "image": 0.3211514284475658, "stylesheet": 0.1176789352755018, "font": 0.0466033727836303, "xhr": 0.1346295573763385, "plugin": 0.0024927385442406903, "media": 0.00619933237958989, "referer_leaked": 0.7088698140200286, "referer_leaked_header": 0.7047513764251961, "referer_leaked_url": 0.0, "hosts": 6.672107339489314, "trackers": 6.274201239866476, "companies": 3.3474444010924698}