{"id": "pcgameshardware.de", "month": "2019-04", "country": "global", "site": "pcgameshardware.de", "category": "Entertainment", "popularity": 0.0003602751034701012, "cookies": 0.9460145210398938, "bad_qs": 0.12990865797486142, "tracked": 0.9471855726442345, "https": 0.029549535482863612, "requests": 77.11679288000624, "requests_tracking": 19.86433367163713, "content_length": 11785017.842552112, "requests_failed": 35.08882426418924, "has_blocking": 0.4523577172300726, "script": 0.979818877351862, "iframe": 0.41371301428682955, "beacon": 0.1285619486298696, "image": 0.9913537356546178, "stylesheet": 0.7777539230228745, "font": 0.26633616988055275, "xhr": 0.702962760558982, "plugin": 0.0018346475134670935, "media": 0.038351940042157855, "referer_leaked": 0.9802872979935983, "referer_leaked_header": 0.9506011398235615, "referer_leaked_url": 0.0, "hosts": 17.39037005230697, "trackers": 15.207998282457647, "companies": 12.025567960028106}