{"id": "pcgamer.com", "month": "2019-04", "country": "global", "site": "pcgamer.com", "category": "Entertainment", "popularity": 0.000920151446051419, "cookies": 0.8100918552935242, "bad_qs": 0.06740894710296658, "tracked": 0.8116737226612053, "https": 0.8847682220422137, "requests": 130.21703678796862, "requests_tracking": 26.251960139999085, "content_length": 6835752.224907915, "requests_failed": 47.45939873756286, "has_blocking": 0.5086353146158431, "script": 0.9898821623439148, "iframe": 0.8887802044964771, "beacon": 0.10553424322548105, "image": 0.9970425957908573, "stylesheet": 0.9744685078482018, "font": 0.6744486389827141, "xhr": 0.9110027663574256, "plugin": 0.0013144018707301043, "media": 0.03835455226275811, "referer_leaked": 0.994933439300616, "referer_leaked_header": 0.9900349997707438, "referer_leaked_url": 0.0, "hosts": 27.119702272692535, "trackers": 22.10315762123829, "companies": 17.578176343823074}