{"id": "pcmag.com", "month": "2019-04", "country": "global", "site": "pcmag.com", "category": "News and Portals", "popularity": 0.0006199901660563333, "cookies": 0.8160506288915856, "bad_qs": 0.03695092490728244, "tracked": 0.8163568520261764, "https": 0.979675857141237, "requests": 89.92520216397682, "requests_tracking": 21.63908768189087, "content_length": 1040906.5186399156, "requests_failed": 29.655124700865365, "has_blocking": 0.4612627734742716, "script": 0.983407242744213, "iframe": 0.762189381996348, "beacon": 0.018203264111782785, "image": 0.9789046285059714, "stylesheet": 0.9592042735139672, "font": 0.7321341484161459, "xhr": 0.8956232774948679, "plugin": 0.002438443479148473, "media": 0.003946875956947296, "referer_leaked": 0.9868437468101757, "referer_leaked_header": 0.9646368987535584, "referer_leaked_url": 0.0, "hosts": 18.068151659842805, "trackers": 14.140477027594107, "companies": 10.843882909346611}