{"id": "pcpartpicker.com", "month": "2019-04", "country": "global", "site": "pcpartpicker.com", "category": "E-Commerce", "popularity": 0.001522006912056043, "cookies": 0.25013167013167015, "bad_qs": 0.001750981750981751, "tracked": 0.25043659043659044, "https": 0.6844352044352044, "requests": 14.560702240702241, "requests_tracking": 0.35386463386463385, "content_length": 95510.8365904366, "requests_failed": 9.196368676368676, "has_blocking": 0.31797181797181795, "script": 0.8516377916377916, "iframe": 0.007678447678447679, "beacon": 0.0, "image": 0.6181335181335181, "stylesheet": 0.8363039963039963, "font": 0.007613767613767614, "xhr": 0.003418803418803419, "plugin": 0.0012427812427812427, "media": 6.93000693000693e-05, "referer_leaked": 0.8843843843843844, "referer_leaked_header": 0.8630214830214831, "referer_leaked_url": 0.0, "hosts": 3.4891291291291293, "trackers": 3.077075537075537, "companies": 2.338281358281358}