{"id": "pcwelt.de", "month": "2019-04", "country": "global", "site": "pcwelt.de", "category": "News and Portals", "popularity": 0.00033910271810534844, "cookies": 0.9419803006739244, "bad_qs": 0.14154484188698807, "tracked": 0.942540176257128, "https": 0.9828512182477968, "requests": 143.00122343182997, "requests_tracking": 36.95187143597719, "content_length": 2058987.5192742355, "requests_failed": 47.95917055469155, "has_blocking": 0.4873405909797823, "script": 0.9798237428719544, "iframe": 0.7425816485225506, "beacon": 0.576381544841887, "image": 0.927485743908761, "stylesheet": 0.9879937791601866, "font": 0.8304821150855366, "xhr": 0.9747848626231208, "plugin": 0.00800414722654225, "media": 0.12748574390876102, "referer_leaked": 0.9862934162778642, "referer_leaked_header": 0.9797822706065319, "referer_leaked_url": 0.0, "hosts": 27.63983411093831, "trackers": 22.381980300673924, "companies": 16.7552099533437}