{"id": "pcworld.com", "month": "2019-04", "country": "global", "site": "pcworld.com", "category": "News and Portals", "popularity": 0.00024437897076274293, "cookies": 0.8511538240202566, "bad_qs": 0.023997237728031307, "tracked": 0.851988260344133, "https": 0.9901018587788456, "requests": 213.2947862116591, "requests_tracking": 20.50204293031018, "content_length": 32845369.6720953, "requests_failed": 130.74155492892905, "has_blocking": 0.5269321516947689, "script": 0.9783909765782356, "iframe": 0.90478793807907, "beacon": 0.10548426080451172, "image": 0.9982735800195661, "stylesheet": 0.7794498474995684, "font": 0.8232433676699085, "xhr": 0.6769292743281349, "plugin": 0.003941992288657421, "media": 0.07219312884847787, "referer_leaked": 0.9708522759970075, "referer_leaked_header": 0.9541060021867986, "referer_leaked_url": 0.0, "hosts": 21.836364159521207, "trackers": 18.107297001783966, "companies": 13.353196754330437}