{"id": "peanutlabs.com", "month": "2019-04", "country": "global", "site": "peanutlabs.com", "category": "Business", "popularity": 3.8308587003378705e-05, "cookies": 0.6538179148311307, "bad_qs": 0.003671071953010279, "tracked": 0.6545521292217328, "https": 0.40583700440528636, "requests": 21.30635095447871, "requests_tracking": 4.219162995594714, "content_length": 94355.90345080763, "requests_failed": 8.277900146842878, "has_blocking": 0.1800660792951542, "script": 0.9654919236417033, "iframe": 0.006057268722466961, "beacon": 0.00018355359765051394, "image": 0.801762114537445, "stylesheet": 0.9034508076358296, "font": 0.8772026431718062, "xhr": 0.08535242290748898, "plugin": 0.0012848751835535977, "media": 0.0, "referer_leaked": 0.9232745961820852, "referer_leaked_header": 0.8269089574155654, "referer_leaked_url": 0.0, "hosts": 3.8423274596182084, "trackers": 3.706681350954479, "companies": 2.871879588839941}