{"id": "pearsoned.com", "month": "2019-04", "country": "global", "site": "pearsoned.com", "category": "Business", "popularity": 0.0001915851250906858, "cookies": 0.617118109080232, "bad_qs": 0.004734639947148205, "tracked": 0.6177420538794686, "https": 0.9895397489539749, "requests": 40.41305145709462, "requests_tracking": 3.397562945019452, "content_length": 226388.6698230933, "requests_failed": 9.959480290684871, "has_blocking": 0.27215004037289875, "script": 0.9963297364750789, "iframe": 0.8705865081112824, "beacon": 0.004477721500403729, "image": 0.543162299053072, "stylesheet": 0.7874917419070689, "font": 0.4646186596197607, "xhr": 0.8499596271012259, "plugin": 0.0026425897379431843, "media": 0.05637524774278793, "referer_leaked": 0.9707479997063789, "referer_leaked_header": 0.9653160096894957, "referer_leaked_url": 0.0, "hosts": 5.02884827130588, "trackers": 4.362291712544961, "companies": 3.270094692798943}