{"id": "pearl.de", "month": "2019-04", "country": "global", "site": "pearl.de", "category": "E-Commerce", "popularity": 0.00023426741641052956, "cookies": 0.7806459358866611, "bad_qs": 0.08482410853643894, "tracked": 0.7813062792652179, "https": 0.998499219594189, "requests": 180.18747748829392, "requests_tracking": 39.92195941889783, "content_length": 10625743.842207948, "requests_failed": 16.486883179253212, "has_blocking": 0.44582182735022213, "script": 0.9867631168207468, "iframe": 0.7567234962180334, "beacon": 0.205066634650018, "image": 0.9696542201945011, "stylesheet": 0.6116280465842238, "font": 0.40358986673069996, "xhr": 0.703835994717253, "plugin": 0.0014107335814623604, "media": 0.0, "referer_leaked": 0.9794693240485052, "referer_leaked_header": 0.9761976227638371, "referer_leaked_url": 0.0, "hosts": 12.533977668387562, "trackers": 11.465872253571858, "companies": 6.499909953175651}