{"id": "pelisplus.to", "month": "2019-04", "country": "global", "site": "pelisplus.to", "category": "Entertainment", "popularity": 0.00032580581318181884, "cookies": 0.9344541805153883, "bad_qs": 0.005654594897915138, "tracked": 0.9345405102084862, "https": 0.9981654940216688, "requests": 57.605214313463115, "requests_tracking": 33.73656494151163, "content_length": 294506148.8970518, "requests_failed": 14.157033711745155, "has_blocking": 0.4529071524150732, "script": 0.9981223291751198, "iframe": 0.45901497820175247, "beacon": 0.004856045236759183, "image": 0.9753528726205378, "stylesheet": 0.3307290542582121, "font": 0.14203392756938749, "xhr": 0.44619501877670825, "plugin": 0.0009712090473518366, "media": 0.1717529244183537, "referer_leaked": 0.9933957784780075, "referer_leaked_header": 0.9919281736953425, "referer_leaked_url": 0.0, "hosts": 8.094487849095696, "trackers": 6.696810117840031, "companies": 5.434022532049899}