{"id": "pepper.pl", "month": "2019-04", "country": "global", "site": "pepper.pl", "category": "E-Commerce", "popularity": 0.0007867534643992352, "cookies": 0.1526808297657458, "bad_qs": 0.0016534539311984413, "tracked": 0.15330646098295603, "https": 0.9980962935819174, "requests": 2.5942334676950853, "requests_tracking": 0.32074324988604574, "content_length": 114293.83441329199, "requests_failed": 1.3438469169787375, "has_blocking": 0.2884338663115465, "script": 0.9972204098778231, "iframe": 0.0059434965634971, "beacon": 0.0289130998239295, "image": 0.26574132830445, "stylesheet": 0.04399974974751312, "font": 0.015015149213045304, "xhr": 0.00903590229427905, "plugin": 6.25631217210221e-05, "media": 0.00019662695398035517, "referer_leaked": 0.3152376951745958, "referer_leaked_header": 0.29364448059202586, "referer_leaked_url": 0.0, "hosts": 1.2721495794864461, "trackers": 1.2332174425983358, "companies": 1.1423132267376908}