{"id": "perfectgirls.net", "month": "2019-04", "country": "global", "site": "perfectgirls.net", "category": "Adult", "popularity": 0.0006189916676432497, "cookies": 0.5975644389916959, "bad_qs": 0.005032432493837258, "tracked": 0.5976780379193221, "https": 0.005191470992513831, "requests": 16.34593145440707, "requests_tracking": 2.0341819173227003, "content_length": 115518.78759272513, "requests_failed": 12.6623726272024, "has_blocking": 0.5136375512615161, "script": 0.9911392836451624, "iframe": 0.03532926649172432, "beacon": 1.135989276261232e-05, "image": 0.9980915380158811, "stylesheet": 0.08764157266355406, "font": 0.011905167615217713, "xhr": 0.2727055856592714, "plugin": 0.002578695657112997, "media": 0.007872405684490338, "referer_leaked": 0.6448897522407389, "referer_leaked_header": 0.6362903134194413, "referer_leaked_url": 0.0, "hosts": 4.292755796385282, "trackers": 3.2911086119347033, "companies": 3.142782492133274}