{"id": "personio.de", "month": "2019-04", "country": "global", "site": "personio.de", "category": "Business", "popularity": 0.0003117213602141669, "cookies": 0.388464054499109, "bad_qs": 0.007218425029888791, "tracked": 0.3885993999684194, "https": 0.9747129548171708, "requests": 16.515733910807334, "requests_tracking": 1.9890370169858564, "content_length": 110576.88746024227, "requests_failed": 6.174415194784688, "has_blocking": 0.2964516929462453, "script": 0.9416435451489928, "iframe": 0.07078568044934695, "beacon": 0.0037671155624732127, "image": 0.6522749317633258, "stylesheet": 0.8743091741670614, "font": 0.3503868624664456, "xhr": 0.1970855608941824, "plugin": 0.0, "media": 2.2557578218402474e-05, "referer_leaked": 0.8357357154135931, "referer_leaked_header": 0.8049671787236923, "referer_leaked_url": 0.0, "hosts": 4.857481220816133, "trackers": 4.571428571428571, "companies": 3.5054025399833075}