{"id": "perthnow.com.au", "month": "2019-04", "country": "global", "site": "perthnow.com.au", "category": "News and Portals", "popularity": 0.0002764856169186584, "cookies": 0.7953458799593083, "bad_qs": 0.2384028484231943, "tracked": 0.7966683621566633, "https": 0.9970752797558494, "requests": 41.16574262461852, "requests_tracking": 7.5970498474059, "content_length": 564932.548397762, "requests_failed": 15.692802644964395, "has_blocking": 0.45501017293997964, "script": 0.9990081383519838, "iframe": 0.56823499491353, "beacon": 0.10048321464903356, "image": 0.9959053916581893, "stylesheet": 0.999262461851475, "font": 0.025788402848423195, "xhr": 0.9899033570701933, "plugin": 0.0002797558494404883, "media": 0.0012970498474059002, "referer_leaked": 0.9995422177009156, "referer_leaked_header": 0.9994913530010173, "referer_leaked_url": 0.0, "hosts": 13.970625635808748, "trackers": 11.631993896236013, "companies": 10.683290946083417}