{"id": "pexels.com", "month": "2019-04", "country": "global", "site": "pexels.com", "category": "Entertainment", "popularity": 0.0009479687680384539, "cookies": 0.49910246710282313, "bad_qs": 0.03248178972510273, "tracked": 0.500318957971724, "https": 0.9963356921387987, "requests": 30.25768095301675, "requests_tracking": 4.149494859584316, "content_length": 2940081.1361431307, "requests_failed": 8.516452297239159, "has_blocking": 0.5017579776581067, "script": 0.9598409660717729, "iframe": 0.3740041835417687, "beacon": 0.0845386977613601, "image": 0.9524381740768763, "stylesheet": 0.06660287507232186, "font": 0.01254320767872773, "xhr": 0.06080970819054401, "plugin": 0.0011126440874093195, "media": 0.09530167490023292, "referer_leaked": 0.95128844185322, "referer_leaked_header": 0.949619475722106, "referer_leaked_url": 0.0, "hosts": 5.734293174299405, "trackers": 4.737008025872684, "companies": 4.617339445458187}