{"id": "pferde.de", "month": "2019-04", "country": "global", "site": "pferde.de", "category": "E-Commerce", "popularity": 3.3400475085544946e-06, "cookies": 0.6968421052631579, "bad_qs": 0.11157894736842106, "tracked": 0.6968421052631579, "https": 0.9705263157894737, "requests": 33.8021052631579, "requests_tracking": 10.677894736842106, "content_length": 478913.8463157895, "requests_failed": 9.618947368421052, "has_blocking": 0.25263157894736843, "script": 0.9557894736842105, "iframe": 0.5621052631578948, "beacon": 0.12, "image": 0.6947368421052632, "stylesheet": 0.9726315789473684, "font": 0.5031578947368421, "xhr": 0.5431578947368421, "plugin": 0.0, "media": 0.004210526315789474, "referer_leaked": 0.9726315789473684, "referer_leaked_header": 0.9726315789473684, "referer_leaked_url": 0.0, "hosts": 9.24421052631579, "trackers": 8.32, "companies": 4.536842105263158}