{"id": "ph0dv.nl", "month": "2019-04", "country": "global", "site": "ph0dv.nl", "category": "Entertainment", "popularity": 2.3970993592973203e-05, "cookies": 0.0011733646230566149, "bad_qs": 0.0, "tracked": 0.0011733646230566149, "https": 0.9991199765327076, "requests": 1.0181871516573775, "requests_tracking": 0.0011733646230566149, "content_length": 33514.473745966556, "requests_failed": 0.005573481959518921, "has_blocking": 0.0, "script": 1.0, "iframe": 0.0, "beacon": 0.0, "image": 0.0008800234672924611, "stylesheet": 0.0011733646230566149, "font": 0.0008800234672924611, "xhr": 0.0, "plugin": 0.0, "media": 0.0, "referer_leaked": 1.0, "referer_leaked_header": 1.0, "referer_leaked_url": 0.0, "hosts": 1.005866823115283, "trackers": 1.004106776180698, "companies": 1.0011733646230565}