{"id": "philly.com", "month": "2019-04", "country": "global", "site": "philly.com", "category": "News and Portals", "popularity": 0.00021572487897882807, "cookies": 0.8255158251572737, "bad_qs": 0.20029987939632973, "tracked": 0.8279930897356498, "https": 0.9816160891815249, "requests": 111.43286938948467, "requests_tracking": 27.488444864565338, "content_length": 1082895.0620945925, "requests_failed": 27.970663972098176, "has_blocking": 0.4834251442354705, "script": 0.9896997946478047, "iframe": 0.6270087030216108, "beacon": 0.1841650640503276, "image": 0.9121874898138792, "stylesheet": 0.9926659930245445, "font": 0.7277942566576485, "xhr": 0.9567782522246487, "plugin": 0.0008800808370546628, "media": 0.007431793735128264, "referer_leaked": 0.9924052283320839, "referer_leaked_header": 0.9804100524788943, "referer_leaked_url": 0.0, "hosts": 24.296033117115943, "trackers": 19.514488738224845, "companies": 15.847908993122331}