{"id": "phoenix.de", "month": "2019-04", "country": "global", "site": "phoenix.de", "category": "News and Portals", "popularity": 3.780933779683688e-05, "cookies": 0.70262228008183, "bad_qs": 0.1545471452482797, "tracked": 0.7113632136879301, "https": 0.9960944764738702, "requests": 334.44244002231727, "requests_tracking": 316.9388134647573, "content_length": 175275422.55886182, "requests_failed": 15.350939185419378, "has_blocking": 0.3293658173702808, "script": 0.9938627487446532, "iframe": 0.13594941417147108, "beacon": 0.006695183187651107, "image": 0.5075320810861075, "stylesheet": 0.05709503440580249, "font": 0.03514971173516831, "xhr": 0.3665612795238981, "plugin": 0.004649432769202157, "media": 0.0033475915938255534, "referer_leaked": 0.8121629161242329, "referer_leaked_header": 0.8069555514227265, "referer_leaked_url": 0.0, "hosts": 2.7439092430723453, "trackers": 2.6953691649618747, "companies": 2.5467732936581737}