{"id": "php.net", "month": "2019-04", "country": "global", "site": "php.net", "category": "Business", "popularity": 0.0006515694362898455, "cookies": 0.12597396991215384, "bad_qs": 0.001197902052621355, "tracked": 0.12625455958213724, "https": 0.9795601217327491, "requests": 1.6749260754138697, "requests_tracking": 0.19467527141654617, "content_length": 44146.95332498759, "requests_failed": 0.41704258487837514, "has_blocking": 0.004036174483607088, "script": 0.9669983380458008, "iframe": 0.006183764650018346, "beacon": 9.712719345578554e-05, "image": 0.015993611189052685, "stylesheet": 0.04172152554445188, "font": 0.02409833588741879, "xhr": 0.005395955191988086, "plugin": 0.0005072197880468801, "media": 0.00023742202844747578, "referer_leaked": 0.9470872633873648, "referer_leaked_header": 0.9469469685523731, "referer_leaked_url": 0.0, "hosts": 1.2367745138244373, "trackers": 1.2299971941033, "companies": 1.0423474563467225}