{"id": "phys.org", "month": "2019-04", "country": "global", "site": "phys.org", "category": "Reference", "popularity": 0.00023873956423250988, "cookies": 0.6398739396795476, "bad_qs": 0.0235626767200754, "tracked": 0.6427014608859567, "https": 0.9967601319509897, "requests": 92.60293944392083, "requests_tracking": 6.288819509896324, "content_length": 1016333.3873114986, "requests_failed": 27.876855560791707, "has_blocking": 0.4672184260131951, "script": 0.9485744580584354, "iframe": 0.7381008482563619, "beacon": 0.009336710650329878, "image": 0.9981738925541942, "stylesheet": 0.9859213006597549, "font": 0.7812205466540999, "xhr": 0.9211828463713477, "plugin": 0.0003239868049010368, "media": 0.03466658812441093, "referer_leaked": 0.995022384542884, "referer_leaked_header": 0.991252356267672, "referer_leaked_url": 0.0, "hosts": 11.891228793590951, "trackers": 8.655071866163997, "companies": 4.492047596606975}