{"id": "pi-news.net", "month": "2019-04", "country": "global", "site": "pi-news.net", "category": "News and Portals", "popularity": 0.000350930002125114, "cookies": 0.8570741579337567, "bad_qs": 0.023744164145310276, "tracked": 0.8572745306269661, "https": 0.0006812671569118561, "requests": 53.18927204600557, "requests_tracking": 10.413849760554632, "content_length": 2271978.519546356, "requests_failed": 21.907728374777086, "has_blocking": 0.45536698258761293, "script": 0.9779790410162903, "iframe": 0.9875768930210191, "beacon": 0.05782755926022402, "image": 0.6221171378764502, "stylesheet": 0.9992586210351253, "font": 0.5755905985132346, "xhr": 0.24062756727513174, "plugin": 0.00046085719438154966, "media": 0.0002404472318512433, "referer_leaked": 0.985372793395716, "referer_leaked_header": 0.9779790410162903, "referer_leaked_url": 0.0, "hosts": 13.728935820626365, "trackers": 9.793095156992004, "companies": 6.290600516961549}