{"id": "pichunter.com", "month": "2019-04", "country": "global", "site": "pichunter.com", "category": "Adult", "popularity": 0.0004410409680664316, "cookies": 0.3982494180670259, "bad_qs": 0.011463282420841173, "tracked": 0.39933356716941426, "https": 0.9779503204617199, "requests": 12.913650712668602, "requests_tracking": 1.480995503969899, "content_length": 172766.25767673226, "requests_failed": 4.335257166544435, "has_blocking": 0.30875928701253147, "script": 0.9657536430598515, "iframe": 0.4898919039571442, "beacon": 0.00015943369152769365, "image": 0.229090271356143, "stylesheet": 0.9705685405439878, "font": 0.4439112273205574, "xhr": 0.25856956091961353, "plugin": 0.0002550939064443098, "media": 0.0003188673830553873, "referer_leaked": 0.7566882433595867, "referer_leaked_header": 0.35166289340263385, "referer_leaked_url": 0.0, "hosts": 4.216303689295622, "trackers": 4.185995344536208, "companies": 2.814594560122445}