{"id": "pillowfort.io", "month": "2019-04", "country": "global", "site": "pillowfort.io", "category": "Business", "popularity": 5.0114775986248174e-05, "cookies": 0.5698049670267995, "bad_qs": 0.0015434264066227024, "tracked": 0.5698049670267995, "https": 0.9385435667181142, "requests": 30.120808194191103, "requests_tracking": 2.7322856741967168, "content_length": 8645035.366493616, "requests_failed": 5.966746176511856, "has_blocking": 0.10747860249754455, "script": 0.7174126560965343, "iframe": 0.13750526168093166, "beacon": 0.0, "image": 0.776062859548197, "stylesheet": 0.9939666058650204, "font": 0.5465132594359478, "xhr": 0.13469903185070858, "plugin": 0.0037884102708011787, "media": 0.0, "referer_leaked": 0.9917216220008419, "referer_leaked_header": 0.9917216220008419, "referer_leaked_url": 0.0, "hosts": 5.674757962677143, "trackers": 4.8077732566297176, "companies": 3.785183106496422}