{"id": "pimpandhost.com", "month": "2019-04", "country": "global", "site": "pimpandhost.com", "category": "Business", "popularity": 0.0003879517918778286, "cookies": 0.893768578264337, "bad_qs": 0.002030015225114188, "tracked": 0.894257956934677, "https": 0.9756035670267527, "requests": 19.255093163198723, "requests_tracking": 7.147393605452041, "content_length": 501172.49260494456, "requests_failed": 5.334463133473501, "has_blocking": 0.27472268542014067, "script": 0.9141593561951714, "iframe": 0.07019865148988617, "beacon": 5.437540781555862e-05, "image": 0.9593453200899007, "stylesheet": 0.023073298049735375, "font": 0.008192561444210832, "xhr": 0.8171717537881534, "plugin": 0.0018668890016675125, "media": 0.00034437758283187124, "referer_leaked": 0.9860617704632785, "referer_leaked_header": 0.9583121873414051, "referer_leaked_url": 0.0, "hosts": 5.284075255564416, "trackers": 4.145526716450373, "companies": 3.216305372290292}