{"id": "pinterest.fr", "month": "2019-04", "country": "global", "site": "pinterest.fr", "category": "Entertainment", "popularity": 0.0015997210279813992, "cookies": 0.47760019692134575, "bad_qs": 0.03058874207699273, "tracked": 0.47885293316102717, "https": 0.9579871825302635, "requests": 319.3374915385359, "requests_tracking": 44.16130847201343, "content_length": 5683758.08025424, "requests_failed": 73.38201861961653, "has_blocking": 0.3764010865838542, "script": 0.9795122680240174, "iframe": 0.25043735879245016, "beacon": 0.0007999929670947948, "image": 0.9867869293456761, "stylesheet": 0.3393025116262714, "font": 0.019758068060940125, "xhr": 0.3042610614412181, "plugin": 0.0, "media": 0.0054812704943253245, "referer_leaked": 0.9718200279557981, "referer_leaked_header": 0.9636882313122522, "referer_leaked_url": 0.0, "hosts": 3.8625242855007866, "trackers": 3.648816274142645, "companies": 2.944778507441693}