{"id": "pinterest.ca", "month": "2019-04", "country": "global", "site": "pinterest.ca", "category": "Entertainment", "popularity": 0.0005606920173413017, "cookies": 0.7018109307983647, "bad_qs": 0.08733602548345833, "tracked": 0.7025006897589606, "https": 0.9357144648724574, "requests": 349.21693546364344, "requests_tracking": 107.18210890666934, "content_length": 6178097.46559984, "requests_failed": 77.82260653640674, "has_blocking": 0.4149339085505029, "script": 0.9834457849456971, "iframe": 0.31426672351952645, "beacon": 0.00028844465624921616, "image": 0.9891143494945948, "stylesheet": 0.33173643683062026, "font": 0.018134390127668112, "xhr": 0.28026787729815145, "plugin": 7.524643206501292e-05, "media": 0.0061451252853093885, "referer_leaked": 0.9743535077378415, "referer_leaked_header": 0.9562943640422383, "referer_leaked_url": 0.0, "hosts": 4.86054327923951, "trackers": 4.457874539115603, "companies": 3.4900800120394293}