{"id": "pinterest.de", "month": "2019-04", "country": "global", "site": "pinterest.de", "category": "Entertainment", "popularity": 0.0012088581210119042, "cookies": 0.5825810279438796, "bad_qs": 0.0772702947951325, "tracked": 0.5888747993205984, "https": 0.9571476767723772, "requests": 305.987610228251, "requests_tracking": 51.62527048093255, "content_length": 6187418.316747714, "requests_failed": 64.73684822820447, "has_blocking": 0.3335873333488448, "script": 0.9840736173480071, "iframe": 0.28397589520463484, "beacon": 0.0021987482258777544, "image": 0.9899951138928313, "stylesheet": 0.3807848018799879, "font": 0.01524000093068708, "xhr": 0.3598676097629075, "plugin": 2.326717699341539e-05, "media": 0.005531771330184509, "referer_leaked": 0.9813280904627841, "referer_leaked_header": 0.9724109448800577, "referer_leaked_url": 0.0, "hosts": 4.33028339421578, "trackers": 3.8706286791223623, "companies": 3.0362560785499895}