{"id": "pinterest.es", "month": "2019-04", "country": "global", "site": "pinterest.es", "category": "Entertainment", "popularity": 0.00042394695650159795, "cookies": 0.6267270405201439, "bad_qs": 0.07087293294189846, "tracked": 0.6277885588230416, "https": 0.9670100014927601, "requests": 310.9213481282447, "requests_tracking": 71.82879700121079, "content_length": 5006065.768638768, "requests_failed": 70.84866729694316, "has_blocking": 0.39679222437843126, "script": 0.9794330828813588, "iframe": 0.31273324376772654, "beacon": 0.0006800351627937835, "image": 0.9821366373090511, "stylesheet": 0.3775190326914465, "font": 0.027400441193544643, "xhr": 0.269609062712511, "plugin": 1.6586223482775207e-05, "media": 0.0031679686852100646, "referer_leaked": 0.9796652900101176, "referer_leaked_header": 0.9697633145909008, "referer_leaked_url": 0.0, "hosts": 4.30462258048465, "trackers": 3.9840938116800184, "companies": 3.135625549418653}