{"id": "pinterest.co.uk", "month": "2019-04", "country": "global", "site": "pinterest.co.uk", "category": "Entertainment", "popularity": 0.0005896133129259009, "cookies": 0.6232245292244577, "bad_qs": 0.08641518884688316, "tracked": 0.624417120845309, "https": 0.94282715769639, "requests": 334.5644416882327, "requests_tracking": 56.27470155394688, "content_length": 5952579.557190731, "requests_failed": 74.1783520768983, "has_blocking": 0.3990530822530441, "script": 0.9750032796269573, "iframe": 0.297658942648269, "beacon": 0.0005008884807575342, "image": 0.9870007513327211, "stylesheet": 0.3637046666110124, "font": 0.021180427186318587, "xhr": 0.2798058460841254, "plugin": 1.192591620851272e-05, "media": 0.004615329572694422, "referer_leaked": 0.9777700921873322, "referer_leaked_header": 0.963900251636832, "referer_leaked_url": 0.0, "hosts": 4.763055896769269, "trackers": 4.350264159044019, "companies": 3.3877592396035827}