{"id": "pinterest.com.au", "month": "2019-04", "country": "global", "site": "pinterest.com.au", "category": "Entertainment", "popularity": 0.0003446436811300662, "cookies": 0.6280782649501153, "bad_qs": 0.08099891865423459, "tracked": 0.6288535694611633, "https": 0.9409952461591823, "requests": 330.3373186705568, "requests_tracking": 50.59949401179279, "content_length": 6161698.227837512, "requests_failed": 70.58676269561137, "has_blocking": 0.40832024156856345, "script": 0.9841062575235142, "iframe": 0.32148613633117745, "beacon": 0.000428457756105523, "image": 0.9879011690775916, "stylesheet": 0.3930385816007998, "font": 0.023095913329116764, "xhr": 0.2631138677493726, "plugin": 2.040275029073919e-05, "media": 0.004427396813090405, "referer_leaked": 0.973864076877563, "referer_leaked_header": 0.9617652459551548, "referer_leaked_url": 0.0, "hosts": 4.818599147165038, "trackers": 4.420215044988065, "companies": 3.42588700956889}