{"id": "pirateproxy.live", "month": "2019-04", "country": "global", "site": "pirateproxy.live", "category": "Entertainment", "popularity": 0.00019257659182480408, "cookies": 0.20936940884361194, "bad_qs": 0.0015335743235841822, "tracked": 0.21024573702851718, "https": 0.9994522948844342, "requests": 5.214992514696754, "requests_tracking": 0.5169606017453536, "content_length": 46769.9943038668, "requests_failed": 3.8632928031547813, "has_blocking": 0.4892102092233541, "script": 0.957096432614014, "iframe": 0.018585460254865446, "beacon": 0.0006937598130499872, "image": 0.04151604775988608, "stylesheet": 0.027348742103917918, "font": 0.0028845802753131046, "xhr": 0.010296856172636652, "plugin": 0.0030306349727973127, "media": 0.0, "referer_leaked": 0.5969985759666995, "referer_leaked_header": 0.5935662905758207, "referer_leaked_url": 0.0, "hosts": 2.8189652024683243, "trackers": 2.3171942892613284, "companies": 2.3040128528133788}