{"id": "pistonheads.com", "month": "2019-04", "country": "global", "site": "pistonheads.com", "category": "E-Commerce", "popularity": 0.0005684198325242519, "cookies": 0.6648440689288321, "bad_qs": 0.03632000197929166, "tracked": 0.6658460853322118, "https": 0.7795935029751228, "requests": 28.941116073085343, "requests_tracking": 8.034934497816593, "content_length": 545563.9421675717, "requests_failed": 11.929834110617662, "has_blocking": 0.5001670027338966, "script": 0.9847223424916808, "iframe": 0.6409688632680579, "beacon": 0.039820874104679785, "image": 0.7275505028637876, "stylesheet": 0.9384316587701177, "font": 0.31068693791209473, "xhr": 0.22790306419090267, "plugin": 0.00013607630169353143, "media": 0.0015586921830349964, "referer_leaked": 0.9643356383834135, "referer_leaked_header": 0.9317391788413721, "referer_leaked_url": 0.0, "hosts": 11.866682336058982, "trackers": 10.114291722849686, "companies": 7.0547026732808}