{"id": "pixiv.net", "month": "2019-04", "country": "global", "site": "pixiv.net", "category": "Entertainment", "popularity": 0.006900882704942889, "cookies": 0.7755734415869591, "bad_qs": 0.008360513919415039, "tracked": 0.7761440555778027, "https": 0.9976054591455666, "requests": 110.2174253285361, "requests_tracking": 4.200417974748293, "content_length": 3486080.4623338724, "requests_failed": 29.421130447453073, "has_blocking": 0.43093176169937, "script": 0.9987334407310381, "iframe": 0.3333363901939986, "beacon": 0.005501330243866154, "image": 0.9939066577406335, "stylesheet": 0.9589106978914794, "font": 0.2004546570762758, "xhr": 0.5969101252395814, "plugin": 0.0010831476290479203, "media": 0.00033829258028589797, "referer_leaked": 0.9909282564991405, "referer_leaked_header": 0.9808956397958425, "referer_leaked_url": 0.0, "hosts": 6.4689051038364624, "trackers": 4.532394061946262, "companies": 2.969912339425657}