{"id": "pjmedia.com", "month": "2019-04", "country": "global", "site": "pjmedia.com", "category": "News and Portals", "popularity": 0.0010977716567168645, "cookies": 0.9453874633290203, "bad_qs": 0.06347762589835894, "tracked": 0.9466429239421463, "https": 0.9886432057802431, "requests": 81.10780307203525, "requests_tracking": 29.128556604619583, "content_length": 600975.8532071895, "requests_failed": 33.931506937060426, "has_blocking": 0.4719635147772839, "script": 0.99789261968511, "iframe": 0.9174983025660077, "beacon": 0.02277123714113683, "image": 0.9968997809349338, "stylesheet": 0.4036113708861246, "font": 0.28117193404988533, "xhr": 0.4761334375280237, "plugin": 0.0008262980565982141, "media": 0.006911438783484288, "referer_leaked": 0.9894630984255499, "referer_leaked_header": 0.9365095632790581, "referer_leaked_url": 0.0, "hosts": 14.570401875504427, "trackers": 12.455636121395354, "companies": 9.245993415237193}