{"id": "planetsuzy.org", "month": "2019-04", "country": "global", "site": "planetsuzy.org", "category": "Adult", "popularity": 0.002174891272312414, "cookies": 0.9605074701179118, "bad_qs": 0.001632724321772783, "tracked": 0.960662659756417, "https": 4.5263644563997943e-05, "requests": 74.8439762171879, "requests_tracking": 36.10075363968199, "content_length": 762584.0797610079, "requests_failed": 27.63989537631871, "has_blocking": 0.4391381802075015, "script": 0.9580955644861445, "iframe": 0.9763400463629045, "beacon": 0.00045586956310883644, "image": 0.9977723820639576, "stylesheet": 0.9885741628650594, "font": 0.007740083220443649, "xhr": 0.009013931503173304, "plugin": 0.01105402862602207, "media": 0.0006854209033976831, "referer_leaked": 0.9592012906604935, "referer_leaked_header": 0.9118134879194566, "referer_leaked_url": 0.0, "hosts": 9.482500751699812, "trackers": 5.6956504870691465, "companies": 5.348022463700174}