{"id": "planetromeo.com", "month": "2019-04", "country": "global", "site": "planetromeo.com", "category": "Adult", "popularity": 0.0017111520445457426, "cookies": 0.47462697607140364, "bad_qs": 0.006722854829894514, "tracked": 0.47465163201821253, "https": 0.9982781930478448, "requests": 17.310233450723036, "requests_tracking": 3.1798980065667006, "content_length": 130056.11340091802, "requests_failed": 7.448368392719921, "has_blocking": 0.22990026669515798, "script": 0.9677870054941669, "iframe": 0.015660635548122245, "beacon": 0.05000226012845748, "image": 0.09405010910256463, "stylesheet": 0.22681005469510868, "font": 0.024471027207837302, "xhr": 0.05423075500618453, "plugin": 0.006743401452235267, "media": 0.00013149838298082177, "referer_leaked": 0.6065198542011678, "referer_leaked_header": 0.5644896835409227, "referer_leaked_url": 0.0, "hosts": 2.719563260995525, "trackers": 2.175394186949607, "companies": 1.5991025235361558}