{"id": "planfix.ru", "month": "2019-04", "country": "global", "site": "planfix.ru", "category": "Business", "popularity": 0.0003909613504750103, "cookies": 0.4567446043165468, "bad_qs": 0.001330935251798561, "tracked": 0.45714028776978416, "https": 0.9036510791366906, "requests": 18.341276978417266, "requests_tracking": 2.3052158273381296, "content_length": 243464.76848920863, "requests_failed": 4.966007194244605, "has_blocking": 0.2342086330935252, "script": 0.9887769784172662, "iframe": 0.044172661870503595, "beacon": 0.00014388489208633093, "image": 0.9362050359712231, "stylesheet": 0.9234712230215827, "font": 0.4131654676258993, "xhr": 0.9433812949640288, "plugin": 0.0007014388489208633, "media": 0.0003776978417266187, "referer_leaked": 0.981546762589928, "referer_leaked_header": 0.9801618705035972, "referer_leaked_url": 0.0, "hosts": 4.138543165467626, "trackers": 4.020089928057554, "companies": 2.1978776978417267}