{"id": "planet.fr", "month": "2019-04", "country": "global", "site": "planet.fr", "category": "Entertainment", "popularity": 0.00017574275238168945, "cookies": 0.9645500740207258, "bad_qs": 0.6559836754291202, "tracked": 0.9711919337414476, "https": 0.9853158884487656, "requests": 170.1966950746209, "requests_tracking": 33.75325091025487, "content_length": 2093503.0396110911, "requests_failed": 84.9672308246309, "has_blocking": 0.5052614732124995, "script": 0.9903573000440123, "iframe": 0.9649501860520946, "beacon": 0.025447125195054616, "image": 0.998679630296483, "stylesheet": 0.7314848157484095, "font": 0.49873964710118834, "xhr": 0.9831952946825111, "plugin": 0.0010803024846957148, "media": 0.02172608330332493, "referer_leaked": 0.9940383307326052, "referer_leaked_header": 0.9929580282479095, "referer_leaked_url": 0.0, "hosts": 31.99579882367063, "trackers": 23.86992357860201, "companies": 21.491097507302044}