{"id": "playblackdesert.com", "month": "2019-04", "country": "global", "site": "playblackdesert.com", "category": "Entertainment", "popularity": 6.90862458348377e-05, "cookies": 0.7055470737913486, "bad_qs": 0.05567430025445293, "tracked": 0.72264631043257, "https": 0.9932824427480916, "requests": 68.1003562340967, "requests_tracking": 7.074503816793893, "content_length": 5367430.487938931, "requests_failed": 20.7181679389313, "has_blocking": 0.42931297709923666, "script": 0.9804580152671756, "iframe": 0.7209160305343512, "beacon": 0.059033078880407125, "image": 0.9501272264631043, "stylesheet": 0.9211195928753181, "font": 0.08274809160305344, "xhr": 0.10636132315521629, "plugin": 0.006513994910941475, "media": 0.011195928753180661, "referer_leaked": 0.966412213740458, "referer_leaked_header": 0.9313994910941475, "referer_leaked_url": 0.0, "hosts": 6.087735368956743, "trackers": 5.094045801526717, "companies": 3.530992366412214}