{"id": "plemiona.pl", "month": "2019-04", "country": "global", "site": "plemiona.pl", "category": "Entertainment", "popularity": 0.00038102558809693135, "cookies": 0.06455422887408419, "bad_qs": 0.0001660914979607655, "tracked": 0.06455422887408419, "https": 0.990625057670659, "requests": 55.37256168453688, "requests_tracking": 1.4745603188956762, "content_length": 512486.2702124126, "requests_failed": 17.553527598870577, "has_blocking": 0.22680716777086754, "script": 0.9596582206064185, "iframe": 0.044014246959602855, "beacon": 0.0, "image": 0.9630354143982874, "stylesheet": 0.9498219130049643, "font": 0.009319578496687398, "xhr": 0.031243656227508444, "plugin": 0.006219203868086442, "media": 0.03283075276357798, "referer_leaked": 0.9688117076051451, "referer_leaked_header": 0.9674276117888054, "referer_leaked_url": 0.0, "hosts": 2.597560300441065, "trackers": 2.046376437152823, "companies": 1.6190414675106575}