{"id": "plex.tv", "month": "2019-04", "country": "global", "site": "plex.tv", "category": "Business", "popularity": 0.0008624916785353204, "cookies": 0.4696310065385054, "bad_qs": 0.008470707169528281, "tracked": 0.4715142917706142, "https": 0.9310848049046944, "requests": 270.4870289748732, "requests_tracking": 6.06042002967601, "content_length": 26367255.58796002, "requests_failed": 16.36494969753298, "has_blocking": 0.16261474995515987, "script": 0.9906243375890688, "iframe": 0.2123954409822433, "beacon": 0.013346051623212509, "image": 0.5396060591237425, "stylesheet": 0.5684667938495654, "font": 0.3707381499779876, "xhr": 0.4006995059433547, "plugin": 0.00022012424790881965, "media": 0.005046552202057754, "referer_leaked": 0.4555185964225733, "referer_leaked_header": 0.1378303901906113, "referer_leaked_url": 0.0, "hosts": 4.551998239006017, "trackers": 4.005119926951361, "companies": 3.0075983629278156}