{"id": "pluralsight.com", "month": "2019-04", "country": "global", "site": "pluralsight.com", "category": "Business", "popularity": 0.0005451590385067819, "cookies": 0.6086754633749951, "bad_qs": 0.03892736911349302, "tracked": 0.6091269073507978, "https": 0.9786789459428085, "requests": 442.0137883888609, "requests_tracking": 13.106437591094945, "content_length": 979079.2113918663, "requests_failed": 267.3176230829754, "has_blocking": 0.43939687084832774, "script": 0.9949051322730849, "iframe": 0.5261257077996621, "beacon": 0.051941854015916625, "image": 0.8974448270969573, "stylesheet": 0.9862632047362923, "font": 0.10385791123321596, "xhr": 0.9043841659250087, "plugin": 0.001083465541926247, "media": 0.04965883733828632, "referer_leaked": 0.9795431386964878, "referer_leaked_header": 0.9674186433463607, "referer_leaked_url": 0.0, "hosts": 15.436468934205266, "trackers": 12.285905919075443, "companies": 9.826284358111158}