{"id": "plusdede.com", "month": "2019-04", "country": "global", "site": "plusdede.com", "category": "Entertainment", "popularity": 2.046218578924964e-06, "cookies": 0.10652920962199312, "bad_qs": 0.0, "tracked": 0.10652920962199312, "https": 0.9381443298969072, "requests": 3.979381443298969, "requests_tracking": 0.21993127147766323, "content_length": 18185.659793814433, "requests_failed": 1.0859106529209621, "has_blocking": 0.003436426116838488, "script": 0.041237113402061855, "iframe": 0.013745704467353952, "beacon": 0.0, "image": 0.006872852233676976, "stylesheet": 0.8969072164948454, "font": 0.5670103092783505, "xhr": 0.003436426116838488, "plugin": 0.006872852233676976, "media": 0.0, "referer_leaked": 0.9003436426116839, "referer_leaked_header": 0.9003436426116839, "referer_leaked_url": 0.0, "hosts": 1.7079037800687284, "trackers": 1.7010309278350515, "companies": 1.092783505154639}