{"id": "poe.trade", "month": "2019-04", "country": "global", "site": "poe.trade", "category": "Business", "popularity": 0.0016103951166508428, "cookies": 0.5761549209676011, "bad_qs": 0.005248449917037813, "tracked": 0.576788053445114, "https": 0.046044013623264345, "requests": 21.843664308793993, "requests_tracking": 7.058802724652868, "content_length": 67394.70359357262, "requests_failed": 10.287551305562832, "has_blocking": 0.5595144528862108, "script": 0.9996419526678892, "iframe": 0.020343201467120774, "beacon": 0.01250545803859925, "image": 0.8864858964282596, "stylesheet": 0.015435333158676097, "font": 0.006318225482490612, "xhr": 0.02517247401973627, "plugin": 0.001510785084272116, "media": 0.00010916077198497947, "referer_leaked": 0.9008165225744477, "referer_leaked_header": 0.8955680726574098, "referer_leaked_url": 0.0, "hosts": 8.69047244782115, "trackers": 7.881953541175443, "companies": 6.444266876255349}