{"id": "poe.ninja", "month": "2019-04", "country": "global", "site": "poe.ninja", "category": "Entertainment", "popularity": 0.0003556693537477787, "cookies": 0.9566240287855123, "bad_qs": 0.005001878175599534, "tracked": 0.9566240287855123, "https": 0.9956110001779325, "requests": 167.69561693125877, "requests_tracking": 41.36189478262589, "content_length": 61341.91255609814, "requests_failed": 118.40078290267097, "has_blocking": 0.4592435894901247, "script": 0.988157608588205, "iframe": 0.4839959668650284, "beacon": 0.1235444139103616, "image": 0.953777109982009, "stylesheet": 0.7037029714715012, "font": 0.39574148395642633, "xhr": 0.5031335877108005, "plugin": 0.000988513473438643, "media": 0.0005140270061880943, "referer_leaked": 0.9766117712184417, "referer_leaked_header": 0.9759395820565034, "referer_leaked_url": 0.0, "hosts": 10.399952551353275, "trackers": 10.055811470710346, "companies": 7.465827089223226}