{"id": "pof.com", "month": "2019-04", "country": "global", "site": "pof.com", "category": "Entertainment", "popularity": 0.004905678956911742, "cookies": 0.4973683229795859, "bad_qs": 0.006980537630401316, "tracked": 0.49855372433899897, "https": 0.9994567507675725, "requests": 11.773311698922388, "requests_tracking": 2.4394341607731054, "content_length": 214167.56749477534, "requests_failed": 4.28676535933285, "has_blocking": 0.44248295000100335, "script": 0.9964495294228944, "iframe": 0.46790099390242157, "beacon": 0.0029355525805055227, "image": 0.4117456504227024, "stylesheet": 0.9026551843750628, "font": 0.2579115148770021, "xhr": 0.050851854930954316, "plugin": 0.002686145281185229, "media": 0.00011610339795944694, "referer_leaked": 0.963018917686991, "referer_leaked_header": 0.9576709945044392, "referer_leaked_url": 0.0, "hosts": 5.925250912343368, "trackers": 5.108691414368727, "companies": 2.033665685282389}