{"id": "pogo.com", "month": "2019-04", "country": "global", "site": "pogo.com", "category": "Entertainment", "popularity": 0.0004031331867640794, "cookies": 0.9567075404231568, "bad_qs": 0.06049083392928782, "tracked": 0.9569517364078771, "https": 0.9571959323925974, "requests": 135.08400341874378, "requests_tracking": 59.08234637456176, "content_length": 3047330.9898309815, "requests_failed": 30.264080514904677, "has_blocking": 0.2969248748495578, "script": 0.997139418464705, "iframe": 0.9573180303849576, "beacon": 0.12153983010936492, "image": 0.7336868360921666, "stylesheet": 0.23833528108702098, "font": 0.18400167448675236, "xhr": 0.30606478170623225, "plugin": 0.14547103661195515, "media": 0.01725070206345607, "referer_leaked": 0.9594285813957545, "referer_leaked_header": 0.9174094294535242, "referer_leaked_url": 0.0, "hosts": 9.020128726169089, "trackers": 7.509445151837575, "companies": 6.268109748652561}