{"id": "pointtown.com", "month": "2019-04", "country": "global", "site": "pointtown.com", "category": "E-Commerce", "popularity": 0.00033261247842030465, "cookies": 0.8210012261637986, "bad_qs": 0.06860175045452624, "tracked": 0.8227559088410638, "https": 0.6003763054416303, "requests": 54.70337406452158, "requests_tracking": 20.504672106887657, "content_length": 244747.12456132934, "requests_failed": 24.294575282229083, "has_blocking": 0.49566614519470636, "script": 0.9931926768424169, "iframe": 0.3883133905543106, "beacon": 0.02670077375163841, "image": 0.9087776415373557, "stylesheet": 0.8273011711978352, "font": 0.26197623779121393, "xhr": 0.13322903894127097, "plugin": 0.0, "media": 0.0008244894507631813, "referer_leaked": 0.9875903767282568, "referer_leaked_header": 0.9775907995433597, "referer_leaked_url": 0.0, "hosts": 18.320303581243923, "trackers": 12.049511648556086, "companies": 10.21168238129466}