{"id": "pokeliga.com", "month": "2019-04", "country": "global", "site": "pokeliga.com", "category": "Entertainment", "popularity": 0.00012254106932964038, "cookies": 0.14161932633270213, "bad_qs": 0.0, "tracked": 0.14161932633270213, "https": 0.00034429333792391115, "requests": 10.762437596832502, "requests_tracking": 0.21351925173581224, "content_length": 189438.36460664487, "requests_failed": 5.128593561714581, "has_blocking": 0.0006885866758478223, "script": 0.9981063866414185, "iframe": 0.002467435588454697, "beacon": 0.0, "image": 0.999655706662076, "stylesheet": 0.03867561829345269, "font": 0.0179606357950307, "xhr": 0.003270786710277156, "plugin": 0.0, "media": 0.0, "referer_leaked": 0.9748665863315544, "referer_leaked_header": 0.9748665863315544, "referer_leaked_url": 0.0, "hosts": 6.851322660239858, "trackers": 4.217822918459861, "companies": 4.146095139725713}