{"id": "polar.com", "month": "2019-04", "country": "global", "site": "polar.com", "category": "Business", "popularity": 0.0003286536431627969, "cookies": 0.358415883951304, "bad_qs": 0.004407454160337191, "tracked": 0.3589507691649372, "https": 0.9858148441344488, "requests": 25.043796401292283, "requests_tracking": 1.6774428207706626, "content_length": 528318.0367787073, "requests_failed": 5.273369134983633, "has_blocking": 0.31720832709300584, "script": 0.9407133229209012, "iframe": 0.09912492779049616, "beacon": 0.007766533301953401, "image": 0.5387149917627677, "stylesheet": 0.43315004600012835, "font": 0.26988168339074436, "xhr": 0.06264575622071504, "plugin": 0.0010483750187209825, "media": 0.00828002310704123, "referer_leaked": 0.7273583089069086, "referer_leaked_header": 0.722073642996213, "referer_leaked_url": 0.0, "hosts": 4.5091251417445815, "trackers": 4.213055478294358, "companies": 2.6163161385566656}