{"id": "politico.com", "month": "2019-04", "country": "global", "site": "politico.com", "category": "News and Portals", "popularity": 0.0036654876744301136, "cookies": 0.8958279779466776, "bad_qs": 0.09652165238776708, "tracked": 0.8960217310400129, "https": 0.9957067383872836, "requests": 77.13431309732545, "requests_tracking": 21.766642623378516, "content_length": 1182407.7097559478, "requests_failed": 28.3164410050606, "has_blocking": 0.49628032427745444, "script": 0.9978092472020902, "iframe": 0.8330980160450582, "beacon": 0.42921681546648455, "image": 0.9155428347804068, "stylesheet": 0.6564719288216359, "font": 0.03957550807432445, "xhr": 0.9365007807674157, "plugin": 0.0013543533058881757, "media": 0.004665421019716775, "referer_leaked": 0.9871796839330726, "referer_leaked_header": 0.9832835202443208, "referer_leaked_url": 0.0, "hosts": 25.930937573136998, "trackers": 20.45866344895853, "companies": 16.484515099312848}