{"id": "polovniautomobili.com", "month": "2019-04", "country": "global", "site": "polovniautomobili.com", "category": "E-Commerce", "popularity": 0.00030139182381402684, "cookies": 0.9143297092996127, "bad_qs": 0.03228967383696514, "tracked": 0.914633008259064, "https": 0.9967337035136018, "requests": 46.12416592786151, "requests_tracking": 10.381293453408613, "content_length": 422228.3657785451, "requests_failed": 19.24651206196631, "has_blocking": 0.588749941673277, "script": 0.9998133544864916, "iframe": 0.8927254911110074, "beacon": 0.07540478745742149, "image": 0.9799356072978396, "stylesheet": 0.35744948905790674, "font": 0.44514954971769866, "xhr": 0.2713592459521254, "plugin": 0.0011665344594279316, "media": 0.0005366058513368485, "referer_leaked": 0.9950772245812142, "referer_leaked_header": 0.9934907377163922, "referer_leaked_url": 0.0, "hosts": 14.924478559096636, "trackers": 11.380360225841072, "companies": 7.218491904250851}