{"id": "pomponik.pl", "month": "2019-04", "country": "global", "site": "pomponik.pl", "category": "Entertainment", "popularity": 0.0002205837691439042, "cookies": 0.9720114759324195, "bad_qs": 0.05103602167676124, "tracked": 0.9731271915843163, "https": 0.9938157475294868, "requests": 216.4878227605993, "requests_tracking": 59.555753905004785, "content_length": 40027199.42435448, "requests_failed": 76.25262990117947, "has_blocking": 0.544532993305706, "script": 0.994517054510679, "iframe": 0.9934969716289449, "beacon": 0.3548613324832643, "image": 0.9995537137392413, "stylesheet": 0.940038253108065, "font": 0.7945489321007332, "xhr": 0.8638508128785464, "plugin": 0.0022314313037934334, "media": 0.39780044628626077, "referer_leaked": 0.9981829773669111, "referer_leaked_header": 0.9847625119540963, "referer_leaked_url": 0.0, "hosts": 18.909435766656042, "trackers": 10.740803315269366, "companies": 7.757539050047816}