{"id": "pons.com", "month": "2019-04", "country": "global", "site": "pons.com", "category": "Reference", "popularity": 0.0009910518650593243, "cookies": 0.7412889081246763, "bad_qs": 0.1088540595000745, "tracked": 0.7434742197089562, "https": 0.9980346386076443, "requests": 44.571664739146165, "requests_tracking": 18.387232955633916, "content_length": 175373.4951362627, "requests_failed": 16.446711744630733, "has_blocking": 0.47827104958812555, "script": 0.9962537515698058, "iframe": 0.4271148920470268, "beacon": 0.11904272000340568, "image": 0.5699193279457362, "stylesheet": 0.5898709389035128, "font": 0.026919065424539347, "xhr": 0.2917532868363358, "plugin": 0.0046473347003356015, "media": 0.002738734647831362, "referer_leaked": 0.9740813531903421, "referer_leaked_header": 0.9736343576390121, "referer_leaked_url": 0.0, "hosts": 11.537331223703536, "trackers": 10.152304865156342, "companies": 8.079834824501033}