{"id": "popjav.tv", "month": "2019-04", "country": "global", "site": "popjav.tv", "category": "Adult", "popularity": 0.0007506246978751237, "cookies": 0.7996421512145313, "bad_qs": 0.008843174174933723, "tracked": 0.8016374860654433, "https": 0.9959250203748982, "requests": 60.9844776063476, "requests_tracking": 13.847614497559697, "content_length": 803509620.2842462, "requests_failed": 23.146783576426945, "has_blocking": 0.44421961798236986, "script": 0.9922809581354393, "iframe": 0.9919062473653149, "beacon": 0.016412331731444792, "image": 0.9766461512520024, "stylesheet": 0.9449268845609795, "font": 0.4026173547293183, "xhr": 0.8423310757009433, "plugin": 0.03744297370467171, "media": 0.44321726667228734, "referer_leaked": 0.9708100310073162, "referer_leaked_header": 0.966444650535368, "referer_leaked_url": 0.0, "hosts": 12.195524079850864, "trackers": 9.47568595490356, "companies": 6.845459910631481}