{"id": "pornbay.org", "month": "2019-04", "country": "global", "site": "pornbay.org", "category": "Adult", "popularity": 0.0006388913191152691, "cookies": 0.6174181974267822, "bad_qs": 5.50303217072607e-05, "tracked": 0.6174402095554651, "https": 0.8732321509151543, "requests": 20.6883412760431, "requests_tracking": 6.370144949867377, "content_length": 10136252.403163143, "requests_failed": 6.077207541355286, "has_blocking": 0.05755071044145324, "script": 0.04742513124731727, "iframe": 0.010940027955403428, "beacon": 0.0, "image": 0.9463454363354208, "stylesheet": 0.8446934260777689, "font": 0.4702230929242012, "xhr": 0.0014638065574131345, "plugin": 0.00031917586590211205, "media": 0.0032688011094112856, "referer_leaked": 0.9333142561551415, "referer_leaked_header": 0.9333032500908001, "referer_leaked_url": 0.0, "hosts": 2.854290714183515, "trackers": 2.306518891909442, "companies": 1.843284649842063}