{"id": "porno365.sex", "month": "2019-04", "country": "global", "site": "porno365.sex", "category": "Adult", "popularity": 0.00022711619890274025, "cookies": 0.8353819003684324, "bad_qs": 0.03024861450818911, "tracked": 0.8578284157404255, "https": 0.005232360134988699, "requests": 19.00461314591783, "requests_tracking": 4.4687761230997864, "content_length": 104947.62775937335, "requests_failed": 8.187900554196725, "has_blocking": 0.7509520418588811, "script": 0.9975541038422242, "iframe": 0.4454627078237716, "beacon": 0.01891699433418991, "image": 0.9898139261277439, "stylesheet": 0.10043654602309669, "font": 0.4136970184835444, "xhr": 0.6445091179293476, "plugin": 0.0, "media": 0.0, "referer_leaked": 0.931948357534289, "referer_leaked_header": 0.8912969441778383, "referer_leaked_url": 0.0, "hosts": 9.32292021424812, "trackers": 7.510665964890554, "companies": 5.903588346388433}