{"id": "pornsos.com", "month": "2019-04", "country": "global", "site": "pornsos.com", "category": "Adult", "popularity": 0.0005166385486232092, "cookies": 0.4241966436650198, "bad_qs": 0.020823976154505736, "tracked": 0.4279939569637826, "https": 0.9957399316755815, "requests": 140.24576374994896, "requests_tracking": 2.793720142093014, "content_length": 17115972.292461175, "requests_failed": 22.922121051270533, "has_blocking": 0.45691614606726283, "script": 0.9946374858791664, "iframe": 0.9427953125637989, "beacon": 0.0040967430212459, "image": 0.9891933091067467, "stylesheet": 0.840254243055272, "font": 0.30276428075619616, "xhr": 0.07966191662243273, "plugin": 0.001606032147863841, "media": 0.07329222979870156, "referer_leaked": 0.9831230520054987, "referer_leaked_header": 0.9786452166101833, "referer_leaked_url": 0.0, "hosts": 4.910729111374247, "trackers": 4.463558041729615, "companies": 3.7367060008438475}