{"id": "pornhubpremium.com", "month": "2019-04", "country": "global", "site": "pornhubpremium.com", "category": "Adult", "popularity": 0.0017954829703775194, "cookies": 0.9214152000062661, "bad_qs": 0.03250542409787657, "tracked": 0.9243955166012642, "https": 0.9990052556962818, "requests": 263.705395117137, "requests_tracking": 6.804219439026874, "content_length": 56644081.40491576, "requests_failed": 68.92136428789624, "has_blocking": 0.4784602611399613, "script": 0.9985979588160193, "iframe": 0.8600543584682504, "beacon": 0.1836634787853154, "image": 0.9978538587463088, "stylesheet": 0.9974661434468282, "font": 0.412031706495602, "xhr": 0.832800714336067, "plugin": 5.48284261891894e-05, "media": 0.5928676050160178, "referer_leaked": 0.9907065817609324, "referer_leaked_header": 0.9901935443444478, "referer_leaked_url": 0.0, "hosts": 12.712440569902327, "trackers": 8.973545284363716, "companies": 6.564290246022981}