{"id": "porn300.com", "month": "2019-04", "country": "global", "site": "porn300.com", "category": "Adult", "popularity": 0.0003758783990942747, "cookies": 0.6712936114488822, "bad_qs": 0.0211392760265644, "tracked": 0.672827612010102, "https": 0.9978860723973436, "requests": 61.37139650173043, "requests_tracking": 10.822991301094378, "content_length": 7571681.116733701, "requests_failed": 19.566831914694603, "has_blocking": 0.43634833037134035, "script": 0.9918248994481339, "iframe": 0.9831634084744177, "beacon": 0.2182396408193808, "image": 0.7655972313160603, "stylesheet": 0.3721635020110373, "font": 0.2905808624076326, "xhr": 0.40896080815639324, "plugin": 0.00190814703956599, "media": 0.014722663922925825, "referer_leaked": 0.91643438406136, "referer_leaked_header": 0.9125993826583108, "referer_leaked_url": 0.0, "hosts": 9.000430268450097, "trackers": 4.92541389954167, "companies": 3.2743429052474045}