{"id": "porntube.com", "month": "2019-04", "country": "global", "site": "porntube.com", "category": "Adult", "popularity": 8.661622149552476e-05, "cookies": 0.2954213346322455, "bad_qs": 0.004221464523461601, "tracked": 0.29558369865237866, "https": 0.9861178762786167, "requests": 31.26424744276668, "requests_tracking": 3.666179574606267, "content_length": 152385.3371488878, "requests_failed": 17.461032635168046, "has_blocking": 0.4675271959733723, "script": 0.9874979704497483, "iframe": 0.7710667316122747, "beacon": 0.0007306380905991232, "image": 0.10951453157980191, "stylesheet": 0.9952102614060724, "font": 0.7806462088001299, "xhr": 0.7324240948205878, "plugin": 0.0008930021107322617, "media": 0.012583211560318233, "referer_leaked": 0.990014612761812, "referer_leaked_header": 0.985306056177951, "referer_leaked_url": 0.0, "hosts": 6.828949504789739, "trackers": 5.718136061048871, "companies": 3.9136223412891704}