{"id": "pornbb.org", "month": "2019-04", "country": "global", "site": "pornbb.org", "category": "Adult", "popularity": 0.0012077260206984784, "cookies": 0.6693254927076359, "bad_qs": 0.004692730924863905, "tracked": 0.6708276323833368, "https": 0.061628482431370264, "requests": 61.21647113621147, "requests_tracking": 28.485039736834445, "content_length": 1857447.2089255042, "requests_failed": 19.04598410526622, "has_blocking": 0.5111699804954732, "script": 0.9597682745771593, "iframe": 0.02778376175366074, "beacon": 1.1644493610084131e-05, "image": 0.8613839480655585, "stylesheet": 0.05260399988355506, "font": 0.005088643707606765, "xhr": 0.009956042036621933, "plugin": 0.002573433087828593, "media": 0.005583534686035341, "referer_leaked": 0.822974585892696, "referer_leaked_header": 0.8163372245349481, "referer_leaked_url": 0.0, "hosts": 4.837809670751943, "trackers": 3.1474775115717155, "companies": 3.1190067246950597}