{"id": "porncomixonline.net", "month": "2019-04", "country": "global", "site": "porncomixonline.net", "category": "Adult", "popularity": 0.00023080079868059827, "cookies": 0.4743320232763611, "bad_qs": 0.012095177162355666, "tracked": 0.47518508363038114, "https": 0.99841574505682, "requests": 8.91283551168388, "requests_tracking": 1.0761051701550741, "content_length": 27285.336136245925, "requests_failed": 4.611827072479664, "has_blocking": 0.4799683149011364, "script": 0.9968010236724248, "iframe": 0.024769216707796363, "beacon": 0.0002437315297200134, "image": 0.12061664077019163, "stylesheet": 0.9656643207506931, "font": 0.41729884532187794, "xhr": 0.02760259574079152, "plugin": 0.009200865246930506, "media": 6.093288243000335e-05, "referer_leaked": 0.9837613868324041, "referer_leaked_header": 0.9830911251256741, "referer_leaked_url": 0.0, "hosts": 5.387990128873047, "trackers": 5.0930140450294, "companies": 4.641653718429151}