{"id": "pornpics.com", "month": "2019-04", "country": "global", "site": "pornpics.com", "category": "Adult", "popularity": 0.0026507320195785005, "cookies": 0.0730296840597395, "bad_qs": 0.007801681831445473, "tracked": 0.07324455526965011, "https": 0.9969201793246147, "requests": 1.8176300501366156, "requests_tracking": 0.35179457251240154, "content_length": 25100.68257155742, "requests_failed": 0.911831180200016, "has_blocking": 0.2712788816086161, "script": 0.9529644268774704, "iframe": 0.06028861713133671, "beacon": 0.00018038570708544448, "image": 0.06132318221609147, "stylesheet": 0.05297503780141656, "font": 0.01240947555508396, "xhr": 0.012802079741093455, "plugin": 0.0037270870361036687, "media": 0.00022282940287025491, "referer_leaked": 0.3577844390800329, "referer_leaked_header": 0.3573626548531713, "referer_leaked_url": 0.0, "hosts": 1.1952807915749264, "trackers": 1.1763721251027934, "companies": 1.1317505371780248}