{"id": "pornohirsch.com", "month": "2019-04", "country": "global", "site": "pornohirsch.com", "category": "Adult", "popularity": 0.00024763463812371294, "cookies": 0.9587415168810518, "bad_qs": 0.019053298123065564, "tracked": 0.958798307635517, "https": 0.9964505778459267, "requests": 35.08138115114859, "requests_tracking": 11.773660448079053, "content_length": 404892106.7654542, "requests_failed": 6.318709714058551, "has_blocking": 0.22571485362183036, "script": 0.9950024136070648, "iframe": 0.8655762841809354, "beacon": 0.0005679075446517307, "image": 0.6133117528466365, "stylesheet": 0.8589033705312775, "font": 0.12099270238805122, "xhr": 0.8088707158474601, "plugin": 0.0019876764062810573, "media": 0.9360820058494477, "referer_leaked": 0.9860578697788001, "referer_leaked_header": 0.979186188488514, "referer_leaked_url": 0.0, "hosts": 5.4240565635914475, "trackers": 3.1217309821960986, "companies": 3.0946701876934437}