{"id": "pornkino.to", "month": "2019-04", "country": "global", "site": "pornkino.to", "category": "Adult", "popularity": 0.00018987642710209898, "cookies": 0.7210680294782061, "bad_qs": 0.004999444506165982, "tracked": 0.7220308854571714, "https": 0.9454875384216569, "requests": 12.765988964189164, "requests_tracking": 2.5933414805762323, "content_length": 61464.55038329075, "requests_failed": 5.531089138243899, "has_blocking": 0.36818131318742364, "script": 0.9625967485094249, "iframe": 0.6084879457838018, "beacon": 0.0, "image": 0.6978483872162352, "stylesheet": 0.9878532014961301, "font": 0.44624671332814875, "xhr": 0.4235825649001963, "plugin": 0.0003703292226789616, "media": 3.703292226789616e-05, "referer_leaked": 0.9947042921156909, "referer_leaked_header": 0.9933711069140466, "referer_leaked_url": 0.0, "hosts": 6.374143613672555, "trackers": 5.627670999518572, "companies": 3.6533348146502242}