{"id": "pornmd.com", "month": "2019-04", "country": "global", "site": "pornmd.com", "category": "Adult", "popularity": 0.00037743943182458865, "cookies": 0.4036924567319336, "bad_qs": 0.01417739441474002, "tracked": 0.4078655662574287, "https": 0.9982860443020288, "requests": 122.83978240214617, "requests_tracking": 4.958101235165899, "content_length": 1196134.068856307, "requests_failed": 27.591463755425973, "has_blocking": 0.45736535201296646, "script": 0.9933491066937422, "iframe": 0.7768690500586843, "beacon": 0.0004284889244927995, "image": 0.926653874098776, "stylesheet": 0.06395662946886004, "font": 0.014494103619799914, "xhr": 0.2758164577006912, "plugin": 0.0020492948562699106, "media": 0.012724258062112264, "referer_leaked": 0.9456191664958921, "referer_leaked_header": 0.9288335786277176, "referer_leaked_url": 0.0, "hosts": 5.6354863349293, "trackers": 5.387055908489669, "companies": 5.311325148573877}