{"id": "porntrex.com", "month": "2019-04", "country": "global", "site": "porntrex.com", "category": "Adult", "popularity": 0.0020077974850581395, "cookies": 0.767654516418245, "bad_qs": 0.020386221001905187, "tracked": 0.7704492603384512, "https": 0.9885898800851731, "requests": 224.7004475792895, "requests_tracking": 17.15719559004819, "content_length": 954962629.0487434, "requests_failed": 78.51203350890955, "has_blocking": 0.4664000336209795, "script": 0.9788923288131794, "iframe": 0.5764492043034853, "beacon": 0.17288888266278157, "image": 0.9892027625238149, "stylesheet": 0.48839025551944415, "font": 0.5549457861705704, "xhr": 0.571059341028802, "plugin": 0.003467163510030259, "media": 0.005172727782136053, "referer_leaked": 0.9782059004819007, "referer_leaked_header": 0.974500588367141, "referer_leaked_url": 0.0, "hosts": 9.573738512832007, "trackers": 7.05154516418245, "companies": 3.745982993387874}