{"id": "pornovideoshub.com", "month": "2019-04", "country": "global", "site": "pornovideoshub.com", "category": "Adult", "popularity": 0.00030758673298252477, "cookies": 0.8825412065930549, "bad_qs": 0.0011430400292618248, "tracked": 0.8825412065930549, "https": 0.025855565461902475, "requests": 27.3247148115127, "requests_tracking": 5.150858423061976, "content_length": 3421594.765402464, "requests_failed": 11.915209290629358, "has_blocking": 0.5169741444345382, "script": 0.9443339505749492, "iframe": 0.5674965137279108, "beacon": 0.0015088128386256086, "image": 0.9960908030999246, "stylesheet": 0.9676748279724756, "font": 0.4708181880529456, "xhr": 0.008389913814781793, "plugin": 0.00016002560409665546, "media": 0.013007795532999565, "referer_leaked": 0.9981482751525959, "referer_leaked_header": 0.9943762430560318, "referer_leaked_url": 0.0, "hosts": 9.914706353016483, "trackers": 8.38710193630981, "companies": 5.43734997599616}