{"id": "pornleech.is", "month": "2019-04", "country": "global", "site": "pornleech.is", "category": "Adult", "popularity": 0.0011146125278389445, "cookies": 0.46960186230782336, "bad_qs": 0.010964400396182017, "tracked": 0.470201182237419, "https": 0.0026811681060859363, "requests": 36.504494899471965, "requests_tracking": 2.4998832903294996, "content_length": 35651.035170616924, "requests_failed": 31.701330490243702, "has_blocking": 0.49449571959397653, "script": 0.9349517074309363, "iframe": 0.018566300555790376, "beacon": 0.16882526985168408, "image": 0.8866528297363623, "stylesheet": 0.03296890475860024, "font": 0.00538126210468542, "xhr": 0.006201384113605824, "plugin": 0.001999835975598216, "media": 2.5234523351397046e-05, "referer_leaked": 0.6998479619968079, "referer_leaked_header": 0.6955896361812596, "referer_leaked_url": 0.0, "hosts": 8.501220720067124, "trackers": 7.097051976809473, "companies": 6.130046116091425}