{"id": "pornoxo.com", "month": "2019-04", "country": "global", "site": "pornoxo.com", "category": "Adult", "popularity": 0.0001466667598598519, "cookies": 0.7795090612714546, "bad_qs": 0.006088790871608016, "tracked": 0.7795570045066641, "https": 0.9930961741298303, "requests": 27.729024834595837, "requests_tracking": 4.833253427941317, "content_length": 429980159.6678013, "requests_failed": 8.403058778406367, "has_blocking": 0.37410106433982165, "script": 0.9944865279509061, "iframe": 0.7149774666794515, "beacon": 0.3706970946399463, "image": 0.9935276632467159, "stylesheet": 0.9865279509061271, "font": 0.5983315754147089, "xhr": 0.7597085051299262, "plugin": 0.0021574455844280372, "media": 0.7022725093489308, "referer_leaked": 0.9956851088311439, "referer_leaked_header": 0.9876306453159459, "referer_leaked_url": 0.0, "hosts": 7.761098858951002, "trackers": 7.648719915619906, "companies": 5.577188608687314}