{"id": "porncomix.info", "month": "2019-04", "country": "global", "site": "porncomix.info", "category": "Adult", "popularity": 0.0003848226947382354, "cookies": 0.3872494381201235, "bad_qs": 0.01953331993348804, "tracked": 0.39265810294735687, "https": 0.08891406435580244, "requests": 7.884718694611435, "requests_tracking": 0.756865898002814, "content_length": 46149.93272059495, "requests_failed": 5.8413031958631025, "has_blocking": 0.5109178284941619, "script": 0.9913022822372869, "iframe": 0.012407038573281926, "beacon": 5.481754892466242e-05, "image": 0.10016993440166645, "stylesheet": 0.054050103239717144, "font": 0.0069618287134321265, "xhr": 0.014672830595501306, "plugin": 0.010963509784932483, "media": 0.00023754271200687046, "referer_leaked": 0.8903100846017505, "referer_leaked_header": 0.8900542693734355, "referer_leaked_url": 0.0, "hosts": 4.402433899172255, "trackers": 4.043378953715716, "companies": 4.003837228424726}