{"id": "porno365.xxx", "month": "2019-04", "country": "global", "site": "porno365.xxx", "category": "Adult", "popularity": 1.0547518448066825e-07, "cookies": 0.3333333333333333, "bad_qs": 0.0, "tracked": 0.3333333333333333, "https": 0.4666666666666667, "requests": 5.533333333333333, "requests_tracking": 0.9333333333333333, "content_length": 1841.8666666666666, "requests_failed": 2.8, "has_blocking": 0.0, "script": 0.4, "iframe": 0.3333333333333333, "beacon": 0.0, "image": 0.2, "stylesheet": 0.4, "font": 0.13333333333333333, "xhr": 0.06666666666666667, "plugin": 0.0, "media": 0.0, "referer_leaked": 0.7333333333333333, "referer_leaked_header": 0.7333333333333333, "referer_leaked_url": 0.0, "hosts": 1.9333333333333333, "trackers": 1.6, "companies": 1.4}