{"id": "poshmark.com", "month": "2019-04", "country": "global", "site": "poshmark.com", "category": "E-Commerce", "popularity": 0.0009766158281434034, "cookies": 0.8732143885720869, "bad_qs": 0.14587293358677494, "tracked": 0.8740279937791602, "https": 0.9968967801393929, "requests": 176.1668322677265, "requests_tracking": 17.886361672714706, "content_length": 2034409.7350959047, "requests_failed": 35.66557945970854, "has_blocking": 0.3775776164967456, "script": 0.9979335867749554, "iframe": 0.8176372328782904, "beacon": 0.05739876735211105, "image": 0.9934983583894937, "stylesheet": 0.9930231553481942, "font": 0.4370139968895801, "xhr": 0.746875180001152, "plugin": 0.006847243822360463, "media": 5.04003225620644e-05, "referer_leaked": 0.9811646794539485, "referer_leaked_header": 0.9776078566902828, "referer_leaked_url": 0.0, "hosts": 16.44504924831519, "trackers": 11.422520304129947, "companies": 7.53956425321122}