{"id": "postbank.de", "month": "2019-04", "country": "global", "site": "postbank.de", "category": "Banking", "popularity": 0.000508242723938548, "cookies": 0.20059768397459843, "bad_qs": 0.007678578840327066, "tracked": 0.20661602955215208, "https": 0.9972052740076648, "requests": 5.815658766723391, "requests_tracking": 0.741916739301872, "content_length": 73538.89202949681, "requests_failed": 1.2056613954260573, "has_blocking": 0.031682784764592756, "script": 0.9379626170810332, "iframe": 0.022233290443974044, "beacon": 0.0004703994244524689, "image": 0.05758242366385811, "stylesheet": 0.10394443752680585, "font": 0.01704506149780711, "xhr": 0.012036691155107292, "plugin": 0.002559526280109022, "media": 0.0, "referer_leaked": 0.9010500975387042, "referer_leaked_header": 0.8953222927821359, "referer_leaked_url": 0.0, "hosts": 1.2455069937326195, "trackers": 1.2098119785829908, "companies": 1.172816447377523}