{"id": "poste.it", "month": "2019-04", "country": "global", "site": "poste.it", "category": "Business", "popularity": 0.00050865056131854, "cookies": 0.3759625088129173, "bad_qs": 0.00801802673597191, "tracked": 0.37737257558372617, "https": 0.9916087202952846, "requests": 9.874725244342452, "requests_tracking": 2.1450433388169263, "content_length": 110396.51452230533, "requests_failed": 4.325545709664487, "has_blocking": 0.37553395910806364, "script": 0.8511826589435558, "iframe": 0.06559575321066674, "beacon": 0.00017971439235799108, "image": 0.6479948021068056, "stylesheet": 0.09643750777610352, "font": 0.0586283644607877, "xhr": 0.17484827958029778, "plugin": 0.001105934722203022, "media": 0.0017971439235799106, "referer_leaked": 0.7281197727304146, "referer_leaked_header": 0.6703346834953067, "referer_leaked_url": 0.0, "hosts": 3.5718788448511827, "trackers": 3.1352281681573744, "companies": 2.4835008363631337}