{"id": "postgresql.org", "month": "2019-04", "country": "global", "site": "postgresql.org", "category": "Business", "popularity": 0.00023696758113323467, "cookies": 0.09729970326409496, "bad_qs": 0.002136498516320475, "tracked": 0.0984272997032641, "https": 0.982433234421365, "requests": 3.6428486646884273, "requests_tracking": 0.16329376854599406, "content_length": 17334.474005934717, "requests_failed": 1.6244510385756676, "has_blocking": 0.3091988130563798, "script": 0.9710089020771513, "iframe": 0.003026706231454006, "beacon": 0.0, "image": 0.2836498516320475, "stylesheet": 0.7804154302670623, "font": 0.6064688427299704, "xhr": 0.003353115727002967, "plugin": 0.0005637982195845697, "media": 0.00023738872403560832, "referer_leaked": 0.5386053412462908, "referer_leaked_header": 0.5274777448071216, "referer_leaked_url": 0.0, "hosts": 2.5431454005934717, "trackers": 2.531424332344214, "companies": 1.0533827893175074}