{"id": "pottermore.com", "month": "2019-04", "country": "global", "site": "pottermore.com", "category": "Entertainment", "popularity": 0.00014045778733342323, "cookies": 0.27889862327909887, "bad_qs": 0.00690863579474343, "tracked": 0.2796996245306633, "https": 0.9957947434292866, "requests": 25.900225281602, "requests_tracking": 3.254217772215269, "content_length": 1013001.2804505632, "requests_failed": 8.212866082603254, "has_blocking": 0.3472841051314143, "script": 0.9954943679599499, "iframe": 0.23063829787234041, "beacon": 0.06352941176470588, "image": 0.7541426783479349, "stylesheet": 0.15829787234042553, "font": 0.07058823529411765, "xhr": 0.1136921151439299, "plugin": 0.00025031289111389235, "media": 0.003454317897371715, "referer_leaked": 0.39063829787234045, "referer_leaked_header": 0.051214017521902376, "referer_leaked_url": 0.0, "hosts": 3.294918648310388, "trackers": 3.1995994993742176, "companies": 2.1824780976220275}