{"id": "powerbi.com", "month": "2019-04", "country": "global", "site": "powerbi.com", "category": "Business", "popularity": 0.0003939779407511574, "cookies": 0.7803280444055757, "bad_qs": 0.012029484731121384, "tracked": 0.780435131806743, "https": 0.9765657070445662, "requests": 389.75685805564973, "requests_tracking": 23.21985043459637, "content_length": 4025675.194684895, "requests_failed": 100.81375716146995, "has_blocking": 0.030948258937336024, "script": 0.4673472665940852, "iframe": 0.06375269949490442, "beacon": 0.00033911010369630013, "image": 0.5424512306127184, "stylesheet": 0.45642435167502543, "font": 0.24146424173196024, "xhr": 0.9931821021256849, "plugin": 0.00017847900194542112, "media": 0.000785307608559853, "referer_leaked": 0.9927359046208214, "referer_leaked_header": 0.9568973210301808, "referer_leaked_url": 0.0, "hosts": 4.756608185047029, "trackers": 3.7092041621303253, "companies": 2.2323796605329385}