{"id": "powerlineblog.com", "month": "2019-04", "country": "global", "site": "powerlineblog.com", "category": "News and Portals", "popularity": 0.00032792938022936294, "cookies": 0.9514752551676816, "bad_qs": 0.050197272493352776, "tracked": 0.9520542070503474, "https": 0.18532893044000343, "requests": 87.05255596534866, "requests_tracking": 11.04046230379964, "content_length": 737207.0397118106, "requests_failed": 30.093618663693285, "has_blocking": 0.5499185178831804, "script": 0.9913800497469766, "iframe": 0.9886782742945364, "beacon": 0.008770048889270092, "image": 0.9923449695514195, "stylesheet": 0.9954755982502788, "font": 0.36570460588386655, "xhr": 0.17936787031477827, "plugin": 0.0003430825971352603, "media": 0.0008148211681962433, "referer_leaked": 0.9995925894159019, "referer_leaked_header": 0.9911441804614461, "referer_leaked_url": 0.0, "hosts": 22.398040140663866, "trackers": 19.132065357234755, "companies": 11.853739600308774}