{"id": "ppy.sh", "month": "2019-04", "country": "global", "site": "ppy.sh", "category": "Entertainment", "popularity": 0.00042712527539394874, "cookies": 0.11777488764137431, "bad_qs": 0.0029797672159755035, "tracked": 0.12009614276542153, "https": 0.9916204336302126, "requests": 22.78308611691882, "requests_tracking": 0.7642032826827783, "content_length": 275021.8423028168, "requests_failed": 7.926312496913225, "has_blocking": 0.2762787481685132, "script": 0.9764252671089673, "iframe": 0.23085787662775958, "beacon": 0.000658512091928288, "image": 0.30434782608695654, "stylesheet": 0.9758984574354247, "font": 0.8514890604678729, "xhr": 0.20068156001514578, "plugin": 0.0004444956620515944, "media": 0.0004774212666480088, "referer_leaked": 0.8028414796766705, "referer_leaked_header": 0.7423242184284609, "referer_leaked_url": 0.0, "hosts": 3.875491826218659, "trackers": 3.810661310768319, "companies": 1.8104637571407405}