{"id": "pracuj.pl", "month": "2019-04", "country": "global", "site": "pracuj.pl", "category": "Business", "popularity": 0.0005899930235900313, "cookies": 0.9662117871402182, "bad_qs": 0.03979500625707646, "tracked": 0.9669387998331447, "https": 0.9934807222453966, "requests": 58.999630534533104, "requests_tracking": 21.085763661283593, "content_length": 683808.3257016864, "requests_failed": 19.721875931112567, "has_blocking": 0.5449138907097313, "script": 0.9968416661700733, "iframe": 0.668887432215005, "beacon": 0.031893212561825875, "image": 0.9615994279244383, "stylesheet": 0.9945772004052202, "font": 0.6985042607711102, "xhr": 0.9443775698706871, "plugin": 0.02055896549669269, "media": 0.001120314641558906, "referer_leaked": 0.9733746499016745, "referer_leaked_header": 0.9290864668374947, "referer_leaked_url": 0.0, "hosts": 12.768893391335439, "trackers": 10.388212859781897, "companies": 7.011405756510339}