{"id": "prezi.com", "month": "2019-04", "country": "global", "site": "prezi.com", "category": "Business", "popularity": 0.00036683565994479877, "cookies": 0.7151948475148077, "bad_qs": 0.05457263892349863, "tracked": 0.7161341026279975, "https": 0.9792597136230329, "requests": 96.65630930245932, "requests_tracking": 12.289367248749258, "content_length": 7512696.608713987, "requests_failed": 28.809580402154538, "has_blocking": 0.48712837125495984, "script": 0.9964730012076137, "iframe": 0.4154574555770668, "beacon": 0.03442657516916176, "image": 0.965592593302536, "stylesheet": 0.99352105656616, "font": 0.7524583564952366, "xhr": 0.8614886235120474, "plugin": 0.03304644520692365, "media": 0.07571546320611858, "referer_leaked": 0.9893423297360502, "referer_leaked_header": 0.967988652264755, "referer_leaked_url": 0.0, "hosts": 14.646648392723648, "trackers": 11.904790201077269, "companies": 8.545151335084054}