{"id": "priceminister.com", "month": "2019-04", "country": "global", "site": "priceminister.com", "category": "E-Commerce", "popularity": 8.508331548107239e-07, "cookies": 0.859504132231405, "bad_qs": 0.18181818181818182, "tracked": 0.859504132231405, "https": 0.7851239669421488, "requests": 10.223140495867769, "requests_tracking": 3.090909090909091, "content_length": 149187.81818181818, "requests_failed": 2.9008264462809916, "has_blocking": 0.15702479338842976, "script": 0.48760330578512395, "iframe": 0.1652892561983471, "beacon": 0.0, "image": 0.8264462809917356, "stylesheet": 0.5537190082644629, "font": 0.1652892561983471, "xhr": 0.04132231404958678, "plugin": 0.0, "media": 0.0, "referer_leaked": 0.859504132231405, "referer_leaked_header": 0.743801652892562, "referer_leaked_url": 0.0, "hosts": 2.6363636363636362, "trackers": 2.5289256198347108, "companies": 1.8099173553719008}