{"id": "priceline.com", "month": "2019-04", "country": "global", "site": "priceline.com", "category": "Recreation", "popularity": 0.0003333789314275308, "cookies": 0.9514669591445023, "bad_qs": 0.06812764970154606, "tracked": 0.9516778806606062, "https": 0.9684250490392525, "requests": 127.31859695007488, "requests_tracking": 24.537196009364916, "content_length": 924875.7137795027, "requests_failed": 38.28139039463416, "has_blocking": 0.45833245449368293, "script": 0.9753643669190694, "iframe": 0.9294045685600388, "beacon": 0.2735862985383139, "image": 0.7955959587437514, "stylesheet": 0.9082702326464323, "font": 0.59541034780958, "xhr": 0.9227183564995465, "plugin": 0.008373584189323153, "media": 0.009639113285946299, "referer_leaked": 0.9932926957878974, "referer_leaked_header": 0.9354369239206092, "referer_leaked_url": 0.0, "hosts": 20.934740882917467, "trackers": 18.03172259602202, "companies": 13.156777962919998}