{"id": "primejailbait.com", "month": "2019-04", "country": "global", "site": "primejailbait.com", "category": "Adult", "popularity": 0.0003330343791582273, "cookies": 0.9948059625860395, "bad_qs": 0.010366960854693637, "tracked": 0.9948270765592669, "https": 0.9874160719564208, "requests": 34.27395380262658, "requests_tracking": 26.205312275664035, "content_length": 833765.2889236097, "requests_failed": 5.869726785186437, "has_blocking": 0.276656391199696, "script": 0.9962417127655082, "iframe": 0.9422955111692919, "beacon": 0.0, "image": 0.9902453443689033, "stylesheet": 0.01830581478822685, "font": 0.002090283349520713, "xhr": 0.006777585406021705, "plugin": 0.0009712427684641696, "media": 0.0, "referer_leaked": 0.9937291499514379, "referer_leaked_header": 0.9933913263797981, "referer_leaked_url": 0.0, "hosts": 4.493560238165618, "trackers": 4.000802330982644, "companies": 3.9835099869093367}