{"id": "prisjakt.nu", "month": "2019-04", "country": "global", "site": "prisjakt.nu", "category": "E-Commerce", "popularity": 0.00022748887788790528, "cookies": 0.5083766073194856, "bad_qs": 0.029457220573689418, "tracked": 0.5085311572700296, "https": 0.996228981206726, "requests": 106.83172601384767, "requests_tracking": 6.649357072205737, "content_length": 527656.3454191395, "requests_failed": 25.031837289812067, "has_blocking": 0.5409557368941642, "script": 0.997959940652819, "iframe": 0.09974653808110781, "beacon": 0.009860286844708209, "image": 0.9926125123639961, "stylesheet": 0.9890887734915925, "font": 0.20830242334322452, "xhr": 0.5097675568743818, "plugin": 0.0030909990108803167, "media": 0.0036164688427299703, "referer_leaked": 0.9732628585558852, "referer_leaked_header": 0.9607134025717112, "referer_leaked_url": 0.0, "hosts": 9.242674332344214, "trackers": 7.530631800197824, "companies": 5.678567012858556}