{"id": "prizegrab.com", "month": "2019-04", "country": "global", "site": "prizegrab.com", "category": "Business", "popularity": 0.0008172006343193215, "cookies": 0.6535618713269143, "bad_qs": 0.1434385675073354, "tracked": 0.6540437285422959, "https": 0.990990990990991, "requests": 63.79491812729635, "requests_tracking": 16.510260977309688, "content_length": 254683.3396318955, "requests_failed": 30.548809554540213, "has_blocking": 0.5008389478303519, "script": 0.9906295980794548, "iframe": 0.9849161482399305, "beacon": 0.27877160828450226, "image": 0.9076296927299793, "stylesheet": 0.8910056187993151, "font": 0.2802774120825697, "xhr": 0.8904291110594835, "plugin": 0.0007141812299405422, "media": 0.0015402221705946633, "referer_leaked": 0.9466171042102274, "referer_leaked_header": 0.9456878081519915, "referer_leaked_url": 0.0, "hosts": 24.80279993460509, "trackers": 21.83837132261201, "companies": 17.774120825696755}