{"id": "prnt.sc", "month": "2019-04", "country": "global", "site": "prnt.sc", "category": "Entertainment", "popularity": 0.0005762882812865098, "cookies": 0.9950339206403436, "bad_qs": 0.06752403728830104, "tracked": 0.9975840695007077, "https": 0.974034847967202, "requests": 68.84306213089951, "requests_tracking": 38.93619747181415, "content_length": 920655.0663038704, "requests_failed": 19.95545170579335, "has_blocking": 0.502403728830104, "script": 0.9925569817951095, "iframe": 0.8134852847869588, "beacon": 0.02587974034847967, "image": 0.9989994631265557, "stylesheet": 0.9907633364244228, "font": 0.03697105764068524, "xhr": 0.9839548050173264, "plugin": 0.0011957635804578067, "media": 0.0008785201815608375, "referer_leaked": 0.9954609790619356, "referer_leaked_header": 0.9907999414319879, "referer_leaked_url": 0.0, "hosts": 7.130313826931524, "trackers": 5.133693689296696, "companies": 4.3545805066133045}