{"id": "probuilds.net", "month": "2019-04", "country": "global", "site": "probuilds.net", "category": "Entertainment", "popularity": 0.0006771717794027863, "cookies": 0.9658162258704298, "bad_qs": 0.02003052864396748, "tracked": 0.9662211976781616, "https": 0.9920251705554344, "requests": 149.80293448802217, "requests_tracking": 62.43448283023374, "content_length": 1036227.5004620833, "requests_failed": 47.04801511894749, "has_blocking": 0.4886244457597375, "script": 0.9974559463360435, "iframe": 0.6734058129030248, "beacon": 0.22774991433288683, "image": 0.9964590926554728, "stylesheet": 0.9891592162237937, "font": 0.32379053612037006, "xhr": 0.8750921570459903, "plugin": 0.00043612348524968067, "media": 0.009314351577832466, "referer_leaked": 0.997725927541198, "referer_leaked_header": 0.9972482684859246, "referer_leaked_url": 0.0, "hosts": 27.555465561820505, "trackers": 22.398679168873244, "companies": 17.206109882350496}