{"id": "proboards.com", "month": "2019-04", "country": "global", "site": "proboards.com", "category": "Business", "popularity": 0.00036121031677249646, "cookies": 0.8944888940800872, "bad_qs": 0.018824582919659716, "tracked": 0.894703031010921, "https": 0.06710272732581907, "requests": 27.055364130117386, "requests_tracking": 10.512332340516654, "content_length": 1396365.0274095272, "requests_failed": 9.721310518016702, "has_blocking": 0.3354941696353832, "script": 0.9839981311686037, "iframe": 0.26369989682493333, "beacon": 0.2703965426619167, "image": 0.7369814479549923, "stylesheet": 0.21474040763884833, "font": 0.09264342307617435, "xhr": 0.5494169635383208, "plugin": 0.0014600245284120774, "media": 0.012965017812299246, "referer_leaked": 0.9183359613774845, "referer_leaked_header": 0.910782767817166, "referer_leaked_url": 0.0, "hosts": 6.876209386984368, "trackers": 5.212754774280208, "companies": 4.401954486168701}