{"id": "programme.tv", "month": "2019-04", "country": "global", "site": "programme.tv", "category": "Entertainment", "popularity": 0.00024395707002482027, "cookies": 0.9643742433850233, "bad_qs": 0.1320977690666974, "tracked": 0.9648642416556177, "https": 0.946417247939125, "requests": 160.38147806537154, "requests_tracking": 24.851126996022366, "content_length": 1337320.4693030496, "requests_failed": 76.7451144290079, "has_blocking": 0.47581714417478527, "script": 0.9920447339597624, "iframe": 0.9845506427624373, "beacon": 0.05525451086643224, "image": 0.9968870698103418, "stylesheet": 0.9943794316020061, "font": 0.11091254972041276, "xhr": 0.9629907188562864, "plugin": 0.007234680348187006, "media": 0.054332161180607595, "referer_leaked": 0.9940911973251859, "referer_leaked_header": 0.9716953940162564, "referer_leaked_url": 0.0, "hosts": 23.235227993312964, "trackers": 17.482244768547876, "companies": 14.579005015276417}