{"id": "programme-tv.net", "month": "2019-04", "country": "global", "site": "programme-tv.net", "category": "Entertainment", "popularity": 0.002413862881950781, "cookies": 0.8264876894932476, "bad_qs": 0.06505692080027033, "tracked": 0.8268926020437888, "https": 0.9617110031344309, "requests": 166.48208771745843, "requests_tracking": 24.227199636452617, "content_length": 1726612.4808729799, "requests_failed": 55.7316653266683, "has_blocking": 0.5048589506064949, "script": 0.9979404807681104, "iframe": 0.7126315237529276, "beacon": 0.19776045490031577, "image": 0.9959945700935668, "stylesheet": 0.9971539599864835, "font": 0.6061045664813973, "xhr": 0.975128465060999, "plugin": 0.002385779704268186, "media": 0.029558616189510726, "referer_leaked": 0.9782425047482551, "referer_leaked_header": 0.8841134454271099, "referer_leaked_url": 0.0, "hosts": 28.08856806609105, "trackers": 21.555059367753813, "companies": 17.587129024364668}