{"id": "progressive.com", "month": "2019-04", "country": "global", "site": "progressive.com", "category": "Business", "popularity": 0.00027228770457632775, "cookies": 0.2707693102290628, "bad_qs": 0.011698473775275676, "tracked": 0.2729385636443457, "https": 0.9928724530640705, "requests": 19.506804741368178, "requests_tracking": 1.6814554657438732, "content_length": 82146.06272757793, "requests_failed": 5.525243395398084, "has_blocking": 0.35932133357436147, "script": 0.9632001652764507, "iframe": 0.5222219352839398, "beacon": 0.226867753015004, "image": 0.6235828835575756, "stylesheet": 0.3236835988947137, "font": 0.27301603698060584, "xhr": 0.8577331301810294, "plugin": 0.002040131188182734, "media": 0.00020659556336027684, "referer_leaked": 0.8331224336957364, "referer_leaked_header": 0.8221986932830617, "referer_leaked_url": 0.0, "hosts": 5.401957492962839, "trackers": 5.300983911370503, "companies": 3.2803501794798957}