{"id": "programme-television.org", "month": "2019-04", "country": "global", "site": "programme-television.org", "category": "Entertainment", "popularity": 0.00031121507932865974, "cookies": 0.7185883097223164, "bad_qs": 0.10083824758806119, "tracked": 0.7248695180641226, "https": 0.9746944124358887, "requests": 145.5674778011252, "requests_tracking": 13.769651370342755, "content_length": 4255478.573781604, "requests_failed": 52.38430601685533, "has_blocking": 0.5246842450123139, "script": 0.9971757156736483, "iframe": 0.6520481709934702, "beacon": 0.25904335841297815, "image": 0.9988025034456269, "stylesheet": 0.9925438893784315, "font": 0.04085044849635103, "xhr": 0.8061637181138299, "plugin": 0.018685465103142864, "media": 0.0006326396891027814, "referer_leaked": 0.9183216972819087, "referer_leaked_header": 0.6398698569782417, "referer_leaked_url": 0.0, "hosts": 25.741340744255407, "trackers": 20.768092365394608, "companies": 19.068460652070765}