{"id": "promipool.de", "month": "2019-04", "country": "global", "site": "promipool.de", "category": "News and Portals", "popularity": 4.6331732702874875e-05, "cookies": 0.8810138108969494, "bad_qs": 0.3782061010775535, "tracked": 0.8816208832903324, "https": 0.9907421460009106, "requests": 143.35756563970253, "requests_tracking": 60.08377599028684, "content_length": 1925768.4046137503, "requests_failed": 38.85111549552284, "has_blocking": 0.3159811807558051, "script": 0.9969646380330854, "iframe": 0.7128547579298832, "beacon": 0.26301411443314615, "image": 0.9694946122325088, "stylesheet": 0.8374563666717256, "font": 0.08802549704052208, "xhr": 0.8096828046744574, "plugin": 0.0004553042950371832, "media": 0.052359993929276066, "referer_leaked": 0.9901350736075277, "referer_leaked_header": 0.9898315374108363, "referer_leaked_url": 0.0, "hosts": 27.702079222947336, "trackers": 21.965548641675518, "companies": 17.979511306723328}