{"id": "prophetservices.com", "month": "2019-04", "country": "global", "site": "prophetservices.com", "category": "Business", "popularity": 7.094964076066284e-06, "cookies": 0.4449950445986125, "bad_qs": 0.0009910802775024777, "tracked": 0.4449950445986125, "https": 0.9861248761149654, "requests": 5.7958374628344895, "requests_tracking": 0.9365708622398414, "content_length": 50198.92269573836, "requests_failed": 1.5411298315163529, "has_blocking": 0.16551040634291378, "script": 0.9781962338949455, "iframe": 0.2001982160555005, "beacon": 0.0, "image": 0.5163528245787908, "stylesheet": 0.7958374628344896, "font": 0.11199207135777998, "xhr": 0.014866204162537165, "plugin": 0.0, "media": 0.0, "referer_leaked": 0.9385530227948464, "referer_leaked_header": 0.933597621407334, "referer_leaked_url": 0.0, "hosts": 2.9266600594648167, "trackers": 2.729435084241824, "companies": 1.6858275520317145}