{"id": "prosieben.de", "month": "2019-04", "country": "global", "site": "prosieben.de", "category": "Entertainment", "popularity": 0.00014665269650192112, "cookies": 0.87969888761028, "bad_qs": 0.18119485999232834, "tracked": 0.8843977752205601, "https": 0.9462504794783276, "requests": 1215.147391637898, "requests_tracking": 309.66642692750287, "content_length": 1685866727.8962889, "requests_failed": 209.88751438434983, "has_blocking": 0.4738684311469122, "script": 0.9882527809742999, "iframe": 0.7138952819332566, "beacon": 0.06741465285769083, "image": 0.9713751438434983, "stylesheet": 0.988204833141542, "font": 0.7351841196777905, "xhr": 0.9635596471039509, "plugin": 0.0013425393172228615, "media": 0.5138569236670503, "referer_leaked": 0.9925680859225163, "referer_leaked_header": 0.9886843114691216, "referer_leaked_url": 0.0, "hosts": 24.614499424626008, "trackers": 19.88247986191024, "companies": 17.34944380514001}