{"id": "prothomalo.com", "month": "2019-04", "country": "global", "site": "prothomalo.com", "category": "News and Portals", "popularity": 0.00031345818491861527, "cookies": 0.7176409888285702, "bad_qs": 0.015590650096460138, "tracked": 0.7206469558975279, "https": 0.9583875454259949, "requests": 83.91657319754138, "requests_tracking": 12.649490780205483, "content_length": 881110.5217820449, "requests_failed": 27.812508412221273, "has_blocking": 0.5131679303692405, "script": 0.9903315536811881, "iframe": 0.6290322580645161, "beacon": 0.004105163982233389, "image": 0.9896361433891157, "stylesheet": 0.9902866885010543, "font": 0.044371663152227556, "xhr": 0.15745434967921396, "plugin": 0.000381354031136435, "media": 0.00026919108080218943, "referer_leaked": 0.9982278253847189, "referer_leaked_header": 0.9945264480236888, "referer_leaked_url": 0.0, "hosts": 12.65862084436269, "trackers": 10.059334200726816, "companies": 6.9849477320651445}