{"id": "provincial.com", "month": "2019-04", "country": "global", "site": "provincial.com", "category": "Banking", "popularity": 0.00014466976303368457, "cookies": 0.6813939924176144, "bad_qs": 0.008603091280256634, "tracked": 0.6824146981627297, "https": 0.991445513755225, "requests": 9.14353066977739, "requests_tracking": 2.1926703606493634, "content_length": 33459.72941576748, "requests_failed": 3.9630601730339263, "has_blocking": 0.37804996597647517, "script": 0.9806065908428113, "iframe": 0.10241080975989113, "beacon": 0.0, "image": 0.6533974919801692, "stylesheet": 0.06449888208418392, "font": 0.059006513074754546, "xhr": 0.4159618936521824, "plugin": 0.0002430251774083795, "media": 0.0001944201419267036, "referer_leaked": 0.83323612326237, "referer_leaked_header": 0.8313405268785846, "referer_leaked_url": 0.0, "hosts": 3.6263730922523574, "trackers": 3.4292796733741615, "companies": 2.5313016428501993}