{"id": "proxyfl.info", "month": "2019-04", "country": "global", "site": "proxyfl.info", "category": "Entertainment", "popularity": 1.760029245034084e-05, "cookies": 0.2205353575709149, "bad_qs": 0.0, "tracked": 0.2205353575709149, "https": 0.9972033559728326, "requests": 3.95685177786656, "requests_tracking": 0.30563324011186577, "content_length": 38290.83699560527, "requests_failed": 3.146224530563324, "has_blocking": 0.3611666000799041, "script": 0.9988014382740711, "iframe": 0.029564522572912505, "beacon": 0.0, "image": 0.20815021973631642, "stylesheet": 0.0023971234518577705, "font": 0.00039952057530962844, "xhr": 0.002796644027167399, "plugin": 0.0, "media": 0.0, "referer_leaked": 0.3775469436675989, "referer_leaked_header": 0.3775469436675989, "referer_leaked_url": 0.0, "hosts": 2.231322413104275, "trackers": 2.047143427886536, "companies": 2.040751098681582}