{"id": "proxysite.com", "month": "2019-04", "country": "global", "site": "proxysite.com", "category": "Business", "popularity": 0.00026472161800958116, "cookies": 0.18349403670943235, "bad_qs": 0.004356256806651261, "tracked": 0.18524716444869446, "https": 0.9831593486864824, "requests": 5.232183175286211, "requests_tracking": 0.9845937259276968, "content_length": 2141702.47042261, "requests_failed": 2.5068132918957686, "has_blocking": 0.31596143118973624, "script": 0.9959093686083884, "iframe": 0.1705846415385024, "beacon": 0.008925013945334289, "image": 0.44526788323106753, "stylesheet": 0.06032353175551837, "font": 0.016176587775918398, "xhr": 0.09697983903099848, "plugin": 0.003240630063484474, "media": 0.0036125056445400695, "referer_leaked": 0.5567508699232343, "referer_leaked_header": 0.5255930087390761, "referer_leaked_url": 0.0, "hosts": 2.1409939703030787, "trackers": 1.978776529338327, "companies": 1.6962042128190826}