{"id": "prusa3d.com", "month": "2019-04", "country": "global", "site": "prusa3d.com", "category": "Business", "popularity": 0.0001901506625817487, "cookies": 0.7297906959544412, "bad_qs": 0.03453886546853043, "tracked": 0.7314177945418239, "https": 0.9860587234671991, "requests": 106.59792175134976, "requests_tracking": 16.90278085940389, "content_length": 1116766.5945935952, "requests_failed": 61.699652392574514, "has_blocking": 0.42633680940758817, "script": 0.9874269654611345, "iframe": 0.5128688706456623, "beacon": 0.028030471119000075, "image": 0.8707935803564825, "stylesheet": 0.9704163893203166, "font": 0.6249167960949634, "xhr": 0.6232527179942312, "plugin": 0.0019229346941794245, "media": 0.001848975667480216, "referer_leaked": 0.9836180755861252, "referer_leaked_header": 0.9392056800532504, "referer_leaked_url": 0.0, "hosts": 12.199874269654611, "trackers": 10.899711559795874, "companies": 6.876710302492419}