{"id": "pscp.tv", "month": "2019-04", "country": "global", "site": "pscp.tv", "category": "Entertainment", "popularity": 0.0011717800778274666, "cookies": 0.5104984907856915, "bad_qs": 0.001350191727225266, "tracked": 0.5117346663226178, "https": 0.9993819122315368, "requests": 95.83378239710039, "requests_tracking": 1.675341898549594, "content_length": 30484.555714911516, "requests_failed": 82.32195171714383, "has_blocking": 0.42655857131712704, "script": 0.9872241858343885, "iframe": 0.00048606902180109576, "beacon": 0.06113068055663904, "image": 0.6316917002214314, "stylesheet": 0.022203152847704376, "font": 0.000462065613317091, "xhr": 0.9958174060716621, "plugin": 0.0, "media": 6.000852121001182e-06, "referer_leaked": 0.8133674981847422, "referer_leaked_header": 0.8133494956283792, "referer_leaked_url": 0.0, "hosts": 4.507240028083988, "trackers": 4.119975036455177, "companies": 3.7635604255804322}