{"id": "psu.edu", "month": "2019-04", "country": "global", "site": "psu.edu", "category": "Reference", "popularity": 0.0002512981428646748, "cookies": 0.36423414852537916, "bad_qs": 0.006407745257149253, "tracked": 0.3651295539761598, "https": 0.767418434159718, "requests": 13.996922043762941, "requests_tracking": 2.785018747551626, "content_length": 245244.52507135263, "requests_failed": 4.643852481951984, "has_blocking": 0.27086014886115617, "script": 0.8822262018020035, "iframe": 0.1279590352006268, "beacon": 0.00968157143656612, "image": 0.40517096647825845, "stylesheet": 0.5815378588617158, "font": 0.37419553416531426, "xhr": 0.1444960546197325, "plugin": 0.0020986065252672228, "media": 0.0006155912474117186, "referer_leaked": 0.7526162628014998, "referer_leaked_header": 0.7432984498293134, "referer_leaked_url": 0.0, "hosts": 4.0167049079411274, "trackers": 3.6588785046728973, "companies": 2.3824780345850356}