{"id": "ptt.cc", "month": "2019-04", "country": "global", "site": "ptt.cc", "category": "Reference", "popularity": 0.0008207235054809757, "cookies": 0.6505251974845354, "bad_qs": 0.019654209290769203, "tracked": 0.6512448808238661, "https": 0.9901814630134169, "requests": 34.72846518960229, "requests_tracking": 14.014950564608714, "content_length": 1014207.2679706643, "requests_failed": 10.7538597302901, "has_blocking": 0.28633115714799773, "script": 0.9970612930310663, "iframe": 0.6377850888466218, "beacon": 0.0020219674771671894, "image": 0.6073527647834953, "stylesheet": 0.8496718586679004, "font": 0.2046128274987577, "xhr": 0.39960417416336813, "plugin": 0.0004026799636731267, "media": 0.008319196696310767, "referer_leaked": 0.942433900512346, "referer_leaked_header": 0.9413115372093421, "referer_leaked_url": 0.0, "hosts": 6.031023492520434, "trackers": 5.352113641426344, "companies": 2.720214534176391}