{"id": "publico.pt", "month": "2019-04", "country": "global", "site": "publico.pt", "category": "News and Portals", "popularity": 0.0002929397456976426, "cookies": 0.9947911665866539, "bad_qs": 0.16192990878540567, "tracked": 0.9957993278924628, "https": 0.9882861257801249, "requests": 126.8175468074892, "requests_tracking": 97.2660585693711, "content_length": 1284436.9250360057, "requests_failed": 19.93142102736438, "has_blocking": 0.4704992798847816, "script": 0.9962073931829093, "iframe": 0.9206433029284685, "beacon": 0.01586653864618339, "image": 0.9914306289006241, "stylesheet": 0.9930388862217955, "font": 0.5467354776764283, "xhr": 0.5404704752760442, "plugin": 0.0001440230436869899, "media": 0.02870859337493999, "referer_leaked": 0.9725156024963995, "referer_leaked_header": 0.7820211233797407, "referer_leaked_url": 0.0, "hosts": 15.430796927508402, "trackers": 13.098655784925588, "companies": 10.452952472395584}