{"id": "publico.es", "month": "2019-04", "country": "global", "site": "publico.es", "category": "News and Portals", "popularity": 0.0003950748826697564, "cookies": 0.9642609237340928, "bad_qs": 0.0393699385957106, "tracked": 0.9645456972501557, "https": 0.9939129660941532, "requests": 116.65026252558512, "requests_tracking": 24.47436148438195, "content_length": 14922498.3967785, "requests_failed": 35.46467918483581, "has_blocking": 0.4883331850137937, "script": 0.9932188306487497, "iframe": 0.975634066031859, "beacon": 0.032321794073151194, "image": 0.8576488386580048, "stylesheet": 0.9882352941176471, "font": 0.6041470143276675, "xhr": 0.8850582895790692, "plugin": 0.00210020468096467, "media": 0.11084809112752514, "referer_leaked": 0.9982379638693601, "referer_leaked_header": 0.9950342618136513, "referer_leaked_url": 0.0, "hosts": 15.369547032126013, "trackers": 11.603862240811605, "companies": 7.426839903888938}