{"id": "pudelek.pl", "month": "2019-04", "country": "global", "site": "pudelek.pl", "category": "Entertainment", "popularity": 0.0007083080538614796, "cookies": 0.8887135042836862, "bad_qs": 0.027588329312723987, "tracked": 0.8888425608799675, "https": 0.9954631642691922, "requests": 167.61974963020322, "requests_tracking": 66.64935322790402, "content_length": 9632253.74303839, "requests_failed": 40.46869384797133, "has_blocking": 0.5043928879888019, "script": 0.9689767797400999, "iframe": 0.959059276687415, "beacon": 0.08596162055375207, "image": 0.9985704500104238, "stylesheet": 0.29583742839840765, "font": 0.024967487665167626, "xhr": 0.8637757989099681, "plugin": 0.0033951812252434703, "media": 0.2633151661355491, "referer_leaked": 0.9869355014841509, "referer_leaked_header": 0.9416167813284887, "referer_leaked_url": 0.0, "hosts": 14.39515144295202, "trackers": 10.758733656967568, "companies": 7.2699963268507215}