{"id": "pullandbear.com", "month": "2019-04", "country": "global", "site": "pullandbear.com", "category": "Business", "popularity": 0.00020348975757907055, "cookies": 0.6032343895780781, "bad_qs": 0.029130239469228377, "tracked": 0.6040291647949134, "https": 0.996337122913715, "requests": 28.499637167835793, "requests_tracking": 4.961194236151906, "content_length": 905282.7216558969, "requests_failed": 12.149486851653478, "has_blocking": 0.5322920626144649, "script": 0.997788451570545, "iframe": 0.4587235218908739, "beacon": 0.08777082829399772, "image": 0.4451432323162514, "stylesheet": 0.1227754932789661, "font": 0.01928193786931131, "xhr": 0.43263416151214623, "plugin": 0.0018659939873527074, "media": 0.09247036870658973, "referer_leaked": 0.5941117523065759, "referer_leaked_header": 0.14178098759459554, "referer_leaked_url": 0.0, "hosts": 11.427658177545872, "trackers": 10.662047755623899, "companies": 8.28497874840181}