{"id": "pururin.io", "month": "2019-04", "country": "global", "site": "pururin.io", "category": "Adult", "popularity": 0.0003281965840300473, "cookies": 0.9374384025367443, "bad_qs": 0.005977632086386425, "tracked": 0.9392166945194327, "https": 0.9988216137464113, "requests": 26.10965419719758, "requests_tracking": 2.868813472168659, "content_length": 198539.99008013026, "requests_failed": 15.316557398123152, "has_blocking": 0.49003727985602263, "script": 0.9994215194755109, "iframe": 0.9921369499078716, "beacon": 0.0007498821613746411, "image": 0.9895659253545871, "stylesheet": 0.8879461798860179, "font": 0.5050134978789047, "xhr": 0.0531130822299353, "plugin": 4.285040922140807e-05, "media": 2.1425204610704033e-05, "referer_leaked": 0.9874876805073488, "referer_leaked_header": 0.9856879633200497, "referer_leaked_url": 0.0, "hosts": 9.107425975918071, "trackers": 8.04932082101384, "companies": 4.723443458885033}