{"id": "putlockers.co", "month": "2019-04", "country": "global", "site": "putlockers.co", "category": "Entertainment", "popularity": 0.0003115244732031364, "cookies": 0.971694919079972, "bad_qs": 0.02259440669932059, "tracked": 0.9722140712818546, "https": 0.31009186736789834, "requests": 232.56610161840055, "requests_tracking": 34.21709590772634, "content_length": 351260133.9729364, "requests_failed": 156.85563054420695, "has_blocking": 0.9260320971491772, "script": 0.9975170981649099, "iframe": 0.8756066180619823, "beacon": 0.07518678193350338, "image": 0.9683091438503036, "stylesheet": 0.9920772859625759, "font": 0.5186104778457441, "xhr": 0.7547118705279552, "plugin": 0.00449179513802677, "media": 0.154097916619642, "referer_leaked": 0.9969528022932984, "referer_leaked_header": 0.9953727738527864, "referer_leaked_url": 0.0, "hosts": 21.48181838701668, "trackers": 12.053766110647134, "companies": 9.13098435771844}