{"id": "pydata.org", "month": "2019-04", "country": "global", "site": "pydata.org", "category": "Business", "popularity": 0.00036185019955834585, "cookies": 0.577710843373494, "bad_qs": 0.000777302759424796, "tracked": 0.5779828993392927, "https": 0.8929848425961913, "requests": 5.976622619510299, "requests_tracking": 1.6280994947532064, "content_length": 189120.1877769141, "requests_failed": 1.7647687524290712, "has_blocking": 0.24712397979012826, "script": 0.9755732607850758, "iframe": 0.029440342013214146, "beacon": 0.0007190050524679362, "image": 0.3013991449669646, "stylesheet": 0.20969685192382434, "font": 0.11735328410415857, "xhr": 0.1498834045860863, "plugin": 0.0004469490866692577, "media": 0.0032063738826272835, "referer_leaked": 0.8864943645549942, "referer_leaked_header": 0.8563738826272833, "referer_leaked_url": 0.0, "hosts": 2.4594247959580255, "trackers": 2.428993392926545, "companies": 2.1038476486591526}