{"id": "pypi.org", "month": "2019-04", "country": "global", "site": "pypi.org", "category": "Business", "popularity": 0.00029893073617614455, "cookies": 0.07155626646593903, "bad_qs": 0.001599548362815205, "tracked": 0.07296763266842303, "https": 0.9811347384267971, "requests": 27.45714151298457, "requests_tracking": 0.2513172751223184, "content_length": 116394.08971584494, "requests_failed": 6.7301703048551, "has_blocking": 0.1318921716221302, "script": 0.9840045163718479, "iframe": 0.003716597666541212, "beacon": 0.16338916070756493, "image": 0.8634032743695897, "stylesheet": 0.9584823108769289, "font": 0.7894006398193452, "xhr": 0.9681266465939029, "plugin": 0.00016465939028980053, "media": 0.0, "referer_leaked": 0.2186206247647723, "referer_leaked_header": 0.04979770417764396, "referer_leaked_url": 0.0, "hosts": 7.482499059089198, "trackers": 7.428914188934889, "companies": 5.229041211893112}