{"id": "pyszne.pl", "month": "2019-04", "country": "global", "site": "pyszne.pl", "category": "Business", "popularity": 0.0001974987671005686, "cookies": 0.8016164061665539, "bad_qs": 0.030441129348096986, "tracked": 0.8025064976679602, "https": 0.9966888596147684, "requests": 48.83301883433617, "requests_tracking": 4.377719229536797, "content_length": 597800.0447894044, "requests_failed": 16.231281375725423, "has_blocking": 0.5524263894328337, "script": 0.9991455121586499, "iframe": 0.8114074126820238, "beacon": 0.04553708121194859, "image": 0.6304340086160858, "stylesheet": 0.9778901271050664, "font": 0.6750453946665718, "xhr": 0.6924199807740236, "plugin": 0.000996902481575106, "media": 3.5603660056253786e-05, "referer_leaked": 0.9984690426175811, "referer_leaked_header": 0.9483034855983196, "referer_leaked_url": 0.0, "hosts": 12.606864385658845, "trackers": 11.26667141382134, "companies": 6.100793961619255}