{"id": "qrz.com", "month": "2019-04", "country": "global", "site": "qrz.com", "category": "Entertainment", "popularity": 0.0004779572826346655, "cookies": 0.2826016595068558, "bad_qs": 0.012431589478020361, "tracked": 0.28430824457129406, "https": 0.8797887365385747, "requests": 46.29204672512211, "requests_tracking": 4.520729123756841, "content_length": 990989.9498617077, "requests_failed": 14.441696580945095, "has_blocking": 0.472209144942035, "script": 0.9943947507797328, "iframe": 0.22054669569822868, "beacon": 0.0031630671452951217, "image": 0.8975460483728595, "stylesheet": 0.6764697228270464, "font": 0.12724357088212793, "xhr": 0.04619549226151945, "plugin": 0.003780968634143471, "media": 0.0003677985052668746, "referer_leaked": 0.9609986465015006, "referer_leaked_header": 0.9323986347319484, "referer_leaked_url": 0.0, "hosts": 5.258591773083034, "trackers": 5.006164302948273, "companies": 2.4094774318837167}