{"id": "qsl.net", "month": "2019-04", "country": "global", "site": "qsl.net", "category": "Business", "popularity": 1.092722911219723e-05, "cookies": 0.33912483912483915, "bad_qs": 0.015444015444015444, "tracked": 0.35135135135135137, "https": 0.777992277992278, "requests": 6.378378378378378, "requests_tracking": 1.05019305019305, "content_length": 133329.67503217503, "requests_failed": 3.3133848133848134, "has_blocking": 0.32754182754182753, "script": 0.5900900900900901, "iframe": 0.19240669240669242, "beacon": 0.003861003861003861, "image": 0.39575289575289574, "stylesheet": 0.10746460746460747, "font": 0.04054054054054054, "xhr": 0.04247104247104247, "plugin": 0.03474903474903475, "media": 0.0006435006435006435, "referer_leaked": 0.4523809523809524, "referer_leaked_header": 0.4446589446589447, "referer_leaked_url": 0.0, "hosts": 1.9800514800514801, "trackers": 1.5308880308880308, "companies": 1.33011583011583}