{"id": "qualtrics.com", "month": "2019-04", "country": "global", "site": "qualtrics.com", "category": "Business", "popularity": 0.00030812114058389344, "cookies": 0.3497797758963007, "bad_qs": 0.010657477350007988, "tracked": 0.35003080855336727, "https": 0.9812181930212921, "requests": 21.080261986809376, "requests_tracking": 5.905178119080764, "content_length": 954593.2155914102, "requests_failed": 5.906775599625733, "has_blocking": 0.20392980214062392, "script": 0.7615189757867592, "iframe": 0.18101736689563888, "beacon": 0.005933499167028002, "image": 0.4589333394189735, "stylesheet": 0.40057965722631733, "font": 0.2697231794427075, "xhr": 0.541043839430384, "plugin": 0.0046555147310527395, "media": 0.021771377712864283, "referer_leaked": 0.7127729980145598, "referer_leaked_header": 0.7040553184691573, "referer_leaked_url": 0.0, "hosts": 4.580547251192405, "trackers": 4.1392774823706615, "companies": 3.187726785184509}