{"id": "quechoisir.org", "month": "2019-04", "country": "global", "site": "quechoisir.org", "category": "Business", "popularity": 0.00042829956578116686, "cookies": 0.09768510917747496, "bad_qs": 0.002479067476604827, "tracked": 0.09909702840256115, "https": 0.9952552946970941, "requests": 34.167361681168934, "requests_tracking": 0.43137415859464784, "content_length": 289752.5013790839, "requests_failed": 8.08294204564111, "has_blocking": 0.26251846987358396, "script": 0.9926613035626334, "iframe": 0.026317517648990315, "beacon": 0.00113281891315055, "image": 0.9918732556230504, "stylesheet": 0.9964373666064685, "font": 0.42974880971925794, "xhr": 0.0792152355934986, "plugin": 0.003086521096700049, "media": 3.2835330815957974e-05, "referer_leaked": 0.8935314398292563, "referer_leaked_header": 0.8654079789853882, "referer_leaked_url": 0.0, "hosts": 3.3869807913314727, "trackers": 3.297816450500739, "companies": 2.065621408635692}