{"id": "questionablecontent.net", "month": "2019-04", "country": "global", "site": "questionablecontent.net", "category": "Entertainment", "popularity": 0.0007821406829979473, "cookies": 0.2115866979529088, "bad_qs": 0.016542151019050443, "tracked": 0.21196429053051757, "https": 0.9843299080292365, "requests": 13.74065683127905, "requests_tracking": 3.566451798509408, "content_length": 49829.575280272584, "requests_failed": 7.887675198460861, "has_blocking": 0.4935134989346495, "script": 0.9762116676106481, "iframe": 0.03579937247709721, "beacon": 0.00025172838507250676, "image": 0.400445918853557, "stylesheet": 0.2647103775026746, "font": 0.23180588145391123, "xhr": 0.02996466812309518, "plugin": 4.495149733437621e-05, "media": 0.00034163137974125917, "referer_leaked": 0.5084463863491293, "referer_leaked_header": 0.5066483264557542, "referer_leaked_url": 0.0, "hosts": 4.738840790786741, "trackers": 4.309275291959975, "companies": 2.5969738651994496}