{"id": "quicklaunchsso.com", "month": "2019-04", "country": "global", "site": "quicklaunchsso.com", "category": "Business", "popularity": 0.0006737825101414741, "cookies": 0.2959998330219889, "bad_qs": 0.020861815259702987, "tracked": 0.29629204454138447, "https": 0.9474541071372664, "requests": 4.603771615825341, "requests_tracking": 1.044802287598752, "content_length": 106358.95850596424, "requests_failed": 1.6158357771260996, "has_blocking": 0.055666294444850294, "script": 0.48820195990440507, "iframe": 0.16679016082069692, "beacon": 0.0, "image": 0.11594535644587303, "stylesheet": 0.7945439934878575, "font": 0.007044384842571044, "xhr": 0.01843019797330439, "plugin": 0.0, "media": 0.0, "referer_leaked": 0.997307479571284, "referer_leaked_header": 0.9972552989428205, "referer_leaked_url": 0.0, "hosts": 2.3800732616023628, "trackers": 2.3391845211383724, "companies": 2.150530676991474}