{"id": "quizlet.com", "month": "2019-04", "country": "global", "site": "quizlet.com", "category": "Business", "popularity": 0.002465587912420101, "cookies": 0.5407169746748802, "bad_qs": 0.01605920602327173, "tracked": 0.5409394250513347, "https": 0.9933464522016884, "requests": 17.153020191649556, "requests_tracking": 5.147958019621264, "content_length": 76331.67930926307, "requests_failed": 7.301357517681953, "has_blocking": 0.5035449463837555, "script": 0.9986881131644992, "iframe": 0.173588295687885, "beacon": 0.0032768651608487335, "image": 0.5039128450832763, "stylesheet": 0.16815822496007302, "font": 0.020921743098334476, "xhr": 0.04032055669632672, "plugin": 0.002047684234542551, "media": 0.000838466803559206, "referer_leaked": 0.5283167921514944, "referer_leaked_header": 0.06639858544375998, "referer_leaked_url": 0.0, "hosts": 7.300387862194844, "trackers": 6.3600644535706135, "companies": 4.299726214921287}