{"id": "quoka.de", "month": "2019-04", "country": "global", "site": "quoka.de", "category": "E-Commerce", "popularity": 0.0007528888985019754, "cookies": 0.5187772599490058, "bad_qs": 0.05939983749101064, "tracked": 0.5209627256680147, "https": 0.9909966284054506, "requests": 108.90488554323767, "requests_tracking": 35.82303331434282, "content_length": 710217.8499873915, "requests_failed": 29.013038077537335, "has_blocking": 0.3737706755330575, "script": 0.9961147276106509, "iframe": 0.4735269120490142, "beacon": 0.08073147724407169, "image": 0.9600732224411839, "stylesheet": 0.9989446255288547, "font": 0.3482081982983254, "xhr": 0.2580717467848437, "plugin": 0.0019519757917643432, "media": 0.028457752332564375, "referer_leaked": 0.9908845532403732, "referer_leaked_header": 0.9867004137441511, "referer_leaked_url": 0.0, "hosts": 14.924676149470912, "trackers": 11.46174034052171, "companies": 7.937331303527566}