{"id": "quora.com", "month": "2019-04", "country": "global", "site": "quora.com", "category": "Reference", "popularity": 0.0073625475874147745, "cookies": 0.7001377197355628, "bad_qs": 0.002387651448731393, "tracked": 0.7002819338830663, "https": 0.9890788822735026, "requests": 53.438317412473474, "requests_tracking": 4.9340616625312546, "content_length": 1272311.3851186282, "requests_failed": 13.91110582644257, "has_blocking": 0.3768774103341375, "script": 0.9888086001295062, "iframe": 0.6887810943848168, "beacon": 0.0007946104021378076, "image": 0.9882317435394927, "stylesheet": 0.9483178518013398, "font": 0.8244932926095502, "xhr": 0.43618189701772786, "plugin": 0.07827676509520999, "media": 0.0020629308517039237, "referer_leaked": 0.995505484912908, "referer_leaked_header": 0.9920061429496473, "referer_leaked_url": 0.0, "hosts": 5.27740403073767, "trackers": 4.753396672950966, "companies": 3.7587039445912054}