{"id": "qz.com", "month": "2019-04", "country": "global", "site": "qz.com", "category": "News and Portals", "popularity": 0.0002686101364774351, "cookies": 0.6839528795811518, "bad_qs": 0.07405759162303666, "tracked": 0.6843455497382199, "https": 0.9932198952879581, "requests": 44.70683246073298, "requests_tracking": 11.324293193717278, "content_length": 956226.6371465969, "requests_failed": 16.363560209424083, "has_blocking": 0.4679581151832461, "script": 0.9780628272251309, "iframe": 0.511151832460733, "beacon": 0.013717277486910994, "image": 0.7432460732984293, "stylesheet": 0.304869109947644, "font": 0.08691099476439791, "xhr": 0.9090575916230367, "plugin": 0.0009162303664921466, "media": 0.00337696335078534, "referer_leaked": 0.8168586387434555, "referer_leaked_header": 0.8111780104712042, "referer_leaked_url": 0.0, "hosts": 10.090759162303664, "trackers": 7.781151832460733, "companies": 5.5246335078534035}