{"id": "r18.com", "month": "2019-04", "country": "global", "site": "r18.com", "category": "Adult", "popularity": 0.00033435633480371834, "cookies": 0.7423133543638275, "bad_qs": 0.0076130389064143, "tracked": 0.7427339642481599, "https": 0.9855941114616193, "requests": 13.859137749737119, "requests_tracking": 2.9910410094637223, "content_length": 149842.76414300737, "requests_failed": 4.659894847528917, "has_blocking": 0.25787592008412197, "script": 0.972912723449001, "iframe": 0.03499474237644585, "beacon": 4.2060988433228184e-05, "image": 0.3433017875920084, "stylesheet": 0.9414511041009463, "font": 0.5363196635120925, "xhr": 0.7463301787592008, "plugin": 0.003322818086225026, "media": 0.01085173501577287, "referer_leaked": 0.9903890641430073, "referer_leaked_header": 0.9898212407991588, "referer_leaked_url": 0.0, "hosts": 5.584311251314406, "trackers": 5.562965299684542, "companies": 2.0738801261829654}