{"id": "rabobank.nl", "month": "2019-04", "country": "global", "site": "rabobank.nl", "category": "Banking", "popularity": 0.0005554534165120951, "cookies": 0.1486967199625283, "bad_qs": 0.016469813780967932, "tracked": 0.15019052321091741, "https": 0.9957970959452104, "requests": 14.846935804438369, "requests_tracking": 1.3812363120782853, "content_length": 78938.48616966061, "requests_failed": 4.734343549428431, "has_blocking": 0.29992530983758053, "script": 0.9517172407681693, "iframe": 0.1637613459420455, "beacon": 0.003823123567911081, "image": 0.4206575266162825, "stylesheet": 0.05471370880964136, "font": 0.025749117010368007, "xhr": 0.01393794386844404, "plugin": 0.00040509918600382315, "media": 2.5318699125238947e-05, "referer_leaked": 0.9281328725330092, "referer_leaked_header": 0.9218664944995126, "referer_leaked_url": 0.0, "hosts": 3.3893382957983618, "trackers": 3.2215132986467157, "companies": 2.791816996442723}