{"id": "rabota.ua", "month": "2019-04", "country": "global", "site": "rabota.ua", "category": "Business", "popularity": 0.0002339369274991568, "cookies": 0.9437614596170609, "bad_qs": 0.04866392136824071, "tracked": 0.9444527938922119, "https": 0.9747813279629686, "requests": 76.74243289548829, "requests_tracking": 24.58486879677778, "content_length": 360183.4780426223, "requests_failed": 24.36364182872945, "has_blocking": 0.5155249631789354, "script": 0.9972046048874328, "iframe": 0.6267696654543269, "beacon": 0.045417656076227116, "image": 0.9963629805524663, "stylesheet": 0.9955814722414259, "font": 0.518109952207761, "xhr": 0.7833117917580931, "plugin": 0.0016832486699329707, "media": 3.0058011963088763e-05, "referer_leaked": 0.9982866933181039, "referer_leaked_header": 0.947518711112447, "referer_leaked_url": 0.0, "hosts": 11.956475998677448, "trackers": 9.614235474465719, "companies": 5.71321650786017}