{"id": "radio-canada.ca", "month": "2019-04", "country": "global", "site": "radio-canada.ca", "category": "News and Portals", "popularity": 0.0002585126454831525, "cookies": 0.7098248286367098, "bad_qs": 0.07287019910782287, "tracked": 0.7135513001849636, "https": 0.9660809487542161, "requests": 226.4133935371559, "requests_tracking": 63.58018713959308, "content_length": 50583802.35896529, "requests_failed": 63.83426721793058, "has_blocking": 0.4732890871504733, "script": 0.9917038407137417, "iframe": 0.41244151887716246, "beacon": 0.031117397454031116, "image": 0.8402513328255903, "stylesheet": 0.33002393645958, "font": 0.20786639103470786, "xhr": 0.758894570775759, "plugin": 0.0052769013165052765, "media": 0.03938635621803939, "referer_leaked": 0.8472962680883473, "referer_leaked_header": 0.8444674137743444, "referer_leaked_url": 0.0, "hosts": 12.51860515721902, "trackers": 10.552905015776302, "companies": 8.533592644978784}