{"id": "raetsel-hilfe.de", "month": "2019-04", "country": "global", "site": "raetsel-hilfe.de", "category": "Entertainment", "popularity": 2.4997618721918373e-05, "cookies": 0.14317862165963433, "bad_qs": 0.0579465541490858, "tracked": 0.14317862165963433, "https": 0.9969057665260197, "requests": 30.855133614627285, "requests_tracking": 10.021097046413502, "content_length": 137917.20562587905, "requests_failed": 11.713080168776372, "has_blocking": 0.4770745428973277, "script": 0.9974683544303797, "iframe": 0.1060478199718706, "beacon": 0.06582278481012659, "image": 0.6154711673699016, "stylesheet": 0.04472573839662447, "font": 0.01350210970464135, "xhr": 0.09085794655414908, "plugin": 0.0, "media": 0.0005625879043600563, "referer_leaked": 0.7156118143459915, "referer_leaked_header": 0.7156118143459915, "referer_leaked_url": 0.0, "hosts": 8.124331926863572, "trackers": 7.3243319268635725, "companies": 5.135302390998594}