{"id": "rakuten.com", "month": "2019-04", "country": "global", "site": "rakuten.com", "category": "E-Commerce", "popularity": 0.002200845199373624, "cookies": 0.8229208600913768, "bad_qs": 0.1411227195757053, "tracked": 0.8276462506789354, "https": 0.9782261414102686, "requests": 90.59997763506821, "requests_tracking": 18.533716732163967, "content_length": 1075432.0342471006, "requests_failed": 30.608150420141218, "has_blocking": 0.44287676922585384, "script": 0.9965142656314898, "iframe": 0.3758810185628934, "beacon": 0.04065944598868974, "image": 0.9861944471069364, "stylesheet": 0.8965398255535321, "font": 0.21801335505926706, "xhr": 0.8453624716444614, "plugin": 0.0008243074858621681, "media": 0.019415955781334867, "referer_leaked": 0.9595801782804563, "referer_leaked_header": 0.9049234799833861, "referer_leaked_url": 0.0, "hosts": 19.484900476053546, "trackers": 14.719511805488994, "companies": 11.759030639956547}