{"id": "rakuten.de", "month": "2019-04", "country": "global", "site": "rakuten.de", "category": "E-Commerce", "popularity": 0.00019664090226679252, "cookies": 0.8286071875558734, "bad_qs": 0.0872519220454139, "tracked": 0.8290362953692115, "https": 0.9942070445199356, "requests": 105.74518147684606, "requests_tracking": 21.504738065438943, "content_length": 878364.2065438941, "requests_failed": 30.227498659038083, "has_blocking": 0.4141963168246022, "script": 0.9896656534954408, "iframe": 0.6360092973359557, "beacon": 0.16785267298408726, "image": 0.9791882710531021, "stylesheet": 0.7707133917396746, "font": 0.09690684784552119, "xhr": 0.8922581798676917, "plugin": 0.0012873234400143036, "media": 0.0006079027355623101, "referer_leaked": 0.9882710531020918, "referer_leaked_header": 0.9851957804398355, "referer_leaked_url": 0.0, "hosts": 21.517682817807973, "trackers": 17.336813874485966, "companies": 11.63271947076703}