{"id": "rambler.ru", "month": "2019-04", "country": "global", "site": "rambler.ru", "category": "News and Portals", "popularity": 0.0020742890413547525, "cookies": 0.8399787112870858, "bad_qs": 0.10936228779085534, "tracked": 0.8505688289851928, "https": 0.986891169930032, "requests": 117.02748549113197, "requests_tracking": 27.90973992515051, "content_length": 7091228.565869583, "requests_failed": 41.62516610619949, "has_blocking": 0.46796523295547, "script": 0.9899421001247491, "iframe": 0.33725321364647176, "beacon": 0.18933733796170743, "image": 0.9136688452568206, "stylesheet": 0.3213002386505397, "font": 0.3224697618918479, "xhr": 0.6334409068720508, "plugin": 0.006373054184520258, "media": 0.007403590605846938, "referer_leaked": 0.9460866735369095, "referer_leaked_header": 0.9050042035038238, "referer_leaked_url": 0.0, "hosts": 17.455395400553236, "trackers": 14.36355901176981, "companies": 9.856389325812225}