{"id": "randaris-anime.net", "month": "2019-04", "country": "global", "site": "randaris-anime.net", "category": "Entertainment", "popularity": 3.009558597181734e-06, "cookies": 0.852803738317757, "bad_qs": 0.002336448598130841, "tracked": 0.852803738317757, "https": 0.9088785046728972, "requests": 61.50934579439252, "requests_tracking": 19.925233644859812, "content_length": 2294366.9906542054, "requests_failed": 21.018691588785046, "has_blocking": 0.3177570093457944, "script": 0.705607476635514, "iframe": 0.6612149532710281, "beacon": 0.04672897196261682, "image": 0.852803738317757, "stylesheet": 0.9883177570093458, "font": 0.6448598130841121, "xhr": 0.6518691588785047, "plugin": 0.0, "media": 0.02570093457943925, "referer_leaked": 0.9836448598130841, "referer_leaked_header": 0.9813084112149533, "referer_leaked_url": 0.0, "hosts": 11.08177570093458, "trackers": 9.880841121495328, "companies": 5.299065420560748}