{"id": "rapidgator.net", "month": "2019-04", "country": "global", "site": "rapidgator.net", "category": "Business", "popularity": 0.0017047180582924217, "cookies": 0.7696733956458253, "bad_qs": 0.009454119471691265, "tracked": 0.7709232203403813, "https": 0.9971126162171973, "requests": 12.34668404596715, "requests_tracking": 4.294121286618213, "content_length": 250354.921912768, "requests_failed": 3.819361145713885, "has_blocking": 0.24888010757567008, "script": 0.9895064223664998, "iframe": 0.5162270968593514, "beacon": 0.0688641032198454, "image": 0.8833579448427201, "stylesheet": 0.317100736695348, "font": 0.2060354570728528, "xhr": 0.09181467945915177, "plugin": 0.005733519225851159, "media": 0.004194956153014841, "referer_leaked": 0.9308389087339235, "referer_leaked_header": 0.8756197563048087, "referer_leaked_url": 0.0, "hosts": 3.930385176996626, "trackers": 3.700685547406717, "companies": 2.5320870834948894}