{"id": "rapidvideo.com", "month": "2019-04", "country": "global", "site": "rapidvideo.com", "category": "Entertainment", "popularity": 0.000208243172559666, "cookies": 0.23862907310484552, "bad_qs": 0.003613033935505656, "tracked": 0.23910180651696775, "https": 0.9982778997129833, "requests": 9.508424784737464, "requests_tracking": 0.8475097079182846, "content_length": 819102318.713895, "requests_failed": 4.837548539591423, "has_blocking": 0.42026000337666725, "script": 0.9840283640047274, "iframe": 0.07729191288198548, "beacon": 0.01863920310653385, "image": 0.4304575384095897, "stylesheet": 0.1217963869660645, "font": 0.026270471045078507, "xhr": 0.08316731386121898, "plugin": 0.010433901738983623, "media": 0.44386290731048456, "referer_leaked": 0.5774438629073105, "referer_leaked_header": 0.5772074962012493, "referer_leaked_url": 0.0, "hosts": 3.7051156508526084, "trackers": 2.963430693905116, "companies": 2.912375485395914}