{"id": "rapupdate.de", "month": "2019-04", "country": "global", "site": "rapupdate.de", "category": "News and Portals", "popularity": 1.8915216416866505e-06, "cookies": 0.79182156133829, "bad_qs": 0.08178438661710037, "tracked": 0.79182156133829, "https": 0.0037174721189591076, "requests": 65.62453531598513, "requests_tracking": 14.721189591078067, "content_length": 1028209.2602230483, "requests_failed": 25.799256505576206, "has_blocking": 0.5464684014869888, "script": 0.9925650557620818, "iframe": 0.7732342007434945, "beacon": 0.040892193308550186, "image": 0.6133828996282528, "stylesheet": 0.9814126394052045, "font": 0.6877323420074349, "xhr": 0.3828996282527881, "plugin": 0.0, "media": 0.01486988847583643, "referer_leaked": 0.9851301115241635, "referer_leaked_header": 0.9851301115241635, "referer_leaked_url": 0.0, "hosts": 13.275092936802974, "trackers": 11.802973977695167, "companies": 8.41635687732342}