{"id": "rarbg.to", "month": "2019-04", "country": "global", "site": "rarbg.to", "category": "Entertainment", "popularity": 0.00738628653560189, "cookies": 0.7491903315784965, "bad_qs": 0.004691412088382853, "tracked": 0.7510933617661338, "https": 0.8439020210770827, "requests": 21.951386575021658, "requests_tracking": 1.7876364917224374, "content_length": 87097.5400950087, "requests_failed": 7.486909170530164, "has_blocking": 0.47114800605466334, "script": 0.9703530934950448, "iframe": 0.014297002180059595, "beacon": 0.0001294707881534229, "image": 0.9275896537608408, "stylesheet": 0.9490418209685557, "font": 0.006182230134325943, "xhr": 0.9614891044619822, "plugin": 0.003909827404015498, "media": 1.8087830697904667e-05, "referer_leaked": 0.9805032224898375, "referer_leaked_header": 0.9777186485534496, "referer_leaked_url": 0.0, "hosts": 2.5433117866016772, "trackers": 2.5032186818731375, "companies": 2.4932856068467197}