{"id": "rarbgaccess.org", "month": "2019-04", "country": "global", "site": "rarbgaccess.org", "category": "Entertainment", "popularity": 0.0005140087006901578, "cookies": 0.7576437434164626, "bad_qs": 0.004391304942612074, "tracked": 0.7598599160043229, "https": 0.8316529637888344, "requests": 23.275858766877796, "requests_tracking": 1.8140467037852774, "content_length": 84440.43899369349, "requests_failed": 8.674687752226433, "has_blocking": 0.46524576259593153, "script": 0.9580158415299799, "iframe": 0.04024678860175926, "beacon": 0.00015048085473125489, "image": 0.9315996114857933, "stylesheet": 0.9495341933542183, "font": 0.004993228361537093, "xhr": 0.9374410046649065, "plugin": 0.00023256132094830298, "media": 0.0, "referer_leaked": 0.9859642402768848, "referer_leaked_header": 0.9840763895538926, "referer_leaked_url": 0.0, "hosts": 2.5555616355900903, "trackers": 2.51256515137006, "companies": 2.5005266829915596}