{"id": "rarbgproxy.org", "month": "2019-04", "country": "global", "site": "rarbgproxy.org", "category": "Entertainment", "popularity": 0.0004800808496822096, "cookies": 0.809283182470633, "bad_qs": 0.0011278085361924011, "tracked": 0.8094735917040161, "https": 0.618156252746287, "requests": 21.959076661686733, "requests_tracking": 2.7812930251633126, "content_length": 82542.25205788441, "requests_failed": 7.436081085039693, "has_blocking": 0.4669713214400797, "script": 0.9811494858950699, "iframe": 0.01066291706945543, "beacon": 0.0001318217769575534, "image": 0.9262969798166213, "stylesheet": 0.9505521867768111, "font": 0.0060930954682602454, "xhr": 0.9691097635996133, "plugin": 0.0015672144593842459, "media": 0.0, "referer_leaked": 0.989205261153587, "referer_leaked_header": 0.9885168585405865, "referer_leaked_url": 0.0, "hosts": 2.571154465828866, "trackers": 2.4916805811875675, "companies": 2.482526291121071}