{"id": "rarbgunblock.com", "month": "2019-04", "country": "global", "site": "rarbgunblock.com", "category": "Entertainment", "popularity": 0.0004892009373003047, "cookies": 0.7730376162481494, "bad_qs": 0.0010924091934857915, "tracked": 0.7731669804947464, "https": 0.9968377628609622, "requests": 22.277126963821132, "requests_tracking": 1.7770622816978339, "content_length": 84438.23397680068, "requests_failed": 7.135243132914576, "has_blocking": 0.4594155610814851, "script": 0.9840163286426816, "iframe": 0.017694154173434333, "beacon": 0.0001293642465970016, "image": 0.9311782208103951, "stylesheet": 0.9633036753819839, "font": 0.00689942648517342, "xhr": 0.9679176668439436, "plugin": 0.0, "media": 0.0, "referer_leaked": 0.9927843498009228, "referer_leaked_header": 0.9923675094507769, "referer_leaked_url": 0.0, "hosts": 2.5486912650385936, "trackers": 2.5153009156113897, "companies": 2.5049805234939844}