{"id": "rarbgprx.org", "month": "2019-04", "country": "global", "site": "rarbgprx.org", "category": "Entertainment", "popularity": 0.0010434449050303548, "cookies": 0.7824478408539544, "bad_qs": 0.009353603967868888, "tracked": 0.7843414739339047, "https": 0.9832470753140331, "requests": 24.09863065394361, "requests_tracking": 2.3156639171923015, "content_length": 95491.3584088091, "requests_failed": 8.248018761119198, "has_blocking": 0.48226319478138985, "script": 0.974540406490916, "iframe": 0.009609682462666452, "beacon": 0.00010782252412528977, "image": 0.9433594802954337, "stylesheet": 0.9510350962316028, "font": 0.022959458730928892, "xhr": 0.9724580839937463, "plugin": 0.0004178122809854979, "media": 3.3694538789153056e-05, "referer_leaked": 0.9847835462828185, "referer_leaked_header": 0.9829775190037199, "referer_leaked_url": 0.0, "hosts": 2.654954444983557, "trackers": 2.5961372580732114, "companies": 2.567867540029112}