{"id": "rarbgtorrents.org", "month": "2019-04", "country": "global", "site": "rarbgtorrents.org", "category": "Entertainment", "popularity": 0.00026452473099855057, "cookies": 0.80129721683192, "bad_qs": 0.03200510380392887, "tracked": 0.8149605252664877, "https": 0.9872936548020946, "requests": 22.189904037853214, "requests_tracking": 1.565458943618916, "content_length": 88068.32441053723, "requests_failed": 6.40333342194104, "has_blocking": 0.5294399106834312, "script": 0.9629176745793349, "iframe": 0.011855711209761024, "beacon": 0.00015949387277705416, "image": 0.9342087774794652, "stylesheet": 0.9489087960870837, "font": 0.002232914218878758, "xhr": 0.9570429835987134, "plugin": 0.006406337223211675, "media": 2.6582312129509024e-05, "referer_leaked": 0.9880645418538504, "referer_leaked_header": 0.9879582126053325, "referer_leaked_url": 0.0, "hosts": 2.5443260054759564, "trackers": 2.5224753449054997, "companies": 2.5156702730003455}