{"id": "rarbgway.org", "month": "2019-04", "country": "global", "site": "rarbgway.org", "category": "Entertainment", "popularity": 0.00020502266359352295, "cookies": 0.8152416229378879, "bad_qs": 0.0018863394725108893, "tracked": 0.8166478032719415, "https": 0.9975306101450766, "requests": 23.220290153307953, "requests_tracking": 2.2596974997427717, "content_length": 90009.88033748328, "requests_failed": 8.231848269712248, "has_blocking": 0.472099324347498, "script": 0.9472510889323319, "iframe": 0.021847240799807936, "beacon": 0.00013718832527351922, "image": 0.9327777206159755, "stylesheet": 0.9560654388311555, "font": 0.004252838083479096, "xhr": 0.938230956545598, "plugin": 0.0, "media": 0.0, "referer_leaked": 0.9917001063209521, "referer_leaked_header": 0.9909112734506293, "referer_leaked_url": 0.0, "hosts": 2.6338443598449772, "trackers": 2.5396302774633877, "companies": 2.5318448400041156}