{"id": "rarbggo.org", "month": "2019-04", "country": "global", "site": "rarbggo.org", "category": "Entertainment", "popularity": 0.00026702800871022513, "cookies": 0.791705069124424, "bad_qs": 0.0066096115865701115, "tracked": 0.7932323897300856, "https": 0.9870704410796577, "requests": 23.626359447004607, "requests_tracking": 2.3610533245556287, "content_length": 180707.80142198814, "requests_failed": 7.650980908492429, "has_blocking": 0.47784068466096113, "script": 0.9756945358788677, "iframe": 0.016642527978933508, "beacon": 0.0004476629361421988, "image": 0.9332982225148124, "stylesheet": 0.9388018433179723, "font": 0.003633969716919026, "xhr": 0.9670836076366031, "plugin": 0.0031863067807768267, "media": 2.6333113890717576e-05, "referer_leaked": 0.9919684002633311, "referer_leaked_header": 0.9917050691244239, "referer_leaked_url": 0.0, "hosts": 2.569032258064516, "trackers": 2.508097432521396, "companies": 2.484134298880843}