{"id": "ratp.fr", "month": "2019-04", "country": "global", "site": "ratp.fr", "category": "Business", "popularity": 0.0002685609147246775, "cookies": 0.9092503861964234, "bad_qs": 0.027230120702746576, "tracked": 0.9103500641478806, "https": 0.9827978949022073, "requests": 54.45037048673841, "requests_tracking": 12.041604482496792, "content_length": 651283.6744953264, "requests_failed": 13.74686460869793, "has_blocking": 0.37865577461838557, "script": 0.990809834262823, "iframe": 0.8041002277904328, "beacon": 0.00188516220249784, "image": 0.9503573953342236, "stylesheet": 0.9859398319063702, "font": 0.41693504045243895, "xhr": 0.8679339145916791, "plugin": 0.0016233341188175844, "media": 0.0, "referer_leaked": 0.987615531641924, "referer_leaked_header": 0.9820124106511664, "referer_leaked_url": 0.0, "hosts": 13.579163721100725, "trackers": 9.999685806299583, "companies": 9.051135024742754}