{"id": "ravensburger.de", "month": "2019-04", "country": "global", "site": "ravensburger.de", "category": "Business", "popularity": 2.7557149865315925e-05, "cookies": 0.9637662669048227, "bad_qs": 0.06532278642510844, "tracked": 0.9637662669048227, "https": 0.9956621587139577, "requests": 59.70298545547333, "requests_tracking": 15.286042357744323, "content_length": 1769427.5493748405, "requests_failed": 20.25771880581781, "has_blocking": 0.4462873181934167, "script": 0.9931104873692268, "iframe": 0.7703495789742281, "beacon": 0.21229905588160244, "image": 0.8762439397805563, "stylesheet": 0.9880071446797652, "font": 0.4490941566726206, "xhr": 0.5738708854299566, "plugin": 0.00025516713447307985, "media": 0.0005103342689461597, "referer_leaked": 0.9941311559071192, "referer_leaked_header": 0.9836693033937229, "referer_leaked_url": 0.0, "hosts": 16.8275070170962, "trackers": 14.427915284511355, "companies": 9.97933146210768}