{"id": "rawstory.com", "month": "2019-04", "country": "global", "site": "rawstory.com", "category": "News and Portals", "popularity": 0.0032219012385782154, "cookies": 0.9359447225871784, "bad_qs": 0.19492664743189625, "tracked": 0.9359796419888345, "https": 0.8285937520460587, "requests": 238.15921937677598, "requests_tracking": 94.89586161441123, "content_length": 5705654.798718021, "requests_failed": 70.35666458605232, "has_blocking": 0.435634812897481, "script": 0.9819466693438208, "iframe": 0.9917437439709471, "beacon": 0.07824564926079991, "image": 0.9397072881156181, "stylesheet": 0.9993539910693631, "font": 0.30209210865171826, "xhr": 0.9025181253519221, "plugin": 0.010379792142261642, "media": 0.252465091510657, "referer_leaked": 0.9985617571442913, "referer_leaked_header": 0.9964469508814966, "referer_leaked_url": 0.0, "hosts": 34.603435632630436, "trackers": 30.709324353227206, "companies": 24.691192453917303}