{"id": "razer.com", "month": "2019-04", "country": "global", "site": "razer.com", "category": "Entertainment", "popularity": 0.00033957384059602873, "cookies": 0.6950219498053508, "bad_qs": 0.03081255694524973, "tracked": 0.6969477346144289, "https": 0.9209185786465667, "requests": 93.45523068002981, "requests_tracking": 7.693096164996272, "content_length": 2890609.938933985, "requests_failed": 27.77865899113725, "has_blocking": 0.4722935475855214, "script": 0.9879068996935311, "iframe": 0.47991385736767994, "beacon": 0.02139070653524393, "image": 0.9658742648885944, "stylesheet": 0.9865609210635302, "font": 0.6414105856042409, "xhr": 0.5300049697672492, "plugin": 0.0008697092686159198, "media": 0.01640023192247163, "referer_leaked": 0.9194690631988736, "referer_leaked_header": 0.888449432618239, "referer_leaked_url": 0.0, "hosts": 14.225938043568293, "trackers": 12.075002070736353, "companies": 7.948210883790276}