{"id": "rbc.ru", "month": "2019-04", "country": "global", "site": "rbc.ru", "category": "News and Portals", "popularity": 0.0011671321380313517, "cookies": 0.7168126664337097, "bad_qs": 0.07362846573724861, "tracked": 0.7228494656047041, "https": 0.9673217577809642, "requests": 132.39795881481123, "requests_tracking": 19.365334795339255, "content_length": 3422240.8932293863, "requests_failed": 43.86396115241412, "has_blocking": 0.4714607608053885, "script": 0.9742743189020496, "iframe": 0.1106746514682315, "beacon": 0.18935185743032376, "image": 0.9950356062705594, "stylesheet": 0.9921738501765252, "font": 0.8249990962875493, "xhr": 0.46857490571266763, "plugin": 0.0077779518261016254, "media": 0.014067790483305418, "referer_leaked": 0.9844440963477967, "referer_leaked_header": 0.9717921220373293, "referer_leaked_url": 0.0, "hosts": 12.168668891807545, "trackers": 11.109258835295394, "companies": 8.795995951368221}