{"id": "rc-network.de", "month": "2019-04", "country": "global", "site": "rc-network.de", "category": "Entertainment", "popularity": 0.00011437025837187127, "cookies": 0.1865969873962496, "bad_qs": 0.02557639102367046, "tracked": 0.18678143252382418, "https": 0.0009222256378727329, "requests": 13.28072548416846, "requests_tracking": 2.40688595142945, "content_length": 274001.50482631417, "requests_failed": 7.696526283430679, "has_blocking": 0.439594220719336, "script": 0.9915770058407624, "iframe": 0.11626191208115585, "beacon": 0.012665232093452198, "image": 0.9654472794343683, "stylesheet": 0.09800184445127574, "font": 0.03596679987703658, "xhr": 0.03135567168767292, "plugin": 0.003996311097448509, "media": 6.148170919151552e-05, "referer_leaked": 0.8371349523516753, "referer_leaked_header": 0.83529050107593, "referer_leaked_url": 0.0, "hosts": 3.2360897632954195, "trackers": 2.998339993851829, "companies": 2.0694743313864126}