{"id": "rcgroups.com", "month": "2019-04", "country": "global", "site": "rcgroups.com", "category": "Reference", "popularity": 0.00022896553047063462, "cookies": 0.8817025981205086, "bad_qs": 0.027209630858055403, "tracked": 0.8817640194091272, "https": 0.9942263988698483, "requests": 41.64129967446717, "requests_tracking": 13.25701738222468, "content_length": 1672306.12345679, "requests_failed": 15.4014495424114, "has_blocking": 0.4958233523739328, "script": 0.9807751366623672, "iframe": 0.3236594803758983, "beacon": 0.016092377618082427, "image": 0.6180517167250169, "stylesheet": 0.9684601682943308, "font": 0.43851729009274615, "xhr": 0.8770960014741109, "plugin": 0.00021497451016522326, "media": 0.0019040599471776918, "referer_leaked": 0.9499723604201216, "referer_leaked_header": 0.927185062342608, "referer_leaked_url": 0.0, "hosts": 12.16110804004668, "trackers": 11.056876113260856, "companies": 5.980375898286346}