{"id": "readmng.com", "month": "2019-04", "country": "global", "site": "readmng.com", "category": "Entertainment", "popularity": 0.0007841236164661839, "cookies": 0.9816523634015765, "bad_qs": 0.03719745679875889, "tracked": 0.9817151363518155, "https": 0.9935792239469837, "requests": 56.30384798184965, "requests_tracking": 22.582012859487236, "content_length": 3085318.0338884257, "requests_failed": 18.546259180543974, "has_blocking": 0.4576417099351645, "script": 0.9795091155291311, "iframe": 0.8939137140961143, "beacon": 0.14134674880955583, "image": 0.9975787576336391, "stylesheet": 0.06968694232959385, "font": 0.03778931604386932, "xhr": 0.8871163003416642, "plugin": 0.0001165783361581161, "media": 0.06696977034067776, "referer_leaked": 0.9864858805699784, "referer_leaked_header": 0.9863513671051806, "referer_leaked_url": 0.0, "hosts": 12.653672665967196, "trackers": 9.60580380762781, "companies": 6.789262238483405}