{"id": "readcomiconline.to", "month": "2019-04", "country": "global", "site": "readcomiconline.to", "category": "Entertainment", "popularity": 0.0008096275160736095, "cookies": 0.7753604307799201, "bad_qs": 0.04785478547854786, "tracked": 0.7789039430258815, "https": 0.732681952405767, "requests": 77.65222338023275, "requests_tracking": 20.09401598054542, "content_length": 12168099.321634531, "requests_failed": 20.817213826645823, "has_blocking": 0.42582942504776794, "script": 0.8586590237971166, "iframe": 0.9731109953100573, "beacon": 0.009727288518325517, "image": 0.9099704707312837, "stylesheet": 0.7598141393086677, "font": 0.2867378843147473, "xhr": 0.8200972728851833, "plugin": 0.0022928608650338717, "media": 0.002449192287649818, "referer_leaked": 0.9169880145909328, "referer_leaked_header": 0.47614208789299983, "referer_leaked_url": 0.0, "hosts": 7.642478721556366, "trackers": 6.117248566961959, "companies": 4.975577557755775}