{"id": "readcomicsonline.ru", "month": "2019-04", "country": "global", "site": "readcomicsonline.ru", "category": "Entertainment", "popularity": 0.00023869034247975225, "cookies": 0.8375018412137281, "bad_qs": 0.007217557814111062, "tracked": 0.8376785977316247, "https": 0.9949918986595964, "requests": 20.37039328325232, "requests_tracking": 6.266136397112977, "content_length": 402351.1425541317, "requests_failed": 8.035586978936514, "has_blocking": 0.5096479599351893, "script": 0.9990278391515687, "iframe": 0.9366622477537192, "beacon": 0.000942701428781853, "image": 0.33200765944910887, "stylesheet": 0.6058035056709383, "font": 0.19449108852555605, "xhr": 0.05293857711003093, "plugin": 0.0, "media": 0.0013256738842244808, "referer_leaked": 0.9821770511120931, "referer_leaked_header": 0.9820592134334953, "referer_leaked_url": 0.0, "hosts": 7.646339667108558, "trackers": 5.917837678597731, "companies": 2.2456326410369716}