{"id": "real.de", "month": "2019-04", "country": "global", "site": "real.de", "category": "Business", "popularity": 0.000521602913972766, "cookies": 0.8746275900187385, "bad_qs": 0.10019008075061675, "tracked": 0.8755442915110746, "https": 0.9986114668571968, "requests": 76.63964194718181, "requests_tracking": 10.983688105798137, "content_length": 685709.1500963884, "requests_failed": 20.06513972957306, "has_blocking": 0.4291376265519891, "script": 0.993299990563367, "iframe": 0.7847369201526039, "beacon": 0.16310546111433155, "image": 0.9477345340325429, "stylesheet": 0.23490475741112715, "font": 0.08534760511735127, "xhr": 0.6368379190876124, "plugin": 0.0023187155394383857, "media": 0.0003505035117755699, "referer_leaked": 0.9284568408848866, "referer_leaked_header": 0.2170830019277693, "referer_leaked_url": 0.0, "hosts": 15.746505075560469, "trackers": 12.331508917618194, "companies": 8.115827929737527}