{"id": "realtor.ca", "month": "2019-04", "country": "global", "site": "realtor.ca", "category": "Business", "popularity": 0.0006605277952917368, "cookies": 0.9621550843127236, "bad_qs": 0.034651251916198264, "tracked": 0.9622189575881451, "https": 0.998296712655425, "requests": 100.71620039175609, "requests_tracking": 12.380290836314087, "content_length": 1291985.4570239312, "requests_failed": 18.26631962187021, "has_blocking": 0.4356476750127747, "script": 0.9985202691194004, "iframe": 0.9631451200817578, "beacon": 0.10434764094702777, "image": 0.8399974450689831, "stylesheet": 0.9963485777550672, "font": 0.6209866291943451, "xhr": 0.9508069323794924, "plugin": 0.0002554931016862545, "media": 0.006632175097939022, "referer_leaked": 0.9968808550502469, "referer_leaked_header": 0.6671457162323284, "referer_leaked_url": 0.0, "hosts": 13.336058593084653, "trackers": 11.783427014137285, "companies": 6.364908022483393}