{"id": "realclearpolitics.com", "month": "2019-04", "country": "global", "site": "realclearpolitics.com", "category": "News and Portals", "popularity": 0.001964791736505888, "cookies": 0.9691253310428746, "bad_qs": 0.04587359530455944, "tracked": 0.9691503829360819, "https": 0.9930463102140148, "requests": 144.7063023405626, "requests_tracking": 53.22233913105719, "content_length": 1657961.669103858, "requests_failed": 42.491228258535536, "has_blocking": 0.4670674969579844, "script": 0.99142509483931, "iframe": 0.9900866079736598, "beacon": 0.08790709326461957, "image": 0.9982857347362394, "stylesheet": 0.9921694939517572, "font": 0.3332367046023907, "xhr": 0.8059158256388232, "plugin": 0.0011738601388590652, "media": 0.023938873380574047, "referer_leaked": 0.9963388447498389, "referer_leaked_header": 0.986557869873309, "referer_leaked_url": 0.0, "hosts": 28.76408632166631, "trackers": 24.530523942452223, "companies": 20.482030634886552}