{"id": "realestate.com.au", "month": "2019-04", "country": "global", "site": "realestate.com.au", "category": "Business", "popularity": 0.0006878950898249875, "cookies": 0.7419143803410067, "bad_qs": 0.22713333605920596, "tracked": 0.7445107740115304, "https": 0.9959009690477164, "requests": 137.10756634092488, "requests_tracking": 24.64217810851699, "content_length": 3508483.109436971, "requests_failed": 32.5592059533058, "has_blocking": 0.4813039211677638, "script": 0.9938974526720367, "iframe": 0.6339084924561476, "beacon": 0.024359079200228975, "image": 0.9916997178721838, "stylesheet": 0.581377519728503, "font": 0.7314470294803124, "xhr": 0.954348448297011, "plugin": 0.0019217401970805905, "media": 0.0014208611031606493, "referer_leaked": 0.9874575786073517, "referer_leaked_header": 0.9805679355603713, "referer_leaked_url": 0.0, "hosts": 11.977501328862902, "trackers": 10.100502923498384, "companies": 8.582788158809338}