{"id": "realtor.com", "month": "2019-04", "country": "global", "site": "realtor.com", "category": "Business", "popularity": 0.001038811028592171, "cookies": 0.7738352297726303, "bad_qs": 0.11219565026094373, "tracked": 0.7762111376605092, "https": 0.9889462746982732, "requests": 335.1274867497445, "requests_tracking": 27.610432334007974, "content_length": 4061846.918758842, "requests_failed": 145.18856992005848, "has_blocking": 0.5352494026385438, "script": 0.9957558568498576, "iframe": 0.9566447577724679, "beacon": 0.1464940128475019, "image": 0.9915523275097642, "stylesheet": 0.9636100261959075, "font": 0.6574969708866671, "xhr": 0.9714620294720882, "plugin": 0.00252482519139258, "media": 0.0008731969160580236, "referer_leaked": 0.9832535723230422, "referer_leaked_header": 0.960516607663826, "referer_leaked_url": 0.0, "hosts": 24.57998551440775, "trackers": 18.658024950417307, "companies": 13.123621668821455}