{"id": "recon.com", "month": "2019-04", "country": "global", "site": "recon.com", "category": "Adult", "popularity": 0.00036805917208477455, "cookies": 0.6612154442809927, "bad_qs": 0.0007832948054181075, "tracked": 0.6617694820701908, "https": 0.9963318877404811, "requests": 108.05985518598476, "requests_tracking": 4.086296161855453, "content_length": 1446249.5547637697, "requests_failed": 27.39485700093613, "has_blocking": 0.3780830292493743, "script": 0.990409414821466, "iframe": 0.07500525380662171, "beacon": 0.00034388552432990083, "image": 0.9881932636646734, "stylesheet": 0.9694323978373421, "font": 0.1820873851326825, "xhr": 0.25332900292302696, "plugin": 0.0, "media": 0.06789828630380376, "referer_leaked": 0.9923198899566322, "referer_leaked_header": 0.9918995854268957, "referer_leaked_url": 0.0, "hosts": 5.420858567525744, "trackers": 4.513249145062377, "companies": 2.9116214202472155}