{"id": "record.pt", "month": "2019-04", "country": "global", "site": "record.pt", "category": "Entertainment", "popularity": 0.00040750689108054445, "cookies": 0.9329284075026314, "bad_qs": 0.24946076993425706, "tracked": 0.9343433471951409, "https": 0.9958587130950943, "requests": 83.18818697910376, "requests_tracking": 30.287767673804634, "content_length": 2527027.3038496715, "requests_failed": 29.6209514606664, "has_blocking": 0.5128811278104671, "script": 0.9991544872569151, "iframe": 0.9638327610304902, "beacon": 0.018618535709971875, "image": 0.972167100926613, "stylesheet": 0.8641830448811968, "font": 0.4603040394802685, "xhr": 0.5197142512035615, "plugin": 0.007299018169896295, "media": 0.07806325815747243, "referer_leaked": 0.987420841026349, "referer_leaked_header": 0.9827618932583301, "referer_leaked_url": 0.0, "hosts": 21.13876762203855, "trackers": 15.950580642934792, "companies": 12.657170465722222}