{"id": "redflagdeals.com", "month": "2019-04", "country": "global", "site": "redflagdeals.com", "category": "E-Commerce", "popularity": 0.0005127711251922514, "cookies": 0.9875210838829999, "bad_qs": 0.024148759650590348, "tracked": 0.9875759362615362, "https": 0.6347791506109184, "requests": 74.01962343842135, "requests_tracking": 25.326028824924922, "content_length": 614115.9436803203, "requests_failed": 23.556011135032843, "has_blocking": 0.5188349354798898, "script": 0.9868628553405647, "iframe": 0.3089834482947767, "beacon": 0.02686395238813543, "image": 0.9235632105097157, "stylesheet": 0.9982858631707417, "font": 0.5073296490819084, "xhr": 0.9709830917543162, "plugin": 0.00016455713560879285, "media": 0.0003154011765835196, "referer_leaked": 0.9683913168684777, "referer_leaked_header": 0.9517436199827215, "referer_leaked_url": 0.0, "hosts": 16.771526130301826, "trackers": 14.802394306323109, "companies": 10.303923316374807}