{"id": "redfin.com", "month": "2019-04", "country": "global", "site": "redfin.com", "category": "Business", "popularity": 0.0011931634135611806, "cookies": 0.9738926475094882, "bad_qs": 0.08069706041818911, "tracked": 0.9739280073548479, "https": 0.967121237123123, "requests": 170.41930883288939, "requests_tracking": 22.474098913274087, "content_length": 3727398.8882393152, "requests_failed": 35.15409820607718, "has_blocking": 0.4281252209990335, "script": 0.9451686664623653, "iframe": 0.9267992267980482, "beacon": 0.027639612456094857, "image": 0.9976662502062658, "stylesheet": 0.9414440960844864, "font": 0.6773531977086821, "xhr": 0.7066134697437589, "plugin": 3.535984535960963e-05, "media": 0.16520119752009618, "referer_leaked": 0.9964227623111195, "referer_leaked_header": 0.9857146224747177, "referer_leaked_url": 0.0, "hosts": 13.011474269819193, "trackers": 11.243894533367907, "companies": 5.8806310553735175}