{"id": "redhat.com", "month": "2019-04", "country": "global", "site": "redhat.com", "category": "Business", "popularity": 0.0005455035907760854, "cookies": 0.47215705483513365, "bad_qs": 0.04051406326535874, "tracked": 0.4738843486555467, "https": 0.9827141715434788, "requests": 31.225850112145196, "requests_tracking": 5.852393719869035, "content_length": 539902.6783366419, "requests_failed": 12.099409626440485, "has_blocking": 0.4428059501405037, "script": 0.7518755317229111, "iframe": 0.5005285003480369, "beacon": 0.02572894377271907, "image": 0.8570986619918018, "stylesheet": 0.43191368686998893, "font": 0.17060249039676198, "xhr": 0.7981773183118925, "plugin": 0.0077728221918585165, "media": 0.04315656500554281, "referer_leaked": 0.8559772100337725, "referer_leaked_header": 0.8442599706102245, "referer_leaked_url": 0.0, "hosts": 8.27783650003867, "trackers": 7.263206063574724, "companies": 5.266454407177292}