{"id": "redtube.com", "month": "2019-04", "country": "global", "site": "redtube.com", "category": "Adult", "popularity": 0.002918456164506298, "cookies": 0.3334658494039186, "bad_qs": 0.022130183787742987, "tracked": 0.3432479447962144, "https": 0.9983110224458129, "requests": 150.82808087817196, "requests_tracking": 1.5643064349803877, "content_length": 172794114.44213384, "requests_failed": 56.93129162209308, "has_blocking": 0.5055078497701448, "script": 0.9942777151338171, "iframe": 0.9586212546139686, "beacon": 0.24663168242403216, "image": 0.996412428561791, "stylesheet": 0.9764579177147483, "font": 0.5688168001464905, "xhr": 0.37373868794633824, "plugin": 0.0048717726313354725, "media": 0.8692500072281493, "referer_leaked": 0.9876422740721466, "referer_leaked_header": 0.9857894584670541, "referer_leaked_url": 0.0, "hosts": 6.511846936710325, "trackers": 6.451328051965575, "companies": 6.380829502414202}