{"id": "redwap.me", "month": "2019-04", "country": "global", "site": "redwap.me", "category": "Adult", "popularity": 6.0669326113280374e-05, "cookies": 0.9918868799258229, "bad_qs": 0.005910987482614743, "tracked": 0.9918868799258229, "https": 0.8576726935558646, "requests": 133.37575336114975, "requests_tracking": 78.22890588780714, "content_length": 260530784.47542885, "requests_failed": 43.90658321743162, "has_blocking": 0.5598052851182197, "script": 0.9923504867872045, "iframe": 0.6113815484469171, "beacon": 0.0001159017153453871, "image": 0.9987250811312007, "stylesheet": 0.9949003245248029, "font": 0.4486555401019935, "xhr": 0.4191006026889198, "plugin": 0.0023180343069077423, "media": 0.47357440890125174, "referer_leaked": 0.9957116365322207, "referer_leaked_header": 0.9894529439035697, "referer_leaked_url": 0.0, "hosts": 8.993509503940658, "trackers": 7.6681733889661565, "companies": 6.445410292072323}