{"id": "rei.com", "month": "2019-04", "country": "global", "site": "rei.com", "category": "E-Commerce", "popularity": 0.0009024105200217706, "cookies": 0.8382904118128336, "bad_qs": 0.4402150621420501, "tracked": 0.8650485058635602, "https": 0.9934078778197686, "requests": 92.6385475513305, "requests_tracking": 24.995153309697276, "content_length": 648977.8110881677, "requests_failed": 37.73578524954221, "has_blocking": 0.5817041337125491, "script": 0.98634043713718, "iframe": 0.9102738925468501, "beacon": 0.15602914247866911, "image": 0.9478006779132738, "stylesheet": 0.9703744107219386, "font": 0.40622589317021857, "xhr": 0.9737639770912067, "plugin": 0.0011610238828067168, "media": 0.00019480266490045584, "referer_leaked": 0.9963766704328515, "referer_leaked_header": 0.9920130907390813, "referer_leaked_url": 0.0, "hosts": 26.118704951883743, "trackers": 21.852121401020767, "companies": 17.410246620173766}