{"id": "reimageplus.com", "month": "2019-04", "country": "global", "site": "reimageplus.com", "category": "Business", "popularity": 5.3567330358248716e-05, "cookies": 0.30021002887897086, "bad_qs": 0.00761354686269362, "tracked": 0.3027041218167498, "https": 0.18600682593856654, "requests": 11.8104489367288, "requests_tracking": 1.673405093200315, "content_length": 143861.48923601996, "requests_failed": 4.479784720399055, "has_blocking": 0.29259648201627725, "script": 0.976634287214492, "iframe": 0.131005513258073, "beacon": 0.0, "image": 0.6854817537411394, "stylesheet": 0.13271199789971122, "font": 0.07390391178787083, "xhr": 0.45169335783670256, "plugin": 0.0024940929377789446, "media": 0.0, "referer_leaked": 0.9516933578367025, "referer_leaked_header": 0.8514045681281176, "referer_leaked_url": 0.0, "hosts": 5.205171961144657, "trackers": 4.747702809136256, "companies": 3.174061433447099}