{"id": "repubblica.it", "month": "2019-04", "country": "global", "site": "repubblica.it", "category": "News and Portals", "popularity": 0.005496122007955557, "cookies": 0.9357337232911519, "bad_qs": 0.23520674289267332, "tracked": 0.9358002515279105, "https": 0.986240169493477, "requests": 76.46070548077526, "requests_tracking": 11.438317449716807, "content_length": 2005255.3650570672, "requests_failed": 24.249278744356296, "has_blocking": 0.5375724614040273, "script": 0.9981308124249159, "iframe": 0.9702030262671391, "beacon": 0.00872799290706645, "image": 0.9965878690877827, "stylesheet": 0.9907615308147278, "font": 0.4239716589711408, "xhr": 0.9572453727692251, "plugin": 0.0012729922225932452, "media": 0.016987729378485535, "referer_leaked": 0.9947711364686044, "referer_leaked_header": 0.9927880832575295, "referer_leaked_url": 0.0, "hosts": 8.890805413863205, "trackers": 7.216416354175863, "companies": 6.861680119443773}