{"id": "researchgate.net", "month": "2019-04", "country": "global", "site": "researchgate.net", "category": "News and Portals", "popularity": 0.0024858110211245276, "cookies": 0.29517758743592937, "bad_qs": 0.008276853098586768, "tracked": 0.29579424976521573, "https": 0.9925434775229409, "requests": 62.48561309813417, "requests_tracking": 4.098872469704341, "content_length": 204936.13662747937, "requests_failed": 18.028649339775285, "has_blocking": 0.4484775795154958, "script": 0.9830729019337173, "iframe": 0.28433225087407643, "beacon": 0.0023931024338360923, "image": 0.9700268163251451, "stylesheet": 0.7458191425564896, "font": 0.5673519727537084, "xhr": 0.02835515224204845, "plugin": 0.0008853913259937316, "media": 0.00045542493126195135, "referer_leaked": 0.3911590988809559, "referer_leaked_header": 0.10139852227339073, "referer_leaked_url": 0.0, "hosts": 6.080019009040609, "trackers": 5.14970468097625, "companies": 3.6146313038165174}