{"id": "residentadvisor.net", "month": "2019-04", "country": "global", "site": "residentadvisor.net", "category": "Business", "popularity": 0.00031251593993725463, "cookies": 0.9392718927189272, "bad_qs": 0.025492754927549276, "tracked": 0.9394518945189452, "https": 0.989649896498965, "requests": 29.67759427594276, "requests_tracking": 6.294820448204482, "content_length": 955357.6561065611, "requests_failed": 9.09090090900909, "has_blocking": 0.45781207812078123, "script": 0.9955224552245523, "iframe": 0.35298352983529835, "beacon": 0.010507605076050761, "image": 0.5733507335073351, "stylesheet": 0.15142651426514264, "font": 0.0978309783097831, "xhr": 0.3633111331113311, "plugin": 0.0004725047250472505, "media": 0.01878768787687877, "referer_leaked": 0.987759877598776, "referer_leaked_header": 0.9870848708487084, "referer_leaked_url": 0.0, "hosts": 9.16548915489155, "trackers": 6.5591530915309155, "companies": 2.717329673296733}