{"id": "reviersport.de", "month": "2019-04", "country": "global", "site": "reviersport.de", "category": "News and Portals", "popularity": 9.034301134717504e-05, "cookies": 0.9375, "bad_qs": 0.14881693648816938, "tracked": 0.937733499377335, "https": 0.9693337484433375, "requests": 95.24992216687423, "requests_tracking": 37.95228829389788, "content_length": 3526078.436176837, "requests_failed": 27.033312577833126, "has_blocking": 0.44800747198007473, "script": 0.9922166874221668, "iframe": 0.8665940224159402, "beacon": 0.100093399750934, "image": 0.9343866749688667, "stylesheet": 0.998365504358655, "font": 0.10414072229140722, "xhr": 0.4401463262764633, "plugin": 0.029265255292652552, "media": 0.043041718555417184, "referer_leaked": 0.9900373599003736, "referer_leaked_header": 0.9895703611457036, "referer_leaked_url": 0.0, "hosts": 17.52840909090909, "trackers": 14.806351183063512, "companies": 10.502879825653798}