{"id": "rezeptwelt.de", "month": "2019-04", "country": "global", "site": "rezeptwelt.de", "category": "Reference", "popularity": 8.273473470663617e-05, "cookies": 0.662332143464219, "bad_qs": 0.00135985041645419, "tracked": 0.662332143464219, "https": 0.9468808431072582, "requests": 86.19471358150604, "requests_tracking": 1.6800951895291518, "content_length": 806709.6764405916, "requests_failed": 26.95402005779364, "has_blocking": 0.26610572836987934, "script": 0.9953255141934387, "iframe": 0.012493625701172871, "beacon": 0.0003399626041135475, "image": 0.972972972972973, "stylesheet": 0.9964303926568078, "font": 0.3244943056263811, "xhr": 0.006204317525072242, "plugin": 0.0, "media": 0.0, "referer_leaked": 0.9943056263810981, "referer_leaked_header": 0.9925208227095019, "referer_leaked_url": 0.0, "hosts": 6.120771715111338, "trackers": 5.9377018527961924, "companies": 3.787183409824919}