{"id": "riotgames.com", "month": "2019-04", "country": "global", "site": "riotgames.com", "category": "Entertainment", "popularity": 0.0002474799411864746, "cookies": 0.8237533740588152, "bad_qs": 0.015201022872567126, "tracked": 0.8256286404318796, "https": 0.985452479045319, "requests": 65.04432447790879, "requests_tracking": 11.865833214945305, "content_length": 1097524.6746128711, "requests_failed": 17.628981389401904, "has_blocking": 0.34550362267367524, "script": 0.989913339963063, "iframe": 0.5414405455320358, "beacon": 0.03429464412558602, "image": 0.950419093621253, "stylesheet": 0.8771700525642847, "font": 0.7134820286972582, "xhr": 0.695212388123313, "plugin": 0.0064781929251314105, "media": 0.001449069470095184, "referer_leaked": 0.7543969313822986, "referer_leaked_header": 0.678903253303026, "referer_leaked_url": 0.0, "hosts": 8.94922574229294, "trackers": 8.384941042761756, "companies": 6.41091064071601}