{"id": "rivals.com", "month": "2019-04", "country": "global", "site": "rivals.com", "category": "Business", "popularity": 0.0006370912093001323, "cookies": 0.9582905643300994, "bad_qs": 0.042691743099014384, "tracked": 0.9582905643300994, "https": 0.8590995883138527, "requests": 55.14759996909594, "requests_tracking": 17.116982881361544, "content_length": 3150623.4791673566, "requests_failed": 20.057437391697846, "has_blocking": 0.5178526097369844, "script": 0.9937308919130713, "iframe": 0.5140999746145272, "beacon": 0.4550953058949483, "image": 0.9977484189265257, "stylesheet": 0.9893270642252464, "font": 0.4972683023740936, "xhr": 0.9771089257530103, "plugin": 0.0016886858051057912, "media": 0.02417138505347505, "referer_leaked": 0.9963687736609163, "referer_leaked_header": 0.865059655861285, "referer_leaked_url": 0.0, "hosts": 12.582342748032627, "trackers": 10.646899109301016, "companies": 7.806838625652572}