{"id": "rlsbb.ru", "month": "2019-04", "country": "global", "site": "rlsbb.ru", "category": "Entertainment", "popularity": 0.000879937274048423, "cookies": 0.21190036679212715, "bad_qs": 0.01179488408889315, "tracked": 0.2127793893190772, "https": 0.010012865693348996, "requests": 10.65754880572803, "requests_tracking": 0.7721333876729077, "content_length": 50573.96394409417, "requests_failed": 6.265193105266943, "has_blocking": 0.4781642813191731, "script": 0.997211101255404, "iframe": 0.22471811345783488, "beacon": 7.991113881363924e-06, "image": 0.9515738498789347, "stylesheet": 0.04986455061971088, "font": 0.009749158935263987, "xhr": 0.005074357314666092, "plugin": 0.0, "media": 0.000103884480457731, "referer_leaked": 0.8397382111092465, "referer_leaked_header": 0.8379721749414651, "referer_leaked_url": 0.0, "hosts": 5.201200265304981, "trackers": 5.133379681793845, "companies": 5.099657181214489}