{"id": "rmz.cr", "month": "2019-04", "country": "global", "site": "rmz.cr", "category": "Entertainment", "popularity": 0.00037400094081051883, "cookies": 0.8517522749492367, "bad_qs": 0.008404151312326089, "tracked": 0.8520154922162894, "https": 0.0037038429720989696, "requests": 16.87937128675641, "requests_tracking": 3.320467022636685, "content_length": 118766.81067158005, "requests_failed": 6.798450778371061, "has_blocking": 0.3063472963826427, "script": 0.9914642400541476, "iframe": 0.979469053169888, "beacon": 1.8801233360908476e-05, "image": 0.5419267503948259, "stylesheet": 0.8565465894562684, "font": 0.013630894186658644, "xhr": 0.008197337745356095, "plugin": 0.003515830638489885, "media": 1.8801233360908476e-05, "referer_leaked": 0.9312250883657968, "referer_leaked_header": 0.9245318492893134, "referer_leaked_url": 0.0, "hosts": 6.6677446040460255, "trackers": 6.581616154019704, "companies": 4.605042490787396}