{"id": "robinhood.com", "month": "2019-04", "country": "global", "site": "robinhood.com", "category": "Business", "popularity": 0.0002593705103169286, "cookies": 0.8769994035677493, "bad_qs": 0.0032803773789513635, "tracked": 0.8771078457951527, "https": 0.9954725370059101, "requests": 38.53171935151548, "requests_tracking": 8.389443149162284, "content_length": 1162477.4277232555, "requests_failed": 11.419481646153011, "has_blocking": 0.20904950387680962, "script": 0.9973973865423196, "iframe": 0.73721737244483, "beacon": 0.007699398145637911, "image": 0.8776500569321694, "stylesheet": 0.9210811690072114, "font": 0.7754703681613621, "xhr": 0.7173724448300168, "plugin": 0.0008675378192268069, "media": 0.014314374017242315, "referer_leaked": 0.9221384807243941, "referer_leaked_header": 0.7696687089952827, "referer_leaked_url": 0.0, "hosts": 4.619449113484791, "trackers": 4.603372553272244, "companies": 3.0987095374939}