{"id": "rockpapershotgun.com", "month": "2019-04", "country": "global", "site": "rockpapershotgun.com", "category": "Reference", "popularity": 0.0004115430748066714, "cookies": 0.9623421668631572, "bad_qs": 0.06689220359833922, "tracked": 0.9625472004374049, "https": 0.9582927537717635, "requests": 114.24424624532267, "requests_tracking": 32.130230491909714, "content_length": 3191752.6485382817, "requests_failed": 39.99183282929246, "has_blocking": 0.4380884036427632, "script": 0.9733285492166008, "iframe": 0.7448357168486339, "beacon": 0.06450014523211509, "image": 0.8704700394689631, "stylesheet": 0.9931313752626992, "font": 0.8346575085003503, "xhr": 0.8387923522476806, "plugin": 0.0008543065593657628, "media": 0.07063406632836126, "referer_leaked": 0.9843491038324192, "referer_leaked_header": 0.9688861551078989, "referer_leaked_url": 0.0, "hosts": 21.14798298221334, "trackers": 19.70317972901396, "companies": 13.059545167187794}