{"id": "rockstargames.com", "month": "2019-04", "country": "global", "site": "rockstargames.com", "category": "Entertainment", "popularity": 0.00023878175430630216, "cookies": 0.47043406561046, "bad_qs": 0.0076270687319630135, "tracked": 0.4735555686436186, "https": 0.9912244537369692, "requests": 65.57641792802875, "requests_tracking": 10.488485776547499, "content_length": 1033216.0632251605, "requests_failed": 15.48992873549679, "has_blocking": 0.29239060015313034, "script": 0.9227575240002356, "iframe": 0.35876671182048414, "beacon": 0.00868720183756405, "image": 0.8094999705518582, "stylesheet": 0.7440367512809942, "font": 0.4851581365215855, "xhr": 0.2950114847753107, "plugin": 0.001825784792979563, "media": 0.014017315507391484, "referer_leaked": 0.9711702691560162, "referer_leaked_header": 0.9669886330172566, "referer_leaked_url": 0.0, "hosts": 5.232787561104894, "trackers": 4.6814594499087105, "companies": 2.743889510571883}