{"id": "roleplayer.me", "month": "2019-04", "country": "global", "site": "roleplayer.me", "category": "Entertainment", "popularity": 0.0016149657079783384, "cookies": 0.8385857970131058, "bad_qs": 0.15200069665171767, "tracked": 0.8386206295989899, "https": 0.04079331214351025, "requests": 140.15754343188053, "requests_tracking": 77.26462315496147, "content_length": 1164129.9241651064, "requests_failed": 38.956176252884575, "has_blocking": 0.2545870161536117, "script": 0.9963425784821701, "iframe": 0.4796577698436888, "beacon": 0.05783080071406801, "image": 0.6853746680019158, "stylesheet": 0.9940392737405843, "font": 0.17622240606086995, "xhr": 0.9453520268210911, "plugin": 0.004053642182261506, "media": 0.037488570557756784, "referer_leaked": 0.9903557277833414, "referer_leaked_header": 0.9898071145556668, "referer_leaked_url": 0.0, "hosts": 20.10214220403187, "trackers": 15.700413636957373, "companies": 12.06954761179083}