{"id": "roll20.net", "month": "2019-04", "country": "global", "site": "roll20.net", "category": "Entertainment", "popularity": 0.0008988313954283933, "cookies": 0.42913804703268504, "bad_qs": 0.004060206843678125, "tracked": 0.4297951903368642, "https": 0.9496894215574296, "requests": 91.34959241468871, "requests_tracking": 6.754189288564142, "content_length": 9927177.912107084, "requests_failed": 18.11703409322047, "has_blocking": 0.28663965077527265, "script": 0.993444213227356, "iframe": 0.12567083378968286, "beacon": 0.002378232910362524, "image": 0.9252108334767575, "stylesheet": 0.3833335941044858, "font": 0.04903540750707994, "xhr": 0.11065823854301941, "plugin": 0.0012047627243283838, "media": 0.19892666593650743, "referer_leaked": 0.867757733168526, "referer_leaked_header": 0.8107740209347081, "referer_leaked_url": 0.0, "hosts": 4.532035736078732, "trackers": 4.152449423434982, "companies": 3.417896202650478}