{"id": "romwe.com", "month": "2019-04", "country": "global", "site": "romwe.com", "category": "E-Commerce", "popularity": 0.00015250305340111552, "cookies": 0.9721504979712283, "bad_qs": 0.09742714865363335, "tracked": 0.9724732571007009, "https": 0.9688767982294356, "requests": 179.944669863519, "requests_tracking": 13.624170047952784, "content_length": 2397363.2508760607, "requests_failed": 42.335623386204354, "has_blocking": 0.483862043526374, "script": 0.9980634452231649, "iframe": 0.9531999262264846, "beacon": 0.25239763924751013, "image": 0.9951125046108447, "stylesheet": 0.9876429361859093, "font": 0.3483493175949834, "xhr": 0.9631132423459978, "plugin": 0.000599409811877536, "media": 0.00018443378827001107, "referer_leaked": 0.9916082626337145, "referer_leaked_header": 0.9840003688675766, "referer_leaked_url": 0.0, "hosts": 15.572067502766506, "trackers": 13.355219476208042, "companies": 8.359784212467725}