{"id": "rosegal.com", "month": "2019-04", "country": "global", "site": "rosegal.com", "category": "E-Commerce", "popularity": 4.0150886892307716e-05, "cookies": 0.8008756567425569, "bad_qs": 0.06654991243432574, "tracked": 0.8033274956217162, "https": 0.9742556917688266, "requests": 152.75516637478108, "requests_tracking": 15.381961471103327, "content_length": 1628492.0847635728, "requests_failed": 36.098248686514886, "has_blocking": 0.3733800350262697, "script": 0.9810858143607706, "iframe": 0.48318739054290716, "beacon": 0.1469352014010508, "image": 0.9791593695271453, "stylesheet": 0.9175131348511384, "font": 0.013660245183887917, "xhr": 0.9595446584938704, "plugin": 0.0003502626970227671, "media": 0.0010507880910683013, "referer_leaked": 0.9950963222416812, "referer_leaked_header": 0.9931698774080561, "referer_leaked_url": 0.0, "hosts": 14.465148861646234, "trackers": 9.96077057793345, "companies": 7.261471103327495}