{"id": "rosenheim24.de", "month": "2019-04", "country": "global", "site": "rosenheim24.de", "category": "News and Portals", "popularity": 7.32841581771683e-05, "cookies": 0.8812128190366533, "bad_qs": 0.16724237190558433, "tracked": 0.8812128190366533, "https": 0.9869506812511993, "requests": 149.95624640184226, "requests_tracking": 46.31942045672616, "content_length": 951760.5058530032, "requests_failed": 35.71253118403377, "has_blocking": 0.4637305699481865, "script": 0.9950105545960468, "iframe": 0.6963154864709269, "beacon": 0.7566685856841298, "image": 0.991268470543082, "stylesheet": 0.39723661485319517, "font": 0.9758203799654577, "xhr": 0.7322970639032815, "plugin": 0.002110919209364805, "media": 0.0625599692957206, "referer_leaked": 0.9827288428324698, "referer_leaked_header": 0.9709268854346574, "referer_leaked_url": 0.0, "hosts": 22.456918057954326, "trackers": 16.890520053732487, "companies": 13.207157935137209}