{"id": "rotoworld.com", "month": "2019-04", "country": "global", "site": "rotoworld.com", "category": "Entertainment", "popularity": 0.00027453784184524867, "cookies": 0.9671387956868068, "bad_qs": 0.02435775939348923, "tracked": 0.9671644084727096, "https": 0.8458110288656097, "requests": 162.99562021361064, "requests_tracking": 29.320441564428965, "content_length": 1217747.7263529955, "requests_failed": 50.0498680941526, "has_blocking": 0.48426094306277695, "script": 0.9978485259841713, "iframe": 0.8720641344159005, "beacon": 0.0027149553056885997, "image": 0.9270803985349486, "stylesheet": 0.9992828419947237, "font": 0.7208974720180314, "xhr": 0.9278487821120304, "plugin": 0.00017928950131905846, "media": 0.003380887739159388, "referer_leaked": 0.9589683169838383, "referer_leaked_header": 0.9565607151089824, "referer_leaked_url": 0.0, "hosts": 21.35729836334298, "trackers": 17.12276208283175, "companies": 13.275721640242809}