{"id": "royalgames.com", "month": "2019-04", "country": "global", "site": "royalgames.com", "category": "Entertainment", "popularity": 0.0013936365808641042, "cookies": 0.32961139085946095, "bad_qs": 0.014273893256102607, "tracked": 0.3333955619241753, "https": 0.031141205081889462, "requests": 28.156225718235667, "requests_tracking": 1.0736399689193417, "content_length": 69954.87806391717, "requests_failed": 6.619731172487563, "has_blocking": 0.23780235526807067, "script": 0.9995963550864305, "iframe": 0.5065188653541479, "beacon": 1.5136684258857483e-05, "image": 0.9948383906677296, "stylesheet": 0.4823052161013956, "font": 0.9942379688587949, "xhr": 0.00312824808016388, "plugin": 0.39578392887776626, "media": 0.0, "referer_leaked": 0.932339021362907, "referer_leaked_header": 0.931889966396561, "referer_leaked_url": 0.0, "hosts": 3.4537372473435117, "trackers": 3.436385561621442, "companies": 2.6758832255265044}