{"id": "royalmail.com", "month": "2019-04", "country": "global", "site": "royalmail.com", "category": "Business", "popularity": 0.00024024434353110075, "cookies": 0.7987472926301001, "bad_qs": 0.04062518293039864, "tracked": 0.8004741555932798, "https": 0.9949950242931569, "requests": 50.3407188432945, "requests_tracking": 17.862699759995316, "content_length": 419921.1723936077, "requests_failed": 13.504858631387929, "has_blocking": 0.44201838084645556, "script": 0.9891119826728326, "iframe": 0.4947316045191126, "beacon": 0.0912603172744834, "image": 0.6061581689398817, "stylesheet": 0.5960311420710648, "font": 0.3032254287888544, "xhr": 0.8610607036234853, "plugin": 0.0007024527307849909, "media": 0.00014634431891353978, "referer_leaked": 0.8409237253409823, "referer_leaked_header": 0.7548147280922555, "referer_leaked_url": 0.0, "hosts": 7.6333782122578, "trackers": 6.827547854592285, "companies": 5.26459052859568}