{"id": "royalroad.com", "month": "2019-04", "country": "global", "site": "royalroad.com", "category": "Entertainment", "popularity": 0.0006179791058722353, "cookies": 0.8126073846503954, "bad_qs": 0.007669113045457131, "tracked": 0.8126415201684019, "https": 0.9741594128690902, "requests": 27.858030380611027, "requests_tracking": 10.729567047846619, "content_length": 262672.8202537407, "requests_failed": 8.961779598338738, "has_blocking": 0.43090402230187175, "script": 0.9968709108494055, "iframe": 0.048620356147237864, "beacon": 0.006758832565284178, "image": 0.906673493770268, "stylesheet": 0.9900551857541104, "font": 0.30285031575354154, "xhr": 0.0550036980144507, "plugin": 7.964954201513341e-05, "media": 0.0005461682881037719, "referer_leaked": 0.9836490868748933, "referer_leaked_header": 0.9810434090003982, "referer_leaked_url": 0.0, "hosts": 6.546794105933891, "trackers": 6.407498435455425, "companies": 4.266939750810718}