{"id": "rozetka.com.ua", "month": "2019-04", "country": "global", "site": "rozetka.com.ua", "category": "E-Commerce", "popularity": 0.0013621135640623152, "cookies": 0.8175684395826773, "bad_qs": 0.0361517931351343, "tracked": 0.8204335324271724, "https": 0.9968871153419269, "requests": 37.47447486203674, "requests_tracking": 7.866879010484691, "content_length": 629613.8300457898, "requests_failed": 20.92535271615964, "has_blocking": 0.4900031490209642, "script": 0.9986939306492661, "iframe": 0.8508344905555183, "beacon": 0.03155215759559343, "image": 0.845620537811482, "stylesheet": 0.17756348374640574, "font": 0.08658258952769848, "xhr": 0.3921460319754686, "plugin": 0.003257429882660252, "media": 0.06807563845109467, "referer_leaked": 0.9513140709613807, "referer_leaked_header": 0.9310467655424834, "referer_leaked_url": 0.0, "hosts": 13.016602051509723, "trackers": 10.966893981240094, "companies": 6.336470308862171}