{"id": "rt.com", "month": "2019-04", "country": "global", "site": "rt.com", "category": "News and Portals", "popularity": 0.0028621535110305175, "cookies": 0.7670457476838715, "bad_qs": 0.05787434557546366, "tracked": 0.7709078044502097, "https": 0.970113282084921, "requests": 127.17620511157462, "requests_tracking": 25.00234376727423, "content_length": 5873754.004704732, "requests_failed": 41.06295742156119, "has_blocking": 0.4909651948102998, "script": 0.9885440389939981, "iframe": 0.5563007785533011, "beacon": 0.15795124276171454, "image": 0.8917322012495179, "stylesheet": 0.5472156093917752, "font": 0.5557774846021369, "xhr": 0.7573021617199419, "plugin": 0.002419927426744989, "media": 0.010286534148001287, "referer_leaked": 0.9412706952930568, "referer_leaked_header": 0.9281883465139533, "referer_leaked_url": 0.0, "hosts": 17.90792974594447, "trackers": 15.958961961688987, "companies": 12.449263826138656}