{"id": "rt.ru", "month": "2019-04", "country": "global", "site": "rt.ru", "category": "Business", "popularity": 0.0003086836749011237, "cookies": 0.48468074443609194, "bad_qs": 0.04678922071117793, "tracked": 0.5118567621130322, "https": 0.6781020068794278, "requests": 63.174605344085286, "requests_tracking": 11.666302193671838, "content_length": 8019636.000592269, "requests_failed": 16.706257545729972, "has_blocking": 0.3493018064192806, "script": 0.9607963734937015, "iframe": 0.30349210688170575, "beacon": 0.05273468643932663, "image": 0.6417913847695847, "stylesheet": 0.2946764163192783, "font": 0.200050115036789, "xhr": 0.5055240438278776, "plugin": 0.008428438005421536, "media": 2.277956217681496e-05, "referer_leaked": 0.8512038998610447, "referer_leaked_header": 0.7570331898220917, "referer_leaked_url": 0.0, "hosts": 7.001708467163261, "trackers": 5.353288229800223, "companies": 3.8611130094079593}