{"id": "rtbf.be", "month": "2019-04", "country": "global", "site": "rtbf.be", "category": "News and Portals", "popularity": 0.0007382559745750239, "cookies": 0.7967711210591485, "bad_qs": 0.04785217639775217, "tracked": 0.7972283074578531, "https": 0.9731402990761024, "requests": 168.92642156395848, "requests_tracking": 19.99017049242785, "content_length": 27338451.312715497, "requests_failed": 36.638908467473094, "has_blocking": 0.4051528717020669, "script": 0.9976854938565578, "iframe": 0.9874273740356224, "beacon": 0.06936851128678921, "image": 0.7332507857891227, "stylesheet": 0.14890941994475665, "font": 0.06762548814172778, "xhr": 0.9743975616725402, "plugin": 0.0007524526145347176, "media": 0.18743689875226213, "referer_leaked": 0.9752643108867511, "referer_leaked_header": 0.9621392513572721, "referer_leaked_url": 0.0, "hosts": 15.89135155729117, "trackers": 12.950509572340223, "companies": 12.21456329174207}