{"id": "rtl.fr", "month": "2019-04", "country": "global", "site": "rtl.fr", "category": "News and Portals", "popularity": 0.0005525282380624979, "cookies": 0.4922941827761304, "bad_qs": 0.11771892538529086, "tracked": 0.49263779477455233, "https": 0.9193148122224061, "requests": 102.03092507985798, "requests_tracking": 16.303994807640912, "content_length": 7937740.313641396, "requests_failed": 33.88243379105845, "has_blocking": 0.48654186339514105, "script": 0.9907733815238556, "iframe": 0.5036588314646779, "beacon": 0.019624063020985783, "image": 0.6152945518408695, "stylesheet": 0.1003474299095155, "font": 0.16667727197525994, "xhr": 0.7472288328645786, "plugin": 0.0017562391030454204, "media": 0.015424360818051083, "referer_leaked": 0.9670514272624304, "referer_leaked_header": 0.9663387505249628, "referer_leaked_url": 0.0, "hosts": 17.332641867213052, "trackers": 13.92583071382211, "companies": 11.963373506242284}