{"id": "rtl2.de", "month": "2019-04", "country": "global", "site": "rtl2.de", "category": "Entertainment", "popularity": 2.9174436027352837e-05, "cookies": 0.8281513617739215, "bad_qs": 0.1651000241021933, "tracked": 0.8320077127018559, "https": 0.9910821884791516, "requests": 79.51265365148228, "requests_tracking": 24.57218606893227, "content_length": 11259089.127741624, "requests_failed": 26.985538684020245, "has_blocking": 0.40443480356712463, "script": 0.9814413111593155, "iframe": 0.512412629549289, "beacon": 0.11520848397204146, "image": 0.9385394070860448, "stylesheet": 0.9599903591226802, "font": 0.08941913714147988, "xhr": 0.9192576524463726, "plugin": 0.0028922631959508315, "media": 0.026030368763557483, "referer_leaked": 0.9771029163653893, "referer_leaked_header": 0.9737286093034466, "referer_leaked_url": 0.0, "hosts": 19.342492166787178, "trackers": 16.659677030609785, "companies": 14.282236683538201}