{"id": "rts.ch", "month": "2019-04", "country": "global", "site": "rts.ch", "category": "News and Portals", "popularity": 0.0002983892968958105, "cookies": 0.8233769294214681, "bad_qs": 0.015411806291975963, "tracked": 0.8244609402615766, "https": 0.9950748203134205, "requests": 271.74942853776366, "requests_tracking": 45.210934370213266, "content_length": 72431623.40815365, "requests_failed": 32.839283610227405, "has_blocking": 0.37702368328031105, "script": 0.9952397784847413, "iframe": 0.23610227406621892, "beacon": 0.0022622834924001414, "image": 0.9913750441852245, "stylesheet": 0.9685636856368564, "font": 0.07548014610580889, "xhr": 0.5719099799693649, "plugin": 0.0005420054200542005, "media": 0.001696712619300106, "referer_leaked": 0.9829386119948156, "referer_leaked_header": 0.9626016260162602, "referer_leaked_url": 0.0, "hosts": 11.327159184635324, "trackers": 9.466313184870979, "companies": 8.4073524213503}