{"id": "rueducommerce.fr", "month": "2019-04", "country": "global", "site": "rueducommerce.fr", "category": "E-Commerce", "popularity": 0.00047517976944334123, "cookies": 0.9598384065584444, "bad_qs": 0.03375408792932506, "tracked": 0.9600603755715702, "https": 0.9798008198055551, "requests": 78.8132944640928, "requests_tracking": 33.554804149340754, "content_length": 680063.028560013, "requests_failed": 27.797431078621425, "has_blocking": 0.4991195229146011, "script": 0.9758941651745416, "iframe": 0.8993740473829853, "beacon": 0.02861920475901564, "image": 0.9914024002249286, "stylesheet": 0.20400432099678883, "font": 0.08929073501339213, "xhr": 0.8603075010728503, "plugin": 0.006984624946357488, "media": 0.00023676694733415214, "referer_leaked": 0.991875934119597, "referer_leaked_header": 0.9758349734377081, "referer_leaked_url": 0.0, "hosts": 23.622341921067818, "trackers": 19.957529928821938, "companies": 15.876096896873197}