{"id": "rugbyrama.fr", "month": "2019-04", "country": "global", "site": "rugbyrama.fr", "category": "News and Portals", "popularity": 0.00047750022350191593, "cookies": 0.7672993947604813, "bad_qs": 0.053573269324222836, "tracked": 0.7678295315652289, "https": 0.993785618566569, "requests": 79.20959547616593, "requests_tracking": 13.519121740026801, "content_length": 7307667.673362098, "requests_failed": 30.95318597493631, "has_blocking": 0.519210096160926, "script": 0.9992195208152326, "iframe": 0.6268278675247029, "beacon": 0.18163075971549325, "image": 0.9939770568571723, "stylesheet": 0.3740851458612514, "font": 0.021338006391093702, "xhr": 0.7854124022560266, "plugin": 0.002650684023738348, "media": 0.06690031955468509, "referer_leaked": 0.9898979486650861, "referer_leaked_header": 0.9891174694803186, "referer_leaked_url": 0.0, "hosts": 20.829163414670063, "trackers": 16.950550016934926, "companies": 14.03238252315667}