{"id": "ruliweb.com", "month": "2019-04", "country": "global", "site": "ruliweb.com", "category": "Entertainment", "popularity": 0.002075231286336113, "cookies": 0.7793213745993237, "bad_qs": 0.03174237444345805, "tracked": 0.781134159647066, "https": 0.2351402451834132, "requests": 28.939659670784682, "requests_tracking": 10.935566503798377, "content_length": 674266.8061912539, "requests_failed": 13.114029262077892, "has_blocking": 0.5098568069231447, "script": 0.9992714975976362, "iframe": 0.5617024592885751, "beacon": 0.009863583689678306, "image": 0.7602549419569946, "stylesheet": 0.142420525470477, "font": 0.025043540724978483, "xhr": 0.6238691270847028, "plugin": 0.0011994876764500587, "media": 0.0009894079139079579, "referer_leaked": 0.879366778935099, "referer_leaked_header": 0.8788720749781449, "referer_leaked_url": 0.0, "hosts": 10.274157478500708, "trackers": 6.3587484667565715, "companies": 4.955615567588081}