{"id": "runescape.com", "month": "2019-04", "country": "global", "site": "runescape.com", "category": "Entertainment", "popularity": 0.000355191199578133, "cookies": 0.6001029437966464, "bad_qs": 0.025181636410429, "tracked": 0.6007166471997307, "https": 0.7006315205986577, "requests": 15.869043612535387, "requests_tracking": 3.69774117553897, "content_length": 142848.2645259636, "requests_failed": 7.02009383723002, "has_blocking": 0.4086472789182983, "script": 0.9910122146774097, "iframe": 0.2013937006315206, "beacon": 0.03525825035139469, "image": 0.5480371389543286, "stylesheet": 0.17264862510640824, "font": 0.05828202640904322, "xhr": 0.25013362896680064, "plugin": 0.0009898441985231525, "media": 0.0006137034030843545, "referer_leaked": 0.7058776948508305, "referer_leaked_header": 0.626551580781185, "referer_leaked_url": 0.0, "hosts": 7.351988596994833, "trackers": 6.541563557895987, "companies": 4.805792568249758}