{"id": "rusvesna.su", "month": "2019-04", "country": "global", "site": "rusvesna.su", "category": "News and Portals", "popularity": 0.0005944229813382194, "cookies": 0.9643224699828473, "bad_qs": 0.030389779381321345, "tracked": 0.975193706748684, "https": 0.525865026320459, "requests": 126.74826994735908, "requests_tracking": 32.54830543561838, "content_length": 2271042.4372153548, "requests_failed": 48.718755545040516, "has_blocking": 0.5063701425445082, "script": 0.9915064766073224, "iframe": 0.9689596025314958, "beacon": 0.18184184065771575, "image": 0.9822322115100255, "stylesheet": 0.9916839179038268, "font": 0.49745076004022004, "xhr": 0.752161826462412, "plugin": 0.008718282368249838, "media": 0.010788430827467914, "referer_leaked": 0.9926775891642515, "referer_leaked_header": 0.967398119122257, "referer_leaked_url": 0.0, "hosts": 24.842645058259894, "trackers": 18.342059501981428, "companies": 10.348329094457917}