{"id": "ryanair.com", "month": "2019-04", "country": "global", "site": "ryanair.com", "category": "Recreation", "popularity": 0.0006309525535633574, "cookies": 0.8362643486013597, "bad_qs": 0.020918310487016607, "tracked": 0.8366766967569375, "https": 0.9886214198150005, "requests": 124.94224896912961, "requests_tracking": 29.470901593669897, "content_length": 513881.34954864596, "requests_failed": 34.69153014599354, "has_blocking": 0.47464616070433524, "script": 0.9772762732642372, "iframe": 0.44433299899699097, "beacon": 0.13492700323191797, "image": 0.746840521564694, "stylesheet": 0.9471302797280731, "font": 0.7188565697091274, "xhr": 0.938649281176864, "plugin": 0.02116349047141424, "media": 0.00010030090270812437, "referer_leaked": 0.8772316950852558, "referer_leaked_header": 0.7823916193023515, "referer_leaked_url": 0.0, "hosts": 16.96155132062855, "trackers": 15.776440432408336, "companies": 11.415502061740778}