{"id": "s.to", "month": "2019-04", "country": "global", "site": "s.to", "category": "Entertainment", "popularity": 0.0012712220817558406, "cookies": 0.8064385872721741, "bad_qs": 0.005465055176037835, "tracked": 0.8074342450977681, "https": 0.9894902785076195, "requests": 56.75401720275465, "requests_tracking": 11.964720524379787, "content_length": 189226505.17770278, "requests_failed": 21.14640042038886, "has_blocking": 0.3728738556849296, "script": 0.9940426473435297, "iframe": 0.7692341731891473, "beacon": 0.14042094200293165, "image": 0.7181292695743563, "stylesheet": 0.990264679038637, "font": 0.47320297591061206, "xhr": 0.43012971208894546, "plugin": 0.047675415548856376, "media": 0.23419531487678735, "referer_leaked": 0.9902757419033659, "referer_leaked_header": 0.9873883342091434, "referer_leaked_url": 0.0, "hosts": 8.20126669801145, "trackers": 7.755908952623281, "companies": 6.554586940288187}