{"id": "sabacloud.com", "month": "2019-04", "country": "global", "site": "sabacloud.com", "category": "Business", "popularity": 5.012883934417893e-05, "cookies": 0.11011362042362183, "bad_qs": 0.002244354046850891, "tracked": 0.11151634170290363, "https": 0.9729274793098611, "requests": 17.779772759152756, "requests_tracking": 6.842053583952868, "content_length": 4527620.851451817, "requests_failed": 2.833216439893393, "has_blocking": 0.2386028896058353, "script": 0.9489409454341422, "iframe": 0.0761677654650021, "beacon": 0.0, "image": 0.4694908121756207, "stylesheet": 0.11221770234254454, "font": 0.05386449712442138, "xhr": 0.0921587880488147, "plugin": 0.00210408191892271, "media": 0.009959321082900827, "referer_leaked": 0.8172254173095805, "referer_leaked_header": 0.7982886800392762, "referer_leaked_url": 0.0, "hosts": 2.1736568943750876, "trackers": 2.1127787908542572, "companies": 1.2085846542292047}