{"id": "sadistic.pl", "month": "2019-04", "country": "global", "site": "sadistic.pl", "category": "Entertainment", "popularity": 0.00023818406159424504, "cookies": 0.9837333569509639, "bad_qs": 0.029049685590293153, "tracked": 0.9843828417913972, "https": 0.9981105895551029, "requests": 75.7704071089068, "requests_tracking": 18.679626841437134, "content_length": 5522235.091134532, "requests_failed": 29.238183804209843, "has_blocking": 0.4943465296844094, "script": 0.9994390812741711, "iframe": 0.9438490833407138, "beacon": 0.04159655182593806, "image": 0.7008236648658224, "stylesheet": 0.9961030909573997, "font": 0.5405780415079857, "xhr": 0.9661972662592625, "plugin": 0.0003247424202166918, "media": 0.027750715909426387, "referer_leaked": 0.9923833141440085, "referer_leaked_header": 0.9826115194993063, "referer_leaked_url": 0.0, "hosts": 20.209104596581348, "trackers": 17.49086292917663, "companies": 12.195406370855844}