{"id": "safaribooksonline.com", "month": "2019-04", "country": "global", "site": "safaribooksonline.com", "category": "Business", "popularity": 1.7199486749314302e-05, "cookies": 0.21831561733442356, "bad_qs": 0.008585445625511038, "tracked": 0.21831561733442356, "https": 0.9901880621422731, "requests": 13.199918233851186, "requests_tracking": 2.500817661488144, "content_length": 2423338.7702371217, "requests_failed": 5.140637775960752, "has_blocking": 0.4934587080948487, "script": 0.991414554374489, "iframe": 0.10057236304170074, "beacon": 0.017988552739165987, "image": 0.5155355682747342, "stylesheet": 0.24488961569910056, "font": 0.23957481602616518, "xhr": 0.4182338511856092, "plugin": 0.004497138184791497, "media": 0.016762060506950123, "referer_leaked": 0.8442354865085855, "referer_leaked_header": 0.8233851185609158, "referer_leaked_url": 0.0, "hosts": 5.631234668847097, "trackers": 5.191741618969747, "companies": 3.8266557645134913}