{"id": "sagepub.com", "month": "2019-04", "country": "global", "site": "sagepub.com", "category": "Business", "popularity": 0.0002902044225801106, "cookies": 0.8440309175934676, "bad_qs": 0.030069540355213104, "tracked": 0.8446851299944271, "https": 0.8947929538901408, "requests": 38.026725788083645, "requests_tracking": 5.289307261757651, "content_length": 887574.656126578, "requests_failed": 17.965423663104843, "has_blocking": 0.464539264859102, "script": 0.9846138935329892, "iframe": 0.2575416151777277, "beacon": 0.03823508032274479, "image": 0.881393714714933, "stylesheet": 0.9694458578662983, "font": 0.0824792226987473, "xhr": 0.7161202781614209, "plugin": 0.0010661239126747595, "media": 0.004046424850379201, "referer_leaked": 0.9727896101378692, "referer_leaked_header": 0.951127910639432, "referer_leaked_url": 0.0, "hosts": 15.716411039228515, "trackers": 11.413098786072545, "companies": 9.349228271667757}