{"id": "samsclub.com", "month": "2019-04", "country": "global", "site": "samsclub.com", "category": "E-Commerce", "popularity": 0.00028867854824462364, "cookies": 0.7731037170555853, "bad_qs": 0.08622789496760365, "tracked": 0.7735908803039898, "https": 0.9791006966434452, "requests": 72.10213377502801, "requests_tracking": 16.89789058313441, "content_length": 1157258.719418327, "requests_failed": 24.139620986992743, "has_blocking": 0.4744970039460223, "script": 0.9644127247040484, "iframe": 0.386588395771423, "beacon": 0.07390266478296877, "image": 0.9191552589272666, "stylesheet": 0.3570175865932674, "font": 0.5947045354898427, "xhr": 0.8479319920105227, "plugin": 0.021142884980757053, "media": 0.00971890680567058, "referer_leaked": 0.9548399668728991, "referer_leaked_header": 0.94957860379013, "referer_leaked_url": 0.0, "hosts": 15.612583426706289, "trackers": 12.199785648170701, "companies": 8.716154333317094}