{"id": "sankakucomplex.com", "month": "2019-04", "country": "global", "site": "sankakucomplex.com", "category": "Adult", "popularity": 0.004454983493625846, "cookies": 0.3497590595351025, "bad_qs": 0.009075713548383024, "tracked": 0.35178728421504546, "https": 0.9984326637298184, "requests": 21.961765202609385, "requests_tracking": 11.165534701582647, "content_length": 175232.36016061646, "requests_failed": 7.875208149517251, "has_blocking": 0.3170296689021859, "script": 0.7799115788742643, "iframe": 0.9374233496801403, "beacon": 0.0708221333766863, "image": 0.22775937205532554, "stylesheet": 0.23263658159697834, "font": 0.055568621075543084, "xhr": 0.1956771192580328, "plugin": 0.00021150358530144786, "media": 0.006853347517752885, "referer_leaked": 0.5308313827125808, "referer_leaked_header": 0.5298227947199866, "referer_leaked_url": 0.0, "hosts": 3.477505646672212, "trackers": 2.459632015329275, "companies": 2.379060198024178}