{"id": "sankei.com", "month": "2019-04", "country": "global", "site": "sankei.com", "category": "News and Portals", "popularity": 0.00029012707411149146, "cookies": 0.6707707222491517, "bad_qs": 0.1463402811439651, "tracked": 0.6712312166747455, "https": 0.9263693650024236, "requests": 43.33974793989336, "requests_tracking": 12.184658264663112, "content_length": 449998.9450315075, "requests_failed": 19.20688317983519, "has_blocking": 0.5262966553562772, "script": 0.9904023267086767, "iframe": 0.6685167232186137, "beacon": 0.0239214735821619, "image": 0.8809500727096461, "stylesheet": 0.07341250605913718, "font": 0.03128938439166263, "xhr": 0.7055259331071255, "plugin": 0.017595734367426077, "media": 0.0009694619486185168, "referer_leaked": 0.965026660203587, "referer_leaked_header": 0.9622636936500243, "referer_leaked_url": 0.0, "hosts": 15.208991759573436, "trackers": 12.550508967523024, "companies": 9.707876878332526}