{"id": "sap.com", "month": "2019-04", "country": "global", "site": "sap.com", "category": "Business", "popularity": 0.0006480114067333642, "cookies": 0.5983983679847216, "bad_qs": 0.027778983462823908, "tracked": 0.5994617821954078, "https": 0.9871305178176136, "requests": 47.41734667303268, "requests_tracking": 11.516493771431051, "content_length": 2933392.6866074917, "requests_failed": 14.05438604106081, "has_blocking": 0.33878423542688485, "script": 0.9611962324753679, "iframe": 0.20363297018099744, "beacon": 0.00691219236946048, "image": 0.7527019401883762, "stylesheet": 0.46769608055905204, "font": 0.39458092799166633, "xhr": 0.8127414384304874, "plugin": 0.0009549025565345718, "media": 0.016667390077694345, "referer_leaked": 0.8296041494856548, "referer_leaked_header": 0.7373258387950866, "referer_leaked_url": 0.0, "hosts": 5.896360519119754, "trackers": 5.161769174009288, "companies": 3.9525804071357262}