{"id": "satr.jp", "month": "2019-04", "country": "global", "site": "satr.jp", "category": "Business", "popularity": 0.0002750581860886867, "cookies": 0.9961653501035356, "bad_qs": 0.1563258941125342, "tracked": 0.9961653501035356, "https": 0.999207505688064, "requests": 34.15686274509804, "requests_tracking": 12.755298207940282, "content_length": 711521.4612061252, "requests_failed": 12.81281795638725, "has_blocking": 0.4382749188332439, "script": 0.9956796277833168, "iframe": 0.9961909144361787, "beacon": 0.0, "image": 0.9732852723879644, "stylesheet": 0.29104992714165195, "font": 0.3096096326405399, "xhr": 0.022445484060638596, "plugin": 0.0, "media": 0.0, "referer_leaked": 0.9998466140041414, "referer_leaked_header": 0.9983383183781988, "referer_leaked_url": 0.0, "hosts": 10.316281923460387, "trackers": 8.66628320167702, "companies": 5.171076514047601}