{"id": "savefrom.net", "month": "2019-04", "country": "global", "site": "savefrom.net", "category": "Business", "popularity": 0.0005595810120647719, "cookies": 0.7484041216386027, "bad_qs": 0.015405880874591606, "tracked": 0.7532168886654939, "https": 0.9873586328223172, "requests": 35.16487811007791, "requests_tracking": 9.592372455390802, "content_length": 3263867.542196532, "requests_failed": 12.481012817290777, "has_blocking": 0.49697160090474995, "script": 0.9970092988187987, "iframe": 0.03436793164111586, "beacon": 0.01796933902990701, "image": 0.9468962050766524, "stylesheet": 0.9829228449359135, "font": 0.8771801960291531, "xhr": 0.2986554410655944, "plugin": 0.0006659964815280221, "media": 0.00561698919326464, "referer_leaked": 0.5021236491580799, "referer_leaked_header": 0.3850087961799447, "referer_leaked_url": 0.0, "hosts": 7.68755968836391, "trackers": 6.417466700175924, "companies": 3.6955265141995475}