{"id": "scantrad.fr", "month": "2019-04", "country": "global", "site": "scantrad.fr", "category": "Entertainment", "popularity": 0.0006878036779984376, "cookies": 0.7408475182742933, "bad_qs": 0.04219189285896846, "tracked": 0.7428001840208557, "https": 0.99736236773501, "requests": 32.53499974441548, "requests_tracking": 10.573787251444053, "content_length": 166715.1276798037, "requests_failed": 12.843132443899197, "has_blocking": 0.44515667331186426, "script": 0.9954710422736799, "iframe": 0.7478198640290344, "beacon": 0.021029494453815877, "image": 0.4058579972396872, "stylesheet": 0.9618258958237489, "font": 0.1852987783059858, "xhr": 0.10385932627920053, "plugin": 0.002290037315340183, "media": 0.03932934621479323, "referer_leaked": 0.9932730153861882, "referer_leaked_header": 0.9919235291110771, "referer_leaked_url": 0.0, "hosts": 12.197720186065531, "trackers": 11.467525430659919, "companies": 9.067218729233758}