{"id": "scan-manga.com", "month": "2019-04", "country": "global", "site": "scan-manga.com", "category": "Entertainment", "popularity": 0.0003229228248060139, "cookies": 0.9676857416601341, "bad_qs": 0.5092544203466597, "tracked": 0.9679252678338124, "https": 0.0006532532009406846, "requests": 160.2553131260343, "requests_tracking": 91.10933281073078, "content_length": 1007819.1187396569, "requests_failed": 35.09925093632959, "has_blocking": 0.24405539587143976, "script": 0.9983450918909502, "iframe": 0.9915077083877711, "beacon": 0.3312211479836251, "image": 0.9940336207647418, "stylesheet": 0.9968861597421828, "font": 0.458953923874227, "xhr": 0.8761431931016462, "plugin": 0.0011323055482971866, "media": 0.008862468426095288, "referer_leaked": 0.991464158174375, "referer_leaked_header": 0.9024475219928577, "referer_leaked_url": 0.0, "hosts": 28.856545597073424, "trackers": 23.32984931626165, "companies": 18.810251720233428}