{"id": "scene-rls.net", "month": "2019-04", "country": "global", "site": "scene-rls.net", "category": "Entertainment", "popularity": 0.0002555241819228669, "cookies": 0.8347780621370979, "bad_qs": 0.0004678169459809021, "tracked": 0.8347780621370979, "https": 0.0875918434739536, "requests": 11.096700514598641, "requests_tracking": 6.536393406532926, "content_length": 6411285.787115771, "requests_failed": 3.795674069181871, "has_blocking": 0.2563636863975343, "script": 0.9512644816863425, "iframe": 0.010512121962629682, "beacon": 0.0, "image": 0.8672775805608299, "stylesheet": 0.08715154517185393, "font": 0.003109606758578937, "xhr": 0.0020638982910922148, "plugin": 0.001238338974655329, "media": 0.0, "referer_leaked": 0.8122678114422521, "referer_leaked_header": 0.8121852555106084, "referer_leaked_url": 0.0, "hosts": 3.029142243870222, "trackers": 2.8360439197556344, "companies": 2.8245411266132807}