{"id": "schoener-fernsehen.com", "month": "2019-04", "country": "global", "site": "schoener-fernsehen.com", "category": "Entertainment", "popularity": 1.7923749682748224e-05, "cookies": 0.5825814044723421, "bad_qs": 0.012946253432718713, "tracked": 0.5829737151824245, "https": 0.9780306002353865, "requests": 3338.2750098077677, "requests_tracking": 479.9823460180463, "content_length": 220604019.66732052, "requests_failed": 357.5821890937623, "has_blocking": 0.4421341702628482, "script": 0.9952922714790113, "iframe": 0.8258140447234209, "beacon": 0.027461749705766966, "image": 0.9486072969792075, "stylesheet": 0.4813652412710867, "font": 0.004707728520988623, "xhr": 0.8854452726559435, "plugin": 0.0, "media": 0.001569242840329541, "referer_leaked": 0.9356610435464888, "referer_leaked_header": 0.9356610435464888, "referer_leaked_url": 0.0, "hosts": 9.424480188309142, "trackers": 6.173401333856415, "companies": 5.264025107885446}