{"id": "schulterglatze.de", "month": "2019-04", "country": "global", "site": "schulterglatze.de", "category": "Entertainment", "popularity": 4.794901886491179e-05, "cookies": 0.8312069218360464, "bad_qs": 0.04942073617832527, "tracked": 0.8312069218360464, "https": 0.9850417949846019, "requests": 102.81302243730752, "requests_tracking": 40.97976242850858, "content_length": 616433.4719167033, "requests_failed": 41.007185804370145, "has_blocking": 0.4191230385687051, "script": 0.9995600527936648, "iframe": 0.9387006892506232, "beacon": 0.002346385100454612, "image": 0.9395805836632938, "stylesheet": 0.9925208974923009, "font": 0.09664173632497433, "xhr": 0.13902331720193578, "plugin": 0.002053086962897786, "media": 0.023610500073324533, "referer_leaked": 0.9925208974923009, "referer_leaked_header": 0.9901745123918463, "referer_leaked_url": 0.0, "hosts": 9.488634697169672, "trackers": 8.192256929168499, "companies": 4.103974189763895}