{"id": "schuhcenter.de", "month": "2019-04", "country": "global", "site": "schuhcenter.de", "category": "Business", "popularity": 4.404643703912706e-05, "cookies": 0.7120051085568327, "bad_qs": 0.09307151979565773, "tracked": 0.7134418901660281, "https": 0.9990421455938697, "requests": 119.06162196679438, "requests_tracking": 8.158045977011493, "content_length": 168678.313697318, "requests_failed": 37.00893997445721, "has_blocking": 0.33828224776500637, "script": 0.9976053639846744, "iframe": 0.22238186462324394, "beacon": 0.05316091954022988, "image": 0.9966475095785441, "stylesheet": 0.9993614303959132, "font": 0.4786079182630907, "xhr": 0.9675925925925926, "plugin": 0.0, "media": 0.0, "referer_leaked": 0.998882503192848, "referer_leaked_header": 0.9976053639846744, "referer_leaked_url": 0.0, "hosts": 13.098020434227331, "trackers": 12.58301404853129, "companies": 8.418901660280971}