{"id": "schulferien.org", "month": "2019-04", "country": "global", "site": "schulferien.org", "category": "Reference", "popularity": 9.667152241601513e-05, "cookies": 0.8287750945592086, "bad_qs": 0.0752109397730579, "tracked": 0.8292842595286587, "https": 0.9934535932499272, "requests": 173.12692755309862, "requests_tracking": 99.27051207448356, "content_length": 497213.21152167587, "requests_failed": 50.915769566482396, "has_blocking": 0.4583939482106488, "script": 0.9794151876636602, "iframe": 0.158641256910096, "beacon": 0.08139365725923771, "image": 0.8465958684899622, "stylesheet": 0.11667151585685191, "font": 0.08081175443700903, "xhr": 0.12750945592086121, "plugin": 0.002254873436136165, "media": 0.012001745708466686, "referer_leaked": 0.9746872272330521, "referer_leaked_header": 0.9733779458830375, "referer_leaked_url": 0.0, "hosts": 11.282222868780913, "trackers": 10.250145475705557, "companies": 5.564518475414606}