{"id": "schwaebische.de", "month": "2019-04", "country": "global", "site": "schwaebische.de", "category": "News and Portals", "popularity": 8.175029965148327e-05, "cookies": 0.7095303629795287, "bad_qs": 0.17374849475313953, "tracked": 0.7119387579563048, "https": 0.9931188714949252, "requests": 39.86805436091519, "requests_tracking": 11.25511783932565, "content_length": 432673.24023739895, "requests_failed": 10.455100636504387, "has_blocking": 0.31670393944606917, "script": 0.992688800963358, "iframe": 0.45295028384655084, "beacon": 0.1596421813177361, "image": 0.7352485807672459, "stylesheet": 0.2278513676242904, "font": 0.10614140719077929, "xhr": 0.4472733528298641, "plugin": 0.008171340099776363, "media": 0.003354550146223981, "referer_leaked": 0.8357990710476518, "referer_leaked_header": 0.8339067607087562, "referer_leaked_url": 0.0, "hosts": 11.534233614312747, "trackers": 9.031911233442285, "companies": 6.78668501634268}