{"id": "schwab.com", "month": "2019-04", "country": "global", "site": "schwab.com", "category": "Banking", "popularity": 0.0016657414617873322, "cookies": 0.5526550185528365, "bad_qs": 0.025488515815290578, "tracked": 0.5553651257329321, "https": 0.9976022727752426, "requests": 19.508119768163418, "requests_tracking": 3.9042893144948523, "content_length": 554449.5123326762, "requests_failed": 6.5427897218552, "has_blocking": 0.4092895044556357, "script": 0.9911478274818376, "iframe": 0.9078394704737622, "beacon": 0.004533730703150394, "image": 0.6442414443773719, "stylesheet": 0.805724995884183, "font": 0.47493150858411676, "xhr": 0.8569257591043983, "plugin": 0.00048123398525060047, "media": 0.007767285375974604, "referer_leaked": 0.9713834632805806, "referer_leaked_header": 0.9505553186908747, "referer_leaked_url": 0.0, "hosts": 4.637635030457045, "trackers": 4.1947900089070504, "companies": 3.8701850218032767}