{"id": "schwab.de", "month": "2019-04", "country": "global", "site": "schwab.de", "category": "E-Commerce", "popularity": 0.00011269671877811134, "cookies": 0.7338865664191676, "bad_qs": 0.10919074062519499, "tracked": 0.7339489611280964, "https": 0.986023585199975, "requests": 115.75865726586386, "requests_tracking": 26.418606102202535, "content_length": 621416.6787296437, "requests_failed": 28.833156548324702, "has_blocking": 0.24801896799151432, "script": 0.9981281587321396, "iframe": 0.7900418044549822, "beacon": 0.2964996568291009, "image": 0.9907031883696262, "stylesheet": 0.07549759780370624, "font": 0.016784176701815687, "xhr": 0.1895551257253385, "plugin": 0.0036188931178636054, "media": 0.0006863417982155113, "referer_leaked": 0.9908279777874837, "referer_leaked_header": 0.9903288201160542, "referer_leaked_url": 0.0, "hosts": 17.335121981655956, "trackers": 15.079615648593, "companies": 10.895676046671243}