{"id": "sciencedirect.com", "month": "2019-04", "country": "global", "site": "sciencedirect.com", "category": "Reference", "popularity": 0.0013454344215564388, "cookies": 0.9316605605757321, "bad_qs": 0.06115324110609965, "tracked": 0.9324915464176148, "https": 0.8834163448120874, "requests": 58.80433157902989, "requests_tracking": 14.99331030265654, "content_length": 1021528.0493208389, "requests_failed": 23.768484208655842, "has_blocking": 0.46490260741406614, "script": 0.9867408108122233, "iframe": 0.5649449406550677, "beacon": 0.09228646538342941, "image": 0.9862338571854143, "stylesheet": 0.9821050596062486, "font": 0.8601748728696188, "xhr": 0.8958288691798326, "plugin": 0.05240437129910787, "media": 0.005733279676385891, "referer_leaked": 0.9855701137771181, "referer_leaked_header": 0.9726035988481178, "referer_leaked_url": 0.0, "hosts": 12.780300931853935, "trackers": 8.728335571942992, "companies": 6.386795164603139}