{"id": "scmp.com", "month": "2019-04", "country": "global", "site": "scmp.com", "category": "News and Portals", "popularity": 0.00032437838235184713, "cookies": 0.9351412282413127, "bad_qs": 0.16409789512475342, "tracked": 0.9352062604322473, "https": 0.9814224707897076, "requests": 161.89653378422318, "requests_tracking": 74.4254189156966, "content_length": 19768518.097114738, "requests_failed": 47.96230300665496, "has_blocking": 0.4790921506145542, "script": 0.9933016843337452, "iframe": 0.5994233812403806, "beacon": 0.0029047711950748955, "image": 0.9659881641412499, "stylesheet": 0.9931716199518762, "font": 0.7703279790162797, "xhr": 0.7927424074917084, "plugin": 0.0006719993063232966, "media": 0.14554204331143916, "referer_leaked": 0.9966833582623399, "referer_leaked_header": 0.9853460796427564, "referer_leaked_url": 0.0, "hosts": 18.234701177082655, "trackers": 15.467212937070517, "companies": 12.308274262426568}