{"id": "scp-wiki.net", "month": "2019-04", "country": "global", "site": "scp-wiki.net", "category": "Entertainment", "popularity": 0.0003461273653917609, "cookies": 0.9590443686006825, "bad_qs": 0.004245896310742727, "tracked": 0.9593490980009751, "https": 0.00012189176011701609, "requests": 58.252905086949454, "requests_tracking": 6.2310052007150984, "content_length": 528558.8974077685, "requests_failed": 21.028319518933852, "has_blocking": 0.39917519908987487, "script": 0.9925646026328621, "iframe": 0.9724118316268487, "beacon": 0.0036567528035104826, "image": 0.9925849179262148, "stylesheet": 0.9709491305054445, "font": 0.1581139281651227, "xhr": 0.023586055582642613, "plugin": 0.0005281976271737363, "media": 0.012148545424995936, "referer_leaked": 0.9854542499593694, "referer_leaked_header": 0.9807817324882171, "referer_leaked_url": 0.0, "hosts": 10.393649439297903, "trackers": 8.203579554688769, "companies": 5.887128230131643}