{"id": "screenrant.com", "month": "2019-04", "country": "global", "site": "screenrant.com", "category": "Entertainment", "popularity": 0.0004832943269693873, "cookies": 0.9858724592978423, "bad_qs": 0.03822147211593022, "tracked": 0.9859597561507908, "https": 0.9847376002095124, "requests": 74.0049031732406, "requests_tracking": 32.47624798126028, "content_length": 1183782.6376307635, "requests_failed": 22.111987312857373, "has_blocking": 0.514440354425223, "script": 0.9864544383174987, "iframe": 0.7759671763832914, "beacon": 0.15079076399295804, "image": 0.9977157323478488, "stylesheet": 0.3498421381909182, "font": 0.055608095328163416, "xhr": 0.7473047096652166, "plugin": 0.0007565727255532438, "media": 0.006809154529979195, "referer_leaked": 0.9964790269310791, "referer_leaked_header": 0.9922596790385707, "referer_leaked_url": 0.0, "hosts": 13.45264873201321, "trackers": 10.731809518266866, "companies": 8.637834456067859}