{"id": "screwfix.com", "month": "2019-04", "country": "global", "site": "screwfix.com", "category": "Business", "popularity": 0.00046562371772939265, "cookies": 0.9682714669727265, "bad_qs": 0.011854782687486786, "tracked": 0.9683620767767073, "https": 0.9954393065329669, "requests": 59.7754538041016, "requests_tracking": 9.044866954604489, "content_length": 388266.3740221692, "requests_failed": 20.489564770908213, "has_blocking": 0.44678184179528224, "script": 0.9961339816968195, "iframe": 0.7482708629073666, "beacon": 0.002068923857561388, "image": 0.9939895496692742, "stylesheet": 0.811924250203872, "font": 0.3690084267117702, "xhr": 0.9426439940801594, "plugin": 0.000966504575795101, "media": 0.00025672777794557373, "referer_leaked": 0.996783351958682, "referer_leaked_header": 0.919447884261077, "referer_leaked_url": 0.0, "hosts": 10.478178138874625, "trackers": 9.50924220000604, "companies": 7.455435078075448}