{"id": "scribol.com", "month": "2019-04", "country": "global", "site": "scribol.com", "category": "Entertainment", "popularity": 0.00010382273992380445, "cookies": 0.9543515069420928, "bad_qs": 0.038672536403657296, "tracked": 0.9543515069420928, "https": 0.002031832035218422, "requests": 53.875313240772094, "requests_tracking": 9.179749407382323, "content_length": 1089340.1671520488, "requests_failed": 25.926244497121573, "has_blocking": 0.4322384016254656, "script": 0.9943108703013884, "iframe": 0.7941076870978666, "beacon": 0.2805960040636641, "image": 0.9981036234337961, "stylesheet": 0.9647138503217068, "font": 0.10728073145953268, "xhr": 0.8558076532339993, "plugin": 0.002099559769725703, "media": 0.0005418218760582459, "referer_leaked": 0.9964781578056214, "referer_leaked_header": 0.9949881476464613, "referer_leaked_url": 0.0, "hosts": 22.12705722993566, "trackers": 17.115408059600405, "companies": 13.96139519133085}