{"id": "scribd.com", "month": "2019-04", "country": "global", "site": "scribd.com", "category": "Entertainment", "popularity": 0.0011850558877141, "cookies": 0.5314511870219722, "bad_qs": 0.02082109522877097, "tracked": 0.5324421026398705, "https": 0.9924642944028101, "requests": 82.72758127584837, "requests_tracking": 3.254119420166023, "content_length": 2254447.4539580257, "requests_failed": 22.910532780319347, "has_blocking": 0.436744575182014, "script": 0.9916810557108188, "iframe": 0.30922500904878036, "beacon": 0.00023734505817920738, "image": 0.9870765615821422, "stylesheet": 0.9948733467433292, "font": 0.628228634494544, "xhr": 0.9415834475556426, "plugin": 0.0014952738665290066, "media": 0.01640054352018323, "referer_leaked": 0.9773810159555215, "referer_leaked_header": 0.9636624715927633, "referer_leaked_url": 0.0, "hosts": 10.64358485975874, "trackers": 9.122576855296652, "companies": 6.51469462591452}