{"id": "search.ch", "month": "2019-04", "country": "global", "site": "search.ch", "category": "Reference", "popularity": 0.00018250019586741757, "cookies": 0.7034368498112045, "bad_qs": 0.03197965631501888, "tracked": 0.7051706865993681, "https": 0.9959543808276181, "requests": 34.68016490714341, "requests_tracking": 14.15985975186869, "content_length": 113930.2640826077, "requests_failed": 11.242814209755721, "has_blocking": 0.3010325961316175, "script": 0.9754565770208831, "iframe": 0.6115435000385298, "beacon": 0.03887647376126994, "image": 0.9787316020651923, "stylesheet": 0.9881328504276797, "font": 0.4916390537104107, "xhr": 0.07170378361716884, "plugin": 0.0005008861832472836, "media": 0.0026970794482546042, "referer_leaked": 0.9841257609617015, "referer_leaked_header": 0.975687755259305, "referer_leaked_url": 0.0, "hosts": 6.86641750789859, "trackers": 6.665485089003622, "companies": 3.5219619326500733}