{"id": "searchlock.com", "month": "2019-04", "country": "global", "site": "searchlock.com", "category": "Business", "popularity": 2.7093059053600985e-05, "cookies": 0.2852322865299766, "bad_qs": 0.02880872047754996, "tracked": 0.28601090059693746, "https": 0.9906566311964703, "requests": 31.238774980534647, "requests_tracking": 2.2525304957176226, "content_length": 659967.2883467427, "requests_failed": 3.0537243706202957, "has_blocking": 0.02777056838826888, "script": 0.8704905268621853, "iframe": 0.47599273293537503, "beacon": 0.017908123540098624, "image": 0.6309369322605761, "stylesheet": 0.15779911757072412, "font": 0.03919024137036076, "xhr": 0.19880612509732676, "plugin": 0.0005190760446405398, "media": 0.0002595380223202699, "referer_leaked": 0.12146379444588633, "referer_leaked_header": 0.048533610173890476, "referer_leaked_url": 0.0, "hosts": 2.1746690890215414, "trackers": 1.9130547625227097, "companies": 1.8323384375811056}