{"id": "seattle.gov", "month": "2019-04", "country": "global", "site": "seattle.gov", "category": "Government", "popularity": 9.691059950083799e-05, "cookies": 0.20766216804527646, "bad_qs": 0.0027572195617472065, "tracked": 0.2077347264547961, "https": 0.202800754607459, "requests": 18.306994630677696, "requests_tracking": 1.3791902481497607, "content_length": 1663361.9554491364, "requests_failed": 5.216369177187636, "has_blocking": 0.15251777681033232, "script": 0.9918008997242781, "iframe": 0.18945000725584096, "beacon": 0.00014511681903932666, "image": 0.23421854592947322, "stylesheet": 0.3199100275721956, "font": 0.19931795095051516, "xhr": 0.1693513278188942, "plugin": 0.00014511681903932666, "media": 7.255840951966333e-05, "referer_leaked": 0.3506022347990132, "referer_leaked_header": 0.34276592657088956, "referer_leaked_url": 0.0, "hosts": 3.693150486141344, "trackers": 3.5697286315483963, "companies": 2.660136409809897}