{"id": "seek.com.au", "month": "2019-04", "country": "global", "site": "seek.com.au", "category": "Reference", "popularity": 0.0004255150209108772, "cookies": 0.8974947945929868, "bad_qs": 0.053111676636811316, "tracked": 0.8978252966255742, "https": 0.9938691872955019, "requests": 52.7851571537165, "requests_tracking": 16.318967511650197, "content_length": 312024.81769507885, "requests_failed": 23.954043692368707, "has_blocking": 0.5720329180024457, "script": 0.99444756585253, "iframe": 0.8719139372707142, "beacon": 0.03262055061638629, "image": 0.9234226790494762, "stylesheet": 0.306821561952606, "font": 0.10045609280497075, "xhr": 0.9423604455167399, "plugin": 0.0007766797765806259, "media": 0.0012228575205737516, "referer_leaked": 0.9901345143272631, "referer_leaked_header": 0.9898866378028225, "referer_leaked_url": 0.0, "hosts": 13.240241927487855, "trackers": 11.484962157517268, "companies": 8.287454142842979}