{"id": "seeking.com", "month": "2019-04", "country": "global", "site": "seeking.com", "category": "Entertainment", "popularity": 0.0003335758184385614, "cookies": 0.6312106073062248, "bad_qs": 0.00834756213242269, "tracked": 0.6340774468264508, "https": 0.9961213347667531, "requests": 38.19306899386581, "requests_tracking": 4.235291637682076, "content_length": 213847.78540863004, "requests_failed": 10.15177385695314, "has_blocking": 0.3665549442441873, "script": 0.9995362465481987, "iframe": 0.4678429140580535, "beacon": 0.0007588692847656991, "image": 0.751870823583971, "stylesheet": 0.9945825164948671, "font": 0.7382954952676068, "xhr": 0.26533021353738484, "plugin": 0.0002740361306098358, "media": 0.0002318767259006303, "referer_leaked": 0.9888277577520606, "referer_leaked_header": 0.974050886401484, "referer_leaked_url": 0.0, "hosts": 13.439005881236957, "trackers": 11.369379624359704, "companies": 7.4156917304327665}