{"id": "semrush.com", "month": "2019-04", "country": "global", "site": "semrush.com", "category": "Business", "popularity": 0.0009243282633568536, "cookies": 0.984397346559961, "bad_qs": 0.22752031159662842, "tracked": 0.9848385722545111, "https": 0.9941727778961141, "requests": 86.8525241152664, "requests_tracking": 41.26186744971549, "content_length": 675596.7462495816, "requests_failed": 28.021262514073577, "has_blocking": 0.46288379028086296, "script": 0.9805023887046223, "iframe": 0.8705611173660347, "beacon": 0.05021604844353832, "image": 0.9327967623162827, "stylesheet": 0.1685938593555062, "font": 0.15957155463591272, "xhr": 0.5216428810516386, "plugin": 0.00035754495937680673, "media": 0.001034598180324377, "referer_leaked": 0.9801068070474394, "referer_leaked_header": 0.883478379940967, "referer_leaked_url": 0.0, "hosts": 21.20033168000487, "trackers": 17.327275355262756, "companies": 11.887936280923835}