{"id": "sendungverpasst.de", "month": "2019-04", "country": "global", "site": "sendungverpasst.de", "category": "Entertainment", "popularity": 4.308309702087029e-05, "cookies": 0.3837114411620695, "bad_qs": 0.089603394809858, "tracked": 0.38485392524889833, "https": 0.9959196996898971, "requests": 44.62444915945814, "requests_tracking": 14.678472335563898, "content_length": 185679.54855557368, "requests_failed": 15.513138566998531, "has_blocking": 0.4427941896523584, "script": 0.9939611555410478, "iframe": 0.2053207116043741, "beacon": 0.12240900930308471, "image": 0.5555736902236005, "stylesheet": 0.9879223110820956, "font": 0.2768075730373756, "xhr": 0.21266525216255916, "plugin": 0.003590664272890485, "media": 0.011588052880692019, "referer_leaked": 0.9897176432185408, "referer_leaked_header": 0.984005222784397, "referer_leaked_url": 0.0, "hosts": 12.035090582666884, "trackers": 11.483433980740983, "companies": 7.201403623306676}