{"id": "senscritique.com", "month": "2019-04", "country": "global", "site": "senscritique.com", "category": "Entertainment", "popularity": 0.0008434920819708694, "cookies": 0.8251025375971189, "bad_qs": 0.022925072526593083, "tracked": 0.82532762012738, "https": 0.9887875554369936, "requests": 37.126212944746406, "requests_tracking": 8.656815832471906, "content_length": 1586428.542899063, "requests_failed": 14.938860915669078, "has_blocking": 0.5082363533295542, "script": 0.997824202207476, "iframe": 0.6870269098669513, "beacon": 0.021032711994397945, "image": 0.7304428290373137, "stylesheet": 0.9817182967087932, "font": 0.5204074827436727, "xhr": 0.7035829804261563, "plugin": 0.002067424722398213, "media": 0.013921771316149256, "referer_leaked": 0.9865450665243922, "referer_leaked_header": 0.9790173063456601, "referer_leaked_url": 0.0, "hosts": 15.617718163326552, "trackers": 13.677231651605588, "companies": 8.84755243589316}