{"id": "seriouseats.com", "month": "2019-04", "country": "global", "site": "seriouseats.com", "category": "Reference", "popularity": 0.00022942962128234958, "cookies": 0.8376241265171018, "bad_qs": 0.07190143435086428, "tracked": 0.8392791467451269, "https": 0.9773813902169916, "requests": 293.31304401127863, "requests_tracking": 59.13108373176413, "content_length": 18368756.560684074, "requests_failed": 81.98164153487802, "has_blocking": 0.4827755302194434, "script": 0.9923685178374403, "iframe": 0.8164766458256713, "beacon": 0.09286502390584774, "image": 0.8412713007233051, "stylesheet": 0.9968125536349148, "font": 0.7144170650974623, "xhr": 0.6686894691675861, "plugin": 0.005761922275346328, "media": 0.01756160353070982, "referer_leaked": 0.97428588942013, "referer_leaked_header": 0.9495525315679785, "referer_leaked_url": 0.0, "hosts": 17.696610273384824, "trackers": 15.694679416452127, "companies": 12.225511830329777}