{"id": "serienjunkies.org", "month": "2019-04", "country": "global", "site": "serienjunkies.org", "category": "Entertainment", "popularity": 0.0003956796070607789, "cookies": 0.8136162499333582, "bad_qs": 0.00796147216150415, "tracked": 0.8137228767926641, "https": 0.007197313003145492, "requests": 20.88841499173642, "requests_tracking": 7.3119901903289435, "content_length": 361096.78113060014, "requests_failed": 6.413605587247428, "has_blocking": 0.2601162232766434, "script": 0.9859252545716266, "iframe": 0.9450871674574826, "beacon": 0.0, "image": 0.8885927031685948, "stylesheet": 0.1707451440351158, "font": 0.10843951591405875, "xhr": 0.2971335145989942, "plugin": 0.0008174725880115868, "media": 0.0008885571608821596, "referer_leaked": 0.9788167972845693, "referer_leaked_header": 0.9768264292441933, "referer_leaked_url": 0.0, "hosts": 7.684224556165698, "trackers": 7.058733628334311, "companies": 4.030068774324253}