{"id": "serverfault.com", "month": "2019-04", "country": "global", "site": "serverfault.com", "category": "Reference", "popularity": 0.0006309033318105998, "cookies": 0.8628110963743968, "bad_qs": 0.005227199268860827, "tracked": 0.8628333872028354, "https": 0.9796707644639613, "requests": 33.91851587664256, "requests_tracking": 4.0945911304793645, "content_length": 337429.18116870814, "requests_failed": 12.26187265249713, "has_blocking": 0.4376692709784559, "script": 0.9695284375243806, "iframe": 0.0032767517804799216, "beacon": 0.06382978723404255, "image": 0.9982947516244441, "stylesheet": 0.9977374809134781, "font": 0.014912564225449438, "xhr": 0.020830779175908073, "plugin": 0.0003455078407989033, "media": 0.000434671154553459, "referer_leaked": 0.9808856146138671, "referer_leaked_header": 0.9774193907916587, "referer_leaked_url": 0.0, "hosts": 9.402338307903213, "trackers": 9.180277074997493, "companies": 6.46822999676783}