{"id": "sex.com", "month": "2019-04", "country": "global", "site": "sex.com", "category": "Adult", "popularity": 0.0017474144129701963, "cookies": 0.08697174313698663, "bad_qs": 0.004897266061986431, "tracked": 0.09053302535954866, "https": 0.9990986133131594, "requests": 11.638652587865082, "requests_tracking": 0.363025440029617, "content_length": 563756.5298946504, "requests_failed": 10.036192285095732, "has_blocking": 0.47677319662301915, "script": 0.9961610584855094, "iframe": 0.9689423997810918, "beacon": 3.6216429381986754e-05, "image": 0.36616822129043164, "stylesheet": 0.02822869467940412, "font": 0.006848929200904606, "xhr": 0.008277466137638528, "plugin": 0.001203190265023782, "media": 0.09687894859681456, "referer_leaked": 0.4397439096037923, "referer_leaked_header": 0.4382711081422581, "referer_leaked_url": 0.0, "hosts": 4.630359025536607, "trackers": 3.6183834595542965, "companies": 3.5758009866964984}