{"id": "sexuria.com", "month": "2019-04", "country": "global", "site": "sexuria.com", "category": "Adult", "popularity": 0.0004154104982376292, "cookies": 0.6557882086091034, "bad_qs": 0.0030299439714271204, "tracked": 0.6561098227736682, "https": 0.05596086463429084, "requests": 18.072972561233644, "requests_tracking": 3.65324914941517, "content_length": 498126.1644294734, "requests_failed": 9.968498738933933, "has_blocking": 0.46520642551246677, "script": 0.9973085972544307, "iframe": 0.9768099260287422, "beacon": 0.0, "image": 0.9584779186485435, "stylesheet": 0.11796469015014303, "font": 0.0024544238874688964, "xhr": 0.842239788750275, "plugin": 0.0058398361460466845, "media": 0.0036393181779711225, "referer_leaked": 0.9054454356179223, "referer_leaked_header": 0.9051068943920646, "referer_leaked_url": 0.0, "hosts": 4.644311661052525, "trackers": 3.94908339963099, "companies": 3.847317907138142}