{"id": "sfgate.com", "month": "2019-04", "country": "global", "site": "sfgate.com", "category": "News and Portals", "popularity": 0.0010310269599774974, "cookies": 0.7745693124002564, "bad_qs": 0.10687736145022028, "tracked": 0.7751490185915185, "https": 0.9586362582352379, "requests": 213.41010461991735, "requests_tracking": 60.55165523167788, "content_length": 11183185.02989238, "requests_failed": 58.663695388266746, "has_blocking": 0.4512978598611433, "script": 0.8609659951168278, "iframe": 0.750487635207944, "beacon": 0.02477732462182696, "image": 0.9913453275680985, "stylesheet": 0.6622972733348792, "font": 0.32574031890660593, "xhr": 0.8156125107416147, "plugin": 0.0018618798848771705, "media": 0.04064763411673237, "referer_leaked": 0.9926888819172589, "referer_leaked_header": 0.9842047113063167, "referer_leaked_url": 0.0, "hosts": 19.737713638781663, "trackers": 15.743490240475769, "companies": 13.06104647197632}