{"id": "sfico.com", "month": "2019-04", "country": "global", "site": "sfico.com", "category": "Adult", "popularity": 3.6283463461349877e-06, "cookies": 0.44573643410852715, "bad_qs": 0.03488372093023256, "tracked": 0.44573643410852715, "https": 0.998062015503876, "requests": 61.18798449612403, "requests_tracking": 20.934108527131784, "content_length": 7070953.5, "requests_failed": 12.633720930232558, "has_blocking": 0.313953488372093, "script": 0.9651162790697675, "iframe": 0.17635658914728683, "beacon": 0.0, "image": 0.5174418604651163, "stylesheet": 0.43992248062015504, "font": 0.11627906976744186, "xhr": 0.2248062015503876, "plugin": 0.0, "media": 0.0, "referer_leaked": 0.6143410852713178, "referer_leaked_header": 0.6143410852713178, "referer_leaked_url": 0.0, "hosts": 3.64922480620155, "trackers": 3.133720930232558, "companies": 2.618217054263566}