{"id": "sharepoint.com", "month": "2019-04", "country": "global", "site": "sharepoint.com", "category": "Business", "popularity": 0.00947726878282045, "cookies": 0.912791698446946, "bad_qs": 0.3463120531593802, "tracked": 0.9136241686427323, "https": 0.977299977147877, "requests": 420.7163613781314, "requests_tracking": 153.38411896162327, "content_length": 4409488.574437081, "requests_failed": 64.32860462562584, "has_blocking": 0.03226675253525014, "script": 0.9748433739230566, "iframe": 0.8869858643296167, "beacon": 0.02372391667581741, "image": 0.9031886131135572, "stylesheet": 0.8492976681931094, "font": 0.449919720788606, "xhr": 0.9544307892292305, "plugin": 0.001705005802065001, "media": 0.006098103867350845, "referer_leaked": 0.9865617645400343, "referer_leaked_header": 0.9762130174002593, "referer_leaked_url": 0.0, "hosts": 8.564522375789808, "trackers": 5.931061525631476, "companies": 2.424876613374724}