{"id": "sharewareonsale.com", "month": "2019-04", "country": "global", "site": "sharewareonsale.com", "category": "E-Commerce", "popularity": 0.00017262068692106166, "cookies": 0.602346327752658, "bad_qs": 0.024888997515173733, "tracked": 0.6139964968023137, "https": 0.9898977555093894, "requests": 35.54706912705202, "requests_tracking": 3.437125748502994, "content_length": 418037.31805776205, "requests_failed": 13.918774695506945, "has_blocking": 0.48409303841296997, "script": 0.9912420057843496, "iframe": 0.6198623161839586, "beacon": 0.00309584911809035, "image": 0.7034095075155811, "stylesheet": 0.9843985498390974, "font": 0.7137968960039105, "xhr": 0.13931321031406574, "plugin": 0.008228441077029615, "media": 0.0, "referer_leaked": 0.9789808138824392, "referer_leaked_header": 0.9710782516599454, "referer_leaked_url": 0.0, "hosts": 7.907328200741374, "trackers": 7.508778361644059, "companies": 3.5714693062853886}