{"id": "sheego.de", "month": "2019-04", "country": "global", "site": "sheego.de", "category": "E-Commerce", "popularity": 8.719281917068575e-05, "cookies": 0.7163709677419355, "bad_qs": 0.13314516129032258, "tracked": 0.7163709677419355, "https": 0.9925, "requests": 135.50282258064516, "requests_tracking": 23.30685483870968, "content_length": 859451.0624193548, "requests_failed": 33.52209677419355, "has_blocking": 0.23387096774193547, "script": 0.9965322580645162, "iframe": 0.7366935483870968, "beacon": 0.4996774193548387, "image": 0.9958064516129033, "stylesheet": 0.4721774193548387, "font": 0.12032258064516128, "xhr": 0.11137096774193549, "plugin": 0.0, "media": 0.0, "referer_leaked": 0.9948387096774194, "referer_leaked_header": 0.9934677419354838, "referer_leaked_url": 0.0, "hosts": 18.80564516129032, "trackers": 17.09193548387097, "companies": 13.49008064516129}