{"id": "sherdog.com", "month": "2019-04", "country": "global", "site": "sherdog.com", "category": "Entertainment", "popularity": 0.0003831069650706832, "cookies": 0.8057559238661601, "bad_qs": 0.06018391057761136, "tracked": 0.8066002239230585, "https": 0.7116898849182314, "requests": 70.93814584365765, "requests_tracking": 25.724446157517022, "content_length": 2810532.8535690033, "requests_failed": 25.29983664629334, "has_blocking": 0.4805535671677404, "script": 0.9832057706073454, "iframe": 0.8660132518400235, "beacon": 0.08995466475781437, "image": 0.9399996329130187, "stylesheet": 0.8747682763430795, "font": 0.3831470366903438, "xhr": 0.7992034212506653, "plugin": 0.001945561000679111, "media": 0.04687700750692877, "referer_leaked": 0.9770570636712369, "referer_leaked_header": 0.9292806930602207, "referer_leaked_url": 0.0, "hosts": 17.542536203953528, "trackers": 13.896683369124315, "companies": 9.172751133381055}