{"id": "shikimori.org", "month": "2019-04", "country": "global", "site": "shikimori.org", "category": "Entertainment", "popularity": 0.0003412614435477194, "cookies": 0.7745817192780021, "bad_qs": 0.04539273056952114, "tracked": 0.7862235226242479, "https": 0.9767369982691833, "requests": 120.86561443995714, "requests_tracking": 23.101067337014754, "content_length": 243774165.93031403, "requests_failed": 27.730425286408966, "has_blocking": 0.445767740872002, "script": 0.9903362729745323, "iframe": 0.3240336272974532, "beacon": 0.06204153960273634, "image": 0.8193563009972802, "stylesheet": 0.24437484546278743, "font": 0.26273386631500867, "xhr": 0.425224594082255, "plugin": 0.007644440781340147, "media": 0.10321025302892936, "referer_leaked": 0.5017514217423555, "referer_leaked_header": 0.20196983433610813, "referer_leaked_url": 0.0, "hosts": 6.1240006593587735, "trackers": 5.698487595813072, "companies": 3.5206873815214705}