{"id": "shopgoodwill.com", "month": "2019-04", "country": "global", "site": "shopgoodwill.com", "category": "E-Commerce", "popularity": 0.0010125828660513113, "cookies": 0.753269029117449, "bad_qs": 0.004770733943042853, "tracked": 0.753269029117449, "https": 0.998930577835184, "requests": 62.90128677874767, "requests_tracking": 2.716380908731068, "content_length": 815247.7701367333, "requests_failed": 19.49522579390707, "has_blocking": 0.5219682923272432, "script": 0.9992014055262738, "iframe": 0.6041471358235593, "beacon": 0.0011388651625313362, "image": 0.9529107032492379, "stylesheet": 0.9976389380776789, "font": 0.21980097636854787, "xhr": 0.6606667916640625, "plugin": 0.0002777719908613015, "media": 3.4721498857662686e-05, "referer_leaked": 0.9956806455421068, "referer_leaked_header": 0.9895279959445289, "referer_leaked_url": 0.0, "hosts": 11.320618320451658, "trackers": 10.71416567710395, "companies": 6.03181183725339}