{"id": "showroomprive.com", "month": "2019-04", "country": "global", "site": "showroomprive.com", "category": "E-Commerce", "popularity": 0.0011753099806680863, "cookies": 0.8022435609799874, "bad_qs": 0.054904424302252536, "tracked": 0.8023572347363068, "https": 0.9961291094558616, "requests": 34.915761763738075, "requests_tracking": 8.848760058631727, "content_length": 203118.4199467528, "requests_failed": 13.846965209847736, "has_blocking": 0.47160250082263905, "script": 0.9990606958030452, "iframe": 0.9506476412695564, "beacon": 0.10899518382242963, "image": 0.4386909569535433, "stylesheet": 0.7603398247031021, "font": 0.32714708785784796, "xhr": 0.5970923449699362, "plugin": 0.0017290376619103175, "media": 2.991414639983248e-05, "referer_leaked": 0.9643722516377995, "referer_leaked_header": 0.9612073349486973, "referer_leaked_url": 0.0, "hosts": 12.57672081127165, "trackers": 11.518519848036137, "companies": 7.988949714319902}