{"id": "shpock.com", "month": "2019-04", "country": "global", "site": "shpock.com", "category": "E-Commerce", "popularity": 3.429349831414794e-05, "cookies": 0.9626819766249743, "bad_qs": 0.1439409473036703, "tracked": 0.9643223293007996, "https": 0.9917982366208735, "requests": 103.90629485339348, "requests_tracking": 68.64158294033217, "content_length": 223532.13819971294, "requests_failed": 23.470576173877383, "has_blocking": 0.39265942177568175, "script": 0.7801927414394094, "iframe": 0.37687102727086325, "beacon": 0.2419520196842321, "image": 0.7980315767890096, "stylesheet": 0.08775886815665368, "font": 0.054336682386713145, "xhr": 0.3580069714988723, "plugin": 0.008816895632561, "media": 0.004100881689563256, "referer_leaked": 0.9099856469140866, "referer_leaked_header": 0.8771785933975805, "referer_leaked_url": 0.0, "hosts": 7.201968423210991, "trackers": 5.404346934590937, "companies": 3.726471191306131}