{"id": "shtyle.fm", "month": "2019-04", "country": "global", "site": "shtyle.fm", "category": "Entertainment", "popularity": 0.00010153041258109125, "cookies": 0.6846734538402937, "bad_qs": 0.0016621649698732599, "tracked": 0.6850197382090173, "https": 0.7611330424544636, "requests": 16.416441581826998, "requests_tracking": 3.310547821871321, "content_length": 1730370.4674838977, "requests_failed": 5.874645058522058, "has_blocking": 0.5289147447884203, "script": 0.9993074312625528, "iframe": 0.5804418588544913, "beacon": 0.001315880601149664, "image": 0.6105685989334442, "stylesheet": 0.9664104162338112, "font": 0.011427384167878661, "xhr": 0.016275365330009003, "plugin": 0.0031165593185123624, "media": 0.0028395318235334855, "referer_leaked": 0.9970912113027218, "referer_leaked_header": 0.9958445875753168, "referer_leaked_url": 0.0, "hosts": 6.198905741394833, "trackers": 5.269062954498234, "companies": 4.880047094674146}