{"id": "shutterfly.com", "month": "2019-04", "country": "global", "site": "shutterfly.com", "category": "E-Commerce", "popularity": 0.0002482112357988739, "cookies": 0.7071588430267146, "bad_qs": 0.05541233462704326, "tracked": 0.709708490325505, "https": 0.9915295050851299, "requests": 198.3365251140259, "requests_tracking": 12.862489022351909, "content_length": 3714914.284767274, "requests_failed": 42.13552791863792, "has_blocking": 0.46063627864812035, "script": 0.992067763959319, "iframe": 0.5015722825009207, "beacon": 0.05376922859004504, "image": 0.9715006090824103, "stylesheet": 0.9793195274653673, "font": 0.6349188362276552, "xhr": 0.9487804187087453, "plugin": 0.0016714354514292189, "media": 0.0031728944162724157, "referer_leaked": 0.9672795263321907, "referer_leaked_header": 0.923623898694014, "referer_leaked_url": 0.0, "hosts": 17.0271395790249, "trackers": 12.873565823394431, "companies": 10.546899345590527}