{"id": "shutterstock.com", "month": "2019-04", "country": "global", "site": "shutterstock.com", "category": "Entertainment", "popularity": 0.0030024566014267024, "cookies": 0.746099440267922, "bad_qs": 0.06965971100025761, "tracked": 0.7468933698681468, "https": 0.990784327501815, "requests": 48.06008571629312, "requests_tracking": 10.997189629733718, "content_length": 2111201.7202440337, "requests_failed": 19.339562987423594, "has_blocking": 0.4793718822454858, "script": 0.9882315745099417, "iframe": 0.360148949624113, "beacon": 0.11238202299819668, "image": 0.8266024965455866, "stylesheet": 0.05263355113702897, "font": 0.02308953371273332, "xhr": 0.5079369540270264, "plugin": 0.0027892924892854633, "media": 0.041729314503852546, "referer_leaked": 0.9091945947211878, "referer_leaked_header": 0.9060516639733952, "referer_leaked_url": 0.0, "hosts": 17.826942082952762, "trackers": 14.602871261622052, "companies": 11.682280615471088}