{"id": "shz.de", "month": "2019-04", "country": "global", "site": "shz.de", "category": "News and Portals", "popularity": 9.374634396641794e-05, "cookies": 0.6388388838883888, "bad_qs": 0.1332883288328833, "tracked": 0.6414641464146414, "https": 0.9831233123312331, "requests": 67.37893789378938, "requests_tracking": 13.784653465346535, "content_length": 1200065.0418541855, "requests_failed": 19.2986798679868, "has_blocking": 0.4075907590759076, "script": 0.9833483348334834, "iframe": 0.6526402640264026, "beacon": 0.0576057605760576, "image": 0.8062556255625563, "stylesheet": 0.6042604260426042, "font": 0.5183018301830183, "xhr": 0.5622562256225623, "plugin": 0.00105010501050105, "media": 0.034053405340534054, "referer_leaked": 0.9735973597359736, "referer_leaked_header": 0.9727722772277227, "referer_leaked_url": 0.0, "hosts": 14.37076207620762, "trackers": 11.832808280828083, "companies": 8.68954395439544}