{"id": "si.com", "month": "2019-04", "country": "global", "site": "si.com", "category": "Entertainment", "popularity": 0.0003624057021966107, "cookies": 0.7593860959661616, "bad_qs": 0.29556258367449895, "tracked": 0.7613651797667785, "https": 0.9807912454645996, "requests": 218.8020916199383, "requests_tracking": 64.45080424532878, "content_length": 8354843.484177031, "requests_failed": 72.09119307708725, "has_blocking": 0.4898426434350686, "script": 0.989929955955684, "iframe": 0.7498205242631794, "beacon": 0.17831156987912067, "image": 0.9571586565513495, "stylesheet": 0.3437590950542308, "font": 0.7136731407283804, "xhr": 0.9274141911950173, "plugin": 0.0030074312656434934, "media": 0.0285414928500747, "referer_leaked": 0.984070315683269, "referer_leaked_header": 0.9815285511942412, "referer_leaked_url": 0.0, "hosts": 35.903238324375714, "trackers": 26.657114030151924, "companies": 21.617687576398456}