{"id": "siemens.com", "month": "2019-04", "country": "global", "site": "siemens.com", "category": "Business", "popularity": 0.00027033289782395274, "cookies": 0.2306411757055534, "bad_qs": 0.014852386526206268, "tracked": 0.2354272337104955, "https": 0.9859539602028873, "requests": 13.47766939784107, "requests_tracking": 3.1471712836519705, "content_length": 6113899.351046951, "requests_failed": 4.480738717648589, "has_blocking": 0.4559760697099753, "script": 0.35557289634542855, "iframe": 0.03979711275848615, "beacon": 0.0066068409416048905, "image": 0.9117180387566653, "stylesheet": 0.16043698790479907, "font": 0.07975029262582911, "xhr": 0.1985433736506698, "plugin": 0.0014826375341396802, "media": 0.030797242814410198, "referer_leaked": 0.4119391338275458, "referer_leaked_header": 0.39664455715957864, "referer_leaked_url": 0.0, "hosts": 2.5526336324619585, "trackers": 2.3341656912472364, "companies": 1.9895435037065938}