{"id": "simfileshare.net", "month": "2019-04", "country": "global", "site": "simfileshare.net", "category": "Business", "popularity": 0.0004930964874471241, "cookies": 0.11346880570409983, "bad_qs": 0.028663101604278075, "tracked": 0.11449554367201425, "https": 0.9967058823529412, "requests": 8.240684491978609, "requests_tracking": 1.2973689839572193, "content_length": 64084.507664884135, "requests_failed": 3.1329055258467022, "has_blocking": 0.43214260249554365, "script": 0.9469803921568627, "iframe": 0.05273440285204991, "beacon": 0.003607843137254902, "image": 0.2584812834224599, "stylesheet": 0.8835793226381462, "font": 0.7690837789661319, "xhr": 0.08292335115864527, "plugin": 0.0006274509803921569, "media": 5.7040998217468804e-05, "referer_leaked": 0.9462245989304813, "referer_leaked_header": 0.9449839572192513, "referer_leaked_url": 0.0, "hosts": 4.807614973262032, "trackers": 4.70096256684492, "companies": 2.858837789661319}