{"id": "similarweb.com", "month": "2019-04", "country": "global", "site": "similarweb.com", "category": "Business", "popularity": 0.00041662697869863957, "cookies": 0.9324388185654009, "bad_qs": 0.060067510548523204, "tracked": 0.9329451476793249, "https": 0.9898565400843882, "requests": 107.12695358649789, "requests_tracking": 24.7642194092827, "content_length": 1011106.7791054852, "requests_failed": 25.48379746835443, "has_blocking": 0.4460084388185654, "script": 0.9827004219409282, "iframe": 0.570464135021097, "beacon": 0.015037974683544304, "image": 0.9111392405063291, "stylesheet": 0.964084388185654, "font": 0.650126582278481, "xhr": 0.6942447257383966, "plugin": 0.00023628691983122363, "media": 0.0109873417721519, "referer_leaked": 0.8904303797468355, "referer_leaked_header": 0.7512742616033755, "referer_leaked_url": 0.0, "hosts": 18.735544303797468, "trackers": 15.04293670886076, "companies": 9.127881856540084}