{"id": "siol.net", "month": "2019-04", "country": "global", "site": "siol.net", "category": "News and Portals", "popularity": 0.0007851361782371983, "cookies": 0.9356332339217425, "bad_qs": 0.03443581683190485, "tracked": 0.9356869699167988, "https": 0.9951010684507017, "requests": 39.20503864513645, "requests_tracking": 11.84700466607557, "content_length": 1047996.1099975819, "requests_failed": 11.799600562436748, "has_blocking": 0.5617919163151437, "script": 0.9960683163617149, "iframe": 0.5973203650465264, "beacon": 0.28144227410731076, "image": 0.9231664830686835, "stylesheet": 0.8956267856023358, "font": 0.3120001432959868, "xhr": 0.16176325711778033, "plugin": 3.58239967041923e-05, "media": 0.002033011812962913, "referer_leaked": 0.9959518883724263, "referer_leaked_header": 0.9950652444539975, "referer_leaked_url": 0.0, "hosts": 12.881870370867926, "trackers": 10.715853014141523, "companies": 9.26909195124354}