{"id": "sirsi.net", "month": "2019-04", "country": "global", "site": "sirsi.net", "category": "Reference", "popularity": 0.000265537292769565, "cookies": 0.613272250615682, "bad_qs": 0.03265100760003178, "tracked": 0.6232555676190981, "https": 0.8280327304504409, "requests": 32.4180017477425, "requests_tracking": 4.911024018218892, "content_length": 253311.46614410932, "requests_failed": 7.449884807880729, "has_blocking": 0.27031750655403436, "script": 0.9831051558403728, "iframe": 0.1221036464263962, "beacon": 0.00039721420437994863, "image": 0.8485025024494876, "stylesheet": 0.7218176521992427, "font": 0.26976140666790244, "xhr": 0.06797659084288854, "plugin": 0.0011916426131398459, "media": 0.0001324047347933162, "referer_leaked": 0.950533591081217, "referer_leaked_header": 0.9475677250218468, "referer_leaked_url": 0.0, "hosts": 5.094219209278924, "trackers": 4.473903026772238, "companies": 2.7361968063977966}