{"id": "sistrix.com", "month": "2019-04", "country": "global", "site": "sistrix.com", "category": "Business", "popularity": 0.0003298630919448419, "cookies": 0.04502142354671612, "bad_qs": 0.003133593400268594, "tracked": 0.04512800835624907, "https": 0.9894054699324253, "requests": 27.04806974909936, "requests_tracking": 0.1738398243482339, "content_length": 187439.79175459914, "requests_failed": 3.8326405320713692, "has_blocking": 0.01954765406834218, "script": 0.9428065912046215, "iframe": 0.021743301144720853, "beacon": 0.001513504295367824, "image": 0.06346059559591567, "stylesheet": 0.9782353818933726, "font": 0.3518790901920658, "xhr": 0.9448317025857474, "plugin": 0.00012790177143953444, "media": 0.40282662914881373, "referer_leaked": 0.9898744430943702, "referer_leaked_header": 0.9898531261324636, "referer_leaked_url": 0.0, "hosts": 2.450278186352881, "trackers": 2.393830871224233, "companies": 1.997868303809341}