{"id": "siteground.com", "month": "2019-04", "country": "global", "site": "siteground.com", "category": "Business", "popularity": 0.00019094524230483641, "cookies": 0.5194255201620328, "bad_qs": 0.03664150248573007, "tracked": 0.5200147302522555, "https": 0.9918615356287976, "requests": 20.19694347265697, "requests_tracking": 4.211379119867428, "content_length": 373739.8265512797, "requests_failed": 7.116737249125391, "has_blocking": 0.32546492358681645, "script": 0.993629165899466, "iframe": 0.2429755109556251, "beacon": 0.01679248757134966, "image": 0.6008101638740564, "stylesheet": 0.8846989504695268, "font": 0.3855275271589026, "xhr": 0.22990241207880685, "plugin": 0.0003682563063892469, "media": 0.0008101638740563432, "referer_leaked": 0.891953599705395, "referer_leaked_header": 0.8845148223163322, "referer_leaked_url": 0.0, "hosts": 7.32226109372123, "trackers": 6.5045111397532684, "companies": 4.321745534892285}