{"id": "skidrowreloaded.com", "month": "2019-04", "country": "global", "site": "skidrowreloaded.com", "category": "Entertainment", "popularity": 0.0009739086317417329, "cookies": 0.43022894810942724, "bad_qs": 0.002888024086120878, "tracked": 0.4316946203331336, "https": 0.8862840516089904, "requests": 15.904269221605308, "requests_tracking": 1.8009934802856256, "content_length": 2404674.3823888293, "requests_failed": 7.263719919424128, "has_blocking": 0.4182869685133174, "script": 0.8130654209656109, "iframe": 0.39416474733399276, "beacon": 0.010281365746590327, "image": 0.8047190313567215, "stylesheet": 0.22606730540132705, "font": 0.08886450112993942, "xhr": 0.29551706461231886, "plugin": 0.002534241135571071, "media": 0.0, "referer_leaked": 0.7628643422886147, "referer_leaked_header": 0.7619834949423478, "referer_leaked_url": 0.0, "hosts": 4.920239994801556, "trackers": 4.0447282730337974, "companies": 2.946557114286333}