{"id": "skladchik.com", "month": "2019-04", "country": "global", "site": "skladchik.com", "category": "Reference", "popularity": 0.000203665549553205, "cookies": 0.5576923076923077, "bad_qs": 0.026584725866593013, "tracked": 0.5681880955669106, "https": 0.9985153984256319, "requests": 18.26004695484049, "requests_tracking": 5.828096947935368, "content_length": 450591.78038254386, "requests_failed": 5.588489158955945, "has_blocking": 0.42328407678497443, "script": 0.9981701422455462, "iframe": 0.42780693274409615, "beacon": 0.022545228559591218, "image": 0.5533766054412373, "stylesheet": 0.977834553238503, "font": 0.11293329650600746, "xhr": 0.5085968788841321, "plugin": 3.4525618008562354e-05, "media": 3.4525618008562354e-05, "referer_leaked": 0.5591769092666758, "referer_leaked_header": 0.026826405192652947, "referer_leaked_url": 0.0, "hosts": 7.085140174009115, "trackers": 6.512429222483083, "companies": 4.579857754453805}