{"id": "sklavenzentrale.com", "month": "2019-04", "country": "global", "site": "sklavenzentrale.com", "category": "Adult", "popularity": 4.673253840390141e-05, "cookies": 0.25744808907613603, "bad_qs": 0.01760457417995787, "tracked": 0.26482094492928077, "https": 0.8514896178152273, "requests": 10.46629551609991, "requests_tracking": 0.4936804092687331, "content_length": 359343.43906108936, "requests_failed": 2.161600962985254, "has_blocking": 0.03551008125188083, "script": 0.4875112849834487, "iframe": 0.30650015046644596, "beacon": 0.0007523322299127295, "image": 0.3104122780619922, "stylesheet": 0.4864580198615709, "font": 0.20929882636172134, "xhr": 0.01941017153174842, "plugin": 0.10607884441769486, "media": 0.0, "referer_leaked": 0.8093590129401144, "referer_leaked_header": 0.8086066807102016, "referer_leaked_url": 0.0, "hosts": 2.095094793860969, "trackers": 1.8170328016852242, "companies": 1.1373758651820645}