{"id": "skoften.net", "month": "2019-04", "country": "global", "site": "skoften.net", "category": "Entertainment", "popularity": 0.0002455110710761688, "cookies": 0.6856651868824287, "bad_qs": 0.010854933409709293, "tracked": 0.6859229557496778, "https": 0.9931261635400258, "requests": 36.781039667764574, "requests_tracking": 6.867334956322497, "content_length": 1573113.596018903, "requests_failed": 13.206386939710725, "has_blocking": 0.4950880710296434, "script": 0.9988257196047544, "iframe": 0.6213948159816698, "beacon": 0.024001145639409995, "image": 0.40572819704997853, "stylesheet": 0.9938994701417728, "font": 0.6224545324359158, "xhr": 0.20432478877273377, "plugin": 0.005527710153229271, "media": 0.004496634684233137, "referer_leaked": 0.9968781326077617, "referer_leaked_header": 0.9948732636402692, "referer_leaked_url": 0.0, "hosts": 13.9733638837176, "trackers": 11.40272089359874, "companies": 7.131777173134756}