{"id": "skroutz.gr", "month": "2019-04", "country": "global", "site": "skroutz.gr", "category": "E-Commerce", "popularity": 0.0007925897579404989, "cookies": 0.2541852604309909, "bad_qs": 0.004285067913446951, "tracked": 0.2555248986399567, "https": 0.9970456985193006, "requests": 54.56603706628104, "requests_tracking": 0.6391493740961878, "content_length": 478032.6468234605, "requests_failed": 15.09370370041786, "has_blocking": 0.4032754597798025, "script": 0.9833121889333464, "iframe": 0.01619986337464624, "beacon": 0.0012775357754376004, "image": 0.9761970244062563, "stylesheet": 0.06151689629780779, "font": 0.4467560350257725, "xhr": 0.19964158024078002, "plugin": 0.002980916809354401, "media": 1.7743552436633337e-05, "referer_leaked": 0.9456692424390287, "referer_leaked_header": 0.933151166194984, "referer_leaked_url": 0.0, "hosts": 4.091042167552366, "trackers": 3.9110249563065023, "companies": 3.012633409334883}