{"id": "sky.de", "month": "2019-04", "country": "global", "site": "sky.de", "category": "Business", "popularity": 0.0010495273073354067, "cookies": 0.5304072840804787, "bad_qs": 0.05792693140020234, "tracked": 0.5325981361008194, "https": 0.9896286271330658, "requests": 42.03572361765277, "requests_tracking": 12.811425929772138, "content_length": 3351132.537951319, "requests_failed": 13.59287671599992, "has_blocking": 0.2935272717527486, "script": 0.9171496144234441, "iframe": 0.5831351293406675, "beacon": 0.2624734518314049, "image": 0.6048426539458786, "stylesheet": 0.08012354529435806, "font": 0.17686942655955834, "xhr": 0.7389938160354288, "plugin": 0.0011322752031730505, "media": 0.007664632144556034, "referer_leaked": 0.8212546145239419, "referer_leaked_header": 0.8166853145916104, "referer_leaked_url": 0.0, "hosts": 9.263619126741125, "trackers": 8.278265005996369, "companies": 6.8221724944223725}