{"id": "skylinewebcams.com", "month": "2019-04", "country": "global", "site": "skylinewebcams.com", "category": "Entertainment", "popularity": 0.00021917040167186325, "cookies": 0.30479001572074815, "bad_qs": 0.041258943180724435, "tracked": 0.3057204273476852, "https": 0.9908562995283775, "requests": 17.92312874971927, "requests_tracking": 4.883217299239629, "content_length": 282111.925599153, "requests_failed": 6.504571850235811, "has_blocking": 0.3691809169366999, "script": 0.9978825114697295, "iframe": 0.28018223234624146, "beacon": 0.02617985819243479, "image": 0.3208315954955244, "stylesheet": 0.1840290031762328, "font": 0.38865539478327826, "xhr": 0.08194038948955693, "plugin": 0.002021239051621804, "media": 0.006192049793063621, "referer_leaked": 0.8272963521447592, "referer_leaked_header": 0.825595944688633, "referer_leaked_url": 0.0, "hosts": 3.9882896467644136, "trackers": 3.620648721486092, "companies": 2.1985947576117297}