{"id": "skype.com", "month": "2019-04", "country": "global", "site": "skype.com", "category": "Business", "popularity": 0.0007303945574917315, "cookies": 0.8294631854590265, "bad_qs": 0.03177949784349969, "tracked": 0.8303007547751078, "https": 0.9938578250154035, "requests": 159.0295459796673, "requests_tracking": 28.708333333333332, "content_length": 3495924.888025647, "requests_failed": 28.805501001232287, "has_blocking": 0.02191158348736907, "script": 0.9543476586568084, "iframe": 0.3614833641404806, "beacon": 0.09428912507701787, "image": 0.935150955021565, "stylesheet": 0.9390499845964264, "font": 0.7868337954405422, "xhr": 0.6054470887245841, "plugin": 0.0007220425138632163, "media": 0.17930722427603205, "referer_leaked": 0.9718884781269255, "referer_leaked_header": 0.9642348274799754, "referer_leaked_url": 0.0, "hosts": 3.4406481053604434, "trackers": 2.5035139402341344, "companies": 1.4793014479359212}