{"id": "skyrock.com", "month": "2019-04", "country": "global", "site": "skyrock.com", "category": "Entertainment", "popularity": 0.0004773455265646776, "cookies": 0.8565220593651027, "bad_qs": 0.029991898062900493, "tracked": 0.8566988289018193, "https": 0.9966708403918392, "requests": 23.700979597849305, "requests_tracking": 6.846740811666789, "content_length": 312080.77027325623, "requests_failed": 9.222376077189365, "has_blocking": 0.554570229063858, "script": 0.9956249539662665, "iframe": 0.9002872504971643, "beacon": 0.006393164911246961, "image": 0.7868748618987994, "stylesheet": 0.35387788171171836, "font": 0.26041098917286587, "xhr": 0.26017529645724385, "plugin": 0.0024895043087574576, "media": 0.0005303086101495176, "referer_leaked": 0.9405465124843485, "referer_leaked_header": 0.9311335346541946, "referer_leaked_url": 0.0, "hosts": 9.424438388451057, "trackers": 7.706577299845327, "companies": 5.6779406348972525}