{"id": "skysports.com", "month": "2019-04", "country": "global", "site": "skysports.com", "category": "News and Portals", "popularity": 0.0007300218785065665, "cookies": 0.9407622882131402, "bad_qs": 0.08230670686483206, "tracked": 0.9409549311783006, "https": 0.9899729336633949, "requests": 121.69436230362457, "requests_tracking": 14.925360483148557, "content_length": 1854575.5949681657, "requests_failed": 27.45433880118283, "has_blocking": 0.4668798582147776, "script": 0.9976304915285256, "iframe": 0.4812221269709783, "beacon": 0.1660871324131421, "image": 0.9549022818559223, "stylesheet": 0.6293164064381279, "font": 0.24301910054999568, "xhr": 0.9295889962338301, "plugin": 0.0003756537820630135, "media": 0.12303142969976594, "referer_leaked": 0.9851086987930918, "referer_leaked_header": 0.9798302815476936, "referer_leaked_url": 0.0, "hosts": 16.651191015132106, "trackers": 11.922258931409472, "companies": 9.305290939038134}