{"id": "skyscanner.net", "month": "2019-04", "country": "global", "site": "skyscanner.net", "category": "Recreation", "popularity": 0.000720374414966068, "cookies": 0.7377961287299775, "bad_qs": 0.051343621579938895, "tracked": 0.7385867814577294, "https": 0.9891358458520015, "requests": 86.23675656681016, "requests_tracking": 16.622009429265866, "content_length": 1010821.7108358468, "requests_failed": 27.281726160844144, "has_blocking": 0.5326461487403242, "script": 0.9946020869327554, "iframe": 0.37768797524573683, "beacon": 0.15582691538063584, "image": 0.8204437416420198, "stylesheet": 0.980370337833221, "font": 0.03306099739377434, "xhr": 0.7086786338301756, "plugin": 0.0005466241080753951, "media": 0.0010542036370025476, "referer_leaked": 0.9782521694144289, "referer_leaked_header": 0.9582711060353158, "referer_leaked_url": 0.0, "hosts": 11.217741856764961, "trackers": 10.165031674914834, "companies": 8.51038097748104}