{"id": "skyscanner.fr", "month": "2019-04", "country": "global", "site": "skyscanner.fr", "category": "Recreation", "popularity": 0.00026017212171898166, "cookies": 0.6386486486486487, "bad_qs": 0.032324324324324326, "tracked": 0.6391621621621622, "https": 0.99, "requests": 80.83983783783783, "requests_tracking": 11.002378378378378, "content_length": 1119707.2257567567, "requests_failed": 26.486027027027028, "has_blocking": 0.5591351351351351, "script": 0.999054054054054, "iframe": 0.2873783783783784, "beacon": 0.2574324324324324, "image": 0.7781891891891892, "stylesheet": 0.9951891891891892, "font": 0.0247027027027027, "xhr": 0.6367567567567568, "plugin": 0.0014054054054054054, "media": 0.0006216216216216216, "referer_leaked": 0.9753243243243244, "referer_leaked_header": 0.9618648648648649, "referer_leaked_url": 0.0, "hosts": 10.102918918918919, "trackers": 9.261945945945946, "companies": 7.736135135135135}