{"id": "skyscanner.com", "month": "2019-04", "country": "global", "site": "skyscanner.com", "category": "Recreation", "popularity": 0.00032669180473145643, "cookies": 0.7306715454154111, "bad_qs": 0.053486870426173054, "tracked": 0.7308867843306069, "https": 0.9814679294016359, "requests": 89.79003443822643, "requests_tracking": 16.40365906155833, "content_length": 1138684.7419715885, "requests_failed": 27.778540680154972, "has_blocking": 0.5127636676711149, "script": 0.9985794231597073, "iframe": 0.36470081790787773, "beacon": 0.1548859233749462, "image": 0.8628928110202324, "stylesheet": 0.9940378820490745, "font": 0.043822643133878604, "xhr": 0.7277012483857082, "plugin": 0.0004950495049504951, "media": 0.0011838140335772708, "referer_leaked": 0.97343951786483, "referer_leaked_header": 0.9520447696943607, "referer_leaked_url": 0.0, "hosts": 11.377959535083944, "trackers": 10.213796814464056, "companies": 8.468359879466208}