{"id": "slate.fr", "month": "2019-04", "country": "global", "site": "slate.fr", "category": "Entertainment", "popularity": 0.00034887675186722367, "cookies": 0.7200443414290033, "bad_qs": 0.018038899526352917, "tracked": 0.7207497732540562, "https": 0.2437972387382848, "requests": 88.0599818603245, "requests_tracking": 7.999536430514965, "content_length": 28077796.114945076, "requests_failed": 47.205623299405424, "has_blocking": 0.48221304041116597, "script": 0.9948402700796131, "iframe": 0.7592461957069435, "beacon": 0.006449662400483724, "image": 0.9379018442003426, "stylesheet": 0.9985891363498942, "font": 0.8791292955759347, "xhr": 0.9763176458732238, "plugin": 0.0024992441801874434, "media": 0.137680137055326, "referer_leaked": 0.9855890355739192, "referer_leaked_header": 0.9566461755517485, "referer_leaked_url": 0.0, "hosts": 18.313010178373474, "trackers": 16.321132721959085, "companies": 11.564426080822331}