{"id": "slate.com", "month": "2019-04", "country": "global", "site": "slate.com", "category": "News and Portals", "popularity": 0.000336936960984012, "cookies": 0.5103616670492727, "bad_qs": 0.07888640774672871, "tracked": 0.5123233925329215, "https": 0.9459273326794249, "requests": 77.35932967422835, "requests_tracking": 15.94319343865434, "content_length": 1050203.8451489033, "requests_failed": 36.26963290690152, "has_blocking": 0.49372873927833544, "script": 0.8181438737817476, "iframe": 0.6313208255942567, "beacon": 0.26222426278773714, "image": 0.5905002399983305, "stylesheet": 0.18469436734353153, "font": 0.0893419871861761, "xhr": 0.855521005071269, "plugin": 0.0018156395433770896, "media": 0.011123400880689525, "referer_leaked": 0.7980048834442891, "referer_leaked_header": 0.7972535843228916, "referer_leaked_url": 0.0, "hosts": 16.26671118809608, "trackers": 14.199469916731013, "companies": 12.152471982803599}