{"id": "slickdeals.net", "month": "2019-04", "country": "global", "site": "slickdeals.net", "category": "Business", "popularity": 0.0026010602393670714, "cookies": 0.6853984525798447, "bad_qs": 0.05980167934556347, "tracked": 0.6860499694516985, "https": 0.991424848475018, "requests": 144.68435764761858, "requests_tracking": 15.357239406768207, "content_length": 911477.3424464593, "requests_failed": 42.42081772125891, "has_blocking": 0.4998161695133358, "script": 0.9942525939022346, "iframe": 0.43949273599238725, "beacon": 0.005031007877677031, "image": 0.997653457905522, "stylesheet": 0.9680243088784718, "font": 0.5492070958567853, "xhr": 0.8003654982617205, "plugin": 0.00034333046774045296, "media": 0.0020816099225208565, "referer_leaked": 0.9751315198996502, "referer_leaked_header": 0.9367082447973268, "referer_leaked_url": 0.0, "hosts": 20.928087135650678, "trackers": 18.131152238676854, "companies": 13.806458938216736}