{"id": "smart-lab.ru", "month": "2019-04", "country": "global", "site": "smart-lab.ru", "category": "Business", "popularity": 0.0004350851359827565, "cookies": 0.9815272727272727, "bad_qs": 0.07573333333333333, "tracked": 0.9837575757575757, "https": 0.9493979797979798, "requests": 43.581058585858585, "requests_tracking": 13.422157575757575, "content_length": 539254.544630303, "requests_failed": 21.395086868686867, "has_blocking": 0.5361292929292929, "script": 0.9983191919191919, "iframe": 0.4535272727272727, "beacon": 0.016905050505050506, "image": 0.9960242424242425, "stylesheet": 0.5122262626262626, "font": 0.24845252525252526, "xhr": 0.9751757575757576, "plugin": 0.0003393939393939394, "media": 3.232323232323232e-05, "referer_leaked": 0.9882343434343435, "referer_leaked_header": 0.09814949494949494, "referer_leaked_url": 0.0, "hosts": 11.19670303030303, "trackers": 9.64050101010101, "companies": 6.292234343434344}