{"id": "smv.to", "month": "2019-04", "country": "global", "site": "smv.to", "category": "Adult", "popularity": 0.00021071832355547902, "cookies": 0.8582440684753229, "bad_qs": 0.018820702773050355, "tracked": 0.8582440684753229, "https": 0.003937664764574365, "requests": 43.104615076584246, "requests_tracking": 8.679414022090967, "content_length": 483378145.60303, "requests_failed": 16.640904995495045, "has_blocking": 0.45303166816831847, "script": 0.9986318283445123, "iframe": 0.8061200654052791, "beacon": 0.024827310041045148, "image": 0.5101278072546468, "stylesheet": 0.3058364200620683, "font": 0.031000767510928687, "xhr": 0.7479894550672407, "plugin": 0.013314646110721794, "media": 0.46260886975673243, "referer_leaked": 0.9962625554776922, "referer_leaked_header": 0.9962625554776922, "referer_leaked_url": 0.0, "hosts": 13.717289017919711, "trackers": 7.469950278639837, "companies": 6.768578769980311}