{"id": "snopes.com", "month": "2019-04", "country": "global", "site": "snopes.com", "category": "Entertainment", "popularity": 0.00025261306683120046, "cookies": 0.5341405706332637, "bad_qs": 0.015949895615866388, "tracked": 0.5343075852470425, "https": 0.9847181628392484, "requests": 57.49890048712596, "requests_tracking": 13.093138482950591, "content_length": 12829520.105803758, "requests_failed": 21.53188587334725, "has_blocking": 0.5396242171189979, "script": 0.9880862908837856, "iframe": 0.7113152400835073, "beacon": 0.006958942240779402, "image": 0.7832985386221294, "stylesheet": 0.9761169102296451, "font": 0.7695476687543493, "xhr": 0.8002783576896312, "plugin": 0.0014196242171189979, "media": 0.7144328462073765, "referer_leaked": 0.9960751565762004, "referer_leaked_header": 0.9940431454418929, "referer_leaked_url": 0.0, "hosts": 16.864857341684065, "trackers": 11.649686847599165, "companies": 6.368963117606124}