{"id": "so-net.ne.jp", "month": "2019-04", "country": "global", "site": "so-net.ne.jp", "category": "Entertainment", "popularity": 0.0003239775766508206, "cookies": 0.48126926249077573, "bad_qs": 0.07244866953162304, "tracked": 0.4814646004254026, "https": 0.9166341103442288, "requests": 37.731757607327346, "requests_tracking": 11.38440335113079, "content_length": 322019.7938099579, "requests_failed": 14.982137431089118, "has_blocking": 0.4750401527976733, "script": 0.9760602509007249, "iframe": 0.5623345053609411, "beacon": 0.013174458479836785, "image": 0.39924903416243435, "stylesheet": 0.12369232104874767, "font": 0.03034249251204584, "xhr": 0.46229977861700744, "plugin": 0.0011069149628857924, "media": 0.001215436037678517, "referer_leaked": 0.7176281633893302, "referer_leaked_header": 0.7087077310413682, "referer_leaked_url": 0.0, "hosts": 7.713873334201502, "trackers": 6.406867213612884, "companies": 4.699852411338282}