{"id": "socialblade.com", "month": "2019-04", "country": "global", "site": "socialblade.com", "category": "Business", "popularity": 0.0022573869299342274, "cookies": 0.9988723830408901, "bad_qs": 0.039697100903028054, "tracked": 0.9989471421763008, "https": 0.9971061984668147, "requests": 50.51799981933209, "requests_tracking": 13.543794836012722, "content_length": 375643.70840199233, "requests_failed": 19.767738941099147, "has_blocking": 0.5193828633371855, "script": 0.9993271677813046, "iframe": 0.1785746547841174, "beacon": 0.008986671069149086, "image": 0.9943588002404752, "stylesheet": 0.9996885036024559, "font": 0.1557481987720812, "xhr": 0.986823702383882, "plugin": 0.0006323376870146497, "media": 0.00015886316274752282, "referer_leaked": 0.9972712915575132, "referer_leaked_header": 0.9970283243674287, "referer_leaked_url": 0.0, "hosts": 22.81633549408001, "trackers": 21.830374636717327, "companies": 12.344867006613068}