{"id": "sockshare.net", "month": "2019-04", "country": "global", "site": "sockshare.net", "category": "Entertainment", "popularity": 0.00017785928775026819, "cookies": 0.6915078674784534, "bad_qs": 0.007669803115363328, "tracked": 0.6924171740333676, "https": 0.003518621016841939, "requests": 42.02684431090377, "requests_tracking": 3.6050446746263938, "content_length": 376155867.96014863, "requests_failed": 10.404206531193168, "has_blocking": 0.43662528662924016, "script": 0.9910650747212778, "iframe": 0.7801059539811813, "beacon": 0.00015814027041986242, "image": 0.9880604095833004, "stylesheet": 0.4811417727524314, "font": 0.07574918953111409, "xhr": 0.9101763264015181, "plugin": 0.010753538388550645, "media": 0.44132995967423105, "referer_leaked": 0.9745394164624022, "referer_leaked_header": 0.9740254605835376, "referer_leaked_url": 0.0, "hosts": 9.389973906855381, "trackers": 5.385545979283624, "companies": 5.127184312485174}