{"id": "sofascore.com", "month": "2019-04", "country": "global", "site": "sofascore.com", "category": "Entertainment", "popularity": 0.00027055791155084483, "cookies": 0.9009538165657406, "bad_qs": 0.02305273280141383, "tracked": 0.901681524027341, "https": 0.9753099254099852, "requests": 20.560074849910336, "requests_tracking": 4.406502585960444, "content_length": 274648.55370740965, "requests_failed": 7.126906983392677, "has_blocking": 0.38526912181303113, "script": 0.9961275567221977, "iframe": 0.5424279439665255, "beacon": 0.005847649245003509, "image": 0.5106167320737064, "stylesheet": 0.9218234269823531, "font": 0.6928294825480157, "xhr": 0.021623307430412974, "plugin": 0.0005457805962003274, "media": 0.0, "referer_leaked": 0.981573407490189, "referer_leaked_header": 0.9746082075005847, "referer_leaked_url": 0.0, "hosts": 8.113158510278868, "trackers": 7.137094887855082, "companies": 3.026613301452816}