{"id": "sofoot.com", "month": "2019-04", "country": "global", "site": "sofoot.com", "category": "News and Portals", "popularity": 0.000638610051956654, "cookies": 0.8858718990519605, "bad_qs": 0.057113599577180985, "tracked": 0.887567579471256, "https": 0.9326242306125371, "requests": 55.864752970193464, "requests_tracking": 15.924189872163314, "content_length": 914752.1857650932, "requests_failed": 26.21063874299431, "has_blocking": 0.49805657406489834, "script": 0.9992182252612338, "iframe": 0.9031370087756967, "beacon": 0.2931214833900395, "image": 0.7481143813519198, "stylesheet": 0.2309538752904128, "font": 0.03192063334764752, "xhr": 0.7120866778977967, "plugin": 0.001893876831940453, "media": 0.03948512976359572, "referer_leaked": 0.9820081700965657, "referer_leaked_header": 0.9780332309318535, "referer_leaked_url": 0.0, "hosts": 20.417809048767328, "trackers": 16.760787940849383, "companies": 14.010174082515773}