{"id": "solarham.net", "month": "2019-04", "country": "global", "site": "solarham.net", "category": "Entertainment", "popularity": 0.00019297739752583063, "cookies": 0.7871301559539425, "bad_qs": 0.0, "tracked": 0.7871301559539425, "https": 0.019858621192246028, "requests": 24.81715493368314, "requests_tracking": 4.052251858329689, "content_length": 396578.9453068066, "requests_failed": 10.310996939221688, "has_blocking": 0.09914735461303018, "script": 0.7854540154496429, "iframe": 0.05440169071563912, "beacon": 0.0, "image": 0.979849876111354, "stylesheet": 0.006668124180148666, "font": 0.0010566972744497887, "xhr": 0.00021862702229995628, "plugin": 0.0, "media": 0.0, "referer_leaked": 0.9335373852208133, "referer_leaked_header": 0.9331365690132634, "referer_leaked_url": 0.0, "hosts": 4.985534178691153, "trackers": 3.4166666666666665, "companies": 3.4029660399358694}