{"id": "solarmoviez.ru", "month": "2019-04", "country": "global", "site": "solarmoviez.ru", "category": "Entertainment", "popularity": 1.265702213768019e-07, "cookies": 0.6666666666666666, "bad_qs": 0.0, "tracked": 0.6666666666666666, "https": 0.9444444444444444, "requests": 3311250.1666666665, "requests_tracking": 12.222222222222221, "content_length": 582606993.5, "requests_failed": 15.944444444444445, "has_blocking": 0.5, "script": 0.8333333333333334, "iframe": 0.4444444444444444, "beacon": 0.0, "image": 0.6111111111111112, "stylesheet": 0.6666666666666666, "font": 0.2777777777777778, "xhr": 0.16666666666666666, "plugin": 0.0, "media": 0.0, "referer_leaked": 0.7222222222222222, "referer_leaked_header": 0.7222222222222222, "referer_leaked_url": 0.0, "hosts": 7.111111111111111, "trackers": 5.666666666666667, "companies": 4.388888888888889}