{"id": "soliver.de", "month": "2019-04", "country": "global", "site": "soliver.de", "category": "Business", "popularity": 0.00017970861931816256, "cookies": 0.6705403607622178, "bad_qs": 0.21148804632781626, "tracked": 0.6717142074578394, "https": 0.998473999295692, "requests": 85.7177289979262, "requests_tracking": 40.031028680987596, "content_length": 326372.134640216, "requests_failed": 25.730758696247605, "has_blocking": 0.334820205814454, "script": 0.997261024376883, "iframe": 0.5352349649802403, "beacon": 0.09484681300622139, "image": 0.9950307156552021, "stylesheet": 0.27753648706812223, "font": 0.011542825840278593, "xhr": 0.9891223539539069, "plugin": 0.0003912822318738506, "media": 0.0001956411159369253, "referer_leaked": 0.9916265602378996, "referer_leaked_header": 0.9910005086669015, "referer_leaked_url": 0.0, "hosts": 22.384317408146497, "trackers": 19.165708025198576, "companies": 16.01036897914466}