{"id": "somethingawful.com", "month": "2019-04", "country": "global", "site": "somethingawful.com", "category": "Entertainment", "popularity": 0.0017317337688774036, "cookies": 0.8308767399178157, "bad_qs": 0.0037518881255177118, "tracked": 0.830905163312706, "https": 0.9908760902402183, "requests": 40.488378891974854, "requests_tracking": 13.252208903831473, "content_length": 2143690.057301564, "requests_failed": 14.947993308320745, "has_blocking": 0.47602283616755187, "script": 0.998233689031818, "iframe": 0.5750377625103542, "beacon": 0.001299355194984489, "image": 0.6562149783170101, "stylesheet": 0.9684865760366418, "font": 0.3622764703016128, "xhr": 0.24017768682291413, "plugin": 3.248387987461222e-05, "media": 0.050260683135993765, "referer_leaked": 0.9200084458087674, "referer_leaked_header": 0.633256996215628, "referer_leaked_url": 0.0, "hosts": 12.666512368237262, "trackers": 11.01516591141646, "companies": 7.087332911042895}