{"id": "songtexte.com", "month": "2019-04", "country": "global", "site": "songtexte.com", "category": "Entertainment", "popularity": 0.00011351239353809517, "cookies": 0.8365235705878709, "bad_qs": 0.2042990769993186, "tracked": 0.839806727374094, "https": 0.9842036796134548, "requests": 91.4346156228706, "requests_tracking": 37.358979124078544, "content_length": 367461.0780524066, "requests_failed": 30.978318775940036, "has_blocking": 0.3962088831072291, "script": 0.969212661834851, "iframe": 0.4039521774143592, "beacon": 0.055318094530136905, "image": 0.9034875797559314, "stylesheet": 0.9941770426810382, "font": 0.5654463234838629, "xhr": 0.4104565446323484, "plugin": 0.002230068760453447, "media": 0.02725639596109769, "referer_leaked": 0.9901505296413307, "referer_leaked_header": 0.9896549588056743, "referer_leaked_url": 0.0, "hosts": 17.435606764541905, "trackers": 15.503499969026823, "companies": 10.914514030849285}