{"id": "sonnenklar.tv", "month": "2019-04", "country": "global", "site": "sonnenklar.tv", "category": "Recreation", "popularity": 0.00012045266067692314, "cookies": 0.7239929947460595, "bad_qs": 0.2643899591360187, "tracked": 0.73164039696439, "https": 0.9915936952714536, "requests": 71.7468184471687, "requests_tracking": 18.73415061295972, "content_length": 19224201.03199066, "requests_failed": 22.52621132516054, "has_blocking": 0.3485697606538237, "script": 0.9973146526561588, "iframe": 0.7724460011675424, "beacon": 0.3288382953882078, "image": 0.7183304144775248, "stylesheet": 0.9964973730297724, "font": 0.28680677174547575, "xhr": 0.690893169877408, "plugin": 0.0005253940455341507, "media": 0.03911266783420899, "referer_leaked": 0.9952714535901926, "referer_leaked_header": 0.9943957968476357, "referer_leaked_url": 0.0, "hosts": 18.875423234092235, "trackers": 17.60128429655575, "companies": 13.184997081144191}