{"id": "spankwire.com", "month": "2019-04", "country": "global", "site": "spankwire.com", "category": "Adult", "popularity": 0.0003848226947382354, "cookies": 0.18429659948471505, "bad_qs": 0.045717835803168454, "tracked": 0.1975989913570998, "https": 0.9989584665704314, "requests": 97.21484824675206, "requests_tracking": 1.9033201162132036, "content_length": 402054095.0323606, "requests_failed": 22.150437626765584, "has_blocking": 0.4323642808851207, "script": 0.9952491457598626, "iframe": 0.6135180075648218, "beacon": 0.0033438704844044073, "image": 0.9933488040638077, "stylesheet": 0.9976611179125477, "font": 0.6317174338078096, "xhr": 0.6832642023133005, "plugin": 0.0020465218265207303, "media": 0.9005975112832788, "referer_leaked": 0.9904434739708006, "referer_leaked_header": 0.9861677051546769, "referer_leaked_url": 0.0, "hosts": 5.733678074807682, "trackers": 4.298828731704643, "companies": 2.539806676777459}