{"id": "spankbang.com", "month": "2019-04", "country": "global", "site": "spankbang.com", "category": "Adult", "popularity": 0.006750784485747933, "cookies": 0.7707334907551979, "bad_qs": 0.003791457346625655, "tracked": 0.7711313854547613, "https": 0.9993229540452454, "requests": 23.48755537454703, "requests_tracking": 3.019189565576067, "content_length": 187535505.37593758, "requests_failed": 8.356537607819568, "has_blocking": 0.4483908700873806, "script": 0.9951408932631844, "iframe": 0.48897404622453133, "beacon": 0.0004958059607125856, "image": 0.7382759076842632, "stylesheet": 0.984812296821113, "font": 0.39530109275217096, "xhr": 0.4824077420725731, "plugin": 0.0052236699432218845, "media": 0.02157172572764212, "referer_leaked": 0.9872559119131965, "referer_leaked_header": 0.9856080862202399, "referer_leaked_url": 0.0, "hosts": 8.015393941792796, "trackers": 7.981060420622612, "companies": 6.112657322043678}