{"id": "sparkasse-koelnbonn.de", "month": "2019-04", "country": "global", "site": "sparkasse-koelnbonn.de", "category": "Banking", "popularity": 0.00018058054750986943, "cookies": 0.2636190179510144, "bad_qs": 0.01012421634671547, "tracked": 0.2690705190607842, "https": 0.9956387991121841, "requests": 4.549550251158444, "requests_tracking": 0.42790389782329347, "content_length": 17746.181729683423, "requests_failed": 1.6791012811027608, "has_blocking": 0.02348039406565165, "script": 0.049725477979829444, "iframe": 0.011292395155951871, "beacon": 0.00027257505548849346, "image": 0.9953662240566956, "stylesheet": 0.033448853237802265, "font": 0.001674389626572174, "xhr": 0.003971807951403761, "plugin": 0.00027257505548849346, "media": 0.0003504536427709201, "referer_leaked": 0.7078384798099763, "referer_leaked_header": 0.7030100073984658, "referer_leaked_url": 0.0, "hosts": 1.1552899030411587, "trackers": 1.1449709902262373, "companies": 1.1135469802577782}