{"id": "spare5.com", "month": "2019-04", "country": "global", "site": "spare5.com", "category": "Business", "popularity": 0.00018456750948323868, "cookies": 0.11177994513867723, "bad_qs": 0.005143249009448339, "tracked": 0.11181804327948797, "https": 0.9997714111551357, "requests": 15.193043279487961, "requests_tracking": 1.057642487046632, "content_length": 1440395.041717464, "requests_failed": 3.702986894239561, "has_blocking": 0.3972874123742761, "script": 0.9989713501981103, "iframe": 0.8199862846693081, "beacon": 0.003390734532154831, "image": 0.24443767144163364, "stylesheet": 0.9319948186528497, "font": 0.015239256324291375, "xhr": 0.12960987503809815, "plugin": 0.011353245961597074, "media": 0.0009524535202682109, "referer_leaked": 0.0902925937214264, "referer_leaked_header": 0.017448948491313624, "referer_leaked_url": 0.0, "hosts": 3.9938661993294726, "trackers": 3.864065833587321, "companies": 3.101379152697348}