{"id": "spectrum.net", "month": "2019-04", "country": "global", "site": "spectrum.net", "category": "Business", "popularity": 0.0004173301465951774, "cookies": 0.5587700084245998, "bad_qs": 0.016967144060657118, "tracked": 0.5622240943555181, "https": 0.8929570345408593, "requests": 234.30896377422073, "requests_tracking": 87.49000842459984, "content_length": 110567926.00889638, "requests_failed": 33.894372367312556, "has_blocking": 0.39888795282224093, "script": 0.7770345408593092, "iframe": 0.6714237573715248, "beacon": 0.010109519797809604, "image": 0.8138500421229992, "stylesheet": 0.7164785172704297, "font": 0.7351137320977253, "xhr": 0.8521314237573715, "plugin": 0.06645324347093513, "media": 0.0005223251895534962, "referer_leaked": 0.9160572872788543, "referer_leaked_header": 0.8836057287278855, "referer_leaked_url": 0.0, "hosts": 10.316040438079192, "trackers": 8.142527379949453, "companies": 5.703942712721146}