{"id": "spektrum.de", "month": "2019-04", "country": "global", "site": "spektrum.de", "category": "Reference", "popularity": 0.000238387980284241, "cookies": 0.6719072621084302, "bad_qs": 0.1294318919237803, "tracked": 0.6770986962421096, "https": 0.984248716889859, "requests": 87.58456728216625, "requests_tracking": 27.878237272137337, "content_length": 1536795.7058580616, "requests_failed": 31.967052091322046, "has_blocking": 0.5257211963895936, "script": 0.9732464161406407, "iframe": 0.5619137514010972, "beacon": 0.08020175800837709, "image": 0.8455253377381865, "stylesheet": 0.994513598017816, "font": 0.7048846675712347, "xhr": 0.2936994867559436, "plugin": 0.004630995221520854, "media": 0.012742611055394962, "referer_leaked": 0.9943661140935638, "referer_leaked_header": 0.9749572296619669, "referer_leaked_url": 0.0, "hosts": 22.503569110966904, "trackers": 19.59674945430948, "companies": 14.792047666804319}