{"id": "spielesite.com", "month": "2019-04", "country": "global", "site": "spielesite.com", "category": "Entertainment", "popularity": 4.191583831261756e-05, "cookies": 0.8958228485153498, "bad_qs": 0.4254319745009227, "tracked": 0.8959906056030867, "https": 0.025666834423754403, "requests": 420.4053011239725, "requests_tracking": 205.836101325281, "content_length": 3130584.5728904544, "requests_failed": 115.34826371414192, "has_blocking": 0.09075658446569368, "script": 0.9924509310518369, "iframe": 0.8367723536319409, "beacon": 0.49605770843818153, "image": 0.937762120449589, "stylesheet": 0.6047643012917295, "font": 0.3350109042107029, "xhr": 0.879382653917128, "plugin": 0.04814628418050663, "media": 0.030531789968126152, "referer_leaked": 0.9857406475423587, "referer_leaked_header": 0.9488340882402282, "referer_leaked_url": 0.0, "hosts": 42.48163059889281, "trackers": 36.025499077336015, "companies": 28.076329474920314}