{"id": "spieletipps.de", "month": "2019-04", "country": "global", "site": "spieletipps.de", "category": "Entertainment", "popularity": 0.00011458824041979798, "cookies": 0.7361315660284733, "bad_qs": 0.12610456553755522, "tracked": 0.7399361806578302, "https": 0.9879111438389789, "requests": 142.61137702503683, "requests_tracking": 39.91347569955818, "content_length": 17422390.34775405, "requests_failed": 56.166421207658324, "has_blocking": 0.45121502209131076, "script": 0.9647766323024055, "iframe": 0.45931516936671574, "beacon": 0.17623956799214532, "image": 0.9969317623956799, "stylesheet": 0.9911634756995582, "font": 0.6197226313205695, "xhr": 0.8492268041237113, "plugin": 0.0009818360333824251, "media": 0.02270495827196858, "referer_leaked": 0.9760677466863034, "referer_leaked_header": 0.9588242513500246, "referer_leaked_url": 0.0, "hosts": 24.593151693667156, "trackers": 21.60027000490918, "companies": 15.384756995581737}