{"id": "spielmit.com", "month": "2019-04", "country": "global", "site": "spielmit.com", "category": "Entertainment", "popularity": 4.361750462223901e-05, "cookies": 0.7639851684668709, "bad_qs": 0.044655811704014184, "tracked": 0.7639851684668709, "https": 0.7201354183459616, "requests": 51.37981621795905, "requests_tracking": 15.33387070772207, "content_length": 1106057.7755924552, "requests_failed": 14.654199580847976, "has_blocking": 0.1697565694019023, "script": 0.9991939384168951, "iframe": 0.8979526035789134, "beacon": 0.024826696759632436, "image": 0.7591487989682412, "stylesheet": 0.09721102692245688, "font": 0.012252136063195229, "xhr": 0.20828631307431889, "plugin": 0.0, "media": 0.0009672738997259391, "referer_leaked": 0.9779139126229244, "referer_leaked_header": 0.8844107689827503, "referer_leaked_url": 0.0, "hosts": 7.004513944865388, "trackers": 5.231017249717879, "companies": 3.8702240851201033}