{"id": "spielaffe.de", "month": "2019-04", "country": "global", "site": "spielaffe.de", "category": "Entertainment", "popularity": 0.00012114879689449555, "cookies": 0.867200650066748, "bad_qs": 0.17621452202681526, "tracked": 0.8685356085669511, "https": 0.9080619885077486, "requests": 179.97968541412735, "requests_tracking": 62.61117882639736, "content_length": 25220760.867432818, "requests_failed": 46.06193046607464, "has_blocking": 0.3957861744732718, "script": 0.9960531661733124, "iframe": 0.7480991351790586, "beacon": 0.7187880898485113, "image": 0.9966916245864531, "stylesheet": 0.5591734865633525, "font": 0.23216669568750362, "xhr": 0.8793894015903418, "plugin": 0.08172267688200127, "media": 0.07475767601137617, "referer_leaked": 0.9627952870160775, "referer_leaked_header": 0.9518834523187649, "referer_leaked_url": 0.0, "hosts": 24.162690812003017, "trackers": 20.516048522839398, "companies": 14.869928608741077}