{"id": "splunk.com", "month": "2019-04", "country": "global", "site": "splunk.com", "category": "Business", "popularity": 0.00024021621681523926, "cookies": 0.6092734617411159, "bad_qs": 0.035653650254668934, "tracked": 0.6101516304666004, "https": 0.9577308120133482, "requests": 42.59302734031965, "requests_tracking": 14.39438557461507, "content_length": 939006.6565189392, "requests_failed": 14.007815701656812, "has_blocking": 0.43820619401674377, "script": 0.9757332708857795, "iframe": 0.4999707277091505, "beacon": 0.011416193431297933, "image": 0.7104970434986242, "stylesheet": 0.6465078157016568, "font": 0.38864820560857094, "xhr": 0.35905391955974475, "plugin": 0.00032199519934430067, "media": 0.0011123470522803114, "referer_leaked": 0.8494526081611147, "referer_leaked_header": 0.8317135999063286, "referer_leaked_url": 0.0, "hosts": 9.573766172940694, "trackers": 8.92883906094491, "companies": 6.197324512616357}