{"id": "spoe.at", "month": "2019-04", "country": "global", "site": "spoe.at", "category": "Political", "popularity": 2.3626441323669686e-06, "cookies": 0.5535714285714286, "bad_qs": 0.06845238095238096, "tracked": 0.5535714285714286, "https": 0.8065476190476191, "requests": 20.973214285714285, "requests_tracking": 5.565476190476191, "content_length": 501173.40476190473, "requests_failed": 3.9166666666666665, "has_blocking": 0.16071428571428573, "script": 0.9464285714285714, "iframe": 0.46130952380952384, "beacon": 0.002976190476190476, "image": 0.44047619047619047, "stylesheet": 0.35714285714285715, "font": 0.15178571428571427, "xhr": 0.25297619047619047, "plugin": 0.005952380952380952, "media": 0.002976190476190476, "referer_leaked": 0.8720238095238095, "referer_leaked_header": 0.7053571428571429, "referer_leaked_url": 0.0, "hosts": 3.6339285714285716, "trackers": 3.181547619047619, "companies": 2.199404761904762}