{"id": "sport-fm.gr", "month": "2019-04", "country": "global", "site": "sport-fm.gr", "category": "News and Portals", "popularity": 0.0007374613948519362, "cookies": 0.9630233511637442, "bad_qs": 0.024886295374581653, "tracked": 0.9635477750126339, "https": 0.001134662509415792, "requests": 83.3864240967991, "requests_tracking": 11.675848851511772, "content_length": 3154597.365351793, "requests_failed": 38.5159091125795, "has_blocking": 0.5126672196954528, "script": 0.9986746379091698, "iframe": 0.9050220734765487, "beacon": 0.07453493139582558, "image": 0.7718851607120722, "stylesheet": 0.9947271565738913, "font": 0.4036347340217588, "xhr": 0.8845409384326401, "plugin": 0.000162094644202256, "media": 0.36562830744586516, "referer_leaked": 0.9974541605881175, "referer_leaked_header": 0.9894447781687119, "referer_leaked_url": 0.0, "hosts": 23.430323140440706, "trackers": 16.865699819788894, "companies": 11.243771274922052}