{"id": "sporcle.com", "month": "2019-04", "country": "global", "site": "sporcle.com", "category": "Entertainment", "popularity": 0.0009117696847246886, "cookies": 0.9308762512917804, "bad_qs": 0.04995912575385992, "tracked": 0.9311307513149167, "https": 0.961578208628322, "requests": 135.09799022102942, "requests_tracking": 56.27492943408449, "content_length": 965289.8450634708, "requests_failed": 37.04776117100859, "has_blocking": 0.492087362917033, "script": 0.998341893788657, "iframe": 0.9105316736846976, "beacon": 0.32608393873490354, "image": 0.9962827572378264, "stylesheet": 0.9895732111733222, "font": 0.3312279240510234, "xhr": 0.7211836564712415, "plugin": 0.0009485909953264541, "media": 0.007611864328351302, "referer_leaked": 0.9939074236885537, "referer_leaked_header": 0.9917480295528511, "referer_leaked_url": 0.0, "hosts": 26.13650455786405, "trackers": 21.628429966220907, "companies": 15.10527817623741}