{"id": "sport.cz", "month": "2019-04", "country": "global", "site": "sport.cz", "category": "Entertainment", "popularity": 0.00024205148502520288, "cookies": 0.9894837753827382, "bad_qs": 0.137698631728786, "tracked": 0.9899485808906836, "https": 0.9879441071376696, "requests": 42.48612846062226, "requests_tracking": 14.463149638323214, "content_length": 3030596.855881242, "requests_failed": 17.670627196932283, "has_blocking": 0.4602155535543096, "script": 0.9979664759027395, "iframe": 0.6444818871103623, "beacon": 0.017255904482468117, "image": 0.891584115271766, "stylesheet": 0.28091682886442204, "font": 0.07451413299247596, "xhr": 0.9332713592656073, "plugin": 0.0036603433750689945, "media": 0.015716236237399414, "referer_leaked": 0.8670946750718996, "referer_leaked_header": 0.5770269877698051, "referer_leaked_url": 0.0, "hosts": 9.374836591813613, "trackers": 6.721116695232839, "companies": 6.20280045318537}