{"id": "sportsdirect.com", "month": "2019-04", "country": "global", "site": "sportsdirect.com", "category": "Business", "popularity": 0.000550742191605292, "cookies": 0.449714643208253, "bad_qs": 0.03172758959692555, "tracked": 0.4524596861713673, "https": 0.996961301278041, "requests": 16.62154156505752, "requests_tracking": 2.844043256770042, "content_length": 156285.18499036043, "requests_failed": 6.116874992020224, "has_blocking": 0.3238512314390409, "script": 0.9986338623392873, "iframe": 0.25641254803825186, "beacon": 0.03531529691150748, "image": 0.6990539177508522, "stylesheet": 0.3091046052883572, "font": 0.015550987577084638, "xhr": 0.17021819899646337, "plugin": 0.0050304508254280355, "media": 0.00040856453404491657, "referer_leaked": 0.9041405461997114, "referer_leaked_header": 0.7550527941983837, "referer_leaked_url": 0.0, "hosts": 6.817180138656589, "trackers": 6.367657010073669, "companies": 4.9279649655912054}