{"id": "sport.pl", "month": "2019-04", "country": "global", "site": "sport.pl", "category": "News and Portals", "popularity": 0.00041309707585801986, "cookies": 0.9821100292775924, "bad_qs": 0.15071151358344115, "tracked": 0.9826036631034248, "https": 8.510928031592565e-05, "requests": 113.99438278749915, "requests_tracking": 33.526400898754, "content_length": 2325924.56667461, "requests_failed": 40.27469871314768, "has_blocking": 0.5096343705317627, "script": 0.98161639545176, "iframe": 0.9297848437393613, "beacon": 0.034537345952202626, "image": 0.998621229658882, "stylesheet": 0.9964254102267311, "font": 0.8744127459658201, "xhr": 0.950262136583373, "plugin": 0.010179069925784708, "media": 0.4125417035473548, "referer_leaked": 0.921478177980527, "referer_leaked_header": 0.38205555933819024, "referer_leaked_url": 0.0, "hosts": 16.37856607884524, "trackers": 9.606437665963096, "companies": 6.266017566555457}