{"id": "sportscheck.com", "month": "2019-04", "country": "global", "site": "sportscheck.com", "category": "Business", "popularity": 0.00018091806810020757, "cookies": 0.6165805122624276, "bad_qs": 0.1686035213183567, "tracked": 0.6191457110653349, "https": 0.9955303354191768, "requests": 43.68483034707917, "requests_tracking": 17.27315480586109, "content_length": 479838.9683625481, "requests_failed": 13.57631466438649, "has_blocking": 0.3274515138559602, "script": 0.9986785339500175, "iframe": 0.5378366823428816, "beacon": 0.2278362936763963, "image": 0.6454972987679273, "stylesheet": 0.5996346535038284, "font": 0.13490613704380272, "xhr": 0.6998328734113257, "plugin": 0.004042131447005325, "media": 0.0629639706168137, "referer_leaked": 0.9663803490225038, "referer_leaked_header": 0.9639317501651833, "referer_leaked_url": 0.0, "hosts": 16.00917252905282, "trackers": 14.62000077733297, "companies": 11.339305841657273}