{"id": "sportmaster.ru", "month": "2019-04", "country": "global", "site": "sportmaster.ru", "category": "Business", "popularity": 0.00031937885860746344, "cookies": 0.9538969616908851, "bad_qs": 0.061360634081902246, "tracked": 0.9621532364597094, "https": 0.9491633641567592, "requests": 256.9740202553941, "requests_tracking": 79.25387494495817, "content_length": 3122028.9556803172, "requests_failed": 78.31494936151475, "has_blocking": 0.47545134302069575, "script": 0.996103038309115, "iframe": 0.9506164685160722, "beacon": 0.09623513870541611, "image": 0.9972258916776751, "stylesheet": 0.9962131219726993, "font": 0.48839718185821224, "xhr": 0.9664685160722148, "plugin": 0.000484368119771026, "media": 0.0004623513870541612, "referer_leaked": 0.9913033905768384, "referer_leaked_header": 0.8678775869660942, "referer_leaked_url": 0.0, "hosts": 27.852443857331572, "trackers": 20.480801409070892, "companies": 16.56180096873624}