{"id": "sports.ru", "month": "2019-04", "country": "global", "site": "sports.ru", "category": "Entertainment", "popularity": 0.0011214402881143263, "cookies": 0.9466968473326478, "bad_qs": 0.049164806500965615, "tracked": 0.9495623385417973, "https": 0.8946665496225327, "requests": 131.8335444307893, "requests_tracking": 25.958096109954603, "content_length": 7874499.377874897, "requests_failed": 36.88010082516114, "has_blocking": 0.49241303202829123, "script": 0.9936984274284568, "iframe": 0.3475521055403677, "beacon": 0.07730556043239448, "image": 0.996839808382032, "stylesheet": 0.9957487898472575, "font": 0.8398397331393744, "xhr": 0.9642597376539339, "plugin": 0.0027839783301146196, "media": 0.014427779589175089, "referer_leaked": 0.9868826966968474, "referer_leaked_header": 0.9684545158134985, "referer_leaked_url": 0.0, "hosts": 17.086065059817912, "trackers": 13.636208020867297, "companies": 8.537420681698478}