{"id": "spotify.com", "month": "2019-04", "country": "global", "site": "spotify.com", "category": "Entertainment", "popularity": 0.004069000571858323, "cookies": 0.6825117036222905, "bad_qs": 0.030800097465381645, "tracked": 0.6831251825315768, "https": 0.9898784620515771, "requests": 183.60113675049726, "requests_tracking": 22.41088397990554, "content_length": 21984231.903422866, "requests_failed": 24.22466116090947, "has_blocking": 0.43273419773375704, "script": 0.9884354905325515, "iframe": 0.38425381091370336, "beacon": 0.05116932536329184, "image": 0.9341607522115483, "stylesheet": 0.9638825092842689, "font": 0.7523238753894727, "xhr": 0.38522155229173255, "plugin": 0.0008018428560813041, "media": 0.06032657815289277, "referer_leaked": 0.976022479249724, "referer_leaked_header": 0.9618640772672366, "referer_leaked_url": 0.0, "hosts": 9.636345255561489, "trackers": 9.263045931425154, "companies": 7.395491707666067}