{"id": "sputniknews.com", "month": "2019-04", "country": "global", "site": "sputniknews.com", "category": "News and Portals", "popularity": 0.002076588400376431, "cookies": 0.8942431743301311, "bad_qs": 0.02084864163836394, "tracked": 0.8958279013541289, "https": 0.9808105811004372, "requests": 51.88464677179592, "requests_tracking": 14.19030268963392, "content_length": 1308476.1795617621, "requests_failed": 21.441613983522902, "has_blocking": 0.4878114852075214, "script": 0.985547831328157, "iframe": 0.6219274750354701, "beacon": 0.16052810689457842, "image": 0.9632803849396754, "stylesheet": 0.9915481225386785, "font": 0.5509635343476038, "xhr": 0.9223551481618182, "plugin": 0.0031085030086110276, "media": 0.010646114879164564, "referer_leaked": 0.9926655582607282, "referer_leaked_header": 0.9882127462168029, "referer_leaked_url": 0.0, "hosts": 15.862545247681322, "trackers": 13.899403695664688, "companies": 8.162546263531977}