{"id": "square-enix.com", "month": "2019-04", "country": "global", "site": "square-enix.com", "category": "Business", "popularity": 0.0006254748756493281, "cookies": 0.43030432485300896, "bad_qs": 0.011714314622657419, "tracked": 0.4324853008959989, "https": 0.7468606311339951, "requests": 10.040303088217108, "requests_tracking": 2.8838461624939575, "content_length": 479357.61663162865, "requests_failed": 2.98082090139515, "has_blocking": 0.22846286157547413, "script": 0.9889826983395352, "iframe": 0.11280367842969725, "beacon": 0.0018774381400996055, "image": 0.4992748816764286, "stylesheet": 0.1747703791975357, "font": 0.07220829445425009, "xhr": 0.07907724477521332, "plugin": 0.0006408022394351946, "media": 2.2484289102989287e-05, "referer_leaked": 0.6703241110274196, "referer_leaked_header": 0.6656698631831008, "referer_leaked_url": 0.0, "hosts": 2.715090330631471, "trackers": 2.509145484592641, "companies": 1.630448224303268}