{"id": "squirt.org", "month": "2019-04", "country": "global", "site": "squirt.org", "category": "Adult", "popularity": 0.00034229510035562995, "cookies": 0.5926991104993939, "bad_qs": 0.0036566075720536576, "tracked": 0.593212678978615, "https": 0.9992810041290906, "requests": 14.940734197497894, "requests_tracking": 2.5965200599847984, "content_length": 102409.44949567576, "requests_failed": 4.280326218698002, "has_blocking": 0.4422235460876353, "script": 0.998705807432363, "iframe": 0.5665687462766286, "beacon": 6.162821750652231e-05, "image": 0.29203558002424046, "stylesheet": 0.7054171203188233, "font": 0.09842026335791615, "xhr": 0.1694981408821052, "plugin": 0.012325643501304464, "media": 2.0542739168840774e-05, "referer_leaked": 0.9492388915137945, "referer_leaked_header": 0.9469586474660531, "referer_leaked_url": 0.0, "hosts": 5.726617227141067, "trackers": 5.669056471989975, "companies": 4.1289878592411515}