{"id": "ss.com", "month": "2019-04", "country": "global", "site": "ss.com", "category": "E-Commerce", "popularity": 0.0007584509565635892, "cookies": 0.8000778772876453, "bad_qs": 0.007593035545419147, "tracked": 0.8024976358680537, "https": 0.9998702045205912, "requests": 9.209267397229794, "requests_tracking": 3.4614878270382525, "content_length": 39619.08019506406, "requests_failed": 3.095585099478964, "has_blocking": 0.01797667389812909, "script": 0.9720198030817155, "iframe": 0.02932450724073353, "beacon": 0.000843670616157683, "image": 0.9979140012237859, "stylesheet": 0.060150933600341176, "font": 0.01740186534646122, "xhr": 0.013526543175539115, "plugin": 3.70844226882498e-05, "media": 0.0, "referer_leaked": 0.8241734809293356, "referer_leaked_header": 0.8160890767832972, "referer_leaked_url": 0.0, "hosts": 4.234818564461998, "trackers": 2.2414103205948344, "companies": 2.0396525189594112}