{"id": "ssa.gov", "month": "2019-04", "country": "global", "site": "ssa.gov", "category": "Government", "popularity": 0.000701951416076778, "cookies": 0.1283119797249241, "bad_qs": 0.005249080909974255, "tracked": 0.12947399000270468, "https": 0.9704789285463853, "requests": 28.195538281226522, "requests_tracking": 1.0282588878760255, "content_length": 43133.4726176285, "requests_failed": 7.532070481933745, "has_blocking": 0.28167730173199634, "script": 0.973133520991315, "iframe": 0.09494425355865647, "beacon": 0.00047081450910074426, "image": 0.5547697516703898, "stylesheet": 0.8796317629499033, "font": 0.11953679866168472, "xhr": 0.015296462880783755, "plugin": 0.002073587306039448, "media": 0.000200346599617338, "referer_leaked": 0.9699780620473419, "referer_leaked_header": 0.9656505754956074, "referer_leaked_url": 0.0, "hosts": 2.939485309585583, "trackers": 2.882276338064852, "companies": 2.075871257275086}