{"id": "stanford.edu", "month": "2019-04", "country": "global", "site": "stanford.edu", "category": "Reference", "popularity": 0.0005192191748035029, "cookies": 0.4254062838569881, "bad_qs": 0.0051056338028169015, "tracked": 0.4262053087757313, "https": 0.847670639219935, "requests": 27.96287919826652, "requests_tracking": 4.237215601300108, "content_length": 1504331.192917118, "requests_failed": 13.331080715059588, "has_blocking": 0.269907908992416, "script": 0.7936213434452871, "iframe": 0.1613353196099675, "beacon": 0.004794149512459372, "image": 0.5034263271939329, "stylesheet": 0.7784263271939328, "font": 0.502965872156013, "xhr": 0.21083423618634886, "plugin": 0.002613759479956663, "media": 0.004929577464788733, "referer_leaked": 0.8450433369447454, "referer_leaked_header": 0.8276273022751895, "referer_leaked_url": 0.0, "hosts": 4.173185265438787, "trackers": 3.8881906825568797, "companies": 2.3905606717226435}