{"id": "standard.co.uk", "month": "2019-04", "country": "global", "site": "standard.co.uk", "category": "News and Portals", "popularity": 0.00023950601723973607, "cookies": 0.9846158362937083, "bad_qs": 0.06958104577082294, "tracked": 0.9847919908399636, "https": 0.9909280408678547, "requests": 125.26945773758844, "requests_tracking": 25.623322861924194, "content_length": 2187441.006517718, "requests_failed": 50.83124394468747, "has_blocking": 0.5350107160682305, "script": 0.9936584363348111, "iframe": 0.9203194269105428, "beacon": 0.2940900149731364, "image": 0.9821496726461348, "stylesheet": 0.9798303044537741, "font": 0.11819970053727137, "xhr": 0.9295675405889434, "plugin": 0.0009688500044038636, "media": 0.09717859135081178, "referer_leaked": 0.9830891635594962, "referer_leaked_header": 0.9642406271101847, "referer_leaked_url": 0.0, "hosts": 21.50083673409471, "trackers": 19.566278148028537, "companies": 15.490150024955227}