{"id": "staples.com", "month": "2019-04", "country": "global", "site": "staples.com", "category": "Business", "popularity": 0.00036890297356061987, "cookies": 0.7964470198044336, "bad_qs": 0.14699883727579438, "tracked": 0.8021272134647275, "https": 0.962335360158588, "requests": 154.454224882298, "requests_tracking": 26.49446276423384, "content_length": 2346922.558164802, "requests_failed": 46.75845834206965, "has_blocking": 0.47646913062539314, "script": 0.9846939748012885, "iframe": 0.7175533232945123, "beacon": 0.046070564016544996, "image": 0.9621447496330747, "stylesheet": 0.8848712425900158, "font": 0.4050283056630387, "xhr": 0.6801364771362675, "plugin": 0.002744791567390351, "media": 0.02338791148047195, "referer_leaked": 0.9877437432095, "referer_leaked_header": 0.9769361264129005, "referer_leaked_url": 0.0, "hosts": 24.238606255837446, "trackers": 17.07111678706898, "companies": 14.104664239559309}