{"id": "startribune.com", "month": "2019-04", "country": "global", "site": "startribune.com", "category": "News and Portals", "popularity": 0.0008465578939997741, "cookies": 0.939688683633464, "bad_qs": 0.24063891288457706, "tracked": 0.9398714200279088, "https": 0.005116619044454781, "requests": 149.76338959399297, "requests_tracking": 51.58650907037013, "content_length": 965789.9812778258, "requests_failed": 52.18933151704432, "has_blocking": 0.4935294703967041, "script": 0.9924745830287727, "iframe": 0.6901039936208386, "beacon": 0.2211774868762044, "image": 0.985738255033557, "stylesheet": 0.3053691275167785, "font": 0.1429496976543292, "xhr": 0.9729134826234301, "plugin": 0.001229317562628746, "media": 0.004543491261877866, "referer_leaked": 0.997026380490398, "referer_leaked_header": 0.994019536181806, "referer_leaked_url": 0.0, "hosts": 31.564721908432453, "trackers": 25.64854807628414, "companies": 20.518846767227057}