{"id": "startpage.com", "month": "2019-04", "country": "global", "site": "startpage.com", "category": "Reference", "popularity": 0.0013016129982442038, "cookies": 0.1615498063282318, "bad_qs": 0.012635934891711281, "tracked": 0.1704689719999784, "https": 0.9947111670547305, "requests": 6.068133565991562, "requests_tracking": 0.3647566002366199, "content_length": 106778.59871857899, "requests_failed": 4.3482472299804975, "has_blocking": 0.003997687823799208, "script": 0.2996915297638663, "iframe": 0.1581787830822173, "beacon": 0.00033494141226425795, "image": 0.06858735758237128, "stylesheet": 0.3398196718654616, "font": 0.12817991756119435, "xhr": 0.02742197755892538, "plugin": 0.027692091601073974, "media": 0.0006428714203136564, "referer_leaked": 0.6681648992204509, "referer_leaked_header": 0.6669980065583689, "referer_leaked_url": 0.0, "hosts": 1.3269676457400315, "trackers": 1.303591976532492, "companies": 1.1611986580734386}