{"id": "startsiden.no", "month": "2019-04", "country": "global", "site": "startsiden.no", "category": "Entertainment", "popularity": 0.00030847975621112775, "cookies": 0.5709368589012993, "bad_qs": 0.03995896968315477, "tracked": 0.5724185092318212, "https": 0.9961477091406428, "requests": 48.64278550262138, "requests_tracking": 6.148506952359243, "content_length": 466688.9839981764, "requests_failed": 17.873216320948256, "has_blocking": 0.5276042853886482, "script": 0.9982448142238431, "iframe": 0.6502849327558696, "beacon": 0.005607476635514018, "image": 0.915979028949168, "stylesheet": 0.06580806929564623, "font": 0.04522452701162526, "xhr": 0.8507636197857306, "plugin": 0.0, "media": 0.0007294278550262138, "referer_leaked": 0.9577843628903578, "referer_leaked_header": 0.9497834511055391, "referer_leaked_url": 0.0, "hosts": 11.099088215181217, "trackers": 7.592910873033964, "companies": 5.497173467061773}