{"id": "state.gov", "month": "2019-04", "country": "global", "site": "state.gov", "category": "Government", "popularity": 0.0008083196237860492, "cookies": 0.292177740661482, "bad_qs": 0.006193781860570315, "tracked": 0.2937522835221045, "https": 0.9920228961149677, "requests": 13.410172764758077, "requests_tracking": 1.9438558031908415, "content_length": 221860.41557492563, "requests_failed": 4.027480557440367, "has_blocking": 0.2774675087426275, "script": 0.9799919967987195, "iframe": 0.15514031699636377, "beacon": 0.0004523548549854725, "image": 0.457200271412913, "stylesheet": 0.13240078640151712, "font": 0.05617029420463838, "xhr": 0.16176905544826625, "plugin": 0.0013048697739965552, "media": 0.00038276180037232285, "referer_leaked": 0.6963220070636951, "referer_leaked_header": 0.6889973380656611, "referer_leaked_url": 0.0, "hosts": 3.462350157454286, "trackers": 3.0661308001461456, "companies": 2.0847034465960297}