{"id": "statefarm.com", "month": "2019-04", "country": "global", "site": "statefarm.com", "category": "Business", "popularity": 0.0002852892789833115, "cookies": 0.9678842551513359, "bad_qs": 0.009045647244405009, "tracked": 0.9679335502316869, "https": 0.9945528936212166, "requests": 59.727274967958195, "requests_tracking": 7.142290249433106, "content_length": 591950.0942768411, "requests_failed": 16.752637286798777, "has_blocking": 0.4699546485260771, "script": 0.9874051069703244, "iframe": 0.6307305530908015, "beacon": 0.00039436064280784776, "image": 0.8998570442669822, "stylesheet": 0.958690722665878, "font": 0.634723454599231, "xhr": 0.9245538795228236, "plugin": 0.0011830819284235432, "media": 0.000862663906142167, "referer_leaked": 0.9819333530513654, "referer_leaked_header": 0.9720250419008183, "referer_leaked_url": 0.0, "hosts": 7.571083505866115, "trackers": 7.103593611357587, "companies": 5.830819284235433}