{"id": "statcounter.com", "month": "2019-04", "country": "global", "site": "statcounter.com", "category": "Business", "popularity": 0.00023713634142840374, "cookies": 0.37958130708101057, "bad_qs": 0.009132961689004864, "tracked": 0.38082671094769305, "https": 0.8605740718775946, "requests": 18.37270193334124, "requests_tracking": 5.755545012454038, "content_length": 110266.82896453564, "requests_failed": 7.411932155141739, "has_blocking": 0.4617483098090381, "script": 0.9964713557110663, "iframe": 0.09577748784248606, "beacon": 0.008539912228679872, "image": 0.056962400664215394, "stylesheet": 0.05506464239117542, "font": 0.04785909144822678, "xhr": 0.12287984817933816, "plugin": 2.9652473016249555e-05, "media": 0.0004744395682599929, "referer_leaked": 0.7890226544893845, "referer_leaked_header": 0.7756493891590559, "referer_leaked_url": 0.0, "hosts": 4.906120270430554, "trackers": 4.66468983513225, "companies": 4.183608112916617}