{"id": "steamcommunity.com", "month": "2019-04", "country": "global", "site": "steamcommunity.com", "category": "Entertainment", "popularity": 0.007003024873593968, "cookies": 0.3067118507919773, "bad_qs": 0.004129829053392575, "tracked": 0.30764465195672364, "https": 0.994382107086377, "requests": 92.23346135502172, "requests_tracking": 2.0748449933478925, "content_length": 2222464.2152983407, "requests_failed": 30.312586791174034, "has_blocking": 0.2858277480733991, "script": 0.9914140120993047, "iframe": 0.05536963124733288, "beacon": 0.0013484951176042372, "image": 0.9752802670883852, "stylesheet": 0.988943946582323, "font": 0.7125395988653764, "xhr": 0.020657178000351432, "plugin": 0.0, "media": 0.0002008183347139594, "referer_leaked": 0.9741858071641941, "referer_leaked_header": 0.9732078218741371, "referer_leaked_url": 0.0, "hosts": 2.7204237266862465, "trackers": 2.5399984938624898, "companies": 2.1491387403669955}