{"id": "steamgifts.com", "month": "2019-04", "country": "global", "site": "steamgifts.com", "category": "Entertainment", "popularity": 0.0006536578449425626, "cookies": 0.11522284017685216, "bad_qs": 0.004087823664196044, "tracked": 0.11586828601856733, "https": 0.9815940360804225, "requests": 42.983756279650166, "requests_tracking": 0.5186695209716111, "content_length": 709242.1877817102, "requests_failed": 12.571768198883378, "has_blocking": 0.39216213599543887, "script": 0.9830140169321959, "iframe": 0.028023106961133405, "beacon": 0.0035284372680429005, "image": 0.9503544573414086, "stylesheet": 0.9543024344065664, "font": 0.48057745887972114, "xhr": 0.018201572736367647, "plugin": 0.0008928667477059779, "media": 5.3787153476263726e-05, "referer_leaked": 0.9760324444109769, "referer_leaked_header": 0.9741498940393076, "referer_leaked_url": 0.0, "hosts": 5.073204315881195, "trackers": 4.89936423584591, "companies": 3.5704880646306436}