{"id": "steampowered.com", "month": "2019-04", "country": "global", "site": "steampowered.com", "category": "Entertainment", "popularity": 0.00501571770104094, "cookies": 0.33719331055666385, "bad_qs": 0.0017131569613474218, "tracked": 0.3382405513505481, "https": 0.9942198476664195, "requests": 155.9217849917917, "requests_tracking": 5.243322963733505, "content_length": 24400938.71574352, "requests_failed": 45.93658515385467, "has_blocking": 0.30751167456186224, "script": 0.9942352688829291, "iframe": 0.043946261266250106, "beacon": 9.252729905804405e-05, "image": 0.9516334573105679, "stylesheet": 0.9440798650783748, "font": 0.682973434851669, "xhr": 0.2073676964768128, "plugin": 2.6636646698527835e-05, "media": 0.42452506157972136, "referer_leaked": 0.9699692837405702, "referer_leaked_header": 0.9687159594169659, "referer_leaked_url": 0.0, "hosts": 2.625173313444637, "trackers": 2.4472349057833767, "companies": 2.288494510747887}