{"id": "stellastream.com", "month": "2019-04", "country": "global", "site": "stellastream.com", "category": "Entertainment", "popularity": 0.00012244262582412508, "cookies": 0.0005742835812324125, "bad_qs": 0.0, "tracked": 0.0005742835812324125, "https": 0.9999425716418767, "requests": 1.4435192097857923, "requests_tracking": 0.0005742835812324125, "content_length": 34857.150806868434, "requests_failed": 0.26124160110262445, "has_blocking": 0.07471429391833688, "script": 0.9944294492620456, "iframe": 0.0, "beacon": 0.0, "image": 0.252799632458508, "stylesheet": 0.0, "font": 0.0, "xhr": 5.742835812324125e-05, "plugin": 0.0, "media": 0.0, "referer_leaked": 0.9223568598173778, "referer_leaked_header": 0.9223568598173778, "referer_leaked_url": 0.0, "hosts": 1.0041922701429966, "trackers": 1.0036179865617643, "companies": 1.0036179865617643}