{"id": "stellenanzeigen.de", "month": "2019-04", "country": "global", "site": "stellenanzeigen.de", "category": "Business", "popularity": 5.062105687175538e-05, "cookies": 0.7878872065564662, "bad_qs": 0.14654813168495626, "tracked": 0.78816502291985, "https": 0.9731907209334629, "requests": 70.65898041394638, "requests_tracking": 13.772607306570357, "content_length": 425583.704125573, "requests_failed": 22.687734407556604, "has_blocking": 0.44811779413807473, "script": 0.9583275454924295, "iframe": 0.7057924711765523, "beacon": 0.31726628698430337, "image": 0.9077649673565773, "stylesheet": 0.9712460063897763, "font": 0.5450757049590221, "xhr": 0.39727739963883874, "plugin": 0.00041672454507570494, "media": 0.0018058063619947214, "referer_leaked": 0.9856924572857342, "referer_leaked_header": 0.9827753854702042, "referer_leaked_url": 0.0, "hosts": 14.731490484789553, "trackers": 13.177385748020559, "companies": 9.546603694957634}