{"id": "stepstone.de", "month": "2019-04", "country": "global", "site": "stepstone.de", "category": "Business", "popularity": 0.0006026500457277115, "cookies": 0.800023335861385, "bad_qs": 0.16704976372440347, "tracked": 0.8022635785543434, "https": 0.994306049822064, "requests": 46.22332419345429, "requests_tracking": 17.379336094743596, "content_length": 267864.3917157692, "requests_failed": 20.27857184528324, "has_blocking": 0.4359488944635669, "script": 0.9947494311883788, "iframe": 0.5602240242692959, "beacon": 0.14079691966629718, "image": 0.9339245084884196, "stylesheet": 0.08978472667872353, "font": 0.08347237617408552, "xhr": 0.9109970246776734, "plugin": 0.0006417361880870427, "media": 9.33434455399335e-05, "referer_leaked": 0.9432238492503354, "referer_leaked_header": 0.9405518931217549, "referer_leaked_url": 0.0, "hosts": 16.865573770491803, "trackers": 14.852155650195439, "companies": 12.710565311242052}