{"id": "stocktwits.com", "month": "2019-04", "country": "global", "site": "stocktwits.com", "category": "Business", "popularity": 0.00023804342801493747, "cookies": 0.8266918736891856, "bad_qs": 0.1629397690012702, "tracked": 0.8268100316072431, "https": 0.9391191327208814, "requests": 736.1535166750361, "requests_tracking": 458.387410273831, "content_length": 12310245.557764452, "requests_failed": 116.31300032493428, "has_blocking": 0.41810179304640654, "script": 0.9975482232003072, "iframe": 0.9385578826101084, "beacon": 0.11600153605293474, "image": 0.9672111777390482, "stylesheet": 0.9408028830532006, "font": 0.6546244055179747, "xhr": 0.9482763713703365, "plugin": 0.008891383333825657, "media": 0.13871739579948603, "referer_leaked": 0.9932945381502378, "referer_leaked_header": 0.9876820370425073, "referer_leaked_url": 0.0, "hosts": 33.42049449088707, "trackers": 25.65317697102177, "companies": 18.853100168375033}