{"id": "stockcharts.com", "month": "2019-04", "country": "global", "site": "stockcharts.com", "category": "Business", "popularity": 0.0008870392698034546, "cookies": 0.3245764928774703, "bad_qs": 0.006603302443935346, "tracked": 0.3249649224329959, "https": 0.9674908243426424, "requests": 20.497253248143068, "requests_tracking": 2.6877739815614867, "content_length": 718857.0458822503, "requests_failed": 6.116711190734766, "has_blocking": 0.40429175023186864, "script": 0.9968450007530777, "iframe": 0.03020237972556263, "beacon": 0.0032184163172121858, "image": 0.30906309205780463, "stylesheet": 0.9511054388064908, "font": 0.2117813062331053, "xhr": 0.03014688978905897, "plugin": 0.0025525370791682853, "media": 0.0031946349158534747, "referer_leaked": 0.9573916558989766, "referer_leaked_header": 0.9549342444252432, "referer_leaked_url": 0.0, "hosts": 6.444656715471387, "trackers": 6.32752538664595, "companies": 3.706315547487495}