{"id": "strato.de", "month": "2019-04", "country": "global", "site": "strato.de", "category": "Business", "popularity": 0.00019147964990620515, "cookies": 0.63905108148801, "bad_qs": 0.027285079504975947, "tracked": 0.6437148837721715, "https": 0.9275825346112886, "requests": 15.621681172193457, "requests_tracking": 4.18199845764019, "content_length": 206269.0655135691, "requests_failed": 5.200359883955786, "has_blocking": 0.249091109397378, "script": 0.8505747126436781, "iframe": 0.31680804964929676, "beacon": 0.03613528698909331, "image": 0.5725827182255517, "stylesheet": 0.12658367301972018, "font": 0.051815945062612466, "xhr": 0.2446476442290037, "plugin": 0.0012852998420917337, "media": 3.6722852631192394e-05, "referer_leaked": 0.6676581836877089, "referer_leaked_header": 0.6580735191509677, "referer_leaked_url": 0.0, "hosts": 3.848224450075282, "trackers": 3.1259226616723588, "companies": 2.3850758326906836}