{"id": "strava.com", "month": "2019-04", "country": "global", "site": "strava.com", "category": "Entertainment", "popularity": 0.0028524638574162265, "cookies": 0.9553837089772445, "bad_qs": 0.05582028255258727, "tracked": 0.9555611979519745, "https": 0.9966301746047789, "requests": 148.21866888199202, "requests_tracking": 18.664444767649677, "content_length": 3511294.657544884, "requests_failed": 39.61321208206893, "has_blocking": 0.3870467560192181, "script": 0.9973968283706266, "iframe": 0.6678170581695464, "beacon": 0.011011711807207532, "image": 0.9810678426954659, "stylesheet": 0.9772986671071022, "font": 0.02286403111973357, "xhr": 0.9129046810251961, "plugin": 0.0013262370611769984, "media": 0.00015283772823972844, "referer_leaked": 0.9686312888411203, "referer_leaked_header": 0.929613295896307, "referer_leaked_url": 0.0, "hosts": 11.753245952881608, "trackers": 7.157975048008303, "companies": 6.663631276515497}