{"id": "streamate.com", "month": "2019-04", "country": "global", "site": "streamate.com", "category": "Adult", "popularity": 0.00041179621524942497, "cookies": 0.803237539060499, "bad_qs": 0.002151529122483479, "tracked": 0.8037327322712293, "https": 0.9987022522753274, "requests": 104.00107576456124, "requests_tracking": 2.2714854088759115, "content_length": 8112457.046018817, "requests_failed": 15.396700988678859, "has_blocking": 0.2622304185236412, "script": 0.9512149309290849, "iframe": 0.1042979355565801, "beacon": 0.0, "image": 0.9543568464730291, "stylesheet": 0.7533254785444735, "font": 0.21561395420316581, "xhr": 0.8709936307907723, "plugin": 0.010877175008110923, "media": 0.05609343783617642, "referer_leaked": 0.9992657479978826, "referer_leaked_header": 0.9978484708775165, "referer_leaked_url": 0.0, "hosts": 5.844714239366152, "trackers": 5.033963424004917, "companies": 2.6249679831975823}