{"id": "streamable.com", "month": "2019-04", "country": "global", "site": "streamable.com", "category": "Business", "popularity": 0.0007389661741505271, "cookies": 0.4183802609167293, "bad_qs": 0.004044114148690183, "tracked": 0.4184849321064601, "https": 0.9974498291956495, "requests": 11.087619301367386, "requests_tracking": 2.1653709642119687, "content_length": 3239016.736314242, "requests_failed": 5.860206868333159, "has_blocking": 0.4133465282469479, "script": 0.9968979265588871, "iframe": 0.047301862195620936, "beacon": 0.0018745658524516847, "image": 0.4628369698642129, "stylesheet": 0.07106222226451361, "font": 0.0354359555052288, "xhr": 0.4089788849663625, "plugin": 0.0005804493248708262, "media": 0.015167806948263885, "referer_leaked": 0.954848654975212, "referer_leaked_header": 0.9544680324671, "referer_leaked_url": 0.0, "hosts": 6.007193765403317, "trackers": 5.868571047948921, "companies": 4.425497901818424}