{"id": "streamdreams.org", "month": "2019-04", "country": "global", "site": "streamdreams.org", "category": "Entertainment", "popularity": 0.00036420581201174743, "cookies": 0.49278887923544745, "bad_qs": 0.002548508543295685, "tracked": 0.49334877883965633, "https": 0.9925475431991505, "requests": 46.769321363065934, "requests_tracking": 1.5340863017665798, "content_length": 193465.13565015927, "requests_failed": 28.69757698619558, "has_blocking": 0.48498889854233035, "script": 0.9955208031663288, "iframe": 0.2740998165846124, "beacon": 0.0007336615503426971, "image": 0.8665122116034366, "stylesheet": 0.9954628825176175, "font": 0.35779515397239114, "xhr": 0.20411236605849986, "plugin": 0.0017569263442417222, "media": 0.038092479969108986, "referer_leaked": 0.9935901148759533, "referer_leaked_header": 0.9899797277729511, "referer_leaked_url": 0.0, "hosts": 8.92205811371754, "trackers": 7.185384689641857, "companies": 6.274659716188821}