{"id": "streamsnooper.com", "month": "2019-04", "country": "global", "site": "streamsnooper.com", "category": "Entertainment", "popularity": 0.00040119244336963514, "cookies": 0.9788449741477522, "bad_qs": 0.000928928227149242, "tracked": 0.9788449741477522, "https": 0.9998597844185435, "requests": 101.39954429936027, "requests_tracking": 68.19644202962054, "content_length": 1809946.8158268337, "requests_failed": 29.129103496626062, "has_blocking": 0.4007711856980107, "script": 0.9919376040662519, "iframe": 0.00040311979668740687, "beacon": 0.0, "image": 0.9983524669178863, "stylesheet": 0.8575409692402068, "font": 0.20103408991324162, "xhr": 0.00012268863377442818, "plugin": 0.0, "media": 0.0, "referer_leaked": 0.07603189904478135, "referer_leaked_header": 0.0018403295066164228, "referer_leaked_url": 0.0, "hosts": 4.6028043116291295, "trackers": 4.589185873280169, "companies": 4.531995442993603}