{"id": "streamplay.me", "month": "2019-04", "country": "global", "site": "streamplay.me", "category": "Business", "popularity": 3.818201678200191e-06, "cookies": 0.5138121546961326, "bad_qs": 0.0, "tracked": 0.5138121546961326, "https": 0.9797421731123389, "requests": 19.639042357274402, "requests_tracking": 7.362799263351749, "content_length": 197282.31307550645, "requests_failed": 7.285451197053407, "has_blocking": 0.427255985267035, "script": 0.990791896869245, "iframe": 0.5340699815837937, "beacon": 0.003683241252302026, "image": 0.6151012891344383, "stylesheet": 0.2983425414364641, "font": 0.26151012891344383, "xhr": 0.8195211786372008, "plugin": 0.0, "media": 0.0, "referer_leaked": 0.4953959484346225, "referer_leaked_header": 0.4953959484346225, "referer_leaked_url": 0.0, "hosts": 2.9373848987108655, "trackers": 2.4898710865561693, "companies": 2.023941068139963}