{"id": "streamkiste.tv", "month": "2019-04", "country": "global", "site": "streamkiste.tv", "category": "Entertainment", "popularity": 0.000366505171033426, "cookies": 0.9302022178734507, "bad_qs": 0.011262039062200222, "tracked": 0.9328690380261694, "https": 0.9949733317984728, "requests": 128.48722228617476, "requests_tracking": 35.633782280035305, "content_length": 464153707.8067802, "requests_failed": 22.830743256206592, "has_blocking": 0.24003299950117032, "script": 0.996297148996585, "iframe": 0.3084494071601243, "beacon": 0.0030889067955949504, "image": 0.9554890449330418, "stylesheet": 0.3125551590499213, "font": 0.27504700510341124, "xhr": 0.15440696826675876, "plugin": 0.02246652085491731, "media": 0.20574805264571583, "referer_leaked": 0.9351905145619892, "referer_leaked_header": 0.919016921837228, "referer_leaked_url": 0.0, "hosts": 5.027992018725298, "trackers": 4.478818924830206, "companies": 3.3618625532404742}