{"id": "street-one.de", "month": "2019-04", "country": "global", "site": "street-one.de", "category": "Business", "popularity": 8.065335773288432e-06, "cookies": 0.7846556233653008, "bad_qs": 0.31734960767218834, "tracked": 0.7846556233653008, "https": 0.9712292938099389, "requests": 238.2519616390584, "requests_tracking": 113.38012205754141, "content_length": 331392.1918047079, "requests_failed": 75.78552746294682, "has_blocking": 0.40540540540540543, "script": 0.999128160418483, "iframe": 0.7567567567567568, "beacon": 0.17959895379250218, "image": 0.9049694856146469, "stylesheet": 0.8247602441150829, "font": 0.6887532693984307, "xhr": 0.8674803836094158, "plugin": 0.0, "media": 0.013077593722755012, "referer_leaked": 0.9712292938099389, "referer_leaked_header": 0.9285091543156059, "referer_leaked_url": 0.0, "hosts": 22.85701830863121, "trackers": 20.543156059285092, "companies": 17.57018308631212}