{"id": "streamango.com", "month": "2019-04", "country": "global", "site": "streamango.com", "category": "Business", "popularity": 0.0005479295200191408, "cookies": 0.6934537941301028, "bad_qs": 0.0034777921794592096, "tracked": 0.693646291852213, "https": 0.9887581330287591, "requests": 65.52775175493757, "requests_tracking": 1.3286321111866843, "content_length": 997582063.1991324, "requests_failed": 31.8573463547348, "has_blocking": 0.3969944688987847, "script": 0.9542240416821735, "iframe": 0.03604840676052, "beacon": 0.0, "image": 0.7321971690001668, "stylesheet": 0.9376949039436366, "font": 0.31486210746506166, "xhr": 0.032981276388229404, "plugin": 0.016747301823595087, "media": 0.6824942571512904, "referer_leaked": 0.8563838661242509, "referer_leaked_header": 0.8562683674909847, "referer_leaked_url": 0.0, "hosts": 4.7764459787225855, "trackers": 4.106425573964041, "companies": 3.7463778345289582}