{"id": "stripchat.com", "month": "2019-04", "country": "global", "site": "stripchat.com", "category": "Adult", "popularity": 0.00019503767946268635, "cookies": 0.9568085950174857, "bad_qs": 0.006850055882034827, "tracked": 0.9580704474168079, "https": 0.9861917294588456, "requests": 207.61765872300538, "requests_tracking": 154.71932797346506, "content_length": 2212327.2512888922, "requests_failed": 41.50005407938854, "has_blocking": 0.432526949561957, "script": 0.9917799329415582, "iframe": 0.033348956267801134, "beacon": 0.0003244763312542813, "image": 0.9545733136244006, "stylesheet": 0.945812452680535, "font": 0.014961964163391859, "xhr": 0.6462486930814435, "plugin": 0.0024155460215596497, "media": 0.049104084796481234, "referer_leaked": 0.9745826873850812, "referer_leaked_header": 0.9691386956051483, "referer_leaked_url": 0.0, "hosts": 5.589717705591808, "trackers": 5.571547031041569, "companies": 5.365107978512456}