{"id": "stubhub.com", "month": "2019-04", "country": "global", "site": "stubhub.com", "category": "Entertainment", "popularity": 0.0003213688237546654, "cookies": 0.8671203203290813, "bad_qs": 0.5904645209286042, "tracked": 0.9090212896308776, "https": 0.9775507078309957, "requests": 108.0525786053432, "requests_tracking": 25.430321860709363, "content_length": 1213660.5510579175, "requests_failed": 33.67317243944599, "has_blocking": 0.4782618208870315, "script": 0.9815110605430716, "iframe": 0.7630133689254535, "beacon": 0.04537995317594031, "image": 0.9851869680327331, "stylesheet": 0.7034549154322474, "font": 0.4072599172920815, "xhr": 0.9579896286895827, "plugin": 0.03958164671903376, "media": 0.00015316281206922958, "referer_leaked": 0.9931951950637814, "referer_leaked_header": 0.9917948493534341, "referer_leaked_url": 0.0, "hosts": 21.176224755486512, "trackers": 16.62518871846487, "companies": 13.917773450320547}