{"id": "stylebook.de", "month": "2019-04", "country": "global", "site": "stylebook.de", "category": "Entertainment", "popularity": 2.0919244921999203e-05, "cookies": 0.8964705882352941, "bad_qs": 0.42487394957983193, "tracked": 0.8981512605042017, "https": 0.9835294117647059, "requests": 141.2910924369748, "requests_tracking": 68.92941176470588, "content_length": 1610339.8121008403, "requests_failed": 33.63025210084034, "has_blocking": 0.3563025210084034, "script": 0.986890756302521, "iframe": 0.6894117647058824, "beacon": 0.2215126050420168, "image": 0.9623529411764706, "stylesheet": 0.9949579831932773, "font": 0.8857142857142857, "xhr": 0.6309243697478991, "plugin": 0.004369747899159664, "media": 0.054789915966386556, "referer_leaked": 0.9983193277310924, "referer_leaked_header": 0.9952941176470588, "referer_leaked_url": 0.0, "hosts": 26.163025210084033, "trackers": 20.94218487394958, "companies": 17.437310924369747}