{"id": "stylight.de", "month": "2019-04", "country": "global", "site": "stylight.de", "category": "Reference", "popularity": 5.5620580616139056e-05, "cookies": 0.6747155499367888, "bad_qs": 0.2097345132743363, "tracked": 0.6757269279393173, "https": 0.9943109987357776, "requests": 47.764981036662455, "requests_tracking": 19.053603034134007, "content_length": 178683.08116308472, "requests_failed": 18.385461441213653, "has_blocking": 0.34424778761061947, "script": 0.9752212389380531, "iframe": 0.6375474083438685, "beacon": 0.15056890012642224, "image": 0.8321112515802781, "stylesheet": 0.11921618204804045, "font": 0.09393173198482933, "xhr": 0.25309734513274335, "plugin": 0.0018963337547408343, "media": 0.00025284450063211124, "referer_leaked": 0.8472819216182048, "referer_leaked_header": 0.8467762326169406, "referer_leaked_url": 0.0, "hosts": 16.574589127686473, "trackers": 13.744121365360304, "companies": 10.522503160556258}