{"id": "subeta.net", "month": "2019-04", "country": "global", "site": "subeta.net", "category": "Entertainment", "popularity": 0.0007903747790664049, "cookies": 0.4018166936531378, "bad_qs": 0.0034074126794896888, "tracked": 0.4021102827351826, "https": 0.9406950054269497, "requests": 27.652319353748155, "requests_tracking": 2.5932456717851995, "content_length": 287889.8015871604, "requests_failed": 9.997348801622747, "has_blocking": 0.5838864077151652, "script": 0.9971975587622997, "iframe": 0.9062205298838099, "beacon": 0.01424351879859789, "image": 0.3608654650273127, "stylesheet": 0.8436949520471166, "font": 0.3226899877226384, "xhr": 0.9004733011868116, "plugin": 1.779327769968506e-05, "media": 7.117311079874024e-05, "referer_leaked": 0.9746623725556485, "referer_leaked_header": 0.9093699400366542, "referer_leaked_url": 0.0, "hosts": 9.793580185405954, "trackers": 9.667390259959788, "companies": 5.9692176295795445}