{"id": "successfactors.eu", "month": "2019-04", "country": "global", "site": "successfactors.eu", "category": "Business", "popularity": 0.00028011396326479336, "cookies": 0.6397730695852998, "bad_qs": 0.033236268701676876, "tracked": 0.6553870870569334, "https": 0.892584596847073, "requests": 13.86421829500954, "requests_tracking": 9.507982729189678, "content_length": 148057.0438548047, "requests_failed": 2.645622050406667, "has_blocking": 0.07385279646550859, "script": 0.7135254543628878, "iframe": 0.23599256953509387, "beacon": 0.0, "image": 0.4891806406265689, "stylesheet": 0.2782156843056532, "font": 0.2084546641229039, "xhr": 0.1961040265086856, "plugin": 0.000928808113264384, "media": 0.0006777788934631991, "referer_leaked": 0.8175268601265188, "referer_leaked_header": 0.7471382668942665, "referer_leaked_url": 0.0, "hosts": 1.7363189075208354, "trackers": 1.5751330454864947, "companies": 1.4329751983130836}