{"id": "suedkurier.de", "month": "2019-04", "country": "global", "site": "suedkurier.de", "category": "News and Portals", "popularity": 5.944581397330462e-05, "cookies": 0.6266855926188787, "bad_qs": 0.2067660279157795, "tracked": 0.6282233262361012, "https": 0.9946770759403832, "requests": 69.86716347291222, "requests_tracking": 29.12940619824935, "content_length": 552933.2565649396, "requests_failed": 23.075112372841257, "has_blocking": 0.437426070499172, "script": 0.9908918854979891, "iframe": 0.8805299266619352, "beacon": 0.0824461793233972, "image": 0.7053465814998817, "stylesheet": 0.18263543884551692, "font": 0.06340193991010172, "xhr": 0.7568015140761769, "plugin": 0.0014194464158978, "media": 0.0099361249112846, "referer_leaked": 0.8682280577241542, "referer_leaked_header": 0.8558079015850485, "referer_leaked_url": 0.0, "hosts": 18.073692926425363, "trackers": 16.085758220960493, "companies": 12.811805062692217}