{"id": "summitracing.com", "month": "2019-04", "country": "global", "site": "summitracing.com", "category": "E-Commerce", "popularity": 0.0002590822114793481, "cookies": 0.7632514588139503, "bad_qs": 0.06036097163794273, "tracked": 0.7672140046139232, "https": 0.9959017505767404, "requests": 49.71659655312797, "requests_tracking": 6.779563034333017, "content_length": 323440.3283484869, "requests_failed": 15.599131496810966, "has_blocking": 0.510869860225268, "script": 0.9968788166644049, "iframe": 0.9396118876373999, "beacon": 0.05170308047224861, "image": 0.9432216040168272, "stylesheet": 0.07165151309539965, "font": 0.02499660740941783, "xhr": 0.9520694802551228, "plugin": 0.0020626950739584746, "media": 5.42814493146967e-05, "referer_leaked": 0.9843940833220247, "referer_leaked_header": 0.9777717465056317, "referer_leaked_url": 0.0, "hosts": 16.105794544714342, "trackers": 12.08250780295834, "companies": 9.41587732392455}