{"id": "sunnyplayer.com", "month": "2019-04", "country": "global", "site": "sunnyplayer.com", "category": "Entertainment", "popularity": 8.195421834147922e-05, "cookies": 0.7107679107679108, "bad_qs": 0.006006006006006006, "tracked": 0.7109395109395109, "https": 0.9983697983697983, "requests": 8.323123123123123, "requests_tracking": 2.661175461175461, "content_length": 131121.55564135563, "requests_failed": 1.9233805233805235, "has_blocking": 0.18936078936078937, "script": 0.8707850707850708, "iframe": 0.021535821535821537, "beacon": 0.001287001287001287, "image": 0.3588159588159588, "stylesheet": 0.9678249678249679, "font": 0.8450450450450451, "xhr": 0.8624624624624625, "plugin": 0.0010296010296010295, "media": 0.000429000429000429, "referer_leaked": 0.9647361647361647, "referer_leaked_header": 0.9644787644787645, "referer_leaked_url": 0.0, "hosts": 3.7485199485199487, "trackers": 3.723208923208923, "companies": 2.006006006006006}