{"id": "sunporno.com", "month": "2019-04", "country": "global", "site": "sunporno.com", "category": "Adult", "popularity": 0.00013781387604244112, "cookies": 0.7888667789172917, "bad_qs": 0.011531200571457727, "tracked": 0.7923873667023827, "https": 0.9991326088065717, "requests": 105.22480738813205, "requests_tracking": 4.569978060105107, "content_length": 636779633.8259095, "requests_failed": 30.29680085718659, "has_blocking": 0.45971733251696517, "script": 0.9939792846573805, "iframe": 0.5907954487473851, "beacon": 0.00015306903413439462, "image": 0.9918363181794989, "stylesheet": 0.9721414357875402, "font": 0.5417623348130006, "xhr": 0.5742129700494923, "plugin": 0.008520842900147967, "media": 0.8604010408694321, "referer_leaked": 0.9896933517016174, "referer_leaked_header": 0.9869891320985764, "referer_leaked_url": 0.0, "hosts": 8.571508750446451, "trackers": 7.324608398387673, "companies": 4.367926935047707}