{"id": "superuser.com", "month": "2019-04", "country": "global", "site": "superuser.com", "category": "Reference", "popularity": 0.0009917339379189659, "cookies": 0.7981182376380833, "bad_qs": 0.008713963612643401, "tracked": 0.7982387725293892, "https": 0.9822884612657582, "requests": 32.04419376338292, "requests_tracking": 4.502517052141976, "content_length": 345232.5695769934, "requests_failed": 11.58164466314043, "has_blocking": 0.4391795119045931, "script": 0.9678526354599469, "iframe": 0.010784327628015145, "beacon": 0.057700761496901544, "image": 0.996114522327316, "stylesheet": 0.9257717778187439, "font": 0.017066322551369136, "xhr": 0.02112196712942611, "plugin": 0.001070633446305251, "media": 0.00039705611253704675, "referer_leaked": 0.9762617167004637, "referer_leaked_header": 0.972993094059757, "referer_leaked_url": 0.0, "hosts": 8.645421801216694, "trackers": 8.478254087550873, "companies": 5.767296756902395}