{"id": "suumo.jp", "month": "2019-04", "country": "global", "site": "suumo.jp", "category": "Business", "popularity": 0.00024864719989472735, "cookies": 0.8240717174288057, "bad_qs": 0.09100421368173978, "tracked": 0.8249201097254036, "https": 0.9828341958655016, "requests": 91.75396623398659, "requests_tracking": 33.34540878368824, "content_length": 428349.1091032493, "requests_failed": 35.990865642939966, "has_blocking": 0.445462515200362, "script": 0.9952772828822715, "iframe": 0.715251265518509, "beacon": 0.02570628658691779, "image": 0.9327790503662227, "stylesheet": 0.3507819349000311, "font": 0.04776448629846441, "xhr": 0.6623115862107972, "plugin": 0.001159469472017194, "media": 5.6559486439863127e-05, "referer_leaked": 0.9585136166963604, "referer_leaked_header": 0.9560249992930064, "referer_leaked_url": 0.0, "hosts": 18.140804841492038, "trackers": 12.745425751534176, "companies": 9.635219592206102}