{"id": "svyaznoy.ru", "month": "2019-04", "country": "global", "site": "svyaznoy.ru", "category": "Business", "popularity": 0.00017871715258404428, "cookies": 0.9145420207743153, "bad_qs": 0.07235599622285174, "tracked": 0.9372442555870318, "https": 0.9975605917532263, "requests": 89.81787063267234, "requests_tracking": 20.50322631413283, "content_length": 776219.7121498269, "requests_failed": 36.52549575070822, "has_blocking": 0.42398489140698775, "script": 0.9961835064526283, "iframe": 0.9596710733396285, "beacon": 0.3186575385583884, "image": 0.7882829713566257, "stylesheet": 0.9001809883537929, "font": 0.32511016682404786, "xhr": 0.7846238589864653, "plugin": 0.0006295247088448222, "media": 0.0, "referer_leaked": 0.9545561850802644, "referer_leaked_header": 0.8405728674850488, "referer_leaked_url": 0.0, "hosts": 22.28568618193264, "trackers": 14.30433585143217, "companies": 10.120711362920995}