{"id": "swagbucks.com", "month": "2019-04", "country": "global", "site": "swagbucks.com", "category": "Business", "popularity": 0.0006145476465371308, "cookies": 0.9345629712690366, "bad_qs": 0.47136629403755276, "tracked": 0.9346087394304152, "https": 0.8213783081799146, "requests": 344.86437749579505, "requests_tracking": 160.64573154684945, "content_length": 11193555.698456468, "requests_failed": 73.90038559675962, "has_blocking": 0.31348902136228934, "script": 0.9983866723114065, "iframe": 0.5415403274711946, "beacon": 0.13586278705218716, "image": 0.9867386752405689, "stylesheet": 0.8520658603842237, "font": 0.13713285353044155, "xhr": 0.7746261313317391, "plugin": 0.04296486149410163, "media": 0.048834628190899, "referer_leaked": 0.9910065562891175, "referer_leaked_header": 0.9887639163815691, "referer_leaked_url": 0.0, "hosts": 28.4206208451091, "trackers": 19.157396706980787, "companies": 14.156252502946325}