{"id": "swoodoo.com", "month": "2019-04", "country": "global", "site": "swoodoo.com", "category": "Recreation", "popularity": 7.800241476293686e-05, "cookies": 0.8261065536825025, "bad_qs": 0.052465518795636885, "tracked": 0.8264671414405481, "https": 0.9703416569007483, "requests": 68.31290002704408, "requests_tracking": 18.28955196971063, "content_length": 312607.6611376544, "requests_failed": 37.32840530064004, "has_blocking": 0.4596592445686469, "script": 0.9879203101054719, "iframe": 0.7771567655278103, "beacon": 0.03200216352654827, "image": 0.8768592806274227, "stylesheet": 0.653565311457676, "font": 0.07500225367348778, "xhr": 0.2937888758676643, "plugin": 0.0038763183989903543, "media": 0.0007211755160912287, "referer_leaked": 0.7792301451365726, "referer_leaked_header": 0.6006490579644821, "referer_leaked_url": 0.0, "hosts": 11.031371134949968, "trackers": 9.067520057694042, "companies": 5.37762552961327}