{"id": "swp.de", "month": "2019-04", "country": "global", "site": "swp.de", "category": "News and Portals", "popularity": 7.130825638789711e-05, "cookies": 0.7467705354501528, "bad_qs": 0.1456463859579923, "tracked": 0.7502218716102949, "https": 0.9742628932057983, "requests": 110.93708707228085, "requests_tracking": 48.47095947145252, "content_length": 641834.3025342668, "requests_failed": 37.72458337442067, "has_blocking": 0.4310225815994478, "script": 0.9948723005620748, "iframe": 0.62538211221773, "beacon": 0.23262005719357065, "image": 0.7720145942214772, "stylesheet": 0.837984419682477, "font": 0.10393452322256187, "xhr": 0.741938664825954, "plugin": 0.0024652401143871413, "media": 0.004930480228774283, "referer_leaked": 0.9655852480031555, "referer_leaked_header": 0.9581895276599941, "referer_leaked_url": 0.0, "hosts": 20.34621832166453, "trackers": 17.061236564441376, "companies": 11.90079873779706}