{"id": "swr.de", "month": "2019-04", "country": "global", "site": "swr.de", "category": "News and Portals", "popularity": 0.00029353743840969973, "cookies": 0.5786800814468799, "bad_qs": 0.11577434423284226, "tracked": 0.5925500059887412, "https": 0.9986585219786801, "requests": 32.89553239908971, "requests_tracking": 11.792573960953408, "content_length": 18734246.77130195, "requests_failed": 12.164139417894358, "has_blocking": 0.2773745358725596, "script": 0.9876631931967901, "iframe": 0.10116181578632172, "beacon": 0.0008863336926578033, "image": 0.8508084800574919, "stylesheet": 0.4664271170200024, "font": 0.015738411785842617, "xhr": 0.36806803209965266, "plugin": 0.0012456581626542102, "media": 0.050736615163492635, "referer_leaked": 0.8281710384477183, "referer_leaked_header": 0.8256557671577435, "referer_leaked_url": 0.0, "hosts": 5.103772906934962, "trackers": 4.731177386513355, "companies": 4.684632890166487}