{"id": "syf.com", "month": "2019-04", "country": "global", "site": "syf.com", "category": "Business", "popularity": 0.0002988182293126985, "cookies": 0.6761106927710844, "bad_qs": 0.13323606927710843, "tracked": 0.7068194653614458, "https": 0.9960231551204819, "requests": 42.01574265813253, "requests_tracking": 5.668509977409639, "content_length": 489685.380294616, "requests_failed": 12.701266001506024, "has_blocking": 0.35130365210843373, "script": 0.9935288027108434, "iframe": 0.9486775225903614, "beacon": 0.0022119728915662652, "image": 0.8423851656626506, "stylesheet": 0.8526920180722891, "font": 0.019507718373493976, "xhr": 0.9583019578313253, "plugin": 0.009812688253012049, "media": 7.059487951807229e-05, "referer_leaked": 0.9899049322289156, "referer_leaked_header": 0.9884930346385542, "referer_leaked_url": 0.0, "hosts": 5.938817771084337, "trackers": 4.112810617469879, "companies": 3.5740304969879517}