{"id": "symantec.com", "month": "2019-04", "country": "global", "site": "symantec.com", "category": "Business", "popularity": 0.0002691937658315615, "cookies": 0.6362876472585743, "bad_qs": 0.04304782801765797, "tracked": 0.6456129352454092, "https": 0.9766737194054802, "requests": 30.651855915158166, "requests_tracking": 6.808269989290285, "content_length": 1123870.557767155, "requests_failed": 9.19818196066139, "has_blocking": 0.310764569129901, "script": 0.9509965258731029, "iframe": 0.3985842279863125, "beacon": 0.00632134367735026, "image": 0.6607893843220228, "stylesheet": 0.6427657184651151, "font": 0.4241830577540945, "xhr": 0.6142935506621738, "plugin": 0.001018728939738265, "media": 0.053835906276937545, "referer_leaked": 0.9135125251417078, "referer_leaked_header": 0.8184572786876682, "referer_leaked_url": 0.0, "hosts": 8.170859128072513, "trackers": 7.226810855993522, "companies": 5.953713136379072}