{"id": "symfony.com", "month": "2019-04", "country": "global", "site": "symfony.com", "category": "Business", "popularity": 0.0002457290531240955, "cookies": 0.2920505923424712, "bad_qs": 0.0026040176271962456, "tracked": 0.2925370571739255, "https": 0.9880100726835689, "requests": 10.106306873461913, "requests_tracking": 0.8162593716019001, "content_length": 44169.79325244663, "requests_failed": 3.8125393464201913, "has_blocking": 0.2823212957133864, "script": 0.9919590224918445, "iframe": 0.008956676014422252, "beacon": 8.58467349625136e-05, "image": 0.955874778229268, "stylesheet": 0.24048532020832142, "font": 0.022978309391632805, "xhr": 0.009843758942368224, "plugin": 0.0, "media": 0.00020030904824586504, "referer_leaked": 0.918474217363933, "referer_leaked_header": 0.8972414582498712, "referer_leaked_url": 0.0, "hosts": 3.8908601842843242, "trackers": 3.7120986665140503, "companies": 2.6002117552795743}