{"id": "synchronycredit.com", "month": "2019-04", "country": "global", "site": "synchronycredit.com", "category": "Business", "popularity": 0.0003715046947778097, "cookies": 0.4760850226184392, "bad_qs": 0.12458122764181477, "tracked": 0.5304639145988302, "https": 0.9978044025514357, "requests": 34.18009577347491, "requests_tracking": 3.5282304620218423, "content_length": 116978.52139761134, "requests_failed": 11.443983873715291, "has_blocking": 0.34378134877822575, "script": 0.9951923986902126, "iframe": 0.9679177786610641, "beacon": 9.463782105880795e-05, "image": 0.6471523479643405, "stylesheet": 0.039482898945734674, "font": 0.008252417996328053, "xhr": 0.9676149376336759, "plugin": 0.008365983381598623, "media": 0.00017034807790585428, "referer_leaked": 0.9873942422349667, "referer_leaked_header": 0.985633978763273, "referer_leaked_url": 0.0, "hosts": 4.973501410103534, "trackers": 3.998864346147294, "companies": 3.480230159180815}