{"id": "syosetu.org", "month": "2019-04", "country": "global", "site": "syosetu.org", "category": "Entertainment", "popularity": 0.00040892729023155077, "cookies": 0.5621356719112716, "bad_qs": 0.0005158627805003869, "tracked": 0.5621356719112716, "https": 0.9994325509414496, "requests": 9.536067406069986, "requests_tracking": 2.054664259307024, "content_length": 108995.23839738629, "requests_failed": 4.927400911357579, "has_blocking": 0.38786002923222423, "script": 0.9654028028544407, "iframe": 0.3169632877654544, "beacon": 0.0007565987447339008, "image": 0.41133178574499185, "stylesheet": 0.036093199209010406, "font": 0.015596251397128363, "xhr": 0.141346401857106, "plugin": 1.7195426016679562e-05, "media": 0.0, "referer_leaked": 0.9216748344940245, "referer_leaked_header": 0.9211245808614908, "referer_leaked_url": 0.0, "hosts": 5.010575187000258, "trackers": 4.681024847390594, "companies": 2.39140228699166}