{"id": "syosetu.com", "month": "2019-04", "country": "global", "site": "syosetu.com", "category": "Entertainment", "popularity": 0.0028389700654816667, "cookies": 0.5763907465200376, "bad_qs": 0.006449695348491604, "tracked": 0.5767523653836627, "https": 0.890947144201714, "requests": 18.557410709862783, "requests_tracking": 2.3860628127012435, "content_length": 105961.44823153515, "requests_failed": 13.655644721850695, "has_blocking": 0.5406697379501659, "script": 0.98775449546738, "iframe": 0.6082800812404022, "beacon": 0.0006390251151731312, "image": 0.417142220240749, "stylesheet": 0.0802992024570268, "font": 0.004859563085153812, "xhr": 0.23020012879575966, "plugin": 0.0040347748551047705, "media": 2.476841531678803e-06, "referer_leaked": 0.926271858126517, "referer_leaked_header": 0.9196611680784663, "referer_leaked_url": 0.0, "hosts": 5.939740922375786, "trackers": 4.955255857730222, "companies": 3.173054440976866}