{"id": "systemed.fr", "month": "2019-04", "country": "global", "site": "systemed.fr", "category": "Reference", "popularity": 0.0002293874312085573, "cookies": 0.8160137330635767, "bad_qs": 0.014713996689350745, "tracked": 0.816289620501502, "https": 0.9104898534731163, "requests": 38.733462080804365, "requests_tracking": 9.974649009870639, "content_length": 713686.1335908283, "requests_failed": 15.645423333946416, "has_blocking": 0.5653240144687635, "script": 0.9982527128931395, "iframe": 0.9954938385138863, "beacon": 0.11670038624241309, "image": 0.9627245417203114, "stylesheet": 0.99763962969775, "font": 0.26712034823125497, "xhr": 0.5457973146956042, "plugin": 0.0007050456746980565, "media": 0.01449941757096438, "referer_leaked": 0.9985899086506039, "referer_leaked_header": 0.9984366378517565, "referer_leaked_url": 0.0, "hosts": 15.974710318190178, "trackers": 14.766905769112869, "companies": 8.772515480350684}