{"id": "sz-online.de", "month": "2019-04", "country": "global", "site": "sz-online.de", "category": "News and Portals", "popularity": 8.648965127414796e-07, "cookies": 0.1951219512195122, "bad_qs": 0.024390243902439025, "tracked": 0.1951219512195122, "https": 0.8861788617886179, "requests": 16.398373983739837, "requests_tracking": 3.894308943089431, "content_length": 204068.62601626015, "requests_failed": 5.1138211382113825, "has_blocking": 0.08943089430894309, "script": 0.926829268292683, "iframe": 0.08130081300813008, "beacon": 0.0, "image": 0.17073170731707318, "stylesheet": 0.926829268292683, "font": 0.7235772357723578, "xhr": 0.12195121951219512, "plugin": 0.0, "media": 0.0, "referer_leaked": 0.9512195121951219, "referer_leaked_header": 0.9512195121951219, "referer_leaked_url": 0.0, "hosts": 4.975609756097561, "trackers": 4.658536585365853, "companies": 4.08130081300813}