{"id": "t-mobile.de", "month": "2019-04", "country": "global", "site": "t-mobile.de", "category": "Business", "popularity": 6.483911173974946e-05, "cookies": 0.9433900878429672, "bad_qs": 0.003144995119835159, "tracked": 0.9457759462097386, "https": 0.9965296605574233, "requests": 20.02038824422514, "requests_tracking": 12.511224379134584, "content_length": 95196.35863789177, "requests_failed": 3.2367422188482813, "has_blocking": 0.23164515779199654, "script": 0.9918663919314608, "iframe": 0.007049126992733977, "beacon": 0.410584535299859, "image": 0.9439323283808697, "stylesheet": 0.9463181867476412, "font": 0.05270578028413404, "xhr": 0.020496692332718794, "plugin": 0.0, "media": 0.0, "referer_leaked": 0.969092289339551, "referer_leaked_header": 0.966381086650038, "referer_leaked_url": 0.0, "hosts": 3.9407873332610346, "trackers": 2.998915518924195, "companies": 2.942956295412645}