{"id": "t-mobile.com", "month": "2019-04", "country": "global", "site": "t-mobile.com", "category": "Business", "popularity": 0.0006833596568923188, "cookies": 0.7933280512023708, "bad_qs": 0.14574565510428777, "tracked": 0.796456170317854, "https": 0.9711369272403609, "requests": 84.76754164823066, "requests_tracking": 15.279277239846476, "content_length": 1006578.6309745532, "requests_failed": 29.60330510480228, "has_blocking": 0.4824917938322546, "script": 0.9714044637436589, "iframe": 0.9376639947315889, "beacon": 0.0451930893263225, "image": 0.9337950052992807, "stylesheet": 0.4976693454616548, "font": 0.20628093390819383, "xhr": 0.917392959674017, "plugin": 0.0015640595577415804, "media": 0.005834353744996553, "referer_leaked": 0.9766831647510367, "referer_leaked_header": 0.9590360453988866, "referer_leaked_url": 0.0, "hosts": 19.990523033863948, "trackers": 15.946256032433656, "companies": 13.145303190887295}