{"id": "t-online.de", "month": "2019-04", "country": "global", "site": "t-online.de", "category": "News and Portals", "popularity": 0.008642193620571137, "cookies": 0.87223004677646, "bad_qs": 0.13556874203136277, "tracked": 0.874605890628191, "https": 0.950529560948938, "requests": 266.9967145008653, "requests_tracking": 89.13837419052477, "content_length": 37578434.88177085, "requests_failed": 110.63608255894655, "has_blocking": 0.4141315517759026, "script": 0.9936698406964152, "iframe": 0.912843958318586, "beacon": 0.3123144380519057, "image": 0.9612078399592526, "stylesheet": 0.7193257810790074, "font": 0.10181467278853282, "xhr": 0.5141854964496594, "plugin": 0.003750904163178163, "media": 0.02143141337486178, "referer_leaked": 0.9831420860397205, "referer_leaked_header": 0.958604175464205, "referer_leaked_url": 0.0, "hosts": 21.47153421744016, "trackers": 18.587999384884263, "companies": 15.275091799514579}