{"id": "t.me", "month": "2019-04", "country": "global", "site": "t.me", "category": "Entertainment", "popularity": 0.0002856689896474419, "cookies": 0.24755082951804264, "bad_qs": 0.005981391227292867, "tracked": 0.24831388765814996, "https": 0.9391522670211195, "requests": 13.7358588096293, "requests_tracking": 1.2893959533303796, "content_length": 316712.49150790134, "requests_failed": 4.378673755722936, "has_blocking": 0.29257125978437454, "script": 0.9778713139368878, "iframe": 0.017771870230886624, "beacon": 4.922955742627874e-05, "image": 0.9771082557967804, "stylesheet": 0.9501058435484665, "font": 0.8565450696598238, "xhr": 0.01954413429823266, "plugin": 0.0025845517648796336, "media": 0.027199330478019004, "referer_leaked": 0.957441047604982, "referer_leaked_header": 0.9569241372520061, "referer_leaked_url": 0.0, "hosts": 4.736498793875843, "trackers": 3.9117806330921083, "companies": 2.1036282183823167}