{"id": "tableau.com", "month": "2019-04", "country": "global", "site": "tableau.com", "category": "Business", "popularity": 0.0005674002390742721, "cookies": 0.6339042284241313, "bad_qs": 0.04698111336935508, "tracked": 0.6342760124919447, "https": 0.8829128042432955, "requests": 82.1762752193526, "requests_tracking": 16.84232637684033, "content_length": 1443949.8436524067, "requests_failed": 16.170698458335398, "has_blocking": 0.41384523868537154, "script": 0.93459078966936, "iframe": 0.24128786001090566, "beacon": 0.014536757051504486, "image": 0.8265999107718237, "stylesheet": 0.4093590442670897, "font": 0.34204134238834083, "xhr": 0.5531527288950577, "plugin": 0.0002602488474693898, "media": 0.04613840281564467, "referer_leaked": 0.7423536410053041, "referer_leaked_header": 0.6210652852823081, "referer_leaked_url": 0.0, "hosts": 8.779470083775344, "trackers": 6.707988400337085, "companies": 5.205485054280474}