{"id": "taboola.com", "month": "2019-04", "country": "global", "site": "taboola.com", "category": "Business", "popularity": 0.00023229854630022376, "cookies": 0.6291318561569197, "bad_qs": 0.04249909189974573, "tracked": 0.6301610364450903, "https": 0.9933103281268919, "requests": 49.50977721273762, "requests_tracking": 7.4721515922024455, "content_length": 498693.5537595351, "requests_failed": 10.301156314323768, "has_blocking": 0.25581184162731563, "script": 0.9741796827703112, "iframe": 0.7191548613633612, "beacon": 0.002815110788231021, "image": 0.8065141058239497, "stylesheet": 0.1326734471485652, "font": 0.03638455018767405, "xhr": 0.7323525850587238, "plugin": 6.054001695120475e-05, "media": 0.0009081002542680712, "referer_leaked": 0.8976571013439884, "referer_leaked_header": 0.555575735561206, "referer_leaked_url": 0.0, "hosts": 6.4256568591839205, "trackers": 5.389363119021674, "companies": 3.6385458287928323}