{"id": "tagesschau.de", "month": "2019-04", "country": "global", "site": "tagesschau.de", "category": "News and Portals", "popularity": 0.002141772064385484, "cookies": 0.5346713111767004, "bad_qs": 0.11038481363411022, "tracked": 0.5421666573645142, "https": 0.973978049108799, "requests": 21.863179563280355, "requests_tracking": 12.978574406823622, "content_length": 20120666.721779183, "requests_failed": 5.587519575559196, "has_blocking": 0.21913792027945855, "script": 0.8408051505471307, "iframe": 0.06856124154188102, "beacon": 0.00029548013881000297, "image": 0.9048291304019515, "stylesheet": 0.03133074405182065, "font": 0.007712031622941078, "xhr": 0.10724287482476386, "plugin": 0.0022029685904612446, "media": 5.581291510855612e-05, "referer_leaked": 0.8149769033024831, "referer_leaked_header": 0.8100292525337421, "referer_leaked_url": 0.0, "hosts": 2.5210069963130644, "trackers": 2.4947847755500034, "companies": 2.485467301839528}