{"id": "tagesspiegel.de", "month": "2019-04", "country": "global", "site": "tagesspiegel.de", "category": "News and Portals", "popularity": 0.000781985986060709, "cookies": 0.8190074544326449, "bad_qs": 0.12474709780683219, "tracked": 0.8205810680790224, "https": 0.9918711615067126, "requests": 77.87813036714654, "requests_tracking": 20.643302250717117, "content_length": 696334.2320585564, "requests_failed": 26.863734050301684, "has_blocking": 0.531494753122499, "script": 0.9734463937271264, "iframe": 0.8275769047469179, "beacon": 0.08904854822901025, "image": 0.9619545180695807, "stylesheet": 0.5442994721650226, "font": 0.22149286478612343, "xhr": 0.8213723709412007, "plugin": 0.0023739085865352623, "media": 0.023775054177269824, "referer_leaked": 0.9592658867537699, "referer_leaked_header": 0.9408141427402459, "referer_leaked_url": 0.0, "hosts": 19.414516810689783, "trackers": 16.647699376848998, "companies": 14.221097213355034}