{"id": "talkingpointsmemo.com", "month": "2019-04", "country": "global", "site": "talkingpointsmemo.com", "category": "News and Portals", "popularity": 0.0004893626659165084, "cookies": 0.7664310141678881, "bad_qs": 0.08401586343650315, "tracked": 0.7674081098945311, "https": 0.9881598988418542, "requests": 74.89769232979855, "requests_tracking": 14.538609650257206, "content_length": 1724843.553783372, "requests_failed": 24.619191309595656, "has_blocking": 0.46274104089433, "script": 0.9802712877546915, "iframe": 0.8948328878926344, "beacon": 0.004339454550679656, "image": 0.9968244388884099, "stylesheet": 0.987154065005604, "font": 0.803488806506308, "xhr": 0.524513607494899, "plugin": 0.0005747621921430009, "media": 0.004123918728626031, "referer_leaked": 0.9967813317239992, "referer_leaked_header": 0.9954162715176595, "referer_leaked_url": 0.0, "hosts": 20.574000632238413, "trackers": 17.34879443630198, "companies": 15.168031726873007}