{"id": "talk-mailer.de", "month": "2019-04", "country": "global", "site": "talk-mailer.de", "category": "Business", "popularity": 0.00020244203741322925, "cookies": 0.9307398402222994, "bad_qs": 0.07280305661688086, "tracked": 0.9308440430705106, "https": 0.7060437651962487, "requests": 63.92358457797847, "requests_tracking": 17.280791941646406, "content_length": 1126194.0461618619, "requests_failed": 9.16773185133727, "has_blocking": 0.007606807919416464, "script": 0.8940951719346996, "iframe": 0.9997915943035777, "beacon": 0.03334491142757902, "image": 0.7181312955887461, "stylesheet": 0.9017714484195901, "font": 0.15460229246266063, "xhr": 0.7137200416811393, "plugin": 0.0008683570684265369, "media": 0.017679749913164292, "referer_leaked": 0.5953456061132337, "referer_leaked_header": 0.5889544980896144, "referer_leaked_url": 0.0, "hosts": 5.601563042723168, "trackers": 3.02021535255297, "companies": 2.276276484890587}