{"id": "tappedout.net", "month": "2019-04", "country": "global", "site": "tappedout.net", "category": "Reference", "popularity": 0.00035855234212358363, "cookies": 0.4980094526485066, "bad_qs": 0.013374909297719206, "tracked": 0.498774293502775, "https": 0.5671589103959522, "requests": 123.88490125708458, "requests_tracking": 22.55607852366104, "content_length": 243567.2171559687, "requests_failed": 90.40713067011825, "has_blocking": 0.496518993547881, "script": 0.9964503539840364, "iframe": 0.058480908395599225, "beacon": 0.005236218156145202, "image": 0.4021297876095782, "stylesheet": 0.07587613500421643, "font": 0.04798886077935322, "xhr": 0.980192583004844, "plugin": 0.0, "media": 0.002745582553784001, "referer_leaked": 0.7052224902433762, "referer_leaked_header": 0.7021631268263027, "referer_leaked_url": 0.0, "hosts": 11.033594163675943, "trackers": 10.350277499950971, "companies": 8.448804691023906}