{"id": "targobank.de", "month": "2019-04", "country": "global", "site": "targobank.de", "category": "Business", "popularity": 0.00040394182984509786, "cookies": 0.28788775545729905, "bad_qs": 0.007346029314486648, "tracked": 0.2891759217351948, "https": 0.9993559168610521, "requests": 10.938185426313407, "requests_tracking": 1.8982000487414268, "content_length": 170907.64110643038, "requests_failed": 2.7104062946071092, "has_blocking": 0.10620408731678446, "script": 0.972913692859381, "iframe": 0.31711520384360964, "beacon": 0.0016015040211677053, "image": 0.34354002019287677, "stylesheet": 0.5146572433241653, "font": 0.10181735891097726, "xhr": 0.07899592660933746, "plugin": 0.0009574208822198238, "media": 0.00015666887163597116, "referer_leaked": 0.9033875291578177, "referer_leaked_header": 0.9003760052919263, "referer_leaked_url": 0.0, "hosts": 2.3179159558541933, "trackers": 2.256118789820005, "companies": 1.422831876893082}