{"id": "target.com", "month": "2019-04", "country": "global", "site": "target.com", "category": "Business", "popularity": 0.0011007179302033577, "cookies": 0.7730185195832295, "bad_qs": 0.09701220797638897, "tracked": 0.7787424059487533, "https": 0.9857030606182564, "requests": 187.07731079553076, "requests_tracking": 14.762707858206047, "content_length": 3992803.8347100047, "requests_failed": 51.099989139947745, "has_blocking": 0.44538990781732113, "script": 0.9829816592882193, "iframe": 0.63889687422143, "beacon": 0.0035454876482876253, "image": 0.9671068181963369, "stylesheet": 0.2087302043606304, "font": 0.281569213668334, "xhr": 0.7750372116496419, "plugin": 0.0016673374346001266, "media": 0.02645380964244875, "referer_leaked": 0.9625775375789749, "referer_leaked_header": 0.9112925378664469, "referer_leaked_url": 0.0, "hosts": 13.28593239936884, "trackers": 10.027290672492764, "companies": 7.92337913720079}