{"id": "taxslayer.com", "month": "2019-04", "country": "global", "site": "taxslayer.com", "category": "Business", "popularity": 0.00027762474891104957, "cookies": 0.6733448153588977, "bad_qs": 0.02824071728889114, "tracked": 0.6747125272275973, "https": 0.9962514563598602, "requests": 66.00448305556962, "requests_tracking": 4.567169849551695, "content_length": 469901.489286257, "requests_failed": 21.064409097816725, "has_blocking": 0.5799858163213616, "script": 0.9970112962869155, "iframe": 0.444177093358999, "beacon": 0.070411833240464, "image": 0.9238387113114838, "stylesheet": 0.975279874373132, "font": 0.1892254698343549, "xhr": 0.7093105719061851, "plugin": 0.002912719720378907, "media": 0.00260878374955676, "referer_leaked": 0.9896408489944785, "referer_leaked_header": 0.9812319538017324, "referer_leaked_url": 0.0, "hosts": 14.033762220758828, "trackers": 12.95301656451041, "companies": 9.432298262499367}