{"id": "tcafe2a.com", "month": "2019-04", "country": "global", "site": "tcafe2a.com", "category": "Entertainment", "popularity": 0.0002103737712861755, "cookies": 0.9204492278895648, "bad_qs": 0.024867972458052008, "tracked": 0.920582926666221, "https": 0.00772110435189518, "requests": 61.50738685741025, "requests_tracking": 28.56093321746106, "content_length": 4586231.987766562, "requests_failed": 19.445283775653454, "has_blocking": 0.34604585868039306, "script": 0.9979945183501571, "iframe": 0.2696035831272144, "beacon": 0.007420282104418745, "image": 0.9545089912427301, "stylesheet": 0.12982151213316398, "font": 0.06614746975065178, "xhr": 0.07634200147068654, "plugin": 0.0006684938832809679, "media": 0.004746306571294873, "referer_leaked": 0.9766695634734942, "referer_leaked_header": 0.9700180493348486, "referer_leaked_url": 0.0, "hosts": 6.10749381643158, "trackers": 5.216291195935558, "companies": 2.7185306504445483}