{"id": "tcgplayer.com", "month": "2019-04", "country": "global", "site": "tcgplayer.com", "category": "Entertainment", "popularity": 0.0007403936049804989, "cookies": 0.677930366402644, "bad_qs": 0.02957433471992706, "tracked": 0.6792599768267897, "https": 0.9775580754838832, "requests": 56.98467149125306, "requests_tracking": 5.036697247706422, "content_length": 868318.3169411363, "requests_failed": 17.411001576538073, "has_blocking": 0.41463901076984444, "script": 0.9980910593196194, "iframe": 0.31913499344692003, "beacon": 0.030609531407297663, "image": 0.9630463274260641, "stylesheet": 0.41428761372917733, "font": 0.43378540087754286, "xhr": 0.29115619123596786, "plugin": 1.899443463065322e-05, "media": 1.899443463065322e-05, "referer_leaked": 0.9876916063593367, "referer_leaked_header": 0.9789351719946056, "referer_leaked_url": 0.0, "hosts": 11.079168803540563, "trackers": 10.221807510399453, "companies": 7.681767242198036}