{"id": "tchibo.de", "month": "2019-04", "country": "global", "site": "tchibo.de", "category": "Business", "popularity": 0.0006582635946648851, "cookies": 0.9143504176725703, "bad_qs": 0.12277009848954216, "tracked": 0.9146281539086034, "https": 0.9974790095498537, "requests": 140.34831328647425, "requests_tracking": 14.645843570406136, "content_length": 2260324.1937317066, "requests_failed": 42.3999722263764, "has_blocking": 0.349680603328562, "script": 0.9948939261221612, "iframe": 0.9347747131839255, "beacon": 0.13210630888542313, "image": 0.9840942594056444, "stylesheet": 0.9932381908688871, "font": 0.3445318007990258, "xhr": 0.04597602922639776, "plugin": 0.0008438908710235648, "media": 0.0012711773879975218, "referer_leaked": 0.9900121776657338, "referer_leaked_header": 0.9804730061742901, "referer_leaked_url": 0.0, "hosts": 14.666139679962399, "trackers": 13.565609844681351, "companies": 11.11436323626808}