{"id": "td.com", "month": "2019-04", "country": "global", "site": "td.com", "category": "Banking", "popularity": 0.0007793983282014499, "cookies": 0.7066879584269359, "bad_qs": 0.03980476538465008, "tracked": 0.7084111474995715, "https": 0.9191364206385724, "requests": 117.3754657572559, "requests_tracking": 49.05894930576231, "content_length": 186773.14269990346, "requests_failed": 49.632229951010906, "has_blocking": 0.36126523578820113, "script": 0.976227208343483, "iframe": 0.68636154491569, "beacon": 0.0021021102299690546, "image": 0.6454200160590395, "stylesheet": 0.27139776797394466, "font": 0.026524481013343437, "xhr": 0.6256078526898892, "plugin": 0.009067041979051072, "media": 0.0003157676311112314, "referer_leaked": 0.7668371811874667, "referer_leaked_header": 0.5025938055412709, "referer_leaked_url": 0.0, "hosts": 5.907994334226505, "trackers": 4.9661046002832885, "companies": 3.9053689519221226}