{"id": "teacherspayteachers.com", "month": "2019-04", "country": "global", "site": "teacherspayteachers.com", "category": "Business", "popularity": 0.0002961040012320627, "cookies": 0.7462835431014011, "bad_qs": 0.029660413203514605, "tracked": 0.7466160056993588, "https": 0.9874614105913084, "requests": 26.445998575160296, "requests_tracking": 7.21612443600095, "content_length": 260831.70790786037, "requests_failed": 9.05179292329613, "has_blocking": 0.5203039658038471, "script": 0.9987176442650202, "iframe": 0.6597245309902636, "beacon": 0.042412728568036094, "image": 0.749631916409404, "stylesheet": 0.23478983614343385, "font": 0.017596770363334124, "xhr": 0.45483258133459986, "plugin": 0.0003324625979577298, "media": 4.749465685110425e-05, "referer_leaked": 0.9324151033008786, "referer_leaked_header": 0.9260270719544051, "referer_leaked_url": 0.0, "hosts": 9.186725243410116, "trackers": 8.340774162906673, "companies": 6.976015198290193}