{"id": "teamviewer.com", "month": "2019-04", "country": "global", "site": "teamviewer.com", "category": "Business", "popularity": 0.0011383233493101987, "cookies": 0.5348920530005868, "bad_qs": 0.015313339716465393, "tracked": 0.5365290175124316, "https": 0.9952373598542175, "requests": 25.58230842882293, "requests_tracking": 2.4802297927541157, "content_length": 401474.6123915125, "requests_failed": 7.192204342588875, "has_blocking": 0.42170058992494674, "script": 0.9185532940050035, "iframe": 0.1800413874046391, "beacon": 0.01534422583933039, "image": 0.7612873336010131, "stylesheet": 0.8589863174475708, "font": 0.6063378324118973, "xhr": 0.6397875034746888, "plugin": 0.0005868363344349384, "media": 0.0003644562498069617, "referer_leaked": 0.8074744417333292, "referer_leaked_header": 0.6462859437254841, "referer_leaked_url": 0.0, "hosts": 6.536745220372486, "trackers": 5.184995521512184, "companies": 3.806869073725175}