{"id": "technopoint.ru", "month": "2019-04", "country": "global", "site": "technopoint.ru", "category": "E-Commerce", "popularity": 0.0003971351646066121, "cookies": 0.5505683629023691, "bad_qs": 0.05024965473281632, "tracked": 0.5782251496157796, "https": 0.9982116930486207, "requests": 22.05189631360884, "requests_tracking": 4.218952512482737, "content_length": 288047.7268493927, "requests_failed": 14.352703707638373, "has_blocking": 0.5237437586316795, "script": 0.9907751690923899, "iframe": 0.03025957009809129, "beacon": 0.060554552215021776, "image": 0.9894472183859202, "stylesheet": 0.0900881759269096, "font": 0.06963773504727505, "xhr": 0.2624384716172669, "plugin": 0.0, "media": 0.0001593540847763731, "referer_leaked": 0.6574949537873154, "referer_leaked_header": 0.6197988597329934, "referer_leaked_url": 0.0, "hosts": 6.006515811466412, "trackers": 5.76098657884486, "companies": 5.252930344558943}