{"id": "techspot.com", "month": "2019-04", "country": "global", "site": "techspot.com", "category": "Entertainment", "popularity": 0.0002982556949954683, "cookies": 0.5040786495662014, "bad_qs": 0.01999245567710298, "tracked": 0.5067191625801585, "https": 0.9448557148245945, "requests": 30.317710298000755, "requests_tracking": 3.8620567710298, "content_length": 535150.8741748397, "requests_failed": 13.593808940022633, "has_blocking": 0.49912768766503207, "script": 0.9836854017351943, "iframe": 0.8344492644285175, "beacon": 0.03409090909090909, "image": 0.7543615616748397, "stylesheet": 0.9752687665032064, "font": 0.7048990946812523, "xhr": 0.7065729913240286, "plugin": 0.0021925688419464355, "media": 0.0009194643530743116, "referer_leaked": 0.9863494907582044, "referer_leaked_header": 0.9804083364768013, "referer_leaked_url": 0.0, "hosts": 11.122500943040363, "trackers": 9.675169747265183, "companies": 4.967960203696718}