{"id": "tecmundo.com.br", "month": "2019-04", "country": "global", "site": "tecmundo.com.br", "category": "Entertainment", "popularity": 0.0002424522907262294, "cookies": 0.9740429234338747, "bad_qs": 0.0486368909512761, "tracked": 0.974477958236659, "https": 0.9850928074245939, "requests": 121.39825986078887, "requests_tracking": 23.447853828306265, "content_length": 2083136.391560325, "requests_failed": 35.25107308584687, "has_blocking": 0.540661252900232, "script": 0.9980858468677494, "iframe": 0.9042343387470998, "beacon": 0.004205336426914153, "image": 0.9963747099767981, "stylesheet": 0.9967807424593967, "font": 0.7402262180974478, "xhr": 0.8115139211136891, "plugin": 0.0008700696055684454, "media": 0.005452436194895592, "referer_leaked": 0.9940255220417633, "referer_leaked_header": 0.982308584686775, "referer_leaked_url": 0.0, "hosts": 17.29251740139211, "trackers": 14.699825986078887, "companies": 9.650957076566126}