{"id": "ted.com", "month": "2019-04", "country": "global", "site": "ted.com", "category": "Reference", "popularity": 0.00033559391030162485, "cookies": 0.5140594225369819, "bad_qs": 0.025080668817835144, "tracked": 0.5146461048485103, "https": 0.9860243892218078, "requests": 162.3902904077442, "requests_tracking": 13.50859070527595, "content_length": 91913835.24294934, "requests_failed": 29.170473117378368, "has_blocking": 0.46850773163474835, "script": 0.9922055064325525, "iframe": 0.16368436491639776, "beacon": 0.010036458115073544, "image": 0.9721744960818003, "stylesheet": 0.9531701797762226, "font": 0.9358420986464401, "xhr": 0.5491346435904958, "plugin": 0.002095293969743955, "media": 0.0067049407031806564, "referer_leaked": 0.9503415329170682, "referer_leaked_header": 0.9179063822654319, "referer_leaked_url": 0.0, "hosts": 6.952185391610443, "trackers": 6.417340652893601, "companies": 3.4227046054561456}