{"id": "teleboerse.de", "month": "2019-04", "country": "global", "site": "teleboerse.de", "category": "News and Portals", "popularity": 7.803054147879837e-05, "cookies": 0.8779850410020726, "bad_qs": 0.15139226818058935, "tracked": 0.8779850410020726, "https": 0.998918626655853, "requests": 103.39136703613589, "requests_tracking": 38.37983238713166, "content_length": 1447858.1518428405, "requests_failed": 31.822925114895916, "has_blocking": 0.4468775344687753, "script": 0.988825808777147, "iframe": 0.31458952870145085, "beacon": 0.14319185365414075, "image": 0.9961250788501397, "stylesheet": 0.9426872127602055, "font": 0.02360998468054429, "xhr": 0.9425069838695143, "plugin": 0.0003604577813823556, "media": 0.015229341263404524, "referer_leaked": 0.9958547355141029, "referer_leaked_header": 0.9957646210687573, "referer_leaked_url": 0.0, "hosts": 19.100477606560332, "trackers": 16.4443543299991, "companies": 14.139677390285662}