{"id": "teleman.pl", "month": "2019-04", "country": "global", "site": "teleman.pl", "category": "Entertainment", "popularity": 0.00023717149982323062, "cookies": 0.18716831213495805, "bad_qs": 0.0058406712324705744, "tracked": 0.18802810637730144, "https": 0.9967980076492039, "requests": 9.177651279314537, "requests_tracking": 0.7720952296243588, "content_length": 103595.84556316523, "requests_failed": 3.9472560704438315, "has_blocking": 0.4202318479646595, "script": 0.9885558421536363, "iframe": 0.1761095792937828, "beacon": 0.008093925108956684, "image": 0.21574905867354502, "stylesheet": 0.9783569035548044, "font": 0.4313202288831569, "xhr": 0.09161255892555367, "plugin": 0.0005633134691215275, "media": 2.9648077322185657e-05, "referer_leaked": 0.9654896379969758, "referer_leaked_header": 0.9602715763882712, "referer_leaked_url": 0.0, "hosts": 5.363781908743218, "trackers": 5.000652257701088, "companies": 1.3333036852560112}