{"id": "tele2.ru", "month": "2019-04", "country": "global", "site": "tele2.ru", "category": "Business", "popularity": 0.0001474894662988011, "cookies": 0.6893444576877235, "bad_qs": 0.09182359952324196, "tracked": 0.7180929678188319, "https": 0.9780214541120381, "requests": 118.01940405244339, "requests_tracking": 31.26822407628129, "content_length": 800431.9530870083, "requests_failed": 45.89849821215733, "has_blocking": 0.44576877234803336, "script": 0.9835041716328963, "iframe": 0.6698450536352801, "beacon": 0.08252681764004767, "image": 0.7147079856972587, "stylesheet": 0.6041954707985697, "font": 0.44905840286054827, "xhr": 0.6181168057210965, "plugin": 0.003194278903456496, "media": 4.767580452920143e-05, "referer_leaked": 0.7949463647199047, "referer_leaked_header": 0.7405959475566151, "referer_leaked_url": 0.0, "hosts": 19.30688915375447, "trackers": 14.541263408820024, "companies": 11.75289630512515}