{"id": "telekom.com", "month": "2019-04", "country": "global", "site": "telekom.com", "category": "Business", "popularity": 0.0006813837551030476, "cookies": 0.48631607190770054, "bad_qs": 0.02186745371612557, "tracked": 0.49390105467379414, "https": 0.9957482817692102, "requests": 4.575870467069823, "requests_tracking": 0.9240882541124023, "content_length": 46902.13855235186, "requests_failed": 1.4997007285711337, "has_blocking": 0.02498400445811232, "script": 0.18769478442137416, "iframe": 0.08241315968710657, "beacon": 0.0002786320199789478, "image": 0.9334895048605808, "stylesheet": 0.07281583455449836, "font": 0.006697488183938412, "xhr": 0.01218757094796805, "plugin": 0.0007533384243875255, "media": 0.0007533384243875255, "referer_leaked": 0.9436131349198159, "referer_leaked_header": 0.9433035437865059, "referer_leaked_url": 0.0, "hosts": 1.4994427359600422, "trackers": 1.3905801737838228, "companies": 1.343140492456296}