{"id": "telechargerunevideo.com", "month": "2019-04", "country": "global", "site": "telechargerunevideo.com", "category": "Business", "popularity": 0.0001749200459427402, "cookies": 0.8214745135873934, "bad_qs": 0.014150184917189258, "tracked": 0.8223990995336871, "https": 0.9813072841292813, "requests": 26.465307927319504, "requests_tracking": 5.738181379643029, "content_length": 16196773.181741437, "requests_failed": 12.44130889210484, "has_blocking": 0.6453609905129442, "script": 0.9782521305676154, "iframe": 0.7921289596398134, "beacon": 0.022994050490432544, "image": 0.8808088117060621, "stylesheet": 0.9605242000321595, "font": 0.4062148255346519, "xhr": 0.2937771345875543, "plugin": 0.0014069786139250683, "media": 0.000844187168355041, "referer_leaked": 0.9573082489146165, "referer_leaked_header": 0.9535295063515035, "referer_leaked_url": 0.0, "hosts": 11.873934716192315, "trackers": 9.117181218845474, "companies": 5.640014471780029}