{"id": "telstra.com.au", "month": "2019-04", "country": "global", "site": "telstra.com.au", "category": "Business", "popularity": 0.0002485557880681774, "cookies": 0.8052789408170193, "bad_qs": 0.12224171098789181, "tracked": 0.8080796650446984, "https": 0.9258515333257893, "requests": 35.694692769039264, "requests_tracking": 10.073950435668213, "content_length": 269451.3825959036, "requests_failed": 12.270482064048885, "has_blocking": 0.452670589566595, "script": 0.9755007355437365, "iframe": 0.6349439855154464, "beacon": 0.05213873486477311, "image": 0.549762362792803, "stylesheet": 0.13273735430575986, "font": 0.08359737467466334, "xhr": 0.7451906755686319, "plugin": 0.0020086002036890345, "media": 0.009760099581305873, "referer_leaked": 0.8994002489532646, "referer_leaked_header": 0.8706857530836256, "referer_leaked_url": 0.0, "hosts": 8.953887065746294, "trackers": 7.4964637320357586, "companies": 5.162074233337106}