{"id": "teltarif.de", "month": "2019-04", "country": "global", "site": "teltarif.de", "category": "Reference", "popularity": 0.00012019248855520416, "cookies": 0.5292224887380799, "bad_qs": 0.1228573100099456, "tracked": 0.5330252150002925, "https": 0.9975428537998011, "requests": 45.15439068624583, "requests_tracking": 10.27087111683145, "content_length": 78902.28432691745, "requests_failed": 31.29199087345697, "has_blocking": 0.47235710524776225, "script": 0.9753700345170537, "iframe": 0.163575732756099, "beacon": 0.04814836482770725, "image": 0.8141344409992395, "stylesheet": 0.059732054057216405, "font": 0.054349733809161645, "xhr": 0.16620838939916924, "plugin": 0.0014040835429708068, "media": 0.00023401392382846778, "referer_leaked": 0.6485110864096414, "referer_leaked_header": 0.6435382905282865, "referer_leaked_url": 0.0, "hosts": 6.235769028257181, "trackers": 5.713157432867256, "companies": 5.0049142924003975}