{"id": "temp-mail.org", "month": "2019-04", "country": "global", "site": "temp-mail.org", "category": "Business", "popularity": 0.0001866910765307828, "cookies": 0.4362335216572505, "bad_qs": 0.04662900188323917, "tracked": 0.4383050847457627, "https": 0.8742372881355932, "requests": 56.591487758945384, "requests_tracking": 19.950546139359698, "content_length": 158935.36165725047, "requests_failed": 25.501619585687383, "has_blocking": 0.5056873822975518, "script": 0.984406779661017, "iframe": 0.13540489642184558, "beacon": 0.01935969868173258, "image": 0.9627495291902072, "stylesheet": 0.5515254237288135, "font": 0.5064783427495292, "xhr": 0.09077212806026365, "plugin": 0.00033898305084745765, "media": 0.0004519774011299435, "referer_leaked": 0.9506591337099811, "referer_leaked_header": 0.9486629001883239, "referer_leaked_url": 0.0, "hosts": 13.05578154425612, "trackers": 11.26, "companies": 7.238719397363465}