{"id": "tenki.jp", "month": "2019-04", "country": "global", "site": "tenki.jp", "category": "Reference", "popularity": 0.0002919271839266282, "cookies": 0.7670054918585606, "bad_qs": 0.04896907216494845, "tracked": 0.7670295789575103, "https": 0.9910155120917237, "requests": 49.104369399749494, "requests_tracking": 10.909577030542442, "content_length": 304563.9063011851, "requests_failed": 22.070237980537623, "has_blocking": 0.5224973504191155, "script": 0.8841651411503998, "iframe": 0.9811157144233549, "beacon": 0.031843144811638885, "image": 0.7827584545717314, "stylesheet": 0.24568840928798535, "font": 0.017005491858560554, "xhr": 0.42296945755853166, "plugin": 0.002577319587628866, "media": 0.0004817419789960497, "referer_leaked": 0.8956306002505058, "referer_leaked_header": 0.8924992773870315, "referer_leaked_url": 0.0, "hosts": 16.05850756334907, "trackers": 10.533601503034975, "companies": 8.449778398689661}