{"id": "tesla.com", "month": "2019-04", "country": "global", "site": "tesla.com", "category": "Business", "popularity": 0.0006487637963826596, "cookies": 0.5741521520002602, "bad_qs": 0.018252170425847848, "tracked": 0.5777939152206193, "https": 0.9907221746528945, "requests": 43.72502519970085, "requests_tracking": 5.62780312801448, "content_length": 1361042.939542395, "requests_failed": 9.306168236454484, "has_blocking": 0.36181351137509077, "script": 0.9963257210366019, "iframe": 0.5112883821250122, "beacon": 0.002872223968438052, "image": 0.931749455361304, "stylesheet": 0.5332581858383101, "font": 0.0697354302374733, "xhr": 0.8498206214842353, "plugin": 0.00020593303924650185, "media": 0.0007370235088822171, "referer_leaked": 0.9580113371557396, "referer_leaked_header": 0.8935976501956364, "referer_leaked_url": 0.0, "hosts": 6.748729176376229, "trackers": 5.907947931456814, "companies": 4.186336884775045}