{"id": "teufel.de", "month": "2019-04", "country": "global", "site": "teufel.de", "category": "Business", "popularity": 6.573213496835245e-05, "cookies": 0.7729995721009841, "bad_qs": 0.11745827984595636, "tracked": 0.7751390671801455, "https": 0.9957210098416773, "requests": 124.57584510055626, "requests_tracking": 14.571245186136071, "content_length": 1105555.5801240907, "requests_failed": 33.03786906290116, "has_blocking": 0.42394094993581516, "script": 0.9842747111681643, "iframe": 0.8937740693196405, "beacon": 0.13189987163029526, "image": 0.9839537869062901, "stylesheet": 0.22528883183568676, "font": 0.11777920410783055, "xhr": 0.7526743688489517, "plugin": 0.16944801026957637, "media": 0.0002139495079161318, "referer_leaked": 0.9915489944373128, "referer_leaked_header": 0.9858793324775353, "referer_leaked_url": 0.0, "hosts": 19.079268292682926, "trackers": 17.93089430894309, "companies": 15.032841249465125}