{"id": "teufelchens.xxx", "month": "2019-04", "country": "global", "site": "teufelchens.xxx", "category": "Adult", "popularity": 6.34890293783969e-05, "cookies": 0.8316535607486987, "bad_qs": 0.03167571159596855, "tracked": 0.8318750692213978, "https": 0.6887805958577916, "requests": 207.48864769077417, "requests_tracking": 12.63617233359176, "content_length": 20635669.180197142, "requests_failed": 62.951489644478904, "has_blocking": 0.3788902425517776, "script": 0.9636726104773508, "iframe": 0.8420644589655555, "beacon": 0.00011075423634954037, "image": 0.9951268136006203, "stylesheet": 0.9605714918595636, "font": 0.0014398050725440248, "xhr": 0.4755786908849263, "plugin": 0.0003322627090486211, "media": 0.5182190718794993, "referer_leaked": 0.9716469154945176, "referer_leaked_header": 0.968213534167682, "referer_leaked_url": 0.0, "hosts": 6.944290619116181, "trackers": 5.106767083840957, "companies": 4.729095137889025}