{"id": "tfl.gov.uk", "month": "2019-04", "country": "global", "site": "tfl.gov.uk", "category": "Government", "popularity": 0.0002737713888380225, "cookies": 0.7421533877844557, "bad_qs": 0.014229208403965686, "tracked": 0.7423331792263831, "https": 0.9955822674269276, "requests": 34.09048646427287, "requests_tracking": 5.010196743206452, "content_length": 266076.27325730724, "requests_failed": 10.034905224225612, "has_blocking": 0.4776031232341912, "script": 0.9907022140031849, "iframe": 0.11519494529203267, "beacon": 0.214080238352083, "image": 0.5991164534853856, "stylesheet": 0.6212821698258592, "font": 0.06179688703960549, "xhr": 0.3100118148661838, "plugin": 0.0012585400934915498, "media": 0.002696871628910464, "referer_leaked": 0.9261314018595572, "referer_leaked_header": 0.8874248728617661, "referer_leaked_url": 0.0, "hosts": 9.624364308830328, "trackers": 8.55748189243335, "companies": 5.472132326501258}