{"id": "thalia.de", "month": "2019-04", "country": "global", "site": "thalia.de", "category": "Business", "popularity": 0.0003602188500383782, "cookies": 0.6389279300382603, "bad_qs": 0.11208713984539705, "tracked": 0.6403138908409464, "https": 0.9969547903490279, "requests": 45.44278519559616, "requests_tracking": 18.188568751464043, "content_length": 236622.6663348169, "requests_failed": 15.262571250097603, "has_blocking": 0.34842273756539394, "script": 0.9911767002420552, "iframe": 0.6556570625439213, "beacon": 0.22366674474896542, "image": 0.6851916920434138, "stylesheet": 0.09543608963847895, "font": 0.031916139611150154, "xhr": 0.4206488639025533, "plugin": 0.00732021550714453, "media": 0.004431170453658156, "referer_leaked": 0.8576169282423675, "referer_leaked_header": 0.8488131490591083, "referer_leaked_url": 0.0, "hosts": 14.151245412664949, "trackers": 12.666354337471695, "companies": 9.88701491371906}