{"id": "theage.com.au", "month": "2019-04", "country": "global", "site": "theage.com.au", "category": "News and Portals", "popularity": 0.0005621616382450657, "cookies": 0.8057713235018199, "bad_qs": 0.20648679750334598, "tracked": 0.8062341301111987, "https": 0.9850150724855217, "requests": 189.30661563285676, "requests_tracking": 30.038525523159095, "content_length": 3090699.662413849, "requests_failed": 43.418389683165096, "has_blocking": 0.4857217906863297, "script": 0.9038237832564073, "iframe": 0.8352158304876981, "beacon": 0.015873015873015872, "image": 0.953594256194729, "stylesheet": 0.46759728320012006, "font": 0.2487022652507286, "xhr": 0.8865373309817755, "plugin": 0.00042528174915881773, "media": 0.039075887775651366, "referer_leaked": 0.9839268515391447, "referer_leaked_header": 0.9828886637397276, "referer_leaked_url": 0.0, "hosts": 16.38868250215768, "trackers": 12.718651106357962, "companies": 9.275482507160994}