{"id": "theathletic.com", "month": "2019-04", "country": "global", "site": "theathletic.com", "category": "Entertainment", "popularity": 0.000250222295982972, "cookies": 0.7695939300266966, "bad_qs": 0.030827595897147675, "tracked": 0.7697063369397218, "https": 0.9936209076858227, "requests": 40.950372347899396, "requests_tracking": 6.927300829000983, "content_length": 1345509.022340874, "requests_failed": 13.382661233665871, "has_blocking": 0.44603063088379935, "script": 0.9967401995222707, "iframe": 0.7674300969509625, "beacon": 0.00991991007446958, "image": 0.9844316425460166, "stylesheet": 0.34230715188984123, "font": 0.6537867078825348, "xhr": 0.6348180413095406, "plugin": 2.810172825628776e-05, "media": 0.013601236476043277, "referer_leaked": 0.9859210341435999, "referer_leaked_header": 0.978811296894759, "referer_leaked_url": 0.0, "hosts": 9.725699030490375, "trackers": 8.540396234368414, "companies": 5.74315020373753}