{"id": "thebalancecareers.com", "month": "2019-04", "country": "global", "site": "thebalancecareers.com", "category": "Business", "popularity": 0.0002135942802523186, "cookies": 0.6494601000790098, "bad_qs": 0.0713721358967606, "tracked": 0.652719252041085, "https": 0.9891032393995259, "requests": 39.15976428759547, "requests_tracking": 10.882209639188833, "content_length": 5014188.538813537, "requests_failed": 16.59388991308928, "has_blocking": 0.5351593363181459, "script": 0.9915064524624704, "iframe": 0.5102054253357914, "beacon": 0.08114959178298657, "image": 0.7015406900184356, "stylesheet": 0.04964445614959178, "font": 0.026665788780616276, "xhr": 0.4654332367658678, "plugin": 0.0013497498024756386, "media": 0.1667764024229655, "referer_leaked": 0.7700158019489071, "referer_leaked_header": 0.7685014485119831, "referer_leaked_url": 0.0, "hosts": 13.507999736634185, "trackers": 11.296879115090862, "companies": 9.543685804582566}