{"id": "thebay.com", "month": "2019-04", "country": "global", "site": "thebay.com", "category": "Business", "popularity": 0.0002571133413690423, "cookies": 0.8052235744564474, "bad_qs": 0.030985915492957747, "tracked": 0.8054423629153562, "https": 0.7155476548612061, "requests": 220.88691371530152, "requests_tracking": 10.075399972651443, "content_length": 3115962.354273212, "requests_failed": 62.51680568849993, "has_blocking": 0.44009298509503625, "script": 0.998495829345002, "iframe": 0.6777792971420757, "beacon": 0.045535348010392454, "image": 0.9837549569260221, "stylesheet": 0.9927252837412827, "font": 0.6911800902502393, "xhr": 0.5962532476411869, "plugin": 0.005332968685901818, "media": 0.00024613701627239164, "referer_leaked": 0.9938192260358266, "referer_leaked_header": 0.9797620675509366, "referer_leaked_url": 0.0, "hosts": 26.74598659920689, "trackers": 21.31647750581157, "companies": 15.845754136469301}