{"id": "theconservativetreehouse.com", "month": "2019-04", "country": "global", "site": "theconservativetreehouse.com", "category": "Entertainment", "popularity": 0.0002584142019776372, "cookies": 0.9952380952380953, "bad_qs": 0.05014965986394558, "tracked": 0.9954557823129252, "https": 0.9940136054421769, "requests": 188.45208163265306, "requests_tracking": 31.001795918367346, "content_length": 4767459.974095238, "requests_failed": 61.49224489795918, "has_blocking": 0.5076462585034014, "script": 0.9955918367346939, "iframe": 0.9900952380952381, "beacon": 0.013387755102040816, "image": 0.9995918367346939, "stylesheet": 0.9998367346938776, "font": 0.5333061224489796, "xhr": 0.89621768707483, "plugin": 0.00013605442176870748, "media": 0.0017414965986394559, "referer_leaked": 0.9825578231292517, "referer_leaked_header": 0.8565986394557823, "referer_leaked_url": 0.0, "hosts": 14.903646258503402, "trackers": 13.134013605442178, "companies": 6.67869387755102}