{"id": "thecoli.com", "month": "2019-04", "country": "global", "site": "thecoli.com", "category": "Entertainment", "popularity": 0.00023878175430630216, "cookies": 0.7132928912185641, "bad_qs": 0.02208610636668826, "tracked": 0.7132928912185641, "https": 0.8765239413393014, "requests": 53.29000530066553, "requests_tracking": 21.79106543377113, "content_length": 3103865.230284469, "requests_failed": 16.33385358383886, "has_blocking": 0.42567289004063846, "script": 0.9995582778726663, "iframe": 0.6970375169326816, "beacon": 0.013781730372813475, "image": 0.724777666529242, "stylesheet": 0.9937275457918605, "font": 0.20092467165321867, "xhr": 0.5253842982507804, "plugin": 2.9448141822251015e-05, "media": 0.01911184404264091, "referer_leaked": 0.9612756935037399, "referer_leaked_header": 0.9365392543730491, "referer_leaked_url": 0.0, "hosts": 11.530007656516874, "trackers": 10.100123682195653, "companies": 6.033276400259144}