{"id": "theconversation.com", "month": "2019-04", "country": "global", "site": "theconversation.com", "category": "News and Portals", "popularity": 0.0002754589917897132, "cookies": 0.6835401031296268, "bad_qs": 0.08679226017256343, "tracked": 0.6836677388063511, "https": 0.8228927349772809, "requests": 21.832465410731608, "requests_tracking": 6.3792055955480675, "content_length": 586994.4507581559, "requests_failed": 8.097819982641548, "has_blocking": 0.4113187318119161, "script": 0.9893296574258437, "iframe": 0.7125389288814009, "beacon": 0.0026292949405217745, "image": 0.6116301628631235, "stylesheet": 0.23298616429264307, "font": 0.1717465666002961, "xhr": 0.5331086945422985, "plugin": 0.0005360698422423036, "media": 0.0014550467146576811, "referer_leaked": 0.8115076326134681, "referer_leaked_header": 0.8006586000918977, "referer_leaked_url": 0.0, "hosts": 4.760453361923725, "trackers": 4.411063460458467, "companies": 3.356460917955787}