{"id": "thechive.com", "month": "2019-04", "country": "global", "site": "thechive.com", "category": "Entertainment", "popularity": 0.0009012995147452409, "cookies": 0.9181756477371136, "bad_qs": 0.12307980370893375, "tracked": 0.91833948368272, "https": 0.5965500830882295, "requests": 304.53574354213316, "requests_tracking": 66.83897267060394, "content_length": 7293501.743081832, "requests_failed": 89.48568775989452, "has_blocking": 0.4672055048877724, "script": 0.9981822011749378, "iframe": 0.8385903867308487, "beacon": 0.37297643102896777, "image": 0.9918628147015455, "stylesheet": 0.9966764708176974, "font": 0.6633171317787122, "xhr": 0.9506307683905849, "plugin": 0.0010766362139853485, "media": 0.02900676408404004, "referer_leaked": 0.9991262082900988, "referer_leaked_header": 0.9930564765909641, "referer_leaked_url": 0.0, "hosts": 29.627632102483286, "trackers": 23.450330402490305, "companies": 15.364714418343384}