{"id": "theguardian.com", "month": "2019-04", "country": "global", "site": "theguardian.com", "category": "News and Portals", "popularity": 0.014669650386187543, "cookies": 0.6892748282422348, "bad_qs": 0.11419680446433579, "tracked": 0.6894579342668545, "https": 0.9965473489650915, "requests": 137.39527701496917, "requests_tracking": 18.45351863151734, "content_length": 1469002.4919991775, "requests_failed": 40.6825042193476, "has_blocking": 0.5395866117859883, "script": 0.9904626686600617, "iframe": 0.368253058278046, "beacon": 0.006257720291646674, "image": 0.9969590978529141, "stylesheet": 0.9913681327451571, "font": 0.10232511097806898, "xhr": 0.963456447369241, "plugin": 0.006220811485636962, "media": 0.020768633075179403, "referer_leaked": 0.9811803436161906, "referer_leaked_header": 0.9722781313407052, "referer_leaked_url": 0.0, "hosts": 15.668078628219515, "trackers": 13.182420096030002, "companies": 10.257375649678869}