{"id": "thehun.net", "month": "2019-04", "country": "global", "site": "thehun.net", "category": "Adult", "popularity": 0.00021050034150755232, "cookies": 0.5791354890432924, "bad_qs": 0.005244521646178515, "tracked": 0.5792691074291823, "https": 0.44875734901122394, "requests": 38.91425040085516, "requests_tracking": 7.116014163548904, "content_length": 69407279.24101417, "requests_failed": 11.201162479957242, "has_blocking": 0.3787079102084447, "script": 0.9872728487439871, "iframe": 0.8554249064671299, "beacon": 0.00811731694281133, "image": 0.6917423837520043, "stylesheet": 0.32726483164083375, "font": 0.1925106894708712, "xhr": 0.9350280598610369, "plugin": 0.02679048637092464, "media": 0.08885622661678247, "referer_leaked": 0.9933524853019775, "referer_leaked_header": 0.9930184393372528, "referer_leaked_url": 0.0, "hosts": 7.610702832709781, "trackers": 5.562132549438803, "companies": 5.099679315873864}