{"id": "theinventory.com", "month": "2019-04", "country": "global", "site": "theinventory.com", "category": "Entertainment", "popularity": 0.0003012793169505808, "cookies": 0.9853895346123326, "bad_qs": 0.13868272417495214, "tracked": 0.985436213415488, "https": 0.9860897166596648, "requests": 160.83270316949074, "requests_tracking": 30.978527750548476, "content_length": 2499767.856742753, "requests_failed": 58.89683984502637, "has_blocking": 0.49992998179526676, "script": 0.9887270690379498, "iframe": 0.9073892545395136, "beacon": 0.24959156047238948, "image": 0.9966858049759604, "stylesheet": 0.963777248751342, "font": 0.9070625029174252, "xhr": 0.9173785184147878, "plugin": 0.0006768426457545629, "media": 0.3769079960789805, "referer_leaked": 0.9945852588339635, "referer_leaked_header": 0.9852728376044438, "referer_leaked_url": 0.0, "hosts": 25.944172151426038, "trackers": 22.83594734631004, "companies": 18.426504224431685}