{"id": "theonion.com", "month": "2019-04", "country": "global", "site": "theonion.com", "category": "Entertainment", "popularity": 0.0002366722506166888, "cookies": 0.9726959415295027, "bad_qs": 0.08241725592726841, "tracked": 0.972814784003803, "https": 0.9869273278269654, "requests": 139.84354388258365, "requests_tracking": 30.154049557311783, "content_length": 11058057.833590826, "requests_failed": 51.733406619525816, "has_blocking": 0.5201140887753283, "script": 0.986422247311189, "iframe": 0.9179095608770574, "beacon": 0.3847525105472696, "image": 0.9967021213381663, "stylesheet": 0.9693089310119437, "font": 0.8458910214510666, "xhr": 0.933210529443223, "plugin": 0.0010695822687028344, "media": 0.006031255570740983, "referer_leaked": 0.9937904807178085, "referer_leaked_header": 0.9882643056628438, "referer_leaked_url": 0.0, "hosts": 33.36466813239052, "trackers": 25.149949491948423, "companies": 20.253669261394023}