{"id": "thepointsguy.com", "month": "2019-04", "country": "global", "site": "thepointsguy.com", "category": "Recreation", "popularity": 0.00022395897504728557, "cookies": 0.8932810047095762, "bad_qs": 0.12860282574568288, "tracked": 0.8933751962323391, "https": 0.9843014128728415, "requests": 180.57645211930927, "requests_tracking": 61.02210361067504, "content_length": 1704368.182166405, "requests_failed": 70.67503924646782, "has_blocking": 0.5000313971742543, "script": 0.9957613814756672, "iframe": 0.9099215070643643, "beacon": 0.005839874411302983, "image": 0.9610675039246468, "stylesheet": 0.8234536891679749, "font": 0.4879434850863422, "xhr": 0.8298587127158555, "plugin": 0.0005023547880690738, "media": 0.0012872841444270015, "referer_leaked": 0.9958241758241758, "referer_leaked_header": 0.9734693877551021, "referer_leaked_url": 0.0, "hosts": 27.775667189952905, "trackers": 22.320627943485086, "companies": 16.78646781789639}