{"id": "therealreal.com", "month": "2019-04", "country": "global", "site": "therealreal.com", "category": "E-Commerce", "popularity": 0.00026091747968931176, "cookies": 0.9448606694335148, "bad_qs": 0.26189834528108663, "tracked": 0.9448606694335148, "https": 0.997170268959198, "requests": 69.51018703174688, "requests_tracking": 27.997897914083975, "content_length": 358262.1846601628, "requests_failed": 23.04422465369482, "has_blocking": 0.5476203309437827, "script": 0.9990298065002965, "iframe": 0.7697137929175875, "beacon": 0.1526976769255646, "image": 0.4373686196302485, "stylesheet": 0.03128874036543955, "font": 0.005174365331752277, "xhr": 0.9445911712391527, "plugin": 0.0001077992777448391, "media": 0.0001077992777448391, "referer_leaked": 0.9736969762302593, "referer_leaked_header": 0.959790869401175, "referer_leaked_url": 0.0, "hosts": 22.071201422950466, "trackers": 16.614213334770657, "companies": 15.011938770010241}