{"id": "theroot.com", "month": "2019-04", "country": "global", "site": "theroot.com", "category": "Entertainment", "popularity": 0.00022187759807353372, "cookies": 0.990112188629017, "bad_qs": 0.18701274006465107, "tracked": 0.9901755720352412, "https": 0.9928693667997718, "requests": 157.6098117512835, "requests_tracking": 38.511409013120364, "content_length": 9985607.14755657, "requests_failed": 58.520314381694874, "has_blocking": 0.5088102934651708, "script": 0.9889079039107561, "iframe": 0.9307536287000063, "beacon": 0.37979337009570896, "image": 0.9984154148443938, "stylesheet": 0.9696710401216961, "font": 0.9157000697217469, "xhr": 0.9446345946631172, "plugin": 0.0006655257653546302, "media": 0.18840717500158458, "referer_leaked": 0.9942638017367054, "referer_leaked_header": 0.9814286619762946, "referer_leaked_url": 0.0, "hosts": 31.05843950053876, "trackers": 25.069151296190658, "companies": 20.149299613361222}