{"id": "thesun.co.uk", "month": "2019-04", "country": "global", "site": "thesun.co.uk", "category": "News and Portals", "popularity": 0.0008085094791181144, "cookies": 0.8890164461954584, "bad_qs": 0.11680190640192728, "tracked": 0.8910689592193493, "https": 0.9795357493846809, "requests": 193.29691862133743, "requests_tracking": 28.67126742679225, "content_length": 6668725.789339108, "requests_failed": 62.92417877736322, "has_blocking": 0.5045616232247067, "script": 0.9905375670762996, "iframe": 0.8304589453909776, "beacon": 0.1832824553621903, "image": 0.971160452596516, "stylesheet": 0.9739261269253181, "font": 0.316234856193632, "xhr": 0.8807889999217262, "plugin": 0.0018785712422052338, "media": 0.005105191292474409, "referer_leaked": 0.9875370713422218, "referer_leaked_header": 0.9644289056452805, "referer_leaked_url": 0.0, "hosts": 35.49845626668754, "trackers": 29.28745618841374, "companies": 24.86800427896783}