{"id": "thestreet.com", "month": "2019-04", "country": "global", "site": "thestreet.com", "category": "News and Portals", "popularity": 0.0003437858162962901, "cookies": 0.9021292262379579, "bad_qs": 0.1782536663189544, "tracked": 0.9022724018735555, "https": 0.9877891636497514, "requests": 117.84136139575791, "requests_tracking": 25.58348162238449, "content_length": 2029100.7950952118, "requests_failed": 32.28481724652799, "has_blocking": 0.5448651080976049, "script": 0.9960524431899531, "iframe": 0.8836595692458735, "beacon": 0.02781698063038187, "image": 0.9869096561739379, "stylesheet": 0.9958683602298992, "font": 0.8344889652492279, "xhr": 0.813585322451985, "plugin": 0.0006749708535313248, "media": 0.0014113026937473154, "referer_leaked": 0.9982205313861446, "referer_leaked_header": 0.9944570575361519, "referer_leaked_url": 0.0, "hosts": 20.462743654251295, "trackers": 15.88703442351353, "companies": 10.88865026282956}