{"id": "thestar.com", "month": "2019-04", "country": "global", "site": "thestar.com", "category": "News and Portals", "popularity": 0.00021887507115531736, "cookies": 0.9166318630128184, "bad_qs": 0.2111350274681145, "tracked": 0.9173707713560575, "https": 0.9741703344363415, "requests": 83.23789636007325, "requests_tracking": 23.857776207151346, "content_length": 2320910.1262569474, "requests_failed": 28.99807241301764, "has_blocking": 0.5020721560060398, "script": 0.9680020560927812, "iframe": 0.40562855398849873, "beacon": 0.06746554438269027, "image": 0.9625084331930478, "stylesheet": 0.9744594724836958, "font": 0.7985029074436985, "xhr": 0.8668358659684519, "plugin": 0.00019275869823625792, "media": 0.015838339705079193, "referer_leaked": 0.9921290198220195, "referer_leaked_header": 0.9914543643781926, "referer_leaked_url": 0.0, "hosts": 24.82748096507855, "trackers": 18.39281010055579, "companies": 14.48883605872715}