{"id": "thesaurus.com", "month": "2019-04", "country": "global", "site": "thesaurus.com", "category": "Reference", "popularity": 0.0008190569975661812, "cookies": 0.67098496750543, "bad_qs": 0.052369055897528355, "tracked": 0.6711394991457834, "https": 0.9843579639597875, "requests": 113.80923068998378, "requests_tracking": 49.75718786754921, "content_length": 434985.72620427364, "requests_failed": 33.80635468445497, "has_blocking": 0.5320438526454958, "script": 0.9897579862810244, "iframe": 0.7438723912054327, "beacon": 0.045629759359895605, "image": 0.9829156686498227, "stylesheet": 0.2668418025257338, "font": 0.06627690352933097, "xhr": 0.7436663490182949, "plugin": 0.0010988916647350212, "media": 0.8027661163623252, "referer_leaked": 0.9844953254178793, "referer_leaked_header": 0.9835938908491514, "referer_leaked_url": 0.0, "hosts": 15.006636275444064, "trackers": 12.046745821206892, "companies": 9.547771739597016}