{"id": "thesimsresource.com", "month": "2019-04", "country": "global", "site": "thesimsresource.com", "category": "Entertainment", "popularity": 0.0026796181567682728, "cookies": 0.7571993135263647, "bad_qs": 0.11430730716546218, "tracked": 0.7584326568314098, "https": 0.9820220532279481, "requests": 92.51164590976126, "requests_tracking": 34.8895081846761, "content_length": 958286.0815686027, "requests_failed": 24.15038391090538, "has_blocking": 0.3891617988968138, "script": 0.9965571352846399, "iframe": 0.8449739948252064, "beacon": 0.1219330425792095, "image": 0.6811151522785361, "stylesheet": 0.979914873070605, "font": 0.47302651950519314, "xhr": 0.5893517862484846, "plugin": 0.002443069397866054, "media": 0.02426799762778224, "referer_leaked": 0.9927049055573924, "referer_leaked_header": 0.9873726638640908, "referer_leaked_url": 0.0, "hosts": 17.620773175045528, "trackers": 14.373500963057431, "companies": 10.783133636683303}