{"id": "thetradedesk.com", "month": "2019-04", "country": "global", "site": "thetradedesk.com", "category": "Business", "popularity": 0.0026742811124335513, "cookies": 0.9160625685279988, "bad_qs": 0.04971878870106411, "tracked": 0.9161545965360658, "https": 0.9875762189109668, "requests": 18.82685587625125, "requests_tracking": 7.192880187421612, "content_length": 1166635.6135638766, "requests_failed": 3.101527927871077, "has_blocking": 0.0414888554082231, "script": 0.9566101088822804, "iframe": 0.17863951051617194, "beacon": 0.005374435671107676, "image": 0.9590028370920202, "stylesheet": 0.8827720939527082, "font": 0.017296006773261395, "xhr": 0.8746552236412065, "plugin": 6.836366313542053e-05, "media": 0.020779924221508785, "referer_leaked": 0.9795802996957818, "referer_leaked_header": 0.6728088788622183, "referer_leaked_url": 0.0, "hosts": 4.679148293932199, "trackers": 3.7118944885740657, "companies": 3.479413334595432}