{"id": "thevideo.me", "month": "2019-04", "country": "global", "site": "thevideo.me", "category": "Entertainment", "popularity": 1.6172861620369132e-07, "cookies": 0.043478260869565216, "bad_qs": 0.0, "tracked": 0.043478260869565216, "https": 0.17391304347826086, "requests": 2.0434782608695654, "requests_tracking": 0.043478260869565216, "content_length": 35228.82608695652, "requests_failed": 0.8695652173913043, "has_blocking": 0.34782608695652173, "script": 0.17391304347826086, "iframe": 0.7391304347826086, "beacon": 0.0, "image": 0.2608695652173913, "stylesheet": 0.21739130434782608, "font": 0.043478260869565216, "xhr": 0.0, "plugin": 0.0, "media": 0.0, "referer_leaked": 0.30434782608695654, "referer_leaked_header": 0.30434782608695654, "referer_leaked_url": 0.0, "hosts": 1.0869565217391304, "trackers": 1.0, "companies": 1.0}