{"id": "theverge.com", "month": "2019-04", "country": "global", "site": "theverge.com", "category": "Entertainment", "popularity": 0.001951319039608224, "cookies": 0.8995618081180812, "bad_qs": 0.060975697647601475, "tracked": 0.899846488699262, "https": 0.9688292781365314, "requests": 106.42075429543358, "requests_tracking": 24.012475495848708, "content_length": 4297901.28251845, "requests_failed": 36.4801948800738, "has_blocking": 0.5100467020295203, "script": 0.9911244522601476, "iframe": 0.8363014587177122, "beacon": 0.014742129843173432, "image": 0.9976468807656826, "stylesheet": 0.39533484202029523, "font": 0.9196444015221402, "xhr": 0.8667190382841329, "plugin": 0.0006810712638376384, "media": 0.026911323800738008, "referer_leaked": 0.9721409421125461, "referer_leaked_header": 0.5037585043819188, "referer_leaked_url": 0.0, "hosts": 19.17555422624539, "trackers": 15.424819101706642, "companies": 11.957982587638377}