{"id": "thewindowsclub.com", "month": "2019-04", "country": "global", "site": "thewindowsclub.com", "category": "Business", "popularity": 0.0002343799232739756, "cookies": 0.5970238809552382, "bad_qs": 0.05364214568582743, "tracked": 0.5997539901596064, "https": 0.9815792631705268, "requests": 113.2643105724229, "requests_tracking": 24.164196567862714, "content_length": 441697.72803912155, "requests_failed": 44.44572782911317, "has_blocking": 0.5133505340213609, "script": 0.970028801152046, "iframe": 0.7911616464658586, "beacon": 0.12612504500180008, "image": 0.9942097683907356, "stylesheet": 0.9878795151806072, "font": 0.5333313332533302, "xhr": 0.7626005040201608, "plugin": 0.0013800552022080884, "media": 0.11076443057722309, "referer_leaked": 0.9826293051722069, "referer_leaked_header": 0.9765390615624625, "referer_leaked_url": 0.0, "hosts": 18.70748829953198, "trackers": 16.568372734909396, "companies": 11.375435017400696}