{"id": "thisav.com", "month": "2019-04", "country": "global", "site": "thisav.com", "category": "Adult", "popularity": 0.0004150026608576373, "cookies": 0.9645029566749691, "bad_qs": 0.0074891136752571206, "tracked": 0.9645199003710669, "https": 0.9679086395906403, "requests": 29.821057625510427, "requests_tracking": 10.3344007861875, "content_length": 177587.08429488807, "requests_failed": 16.164879106728343, "has_blocking": 0.5232721665904201, "script": 0.9906470797539775, "iframe": 0.41213846388451175, "beacon": 0.006099730595232044, "image": 0.7254104610379708, "stylesheet": 0.05238990833460411, "font": 0.016113454989071317, "xhr": 0.9786678866127857, "plugin": 0.0020671309239397484, "media": 0.011030346159711279, "referer_leaked": 0.9738389332248937, "referer_leaked_header": 0.9706874057506905, "referer_leaked_url": 0.0, "hosts": 10.715244243379251, "trackers": 7.551568139073858, "companies": 6.902607634829462}