{"id": "thoughtco.com", "month": "2019-04", "country": "global", "site": "thoughtco.com", "category": "Reference", "popularity": 0.0002386129940111331, "cookies": 0.5588200624742147, "bad_qs": 0.05475334472800141, "tracked": 0.5610597041315495, "https": 0.9895090469735369, "requests": 29.930983674191076, "requests_tracking": 6.908881947309483, "content_length": 3465550.7786880415, "requests_failed": 14.711793481464019, "has_blocking": 0.5346849767195143, "script": 0.983792066953498, "iframe": 0.4352861436906937, "beacon": 0.09813166735427595, "image": 0.6043496198502977, "stylesheet": 0.05652148287852891, "font": 0.024194023693051216, "xhr": 0.3665645075735251, "plugin": 0.00218070371898391, "media": 0.1276595744680851, "referer_leaked": 0.694082630989568, "referer_leaked_header": 0.6926681204691459, "referer_leaked_url": 0.0, "hosts": 12.173012318029116, "trackers": 10.255289679966994, "companies": 8.765692226085932}