{"id": "thumbzilla.com", "month": "2019-04", "country": "global", "site": "thumbzilla.com", "category": "Adult", "popularity": 0.0007576493451615362, "cookies": 0.32634480454393583, "bad_qs": 0.02862234101793073, "tracked": 0.3447488584474886, "https": 0.9976333667446263, "requests": 134.97519211493486, "requests_tracking": 3.805592679214463, "content_length": 51446172.04528158, "requests_failed": 26.308154211679103, "has_blocking": 0.2740190073133608, "script": 0.997076511861009, "iframe": 0.021420351189813266, "beacon": 0.0009744960463303263, "image": 0.9990347848683966, "stylesheet": 0.9975405575973568, "font": 0.2178045068121914, "xhr": 0.6012269369269035, "plugin": 0.008362104168986896, "media": 0.10766789174741062, "referer_leaked": 0.9944964175669154, "referer_leaked_header": 0.992278278947173, "referer_leaked_url": 0.0, "hosts": 4.553077551323458, "trackers": 4.537021568845826, "companies": 3.497735456806623}