{"id": "tianya.cn", "month": "2019-04", "country": "global", "site": "tianya.cn", "category": "Reference", "popularity": 0.00015011228255288705, "cookies": 0.6891043657485478, "bad_qs": 0.015270751358441071, "tracked": 0.6895259509087502, "https": 0.008431703204047217, "requests": 66.72700018737119, "requests_tracking": 4.759228030728874, "content_length": 1359632.1525201425, "requests_failed": 16.914699269252388, "has_blocking": 0.4747517331834364, "script": 0.9926456810942477, "iframe": 0.06127037661607645, "beacon": 4.6842795578040096e-05, "image": 0.9699269252388982, "stylesheet": 0.9938635937792768, "font": 0.009977515458122541, "xhr": 0.020891886827805885, "plugin": 0.003747423646243208, "media": 0.0011242270938729624, "referer_leaked": 0.9738148772718755, "referer_leaked_header": 0.9630410342889264, "referer_leaked_url": 0.0, "hosts": 4.335253887952033, "trackers": 3.2378677159452876, "companies": 2.991802510773843}