{"id": "tilda.cc", "month": "2019-04", "country": "global", "site": "tilda.cc", "category": "Business", "popularity": 0.00024065921259005805, "cookies": 0.5319795471146822, "bad_qs": 0.027173119065010957, "tracked": 0.5429072315558802, "https": 0.99590942293645, "requests": 76.79479912344777, "requests_tracking": 8.737297297297298, "content_length": 5057829.412067202, "requests_failed": 13.1936303871439, "has_blocking": 0.30115412710007305, "script": 0.9758948137326515, "iframe": 0.11824689554419285, "beacon": 0.010021913805697589, "image": 0.8551643535427319, "stylesheet": 0.5626588750913075, "font": 0.323009495982469, "xhr": 0.3976917457998539, "plugin": 5.843681519357195e-05, "media": 0.002162162162162162, "referer_leaked": 0.9255222790357925, "referer_leaked_header": 0.8938787436084733, "referer_leaked_url": 0.0, "hosts": 4.474740686632579, "trackers": 4.245814463111761, "companies": 3.042132943754565}