{"id": "time2watch.in", "month": "2019-04", "country": "global", "site": "time2watch.in", "category": "Entertainment", "popularity": 0.000688239642094291, "cookies": 0.6809975785935408, "bad_qs": 0.009818445600089909, "tracked": 0.6811406152620125, "https": 0.9983959459321393, "requests": 43.04707949773695, "requests_tracking": 8.14190259202877, "content_length": 72309842.7963771, "requests_failed": 12.190146816923281, "has_blocking": 0.24296821520888462, "script": 0.9958417197094313, "iframe": 0.7811130296188072, "beacon": 0.0023192374102189483, "image": 0.7627736853397632, "stylesheet": 0.9964853847175537, "font": 0.42360309367880095, "xhr": 0.5061046006722724, "plugin": 0.003718953380262983, "media": 0.03054854562358879, "referer_leaked": 0.9960051901876845, "referer_leaked_header": 0.9950652349377279, "referer_leaked_url": 0.0, "hosts": 5.8237175230135785, "trackers": 4.8637269225660775, "companies": 3.215821898913943}