{"id": "tipp24.com", "month": "2019-04", "country": "global", "site": "tipp24.com", "category": "Entertainment", "popularity": 3.5207616579647064e-05, "cookies": 0.96345116836429, "bad_qs": 0.025564210105851807, "tracked": 0.96345116836429, "https": 0.9360894747353705, "requests": 66.53445176752547, "requests_tracking": 39.25584182144997, "content_length": 898878.9492710206, "requests_failed": 13.856600758937487, "has_blocking": 0.3932494507689235, "script": 0.9900139804274016, "iframe": 0.8530057918913521, "beacon": 0.07070101857399641, "image": 0.6852406630716996, "stylesheet": 0.7705212702216896, "font": 0.6926303175554224, "xhr": 0.9059316956261234, "plugin": 0.00019972039145196724, "media": 0.7813061713600958, "referer_leaked": 0.9622528460155781, "referer_leaked_header": 0.9580587177950869, "referer_leaked_url": 0.0, "hosts": 11.430796884361893, "trackers": 10.519872178949472, "companies": 8.546434991012582}