{"id": "tistory.com", "month": "2019-04", "country": "global", "site": "tistory.com", "category": "Business", "popularity": 0.0003704640062909338, "cookies": 0.8966119388820347, "bad_qs": 0.1733320679510297, "tracked": 0.9110752586125083, "https": 0.8316598652367847, "requests": 101.97710923412735, "requests_tracking": 15.709442915440828, "content_length": 14066750.507051343, "requests_failed": 29.994229856695455, "has_blocking": 0.42934421562114455, "script": 0.9939641264116922, "iframe": 0.3303786656543608, "beacon": 0.0020878808009869984, "image": 0.9910790547594192, "stylesheet": 0.9902439024390244, "font": 0.7484293442156211, "xhr": 0.17570465977033312, "plugin": 0.003701243238113315, "media": 0.011179652652557654, "referer_leaked": 0.9978931384644586, "referer_leaked_header": 0.9900161336243712, "referer_leaked_url": 0.0, "hosts": 7.301622852804403, "trackers": 4.77414823953687, "companies": 3.1193318781436843}