{"id": "tnt-online.ru", "month": "2019-04", "country": "global", "site": "tnt-online.ru", "category": "Entertainment", "popularity": 0.00010374539145518529, "cookies": 0.8742036058018164, "bad_qs": 0.05849261217297004, "tracked": 0.8998915548325878, "https": 0.4368306899823777, "requests": 662.9021282364105, "requests_tracking": 161.14246983868782, "content_length": 259295653.0090823, "requests_failed": 159.37115358546833, "has_blocking": 0.5464958655279925, "script": 0.9972888708146943, "iframe": 0.8505490036600244, "beacon": 0.07557272604039582, "image": 0.9330351091229497, "stylesheet": 0.706926935068456, "font": 0.03022909041615833, "xhr": 0.7820252135014233, "plugin": 6.777822963264199e-05, "media": 0.0010844516741222718, "referer_leaked": 0.9353395689304596, "referer_leaked_header": 0.8844381184763453, "referer_leaked_url": 0.0, "hosts": 10.290700826894401, "trackers": 8.91663277755185, "companies": 7.318218788125254}