{"id": "togetter.com", "month": "2019-04", "country": "global", "site": "togetter.com", "category": "Entertainment", "popularity": 0.0005528024735421477, "cookies": 0.8704589396560497, "bad_qs": 0.37482191920219804, "tracked": 0.8704970998270072, "https": 0.9946702961229267, "requests": 170.64868474610768, "requests_tracking": 20.115739798514298, "content_length": 1176322.8748727995, "requests_failed": 69.279675892948, "has_blocking": 0.5044901801160069, "script": 0.9838073674570063, "iframe": 0.9560140429429124, "beacon": 0.004922662053526, "image": 0.9982064719649945, "stylesheet": 0.9749160476238934, "font": 0.03290678742240765, "xhr": 0.9192276381398189, "plugin": 0.0012338455276279638, "media": 0.034916556426172786, "referer_leaked": 0.995865981479597, "referer_leaked_header": 0.9746998066551338, "referer_leaked_url": 0.0, "hosts": 19.835275262033175, "trackers": 15.894156405820699, "companies": 13.153442047420372}