{"id": "tokyomotion.net", "month": "2019-04", "country": "global", "site": "tokyomotion.net", "category": "Adult", "popularity": 0.0013290787362829697, "cookies": 0.9837101151772629, "bad_qs": 0.023961314830196864, "tracked": 0.9837101151772629, "https": 0.9975451423976128, "requests": 136.03232052821764, "requests_tracking": 93.18156952167311, "content_length": 1115683.8504441495, "requests_failed": 31.22158793310513, "has_blocking": 0.4584711104527202, "script": 0.9926460084756075, "iframe": 0.1630152423378286, "beacon": 0.0024813108093094125, "image": 0.9896462148106215, "stylesheet": 0.9906408553908991, "font": 0.37937602175511737, "xhr": 0.038584647616830586, "plugin": 0.009216297291720675, "media": 0.032114193203642075, "referer_leaked": 0.9966510240036399, "referer_leaked_header": 0.9964288170654928, "referer_leaked_url": 0.0, "hosts": 12.026130477797823, "trackers": 7.739552305926048, "companies": 5.406236608063995}