{"id": "tommy.com", "month": "2019-04", "country": "global", "site": "tommy.com", "category": "Business", "popularity": 0.00012979073034294496, "cookies": 0.8073464080615451, "bad_qs": 0.07725647415754687, "tracked": 0.8081048867699643, "https": 0.9795210748726839, "requests": 147.7624878101636, "requests_tracking": 13.499729114746993, "content_length": 2325267.7681764006, "requests_failed": 47.273214866182684, "has_blocking": 0.466626936829559, "script": 0.9976162097735399, "iframe": 0.8713836818723588, "beacon": 0.27435258424531367, "image": 0.927456929244772, "stylesheet": 0.20267634629970743, "font": 0.03759887311734749, "xhr": 0.9017770072597248, "plugin": 0.0009210098602232095, "media": 0.009968577310651209, "referer_leaked": 0.9834759995665836, "referer_leaked_header": 0.9733990681547297, "referer_leaked_url": 0.0, "hosts": 20.605428540470257, "trackers": 18.357514356918408, "companies": 15.28497128616318}