{"id": "tomsguide.com", "month": "2019-04", "country": "global", "site": "tomsguide.com", "category": "Entertainment", "popularity": 0.0004524252563113784, "cookies": 0.8301549556270497, "bad_qs": 0.0850002331328391, "tracked": 0.8319267652041467, "https": 0.9541349994560234, "requests": 124.21519715267092, "requests_tracking": 29.300104132668128, "content_length": 2938925.896784321, "requests_failed": 50.42085140112836, "has_blocking": 0.4923920983509737, "script": 0.9832455199639422, "iframe": 0.8092817954337048, "beacon": 0.11378436766602944, "image": 0.9017422794174788, "stylesheet": 0.7692295736777482, "font": 0.26709252265274086, "xhr": 0.8306212213052331, "plugin": 0.0018495205234609347, "media": 0.018168819259880946, "referer_leaked": 0.976438041062464, "referer_leaked_header": 0.9668951368489765, "referer_leaked_url": 0.0, "hosts": 24.936432445874328, "trackers": 19.583049688379106, "companies": 16.01426772975241}