{"id": "tomshardware.co.uk", "month": "2019-04", "country": "global", "site": "tomshardware.co.uk", "category": "Reference", "popularity": 2.4329609220207475e-05, "cookies": 0.8054913294797688, "bad_qs": 0.06676300578034682, "tracked": 0.8115606936416185, "https": 0.9817919075144509, "requests": 82.6242774566474, "requests_tracking": 7.5520231213872835, "content_length": 1203364.9667630058, "requests_failed": 34.21473988439306, "has_blocking": 0.5054913294797688, "script": 0.9913294797687862, "iframe": 0.6390173410404625, "beacon": 0.2526011560693642, "image": 0.9638728323699421, "stylesheet": 0.9829479768786127, "font": 0.7153179190751445, "xhr": 0.8410404624277457, "plugin": 0.005491329479768786, "media": 0.0008670520231213873, "referer_leaked": 0.9950867052023121, "referer_leaked_header": 0.9933526011560694, "referer_leaked_url": 0.0, "hosts": 18.3757225433526, "trackers": 13.604913294797688, "companies": 9.910693641618497}