{"id": "tomtom.com", "month": "2019-04", "country": "global", "site": "tomtom.com", "category": "Business", "popularity": 0.0005651501018053512, "cookies": 0.5603817249788483, "bad_qs": 0.0201438311849898, "tracked": 0.5614517493654506, "https": 0.8876101129746677, "requests": 46.11066042900513, "requests_tracking": 5.645461105857762, "content_length": 440180.8144005375, "requests_failed": 12.375678096849649, "has_blocking": 0.4756507241327826, "script": 0.9925471557258747, "iframe": 0.3260712686010053, "beacon": 0.07497635992634251, "image": 0.7425969243019958, "stylesheet": 0.3954984322898522, "font": 0.25542477479719305, "xhr": 0.3862539192753695, "plugin": 0.005076394764345792, "media": 0.0008709500821181506, "referer_leaked": 0.9174837007913204, "referer_leaked_header": 0.884648882695466, "referer_leaked_url": 0.0, "hosts": 8.687988354153187, "trackers": 7.958194396058329, "companies": 6.275170457373215}