{"id": "toom.de", "month": "2019-04", "country": "global", "site": "toom.de", "category": "Business", "popularity": 0.0001629732233805632, "cookies": 0.889286792941278, "bad_qs": 0.07503128101134746, "tracked": 0.8896319627216637, "https": 0.9992665142166803, "requests": 27.25180135479139, "requests_tracking": 8.221944168788022, "content_length": 245561.3676058161, "requests_failed": 8.25244854812961, "has_blocking": 0.3350735643094447, "script": 0.9928377270569961, "iframe": 0.3927600638564094, "beacon": 0.25313888769038273, "image": 0.5548604219700565, "stylesheet": 0.11714199421840618, "font": 0.08473918108469604, "xhr": 0.08361737929844242, "plugin": 0.0019415800146697156, "media": 0.0, "referer_leaked": 0.9826552185356172, "referer_leaked_header": 0.9808430771885921, "referer_leaked_url": 0.0, "hosts": 9.95189196185874, "trackers": 9.144410406868879, "companies": 5.316650127281356}