{"id": "topachat.com", "month": "2019-04", "country": "global", "site": "topachat.com", "category": "E-Commerce", "popularity": 0.0004886524663410052, "cookies": 0.13850315859151283, "bad_qs": 0.0005180377879786453, "tracked": 0.13857510828428762, "https": 0.9955247291094067, "requests": 2.6521807951880048, "requests_tracking": 0.2966485833105493, "content_length": 31821.402170002733, "requests_failed": 0.9260357158274934, "has_blocking": 0.00984271797159426, "script": 0.9981436979264099, "iframe": 0.03634898478983495, "beacon": 0.00020145913976947317, "image": 0.10406803562948787, "stylesheet": 0.04073791604909847, "font": 0.022074165743312276, "xhr": 0.010116126804138547, "plugin": 0.0019570316434748825, "media": 0.0, "referer_leaked": 0.6578072611629948, "referer_leaked_header": 0.6492740275999022, "referer_leaked_url": 0.0, "hosts": 1.2662858129595786, "trackers": 1.2400241750967724, "companies": 1.1814859050551854}