{"id": "topserialy.to", "month": "2019-04", "country": "global", "site": "topserialy.to", "category": "Entertainment", "popularity": 0.00021769374908913388, "cookies": 0.8845892955198811, "bad_qs": 0.03963306308343293, "tracked": 0.8853645143576989, "https": 0.9226719209276786, "requests": 141.88533221357278, "requests_tracking": 18.29070706418166, "content_length": 623064921.3559546, "requests_failed": 66.79789398882393, "has_blocking": 0.2069188281275235, "script": 0.9957362963920023, "iframe": 0.6330953842178365, "beacon": 0.012823411608902097, "image": 0.9356891372460351, "stylesheet": 0.9917309990632772, "font": 0.48680512936464354, "xhr": 0.678671791724539, "plugin": 0.013211021027810976, "media": 0.4433282728770309, "referer_leaked": 0.9967376207241836, "referer_leaked_header": 0.9943796634258213, "referer_leaked_url": 0.0, "hosts": 13.471106947898834, "trackers": 7.934332504279854, "companies": 5.581446429148229}