{"id": "torlock.com", "month": "2019-04", "country": "global", "site": "torlock.com", "category": "Entertainment", "popularity": 0.00018378699311808174, "cookies": 0.17572789532080957, "bad_qs": 0.0007269388223591078, "tracked": 0.1758426751348663, "https": 0.9633087194398745, "requests": 9.557906416191607, "requests_tracking": 1.7958067107931286, "content_length": 118627.05628036882, "requests_failed": 7.09637678386961, "has_blocking": 0.43226077973753685, "script": 0.34120212725255383, "iframe": 0.9847342847304588, "beacon": 0.0014538776447182156, "image": 0.17194016145693844, "stylesheet": 0.051803956077591154, "font": 0.002142556529058423, "xhr": 0.32107739985461226, "plugin": 0.0059685503309484635, "media": 0.0658453533305276, "referer_leaked": 0.1959674025328079, "referer_leaked_header": 0.1959674025328079, "referer_leaked_url": 0.0, "hosts": 3.435206794964992, "trackers": 2.3469411179553887, "companies": 2.31663924704442}