{"id": "torrentdownloads.me", "month": "2019-04", "country": "global", "site": "torrentdownloads.me", "category": "Entertainment", "popularity": 0.00026335747229029783, "cookies": 0.03369556510826903, "bad_qs": 0.0009879048407337196, "tracked": 0.03404266680906737, "https": 0.994045870824767, "requests": 5.480762555736523, "requests_tracking": 0.1823618935732785, "content_length": 12162.72779216618, "requests_failed": 4.16076148773129, "has_blocking": 0.24772381384668785, "script": 0.29207273115638266, "iframe": 0.02491122206498812, "beacon": 8.010039249192321e-05, "image": 0.993298267161509, "stylesheet": 0.05139775184898406, "font": 0.010626652070595146, "xhr": 0.19370944917630095, "plugin": 0.0057405281285878304, "media": 0.0, "referer_leaked": 0.579633140202387, "referer_leaked_header": 0.5769364269884922, "referer_leaked_url": 0.0, "hosts": 3.5650815688996875, "trackers": 2.0237631164392704, "companies": 1.761728032467359}