{"id": "torrent9.uno", "month": "2019-04", "country": "global", "site": "torrent9.uno", "category": "Entertainment", "popularity": 0.0019387042075443362, "cookies": 0.16373726016466578, "bad_qs": 0.0036088643864930544, "tracked": 0.16426680207464364, "https": 0.9986507562293715, "requests": 13.7724094156904, "requests_tracking": 1.0565086503935295, "content_length": 116121.57029487505, "requests_failed": 4.032320191505567, "has_blocking": 0.2693446012114178, "script": 0.9405099561133075, "iframe": 0.14385042254542818, "beacon": 0.06695803561713394, "image": 0.013996590620579594, "stylesheet": 0.9863080773276268, "font": 0.5397228972471074, "xhr": 0.12775379928185412, "plugin": 0.003699539371078307, "media": 1.0880998150230315e-05, "referer_leaked": 0.9832976678393964, "referer_leaked_header": 0.9829857458924232, "referer_leaked_url": 0.0, "hosts": 4.426941351419971, "trackers": 4.406847774835878, "companies": 3.0084182655688947}