{"id": "torrent9.ch", "month": "2019-04", "country": "global", "site": "torrent9.ch", "category": "Entertainment", "popularity": 4.946786152143341e-05, "cookies": 0.5778251599147122, "bad_qs": 0.0035536602700781805, "tracked": 0.5781094527363184, "https": 0.996730632551528, "requests": 16.754797441364605, "requests_tracking": 3.8797441364605545, "content_length": 103828.33916133617, "requests_failed": 6.718123667377399, "has_blocking": 0.45557924662402277, "script": 0.9901918976545843, "iframe": 0.12921108742004264, "beacon": 0.04378109452736319, "image": 0.623454157782516, "stylesheet": 0.9822316986496091, "font": 0.3786780383795309, "xhr": 0.12295664534470505, "plugin": 0.0, "media": 0.0, "referer_leaked": 0.9873489694385217, "referer_leaked_header": 0.9862117981520967, "referer_leaked_url": 0.0, "hosts": 5.939161336176261, "trackers": 5.276332622601279, "companies": 3.541577825159915}