{"id": "torrent-igruha.org", "month": "2019-04", "country": "global", "site": "torrent-igruha.org", "category": "Entertainment", "popularity": 0.00025866031074142545, "cookies": 0.8558651624303385, "bad_qs": 0.00622536359929319, "tracked": 0.8575778170449911, "https": 0.9983689003669974, "requests": 17.281255946717412, "requests_tracking": 5.481690906619546, "content_length": 1782801.595296996, "requests_failed": 5.889900774772325, "has_blocking": 0.2893298899007748, "script": 0.6108739975533506, "iframe": 0.5417425581079244, "beacon": 0.008019573195596031, "image": 0.9933124915046894, "stylesheet": 0.38371618866385754, "font": 0.2870191654206878, "xhr": 0.5248334919124643, "plugin": 0.0, "media": 0.0, "referer_leaked": 0.7793122196547506, "referer_leaked_header": 0.17632187032757918, "referer_leaked_url": 0.0, "hosts": 4.197009650672829, "trackers": 3.592361016718771, "companies": 1.768574147070817}