{"id": "totalwine.com", "month": "2019-04", "country": "global", "site": "totalwine.com", "category": "Business", "popularity": 0.0001239614684806467, "cookies": 0.7010040274547621, "bad_qs": 0.08837710590504283, "tracked": 0.7016847240342617, "https": 0.9877474615690056, "requests": 80.1519655113733, "requests_tracking": 17.87100799818481, "content_length": 410095.3648533666, "requests_failed": 24.925860797549493, "has_blocking": 0.3965624822735266, "script": 0.9816211923535084, "iframe": 0.6944806852345567, "beacon": 0.3141981961540643, "image": 0.7057121787963015, "stylesheet": 0.26184128424754666, "font": 0.3424471042033014, "xhr": 0.930058426456407, "plugin": 0.001985365023540757, "media": 0.0009075954393329173, "referer_leaked": 0.9921152646207952, "referer_leaked_header": 0.9901298995972545, "referer_leaked_url": 0.0, "hosts": 18.742866867093994, "trackers": 16.94202734131261, "companies": 13.203698451415281}