{"id": "townhall.com", "month": "2019-04", "country": "global", "site": "townhall.com", "category": "News and Portals", "popularity": 0.0005464247407205499, "cookies": 0.9252210168706327, "bad_qs": 0.09080029340230861, "tracked": 0.9263663153560077, "https": 0.9744173776525241, "requests": 63.31583214299502, "requests_tracking": 22.01486314326526, "content_length": 819157.080737109, "requests_failed": 22.7418960480768, "has_blocking": 0.4986809764634727, "script": 0.9825888893178396, "iframe": 0.9626812853080081, "beacon": 0.16206616994170558, "image": 0.9768237913240423, "stylesheet": 0.9811347462970827, "font": 0.5286002908286042, "xhr": 0.955951048141142, "plugin": 0.006511472287637211, "media": 0.016536051165244696, "referer_leaked": 0.9825888893178396, "referer_leaked_header": 0.97609028555251, "referer_leaked_url": 0.0, "hosts": 15.796857506852488, "trackers": 14.672315947959696, "companies": 10.784516593959516}