{"id": "toyokeizai.net", "month": "2019-04", "country": "global", "site": "toyokeizai.net", "category": "News and Portals", "popularity": 0.00029143496639905174, "cookies": 0.934710225353472, "bad_qs": 0.22762148337595908, "tracked": 0.9349515031607393, "https": 0.9842445591854462, "requests": 142.94117647058823, "requests_tracking": 38.598127684215605, "content_length": 1633705.3716402065, "requests_failed": 42.25133909183033, "has_blocking": 0.49338898808087633, "script": 0.9817111422091396, "iframe": 0.9335279640978623, "beacon": 0.03795299908314433, "image": 0.972421946629349, "stylesheet": 0.9812044588138783, "font": 0.3113931380591613, "xhr": 0.5686194083868166, "plugin": 0.0017130724315977416, "media": 0.004125850504270617, "referer_leaked": 0.9983351831298557, "referer_leaked_header": 0.9965497273560778, "referer_leaked_url": 0.0, "hosts": 22.231023500458427, "trackers": 17.287168846209525, "companies": 12.475389663658737}