{"id": "toysrus.de", "month": "2019-04", "country": "global", "site": "toysrus.de", "category": "E-Commerce", "popularity": 6.469144648147653e-07, "cookies": 0.2608695652173913, "bad_qs": 0.0, "tracked": 0.2608695652173913, "https": 0.18478260869565216, "requests": 10.75, "requests_tracking": 3.880434782608696, "content_length": 279585.4347826087, "requests_failed": 3.4782608695652173, "has_blocking": 0.08695652173913043, "script": 0.9782608695652174, "iframe": 0.16304347826086957, "beacon": 0.0, "image": 0.11956521739130435, "stylesheet": 0.967391304347826, "font": 0.043478260869565216, "xhr": 0.17391304347826086, "plugin": 0.0, "media": 0.0, "referer_leaked": 0.967391304347826, "referer_leaked_header": 0.967391304347826, "referer_leaked_url": 0.0, "hosts": 2.8043478260869565, "trackers": 2.782608695652174, "companies": 2.217391304347826}