{"id": "tracker.gg", "month": "2019-04", "country": "global", "site": "tracker.gg", "category": "Entertainment", "popularity": 0.0006921140972042143, "cookies": 0.9983338074531637, "bad_qs": 0.009631405697565733, "tracked": 0.9983338074531637, "https": 0.6690372658186695, "requests": 44.013349859795994, "requests_tracking": 20.20704474336571, "content_length": 2236109.251330922, "requests_failed": 12.67164831145609, "has_blocking": 0.4392042914617792, "script": 0.9980391758442719, "iframe": 0.07769130735156662, "beacon": 0.0036981346771243957, "image": 0.9856036900069086, "stylesheet": 0.9989941886455074, "font": 0.3044662088023733, "xhr": 0.9939549721623928, "plugin": 0.00024383305563457553, "media": 0.0014528386231560126, "referer_leaked": 0.9998577640508798, "referer_leaked_header": 0.9997561669443654, "referer_leaked_url": 0.0, "hosts": 12.611655220059333, "trackers": 10.169687487300362, "companies": 8.45457593367741}