{"id": "tracker.network", "month": "2019-04", "country": "global", "site": "tracker.network", "category": "Entertainment", "popularity": 0.0005618803710864505, "cookies": 0.9980101868422041, "bad_qs": 0.02427822343474289, "tracked": 0.9981228177756643, "https": 0.8840026530842104, "requests": 54.37758894715106, "requests_tracking": 28.117111141702228, "content_length": 654315.2780607456, "requests_failed": 11.975634174728121, "has_blocking": 0.4656663371168984, "script": 0.9992866707547524, "iframe": 0.14579448609007972, "beacon": 0.009548600247788053, "image": 0.9699275407661406, "stylesheet": 0.993129513058931, "font": 0.2946925801243946, "xhr": 0.9921283492059519, "plugin": 0.005756692154629757, "media": 0.008972931032325078, "referer_leaked": 0.9982855069017733, "referer_leaked_header": 0.9981353323238265, "referer_leaked_url": 0.0, "hosts": 12.901623136896642, "trackers": 10.271403005994468, "companies": 8.350194601223922}