{"id": "tradingsat.com", "month": "2019-04", "country": "global", "site": "tradingsat.com", "category": "Business", "popularity": 0.00025922987673762107, "cookies": 0.9919709217164867, "bad_qs": 0.13625020343948355, "tracked": 0.9920251722454294, "https": 0.9990777410079749, "requests": 73.93772039277383, "requests_tracking": 12.025633374925405, "content_length": 453069.7660717192, "requests_failed": 32.62472196603917, "has_blocking": 0.40053165518363804, "script": 0.9988336136277328, "iframe": 0.993734063907123, "beacon": 0.028454402430423697, "image": 0.9937611891715944, "stylesheet": 0.9968805945857973, "font": 0.1712960451364401, "xhr": 0.9453697173547442, "plugin": 0.005180925514023761, "media": 0.0, "referer_leaked": 0.9992133673303315, "referer_leaked_header": 0.9986437367764336, "referer_leaked_url": 0.0, "hosts": 24.406363587044975, "trackers": 21.106331036727607, "companies": 18.11799490045028}