{"id": "tradera.com", "month": "2019-04", "country": "global", "site": "tradera.com", "category": "E-Commerce", "popularity": 0.0008031654031044272, "cookies": 0.6441459976711813, "bad_qs": 0.08690170809220721, "tracked": 0.6448814141007345, "https": 0.9994484376778351, "requests": 32.308944940072315, "requests_tracking": 10.50638674149237, "content_length": 119386.34740546835, "requests_failed": 15.775557909666349, "has_blocking": 0.5211563547858975, "script": 0.9995272322952872, "iframe": 0.655474912669299, "beacon": 0.043529648663555735, "image": 0.5018779383826092, "stylesheet": 0.06007651832850352, "font": 0.027499321490794162, "xhr": 0.5977884977368435, "plugin": 0.00036770821477661724, "media": 0.0004902776197021564, "referer_leaked": 0.9332697139755386, "referer_leaked_header": 0.9309408952819535, "referer_leaked_url": 0.0, "hosts": 12.283853231892559, "trackers": 10.424615438492046, "companies": 6.4463627529088345}