{"id": "travesta.de", "month": "2019-04", "country": "global", "site": "travesta.de", "category": "Entertainment", "popularity": 3.83437453982056e-05, "cookies": 0.4250871080139373, "bad_qs": 0.0005501558774986246, "tracked": 0.42527049330643685, "https": 0.3196405648267009, "requests": 47.338529249954156, "requests_tracking": 1.885567577480286, "content_length": 640997.9944984412, "requests_failed": 2.264808362369338, "has_blocking": 0.07610489638730973, "script": 0.547221712818632, "iframe": 0.10838070786722905, "beacon": 0.00018338529249954154, "image": 0.5274161012286814, "stylesheet": 0.4353566843939116, "font": 0.08747478452228132, "xhr": 0.1766000366770585, "plugin": 0.06730240234733174, "media": 0.00018338529249954154, "referer_leaked": 0.8197322574729506, "referer_leaked_header": 0.819182101595452, "referer_leaked_url": 0.0, "hosts": 1.677975426370805, "trackers": 1.494773519163763, "companies": 1.0509811113148726}