{"id": "travelocity.com", "month": "2019-04", "country": "global", "site": "travelocity.com", "category": "Recreation", "popularity": 0.00023745276698184574, "cookies": 0.9345257484675293, "bad_qs": 0.16538837395244158, "tracked": 0.9363025259853712, "https": 0.961029346442003, "requests": 170.60629571500488, "requests_tracking": 26.996979478219668, "content_length": 1278456.2486896266, "requests_failed": 56.437886819272116, "has_blocking": 0.5203885220172347, "script": 0.9941958601083835, "iframe": 0.6557493559181498, "beacon": 0.026829340519411295, "image": 0.988569397968551, "stylesheet": 0.9735852409014185, "font": 0.6379815807397317, "xhr": 0.9536557197429595, "plugin": 0.010601439189789452, "media": 0.00026651662767627116, "referer_leaked": 0.9953211525363499, "referer_leaked_header": 0.9858746187331576, "referer_leaked_url": 0.0, "hosts": 27.24563949184163, "trackers": 21.42165891794249, "companies": 18.21673724421807}