{"id": "trendscatchers.de", "month": "2019-04", "country": "global", "site": "trendscatchers.de", "category": "Entertainment", "popularity": 0.00012207697851792542, "cookies": 0.7292206670122688, "bad_qs": 0.17896434537181038, "tracked": 0.7292782673809113, "https": 0.9954495708772536, "requests": 52.41673866712747, "requests_tracking": 20.480099072634065, "content_length": 435217.847186222, "requests_failed": 16.473763032083404, "has_blocking": 0.23477910258625656, "script": 0.9986175911525834, "iframe": 0.8080179713150164, "beacon": 0.20263809688382006, "image": 0.9437820402050573, "stylesheet": 0.9978687863602327, "font": 0.12234318299637117, "xhr": 0.3279764990495939, "plugin": 0.0011520073728471863, "media": 0.003859224699038074, "referer_leaked": 0.9955071712458959, "referer_leaked_header": 0.9955071712458959, "referer_leaked_url": 0.0, "hosts": 16.975635044064283, "trackers": 14.575658084211739, "companies": 9.010656068198836}