{"id": "tripadvisor.fr", "month": "2019-04", "country": "global", "site": "tripadvisor.fr", "category": "Recreation", "popularity": 0.0008480204832245727, "cookies": 0.8127860696517413, "bad_qs": 0.0163681592039801, "tracked": 0.813150912106136, "https": 0.994983416252073, "requests": 254.6113184079602, "requests_tracking": 19.910746268656716, "content_length": 1393261.5959701492, "requests_failed": 79.20922885572139, "has_blocking": 0.506849087893864, "script": 0.9968490878938641, "iframe": 0.9043532338308458, "beacon": 0.017255389718076285, "image": 0.9957794361525705, "stylesheet": 0.9979767827529021, "font": 0.3375870646766169, "xhr": 0.14050580431177445, "plugin": 0.0013018242122719735, "media": 0.0008955223880597015, "referer_leaked": 0.9889883913764511, "referer_leaked_header": 0.9766998341625207, "referer_leaked_url": 0.0, "hosts": 11.79214759535655, "trackers": 9.601890547263682, "companies": 7.294726368159204}