{"id": "tripadvisor.de", "month": "2019-04", "country": "global", "site": "tripadvisor.de", "category": "Recreation", "popularity": 0.0005457637628978044, "cookies": 0.8608516395026734, "bad_qs": 0.0717387103008439, "tracked": 0.8610835534368356, "https": 0.9961734200863235, "requests": 267.89919474328417, "requests_tracking": 34.96240417445082, "content_length": 1569480.2704374155, "requests_failed": 85.06970302132319, "has_blocking": 0.42067899246279716, "script": 0.9923081878502866, "iframe": 0.9215100173935451, "beacon": 0.08955743090897378, "image": 0.9965341750950203, "stylesheet": 0.9986342846099336, "font": 0.33541196933582423, "xhr": 0.24639567093989564, "plugin": 0.0032983315080847776, "media": 0.0013914836049732655, "referer_leaked": 0.9898473233266766, "referer_leaked_header": 0.974747149391226, "referer_leaked_url": 0.0, "hosts": 13.905623912903433, "trackers": 11.185556915544675, "companies": 8.405643239064613}