{"id": "tripadvisor.com", "month": "2019-04", "country": "global", "site": "tripadvisor.com", "category": "Recreation", "popularity": 0.0021816698108350382, "cookies": 0.8748223281538565, "bad_qs": 0.04960630175045042, "tracked": 0.875167196862017, "https": 0.982405249739737, "requests": 238.42693779148658, "requests_tracking": 35.40367043443788, "content_length": 1415925.0341097715, "requests_failed": 61.4455155787187, "has_blocking": 0.49699770839578034, "script": 0.9924483422128968, "iframe": 0.9125290479367504, "beacon": 0.01279559599436607, "image": 0.9939180630626275, "stylesheet": 0.9952072918781808, "font": 0.3863915452374276, "xhr": 0.17650831713739634, "plugin": 0.0018564894943966892, "media": 0.002146565977896172, "referer_leaked": 0.9887547016563367, "referer_leaked_header": 0.9688973548247777, "referer_leaked_url": 0.0, "hosts": 13.092108952727202, "trackers": 10.795753924895976, "companies": 8.221044726570684}