{"id": "trojmiasto.pl", "month": "2019-04", "country": "global", "site": "trojmiasto.pl", "category": "Entertainment", "popularity": 0.00034183804122288043, "cookies": 0.7120788250298268, "bad_qs": 0.0049368494672316614, "tracked": 0.7123668079154153, "https": 0.9942197720821163, "requests": 99.68786769243428, "requests_tracking": 33.284444810136996, "content_length": 1478292.718949274, "requests_failed": 27.203809602172214, "has_blocking": 0.4506932159460238, "script": 0.9970378903196611, "iframe": 0.5877730694861563, "beacon": 0.059530176492368456, "image": 0.9938700785781873, "stylesheet": 0.9985600855720574, "font": 0.736228247007035, "xhr": 0.3760850783724853, "plugin": 0.0012136421606944502, "media": 0.00012342123668079155, "referer_leaked": 0.9547661167564899, "referer_leaked_header": 0.9398321471181141, "referer_leaked_url": 0.0, "hosts": 9.04350598592998, "trackers": 7.851791664952483, "companies": 6.276689842432221}