{"id": "trulia.com", "month": "2019-04", "country": "global", "site": "trulia.com", "category": "Business", "popularity": 0.0008649668295311335, "cookies": 0.9635395496301113, "bad_qs": 0.03211121047069344, "tracked": 0.9637996910820259, "https": 0.9894317535159743, "requests": 272.9610438175758, "requests_tracking": 58.854759775628, "content_length": 6441734.557987155, "requests_failed": 51.71520201609625, "has_blocking": 0.5006259653686692, "script": 0.9982196569384603, "iframe": 0.9395171124298838, "beacon": 0.20069100073164783, "image": 0.9985692220144704, "stylesheet": 0.9895049182993253, "font": 0.8276888057881473, "xhr": 0.8820908869197627, "plugin": 0.002942850174782538, "media": 0.007609137468498496, "referer_leaked": 0.9985041866514918, "referer_leaked_header": 0.9921957564425656, "referer_leaked_url": 0.0, "hosts": 20.119274855702788, "trackers": 15.999723599707341, "companies": 9.292553450938948}