{"id": "tsumino.com", "month": "2019-04", "country": "global", "site": "tsumino.com", "category": "Adult", "popularity": 0.0003913691878550022, "cookies": 0.8678177440799166, "bad_qs": 0.001922454992992921, "tracked": 0.86783571094901, "https": 0.7465413776995221, "requests": 12.598278773940853, "requests_tracking": 1.9861834776671816, "content_length": 171058.29460275252, "requests_failed": 5.4257429300370115, "has_blocking": 0.4409249344209278, "script": 0.9949692766538503, "iframe": 0.023608465988716805, "beacon": 0.0, "image": 0.27174889503755073, "stylesheet": 0.9782421215279026, "font": 0.5415753350821086, "xhr": 0.010384850335980453, "plugin": 0.0, "media": 0.0016170182184052607, "referer_leaked": 0.8600021560242912, "referer_leaked_header": 0.857792231125804, "referer_leaked_url": 0.0, "hosts": 6.8830716159402066, "trackers": 6.837723238348485, "companies": 4.869147292392828}