{"id": "tubegalore.com", "month": "2019-04", "country": "global", "site": "tubegalore.com", "category": "Adult", "popularity": 0.0006255030023651896, "cookies": 0.01445674779382834, "bad_qs": 0.0005845652296104772, "tracked": 0.014726547130571638, "https": 0.9972570400764431, "requests": 183.174953628239, "requests_tracking": 0.026586476308245743, "content_length": 1105061.3295374066, "requests_failed": 52.56516216064302, "has_blocking": 0.33147096846720253, "script": 0.961227586982182, "iframe": 0.0031026923725479176, "beacon": 5.6208195154853575e-05, "image": 0.9705693890169187, "stylesheet": 0.028699904446068236, "font": 0.0008656062053847451, "xhr": 0.0021583946939463775, "plugin": 0.0, "media": 0.00015738294643359002, "referer_leaked": 0.3073014445506155, "referer_leaked_header": 0.3012871676690462, "referer_leaked_url": 0.0, "hosts": 2.018368838176606, "trackers": 2.0019560451913887, "companies": 1.9694227418357597}