{"id": "tuifly.com", "month": "2019-04", "country": "global", "site": "tuifly.com", "category": "Recreation", "popularity": 4.908111917833762e-05, "cookies": 0.629083094555874, "bad_qs": 0.09183381088825215, "tracked": 0.632808022922636, "https": 0.9925501432664756, "requests": 29.597134670487105, "requests_tracking": 9.629226361031519, "content_length": 210237.70272206303, "requests_failed": 8.592836676217765, "has_blocking": 0.3800859598853868, "script": 0.990974212034384, "iframe": 0.6084527220630372, "beacon": 0.024355300859598854, "image": 0.4941260744985673, "stylesheet": 0.12535816618911175, "font": 0.060028653295128936, "xhr": 0.29842406876790833, "plugin": 0.0005730659025787965, "media": 0.00014326647564469913, "referer_leaked": 0.8399713467048711, "referer_leaked_header": 0.8310888252148997, "referer_leaked_url": 0.0, "hosts": 11.298853868194842, "trackers": 10.375071633237823, "companies": 7.708452722063037}