{"id": "tukif.com", "month": "2019-04", "country": "global", "site": "tukif.com", "category": "Adult", "popularity": 0.00048248568388836884, "cookies": 0.5678267459484668, "bad_qs": 0.0033374140142240875, "tracked": 0.5678413198087909, "https": 0.9980179549959193, "requests": 21.74226128016789, "requests_tracking": 1.7039903229567448, "content_length": 290708827.47232425, "requests_failed": 7.473490148070421, "has_blocking": 0.3432289844934126, "script": 0.9969977847732308, "iframe": 0.017051416579223506, "beacon": 0.14999417045587035, "image": 0.6877696164159963, "stylesheet": 0.061093622478722166, "font": 0.01767809257316078, "xhr": 0.44394893319342427, "plugin": 0.0010638918036609537, "media": 0.3784831526174653, "referer_leaked": 0.5806225953130465, "referer_leaked_header": 0.580214527223971, "referer_leaked_url": 0.0, "hosts": 4.171680074618165, "trackers": 4.1128454004896815, "companies": 3.177480471027166}