{"id": "tumangaonline.com", "month": "2019-04", "country": "global", "site": "tumangaonline.com", "category": "Entertainment", "popularity": 9.141182654991248e-08, "cookies": 0.5384615384615384, "bad_qs": 0.0, "tracked": 0.5384615384615384, "https": 0.8461538461538461, "requests": 18.76923076923077, "requests_tracking": 9.692307692307692, "content_length": 150175.46153846153, "requests_failed": 6.846153846153846, "has_blocking": 0.38461538461538464, "script": 0.7692307692307693, "iframe": 0.15384615384615385, "beacon": 0.0, "image": 0.15384615384615385, "stylesheet": 1.0, "font": 0.07692307692307693, "xhr": 0.23076923076923078, "plugin": 0.0, "media": 0.0, "referer_leaked": 0.23076923076923078, "referer_leaked_header": 0.23076923076923078, "referer_leaked_url": 0.0, "hosts": 3.1538461538461537, "trackers": 2.5384615384615383, "companies": 2.076923076923077}