{"id": "tumbex.com", "month": "2019-04", "country": "global", "site": "tumbex.com", "category": "Adult", "popularity": 0.0002370238345649577, "cookies": 0.869437522249911, "bad_qs": 0.0018393259760294293, "tracked": 0.8694968553459119, "https": 0.9856117242197698, "requests": 129.562596416281, "requests_tracking": 59.77827222024445, "content_length": 18586764.355672244, "requests_failed": 23.275958229500414, "has_blocking": 0.34267829595348287, "script": 0.9949270202919188, "iframe": 0.051441794232823065, "beacon": 0.0010383291800166133, "image": 0.8996677346623947, "stylesheet": 0.9672184644594755, "font": 0.5082176337961315, "xhr": 0.9615521537913848, "plugin": 0.00011866619200189867, "media": 0.06796606146908746, "referer_leaked": 0.9986650053399786, "referer_leaked_header": 0.9959653494719355, "referer_leaked_url": 0.0, "hosts": 5.034086863652545, "trackers": 4.975703097187611, "companies": 3.4555298445472884}