{"id": "turbosquid.com", "month": "2019-04", "country": "global", "site": "turbosquid.com", "category": "E-Commerce", "popularity": 0.00025436395489357954, "cookies": 0.42113119920384806, "bad_qs": 0.04011168242384033, "tracked": 0.44200254326311716, "https": 0.9751755404434124, "requests": 25.85851716702604, "requests_tracking": 1.6759274617128324, "content_length": 267042.79905456956, "requests_failed": 8.097418035052801, "has_blocking": 0.34660253220545145, "script": 0.9780781776966883, "iframe": 0.07057555150107812, "beacon": 0.0001382208215845635, "image": 0.8163598164427489, "stylesheet": 0.971830596561066, "font": 0.4518162215956212, "xhr": 0.39210482667108976, "plugin": 0.0009951899154088573, "media": 0.0001935091502183889, "referer_leaked": 0.9970420744180903, "referer_leaked_header": 0.9943882346436668, "referer_leaked_url": 0.0, "hosts": 8.031569635649914, "trackers": 7.988942334273235, "companies": 4.884696190634157}