{"id": "turbobit.net", "month": "2019-04", "country": "global", "site": "turbobit.net", "category": "Business", "popularity": 0.0011266296671907752, "cookies": 0.9190747837375641, "bad_qs": 0.014742045411990862, "tracked": 0.9225449688557127, "https": 0.7676161825467165, "requests": 37.78930483953515, "requests_tracking": 17.40010735105042, "content_length": 377496.61796756997, "requests_failed": 12.449332800738974, "has_blocking": 0.4088577099274756, "script": 0.9534146371908976, "iframe": 0.3583403028298236, "beacon": 0.1370098987654629, "image": 0.9410692663928799, "stylesheet": 0.824605859370124, "font": 0.515372420766187, "xhr": 0.3784436594225512, "plugin": 0.005642171487061702, "media": 0.002471570695659772, "referer_leaked": 0.8517307236209759, "referer_leaked_header": 0.7097714421240529, "referer_leaked_url": 0.0, "hosts": 8.795128009886282, "trackers": 7.467058206738151, "companies": 4.630169389971415}