{"id": "turkishairlines.com", "month": "2019-04", "country": "global", "site": "turkishairlines.com", "category": "Recreation", "popularity": 0.00024085609960108862, "cookies": 0.6829766735760371, "bad_qs": 0.047061571249233644, "tracked": 0.6866551834875777, "https": 0.9944530406095816, "requests": 28.521764516976614, "requests_tracking": 6.603947099524129, "content_length": 4577028.731906694, "requests_failed": 8.983709456106034, "has_blocking": 0.3991767144483695, "script": 0.9901614457127843, "iframe": 0.575365661401921, "beacon": 0.10936268356056404, "image": 0.9445596006189239, "stylesheet": 0.3798207456281202, "font": 0.25413832365048317, "xhr": 0.37430298076080926, "plugin": 0.0027734796952091786, "media": 0.00046711236971944066, "referer_leaked": 0.9494058914547631, "referer_leaked_header": 0.9187224476688173, "referer_leaked_url": 0.0, "hosts": 7.3316497825008025, "trackers": 6.624850378069074, "companies": 3.6955595130353545}