{"id": "tutti.ch", "month": "2019-04", "country": "global", "site": "tutti.ch", "category": "E-Commerce", "popularity": 0.00011740091200594913, "cookies": 0.5848107331097269, "bad_qs": 0.08373263057019645, "tracked": 0.5852898897939627, "https": 0.9543004312410158, "requests": 75.07678485864878, "requests_tracking": 26.519645424053664, "content_length": 566133.3294202205, "requests_failed": 28.598406804024915, "has_blocking": 0.49442980354575944, "script": 0.97747963584092, "iframe": 0.24514853857211308, "beacon": 0.021801629132726402, "image": 0.5562410158121706, "stylesheet": 0.9422017249640633, "font": 0.058277431720172496, "xhr": 0.7545519885002395, "plugin": 0.0003593675131768088, "media": 0.0005390512697652132, "referer_leaked": 0.9871825586966938, "referer_leaked_header": 0.9871226641111643, "referer_leaked_url": 0.0, "hosts": 12.400275515093435, "trackers": 10.289889793962626, "companies": 6.732211308097748}