{"id": "tuttosport.com", "month": "2019-04", "country": "global", "site": "tuttosport.com", "category": "Entertainment", "popularity": 0.0003436240876800864, "cookies": 0.9641687812065155, "bad_qs": 0.43920356879757716, "tracked": 0.964884996316608, "https": 0.9934108209871491, "requests": 87.54784316935418, "requests_tracking": 24.91225341736924, "content_length": 1599541.8137226815, "requests_failed": 33.28820496030122, "has_blocking": 0.5140787427355324, "script": 0.9994884177785054, "iframe": 0.9224441352214128, "beacon": 0.47595563558975196, "image": 0.9066055496439388, "stylesheet": 0.9984857166243759, "font": 0.3752557911107473, "xhr": 0.9502128182041417, "plugin": 0.000900384709830564, "media": 0.0413358434967668, "referer_leaked": 0.977858721453712, "referer_leaked_header": 0.9758328558565933, "referer_leaked_url": 0.0, "hosts": 20.782864041908816, "trackers": 18.302754358680527, "companies": 13.537611524924285}