{"id": "tutu.ru", "month": "2019-04", "country": "global", "site": "tutu.ru", "category": "Recreation", "popularity": 0.00022082284622872703, "cookies": 0.7660170678894408, "bad_qs": 0.10890332441727169, "tracked": 0.7892625143293848, "https": 0.9934721691504267, "requests": 90.87883709081646, "requests_tracking": 19.69220481467329, "content_length": 642825.0307922558, "requests_failed": 38.20233091325946, "has_blocking": 0.48133995669341484, "script": 0.9957648707171061, "iframe": 0.8391287734046619, "beacon": 0.16478792510508217, "image": 0.9920710737485671, "stylesheet": 0.9555152209909565, "font": 0.523054387976054, "xhr": 0.695930454719144, "plugin": 0.0014010954018596356, "media": 0.0014966246338046108, "referer_leaked": 0.9871035536874283, "referer_leaked_header": 0.9544643994395619, "referer_leaked_url": 0.0, "hosts": 18.857215641319577, "trackers": 13.05346452681187, "companies": 9.664596866641192}