{"id": "tvgids.nl", "month": "2019-04", "country": "global", "site": "tvgids.nl", "category": "Entertainment", "popularity": 0.0002290006888654615, "cookies": 0.7755396567077103, "bad_qs": 0.05425737709951792, "tracked": 0.7765529523751036, "https": 0.9972057604323394, "requests": 86.5177633801087, "requests_tracking": 6.9381889642890044, "content_length": 434367.87300027633, "requests_failed": 28.415850400712376, "has_blocking": 0.43479595909970215, "script": 0.9991709399084964, "iframe": 0.9051493843461172, "beacon": 0.08309024472625665, "image": 0.9942272852887892, "stylesheet": 0.9885773942948384, "font": 0.38695612122700895, "xhr": 0.9114133939263672, "plugin": 0.06420609819756196, "media": 0.0021187091227315995, "referer_leaked": 0.9835109159578714, "referer_leaked_header": 0.9572880523229036, "referer_leaked_url": 0.0, "hosts": 14.461940000614119, "trackers": 13.049190898762552, "companies": 10.360702551662726}