{"id": "tvmovie.de", "month": "2019-04", "country": "global", "site": "tvmovie.de", "category": "News and Portals", "popularity": 0.00013926240190930897, "cookies": 0.6109568290835647, "bad_qs": 0.17561221913658168, "tracked": 0.6189346124715981, "https": 0.8600858369098713, "requests": 382.6609442060086, "requests_tracking": 29.404241353193637, "content_length": 1154249.4969957082, "requests_failed": 328.80868467558696, "has_blocking": 0.41661196667508205, "script": 0.9956576622065135, "iframe": 0.5416309012875536, "beacon": 0.3112850290330725, "image": 0.8890684170663974, "stylesheet": 0.9723302196415047, "font": 0.48396869477404697, "xhr": 0.9500631153749053, "plugin": 0.0014137843978793234, "media": 0.026558949760161574, "referer_leaked": 0.9132542287301186, "referer_leaked_header": 0.8619035597071446, "referer_leaked_url": 0.0, "hosts": 25.853723807119415, "trackers": 22.76541277455188, "companies": 16.373289573340067}