{"id": "tvtv.de", "month": "2019-04", "country": "global", "site": "tvtv.de", "category": "News and Portals", "popularity": 0.00013230807141255025, "cookies": 0.3238732993197279, "bad_qs": 0.09231505102040816, "tracked": 0.3268494897959184, "https": 0.9988307823129252, "requests": 14.683567176870747, "requests_tracking": 3.84375, "content_length": 105050.18712797618, "requests_failed": 5.97672193877551, "has_blocking": 0.32775297619047616, "script": 0.99484481292517, "iframe": 0.15784438775510204, "beacon": 0.0391156462585034, "image": 0.40412414965986393, "stylesheet": 0.02301232993197279, "font": 0.07371386054421769, "xhr": 0.20620748299319727, "plugin": 0.013127125850340137, "media": 0.007121598639455782, "referer_leaked": 0.4677402210884354, "referer_leaked_header": 0.46763392857142855, "referer_leaked_url": 0.0, "hosts": 4.74186862244898, "trackers": 4.297087585034014, "companies": 3.813031462585034}