{"id": "tweakers.net", "month": "2019-04", "country": "global", "site": "tweakers.net", "category": "Entertainment", "popularity": 0.004132236460793966, "cookies": 0.8112309839022565, "bad_qs": 0.05477486982268659, "tracked": 0.8116172616819249, "https": 0.9981758159479971, "requests": 69.88013647347105, "requests_tracking": 9.336357757887214, "content_length": 970887.7895381683, "requests_failed": 20.267270190246062, "has_blocking": 0.3781097913759657, "script": 0.9932750229724671, "iframe": 0.8222679780825648, "beacon": 0.00651907565599156, "image": 0.9960283156927475, "stylesheet": 0.9984463805601879, "font": 0.42486982268658746, "xhr": 0.805656331892591, "plugin": 0.00033863118129530683, "media": 0.004900792975530068, "referer_leaked": 0.6177704795289793, "referer_leaked_header": 0.4014345029438791, "referer_leaked_url": 0.0, "hosts": 9.2479171629854, "trackers": 8.667787496171256, "companies": 6.545140046965932}