{"id": "twitch.tv", "month": "2019-04", "country": "global", "site": "twitch.tv", "category": "Entertainment", "popularity": 0.02861262597305604, "cookies": 0.7834436729667448, "bad_qs": 0.058037361059673345, "tracked": 0.7837314513788419, "https": 0.9875255062356495, "requests": 2396.896365611782, "requests_tracking": 151.95073607131596, "content_length": 194544500.0483662, "requests_failed": 394.11679920611493, "has_blocking": 0.40307040642618286, "script": 0.9978309715925107, "iframe": 0.5044077281897263, "beacon": 0.05160129886119865, "image": 0.9593605765201815, "stylesheet": 0.9918296489422853, "font": 0.3129650441387205, "xhr": 0.9647155650766275, "plugin": 0.001589293758354114, "media": 0.04093703206824698, "referer_leaked": 0.9909992447967033, "referer_leaked_header": 0.989259303586073, "referer_leaked_url": 0.0, "hosts": 13.711673555572322, "trackers": 10.294087173512196, "companies": 4.883468911944475}