{"id": "twitchy.com", "month": "2019-04", "country": "global", "site": "twitchy.com", "category": "News and Portals", "popularity": 0.0003205461173157162, "cookies": 0.975957530820866, "bad_qs": 0.6049664370640109, "tracked": 0.9764620716886764, "https": 0.9709998683806432, "requests": 141.45908831658843, "requests_tracking": 49.88193743693239, "content_length": 1031176.0503663406, "requests_failed": 46.0981002939499, "has_blocking": 0.45976834993199667, "script": 0.992936427850656, "iframe": 0.9733470802439346, "beacon": 0.06407669021190716, "image": 0.9815294169262493, "stylesheet": 0.9717676479620936, "font": 0.6751195542491115, "xhr": 0.970736629667003, "plugin": 0.0008993989382705216, "media": 0.027332953099635852, "referer_leaked": 0.9890975299434037, "referer_leaked_header": 0.9859606019391919, "referer_leaked_url": 0.0, "hosts": 23.532356425218268, "trackers": 19.8970736629667, "companies": 13.692668801825121}