{"id": "typepad.com", "month": "2019-04", "country": "global", "site": "typepad.com", "category": "Entertainment", "popularity": 0.0002929608407345387, "cookies": 0.7051820560209299, "bad_qs": 0.015337349686772436, "tracked": 0.7053260686940451, "https": 0.8807095024362144, "requests": 38.60590932002016, "requests_tracking": 8.050812471497492, "content_length": 498684.4870988647, "requests_failed": 15.921129059357224, "has_blocking": 0.46700909680051844, "script": 0.9785421117058302, "iframe": 0.5065405755706502, "beacon": 0.007320644216691069, "image": 0.9061517413532391, "stylesheet": 0.9523078030866716, "font": 0.26572738400979284, "xhr": 0.37006456568178, "plugin": 0.0027842450135611933, "media": 0.0016801478530110649, "referer_leaked": 0.9622446775316228, "referer_leaked_header": 0.9396826920769028, "referer_leaked_url": 0.0, "hosts": 9.9045195977246, "trackers": 9.196505292465737, "companies": 6.066245829633008}