{"id": "typing.com", "month": "2019-04", "country": "global", "site": "typing.com", "category": "Business", "popularity": 0.00030929543097111157, "cookies": 0.31739644432319375, "bad_qs": 0.005228936479789024, "tracked": 0.3174191788296276, "https": 0.9989087436911744, "requests": 7.517073614331833, "requests_tracking": 1.1835356704405948, "content_length": 43873.91176738053, "requests_failed": 4.29013777110899, "has_blocking": 0.5486745782749056, "script": 0.9996362478970582, "iframe": 0.01564134042649934, "beacon": 0.01088982858182149, "image": 0.07982085208930115, "stylesheet": 0.018915109352975946, "font": 0.006206520256445232, "xhr": 0.022529895875960534, "plugin": 6.820351930159596e-05, "media": 0.00015914154503705725, "referer_leaked": 0.7162506251989269, "referer_leaked_header": 0.7103851225389897, "referer_leaked_url": 0.0, "hosts": 5.1654162688128045, "trackers": 4.328286272905015, "companies": 2.9966352930477878}