{"id": "tz.de", "month": "2019-04", "country": "global", "site": "tz.de", "category": "News and Portals", "popularity": 0.00028424859049643557, "cookies": 0.8711409063922423, "bad_qs": 0.2621462497526222, "tracked": 0.8717840886602019, "https": 0.9908964971304176, "requests": 130.37730061349694, "requests_tracking": 29.906639620027708, "content_length": 1915645.8150603601, "requests_failed": 37.37663269344944, "has_blocking": 0.4559667524243024, "script": 0.991317039382545, "iframe": 0.8129329111418959, "beacon": 0.7674153967939837, "image": 0.9809766475361171, "stylesheet": 0.9724915891549575, "font": 0.617949732831981, "xhr": 0.6917920047496536, "plugin": 0.0016821690085097962, "media": 0.2606372452008708, "referer_leaked": 0.9870621413021967, "referer_leaked_header": 0.9831535721353651, "referer_leaked_url": 0.0, "hosts": 27.30729269740748, "trackers": 23.2808974866416, "companies": 18.410869780328518}