{"id": "ubisoft.com", "month": "2019-04", "country": "global", "site": "ubisoft.com", "category": "Entertainment", "popularity": 0.0010181660191498213, "cookies": 0.8432633272788801, "bad_qs": 0.038053274584418185, "tracked": 0.8444857282954757, "https": 0.9736596752695152, "requests": 157.61746445023033, "requests_tracking": 18.995075864831453, "content_length": 5155485.8453213805, "requests_failed": 41.19532863249929, "has_blocking": 0.3604978003687922, "script": 0.9832938527731928, "iframe": 0.6873899321118532, "beacon": 0.020877504368184422, "image": 0.9755726983293853, "stylesheet": 0.9846474719780106, "font": 0.7124387936214148, "xhr": 0.9320635096030995, "plugin": 0.0012914632209230855, "media": 0.011795824499126363, "referer_leaked": 0.9931697479920164, "referer_leaked_header": 0.9854140624460451, "referer_leaked_url": 0.0, "hosts": 10.37282540384124, "trackers": 8.895902539417254, "companies": 7.2066203029068285}