{"id": "ubnt.com", "month": "2019-04", "country": "global", "site": "ubnt.com", "category": "Business", "popularity": 0.00039991970947690175, "cookies": 0.7886204592608221, "bad_qs": 0.007718817034145655, "tracked": 0.7903963146604776, "https": 0.9803073460632274, "requests": 39.98876463762, "requests_tracking": 9.296427189928615, "content_length": 488075.08422126103, "requests_failed": 10.17922073355136, "has_blocking": 0.32448922178851497, "script": 0.9868305376797833, "iframe": 0.0791574357351338, "beacon": 0.0006505608889826634, "image": 0.8716285121496642, "stylesheet": 0.9797446988078912, "font": 0.7144389351900693, "xhr": 0.35362379997890075, "plugin": 0.0, "media": 0.002443999015367303, "referer_leaked": 0.9474276470795091, "referer_leaked_header": 0.8698878222034673, "referer_leaked_url": 0.0, "hosts": 5.945704539860041, "trackers": 5.299592080739881, "companies": 2.8106164503991278}