{"id": "ubuntuforums.org", "month": "2019-04", "country": "global", "site": "ubuntuforums.org", "category": "Reference", "popularity": 0.00030388806984673597, "cookies": 0.4044241849272277, "bad_qs": 0.0014808987204109495, "tracked": 0.40491010481986256, "https": 0.9610569914616933, "requests": 10.324131707429947, "requests_tracking": 1.4436911400606243, "content_length": 142834.66765393247, "requests_failed": 3.7557674063447255, "has_blocking": 0.1427910313071245, "script": 0.9046440058310388, "iframe": 0.5381447115718352, "beacon": 0.00037022468010273736, "image": 0.3859360899645973, "stylesheet": 0.9565680172154476, "font": 0.7583358400629382, "xhr": 0.0042807228636879005, "plugin": 0.001619732975449476, "media": 0.0003008075525834741, "referer_leaked": 0.9672582548534142, "referer_leaked_header": 0.9550177013675174, "referer_leaked_url": 0.0, "hosts": 4.196265358539463, "trackers": 3.6723974361940903, "companies": 1.8770622671633848}