{"id": "ucla.edu", "month": "2019-04", "country": "global", "site": "ucla.edu", "category": "Reference", "popularity": 0.0002950844077820829, "cookies": 0.36940307399023, "bad_qs": 0.006910520671988562, "tracked": 0.37007029667580127, "https": 0.824234481115215, "requests": 15.255903729298225, "requests_tracking": 3.8991778863338498, "content_length": 640046.005242464, "requests_failed": 3.7269391159299414, "has_blocking": 0.23469557964970808, "script": 0.8430358632193494, "iframe": 0.24513284880257358, "beacon": 0.006910520671988562, "image": 0.5012748719170738, "stylesheet": 0.5990468247348981, "font": 0.27935184081973075, "xhr": 0.15415226974860002, "plugin": 0.00040509948766829503, "media": 0.0008578577385916835, "referer_leaked": 0.8024782556892649, "referer_leaked_header": 0.7904205885857262, "referer_leaked_url": 0.0, "hosts": 3.083236030025021, "trackers": 2.934659835577267, "companies": 2.0130585011318956}