{"id": "ucoz.net", "month": "2019-04", "country": "global", "site": "ucoz.net", "category": "Business", "popularity": 9.313458789643006e-05, "cookies": 0.8018120045300113, "bad_qs": 0.052774631936579844, "tracked": 0.8382030955077387, "https": 0.1439033597583994, "requests": 132.42725556813892, "requests_tracking": 10.460551151377878, "content_length": 33647292.56383541, "requests_failed": 25.085239713099284, "has_blocking": 0.7054737636844092, "script": 0.9862589656474141, "iframe": 0.35477538693846733, "beacon": 0.05481313703284258, "image": 0.8816157040392602, "stylesheet": 0.7012457531143828, "font": 0.3505473763684409, "xhr": 0.48924122310305773, "plugin": 0.0027180067950169874, "media": 0.05081162702906757, "referer_leaked": 0.9617214043035107, "referer_leaked_header": 0.9005662514156285, "referer_leaked_url": 0.0, "hosts": 12.433975084937712, "trackers": 8.650887127217818, "companies": 5.359229898074745}