{"id": "ucoz.ru", "month": "2019-04", "country": "global", "site": "ucoz.ru", "category": "Business", "popularity": 0.0002827086528030178, "cookies": 0.9140654147494093, "bad_qs": 0.013381420221365502, "tracked": 0.9179952742196245, "https": 0.06469344608879493, "requests": 32.921875388633254, "requests_tracking": 9.868076109936576, "content_length": 6237917.698072379, "requests_failed": 15.035617460514862, "has_blocking": 0.6770302201218754, "script": 0.9669444098992662, "iframe": 0.2051486133565477, "beacon": 0.015669692824275588, "image": 0.9820669071011068, "stylesheet": 0.20614351448824772, "font": 0.08003979604526801, "xhr": 0.2616589976371098, "plugin": 0.008630767317497824, "media": 0.009700286034075363, "referer_leaked": 0.9657505285412262, "referer_leaked_header": 0.9437383410023629, "referer_leaked_url": 0.0, "hosts": 7.315905981843055, "trackers": 5.254968287526427, "companies": 4.365626165899764}