{"id": "uesp.net", "month": "2019-04", "country": "global", "site": "uesp.net", "category": "Entertainment", "popularity": 0.0004134767865221503, "cookies": 0.9306996360668004, "bad_qs": 0.006428352777116424, "tracked": 0.9307506547396347, "https": 0.9771266283459746, "requests": 18.257508248018773, "requests_tracking": 4.334359375531444, "content_length": 46639.50430257474, "requests_failed": 10.381993809734363, "has_blocking": 0.5129247304513452, "script": 0.971854698819768, "iframe": 0.09130641814904256, "beacon": 0.007006564402571341, "image": 0.9773307030373116, "stylesheet": 0.05373966871875106, "font": 0.025968504472636985, "xhr": 0.9146627665725655, "plugin": 0.0013945103908030339, "media": 0.00011904356994660046, "referer_leaked": 0.9046971191456072, "referer_leaked_header": 0.8898846977993946, "referer_leaked_url": 0.0, "hosts": 9.89187442603993, "trackers": 9.708615353219278, "companies": 6.083738648345294}