{"id": "ulozto.cz", "month": "2019-04", "country": "global", "site": "ulozto.cz", "category": "Entertainment", "popularity": 0.0002166389972443272, "cookies": 0.5700282385017365, "bad_qs": 0.008211886137167711, "tracked": 0.5707098575091694, "https": 0.9992534648966211, "requests": 50.52001038657535, "requests_tracking": 16.811775779804602, "content_length": 289461707.23353565, "requests_failed": 13.336752247719822, "has_blocking": 0.35797981109416077, "script": 0.9989288844168912, "iframe": 0.028368333928397545, "beacon": 0.1580057775325392, "image": 0.9602713492810543, "stylesheet": 0.9759161284040377, "font": 0.40290174948878577, "xhr": 0.5315005355577915, "plugin": 0.001363238014865786, "media": 0.02268817553312344, "referer_leaked": 0.9884449349216138, "referer_leaked_header": 0.987373819338505, "referer_leaked_url": 0.0, "hosts": 3.904021552143854, "trackers": 3.7874647018728296, "companies": 3.014606121587848}