{"id": "uloz.to", "month": "2019-04", "country": "global", "site": "uloz.to", "category": "Business", "popularity": 0.0005479365516981062, "cookies": 0.3605436065910374, "bad_qs": 0.01187054052666701, "tracked": 0.36216056670602126, "https": 0.9978953852471639, "requests": 8.682536830758174, "requests_tracking": 2.389161234022894, "content_length": 45976826.177570455, "requests_failed": 3.614059853190288, "has_blocking": 0.34134541347980085, "script": 0.9608977978543196, "iframe": 0.08531389559057544, "beacon": 0.10838765977105898, "image": 0.3586571531235563, "stylesheet": 0.05860838765977106, "font": 0.013346337457009394, "xhr": 0.2721241209383502, "plugin": 0.0007314819567783994, "media": 0.016413428468764438, "referer_leaked": 0.6706662902315076, "referer_leaked_header": 0.6591165751244803, "referer_leaked_url": 0.0, "hosts": 3.1641342846876443, "trackers": 2.9657230121657, "companies": 2.1918664339612954}