{"id": "ulta.com", "month": "2019-04", "country": "global", "site": "ulta.com", "category": "Business", "popularity": 0.00038411249516273225, "cookies": 0.8281953648445795, "bad_qs": 0.22919488888075276, "tracked": 0.8298063193351152, "https": 0.9899132281331234, "requests": 83.01933145388642, "requests_tracking": 15.09446051330868, "content_length": 3394822.4906637864, "requests_failed": 25.787390619851355, "has_blocking": 0.4499322666861934, "script": 0.995075605023249, "iframe": 0.7127924431589353, "beacon": 0.043184564126972504, "image": 0.97715373631604, "stylesheet": 0.9429209533921575, "font": 0.4640647310804379, "xhr": 0.9684765496283821, "plugin": 0.00507084538498151, "media": 0.020942408376963352, "referer_leaked": 0.9959909200746897, "referer_leaked_header": 0.9886317870611064, "referer_leaked_url": 0.0, "hosts": 24.39887599311683, "trackers": 14.4191227620547, "companies": 12.895434408523414}