{"id": "ultipro.com", "month": "2019-04", "country": "global", "site": "ultipro.com", "category": "Business", "popularity": 0.00025555934031769377, "cookies": 0.16866607968302882, "bad_qs": 0.0031917235307065816, "tracked": 0.16907880255337882, "https": 0.9908100374202069, "requests": 15.325610829848118, "requests_tracking": 4.139940567906669, "content_length": 157494.1843220339, "requests_failed": 3.3473200528285276, "has_blocking": 0.12717367378384328, "script": 0.9290116662998019, "iframe": 0.12310147479639005, "beacon": 0.004952674444199868, "image": 0.9154468412942989, "stylesheet": 0.27550627338762934, "font": 0.03015628439357253, "xhr": 0.1162227602905569, "plugin": 0.0007979308826766454, "media": 0.0002476337222099934, "referer_leaked": 0.5649075500770416, "referer_leaked_header": 0.563449262601805, "referer_leaked_url": 0.0, "hosts": 2.0387409200968523, "trackers": 1.9320383006823685, "companies": 1.8603070658155403}