{"id": "umn.edu", "month": "2019-04", "country": "global", "site": "umn.edu", "category": "Reference", "popularity": 0.0003266777413735257, "cookies": 0.5240862714710061, "bad_qs": 0.010116664514184855, "tracked": 0.526109604373843, "https": 0.9325412200266908, "requests": 28.616061819277625, "requests_tracking": 5.555598605191786, "content_length": 3001052.6439364585, "requests_failed": 6.564057858711094, "has_blocking": 0.24587799733092255, "script": 0.8812045288217315, "iframe": 0.1963924404838779, "beacon": 0.006522019888931939, "image": 0.7527659391278144, "stylesheet": 0.8770071892892505, "font": 0.4796590468810539, "xhr": 0.16748460975504756, "plugin": 0.008308579792500754, "media": 0.0030565241723707437, "referer_leaked": 0.9092944164621809, "referer_leaked_header": 0.8938395970554048, "referer_leaked_url": 0.0, "hosts": 5.454324335959361, "trackers": 4.699965560291016, "companies": 3.4736105729906583}