{"id": "unblocktheship.org", "month": "2019-04", "country": "global", "site": "unblocktheship.org", "category": "Entertainment", "popularity": 0.0004200654697127094, "cookies": 0.015065535077587506, "bad_qs": 0.0017743852424714174, "tracked": 0.01560119854701284, "https": 0.9976062538710055, "requests": 4.048377107082476, "requests_tracking": 0.0480423174140846, "content_length": 1556.15209494635, "requests_failed": 3.9214583437955106, "has_blocking": 0.2627429317531261, "script": 0.987177555700631, "iframe": 0.006444701116523544, "beacon": 0.0, "image": 0.025159443579571134, "stylesheet": 0.03301026130333618, "font": 0.0004184870854885418, "xhr": 0.013659418470346005, "plugin": 0.0017576457590518756, "media": 1.673948341954167e-05, "referer_leaked": 0.01868126349620851, "referer_leaked_header": 0.01868126349620851, "referer_leaked_url": 0.0, "hosts": 2.6352968747384455, "trackers": 2.137581814225213, "companies": 2.091816066556186}