{"id": "uned.es", "month": "2019-04", "country": "global", "site": "uned.es", "category": "Business", "popularity": 0.00011676806089906513, "cookies": 0.10634710345658197, "bad_qs": 0.0004817535830422739, "tracked": 0.10646754185234253, "https": 0.8600505841262195, "requests": 4.810429965072865, "requests_tracking": 0.5247500903287968, "content_length": 454245.65783451765, "requests_failed": 1.3128387329880766, "has_blocking": 0.15994218957003492, "script": 0.565879802481031, "iframe": 0.02944718776345899, "beacon": 0.0003613151872817054, "image": 0.24105744911477778, "stylesheet": 0.6204986149584487, "font": 0.10050584126219439, "xhr": 0.019089485728050103, "plugin": 0.0029507406961339273, "media": 0.0009635071660845478, "referer_leaked": 0.7957364807900759, "referer_leaked_header": 0.7939901240515477, "referer_leaked_url": 0.0, "hosts": 2.3564374322534025, "trackers": 2.3299409851860773, "companies": 1.8692039022040225}