{"id": "unitymedia.de", "month": "2019-04", "country": "global", "site": "unitymedia.de", "category": "Business", "popularity": 0.00023637692010014291, "cookies": 0.5963529271775345, "bad_qs": 0.06517729652546407, "tracked": 0.6031056639695384, "https": 0.9914921465968587, "requests": 39.74485364112328, "requests_tracking": 7.596085197524988, "content_length": 250655.4457698715, "requests_failed": 11.452046644455022, "has_blocking": 0.39299738219895286, "script": 0.9894693003331747, "iframe": 0.7284328891004284, "beacon": 0.004700142789148025, "image": 0.8226439790575916, "stylesheet": 0.32279271775345075, "font": 0.16501070918610186, "xhr": 0.6868158019990481, "plugin": 0.0016658733936220848, "media": 0.002469062351261304, "referer_leaked": 0.9513921941932413, "referer_leaked_header": 0.9455318895763922, "referer_leaked_url": 0.0, "hosts": 8.996757496430272, "trackers": 8.051166111375535, "companies": 5.442051404093289}