{"id": "universfreebox.com", "month": "2019-04", "country": "global", "site": "universfreebox.com", "category": "Entertainment", "popularity": 0.0003183381701205875, "cookies": 0.6448135713023503, "bad_qs": 0.010470047711609825, "tracked": 0.6458517405902103, "https": 0.9817105495670613, "requests": 181.72499558225834, "requests_tracking": 66.34434087294575, "content_length": 1712749.8441641633, "requests_failed": 42.41308093302704, "has_blocking": 0.5026064675737762, "script": 0.989839194203923, "iframe": 0.7505743064145609, "beacon": 0.018201095599929315, "image": 0.9203481180420569, "stylesheet": 0.3348427283972433, "font": 0.2449416858102138, "xhr": 0.4472963421099134, "plugin": 0.004152677151440184, "media": 0.001590386994168581, "referer_leaked": 0.9902147022442127, "referer_leaked_header": 0.9892427990811098, "referer_leaked_url": 0.0, "hosts": 12.793028803675561, "trackers": 9.339260470047712, "companies": 7.256449902809684}