{"id": "unrealengine.com", "month": "2019-04", "country": "global", "site": "unrealengine.com", "category": "Entertainment", "popularity": 0.0004064451075567724, "cookies": 0.7070689595515726, "bad_qs": 0.0019376492162900937, "tracked": 0.7071727621881596, "https": 0.9402615826441991, "requests": 22.007646794228574, "requests_tracking": 5.718469949136708, "content_length": 2391746.837081762, "requests_failed": 6.52517213937234, "has_blocking": 0.17473443825473167, "script": 0.9447250960174388, "iframe": 0.09338777204941005, "beacon": 0.0016435417459603474, "image": 0.48387599045015744, "stylesheet": 0.9335490121449085, "font": 0.7951973980139095, "xhr": 0.1237846441299609, "plugin": 0.0005709145012283312, "media": 0.0010899276841631778, "referer_leaked": 0.946143732050794, "referer_leaked_header": 0.9418878239507283, "referer_leaked_url": 0.0, "hosts": 3.7436766893879105, "trackers": 3.487803190201031, "companies": 3.0989239126673818}