{"id": "unsplash.com", "month": "2019-04", "country": "global", "site": "unsplash.com", "category": "Entertainment", "popularity": 0.001037418756157026, "cookies": 0.28155352967092556, "bad_qs": 0.0023045379062595316, "tracked": 0.28220422272681056, "https": 0.9864710068797234, "requests": 12.302680719829192, "requests_tracking": 1.1121971057715119, "content_length": 18514.28452231674, "requests_failed": 6.894072592944047, "has_blocking": 0.4731690785237401, "script": 0.7858813162978276, "iframe": 0.010722879316772292, "beacon": 4.7446368658284475e-05, "image": 0.9614328803334802, "stylesheet": 0.03822143898058088, "font": 0.01983936015182838, "xhr": 0.1047005795235029, "plugin": 0.0002507879486223608, "media": 7.455857932016131e-05, "referer_leaked": 0.5459653641508795, "referer_leaked_header": 0.311722642084929, "referer_leaked_url": 0.0, "hosts": 3.517633104009218, "trackers": 3.385061171925306, "companies": 3.002934896804148}