{"id": "unsw.edu.au", "month": "2019-04", "country": "global", "site": "unsw.edu.au", "category": "Reference", "popularity": 0.00033460947524647193, "cookies": 0.4918253267767831, "bad_qs": 0.01143193376203085, "tracked": 0.4928550413987307, "https": 0.9454881687891397, "requests": 27.04946833102173, "requests_tracking": 5.767074349598621, "content_length": 8164618.956836044, "requests_failed": 8.903459000546379, "has_blocking": 0.36073635102761314, "script": 0.9498592022863868, "iframe": 0.2190560248812676, "beacon": 0.034842180473248434, "image": 0.7265582314126003, "stylesheet": 0.672760896061867, "font": 0.1319505736981465, "xhr": 0.2536040011768167, "plugin": 0.002794939688143572, "media": 0.008889169083343841, "referer_leaked": 0.8861429832303619, "referer_leaked_header": 0.8545580632959274, "referer_leaked_url": 0.0, "hosts": 5.296767956962132, "trackers": 4.545181355860968, "companies": 3.6627369394359683}