{"id": "unwetterzentrale.de", "month": "2019-04", "country": "global", "site": "unwetterzentrale.de", "category": "News and Portals", "popularity": 5.8742646076766835e-05, "cookies": 0.6711754847977017, "bad_qs": 0.02777112760354321, "tracked": 0.6711754847977017, "https": 0.005027531721331099, "requests": 32.34055542255207, "requests_tracking": 11.38352884845583, "content_length": 416294.3776633948, "requests_failed": 12.623533636581278, "has_blocking": 0.31589657649030406, "script": 0.995092171414891, "iframe": 0.6633947809432608, "beacon": 0.030284893464208762, "image": 0.5470433325353125, "stylesheet": 0.08750299257840555, "font": 0.03531242518553986, "xhr": 0.26825472827388075, "plugin": 0.0003591094086665071, "media": 0.016758439071103665, "referer_leaked": 0.9130955231027053, "referer_leaked_header": 0.9121378980129279, "referer_leaked_url": 0.0, "hosts": 9.476179075891789, "trackers": 8.476418482164233, "companies": 4.948048838879578}