{"id": "uploaded.net", "month": "2019-04", "country": "global", "site": "uploaded.net", "category": "Business", "popularity": 0.0014071444361565951, "cookies": 0.6795992304424956, "bad_qs": 0.004812232966044524, "tracked": 0.6811683282112785, "https": 0.020738075606526248, "requests": 16.06494765509832, "requests_tracking": 5.03310596407066, "content_length": 338078.598580816, "requests_failed": 5.2030132673712615, "has_blocking": 0.42559028558578815, "script": 0.9913649651450416, "iframe": 0.5905554306273892, "beacon": 4.997126652174999e-06, "image": 0.5912650226119981, "stylesheet": 0.42633485745696226, "font": 0.352112535292207, "xhr": 0.2662419109012318, "plugin": 0.0037828248756964747, "media": 0.0032881093371311494, "referer_leaked": 0.7337181120855508, "referer_leaked_header": 0.7211453414286785, "referer_leaked_url": 0.0, "hosts": 4.0223821302750915, "trackers": 3.6353696624440945, "companies": 2.427204357494441}