{"id": "upornia.com", "month": "2019-04", "country": "global", "site": "upornia.com", "category": "Adult", "popularity": 0.0002862596506805336, "cookies": 0.9582166543846721, "bad_qs": 0.0236551215917465, "tracked": 0.9587816261360845, "https": 0.9853844264308523, "requests": 165.35315647261115, "requests_tracking": 30.26047654139032, "content_length": 57158515.09292557, "requests_failed": 40.01223286661754, "has_blocking": 0.4428641611397691, "script": 0.9839842790469172, "iframe": 0.9247359371161876, "beacon": 0.11132399901744043, "image": 0.948268238761975, "stylesheet": 0.9956276099238517, "font": 0.6290837632031442, "xhr": 0.9330385654630312, "plugin": 0.004716285924834193, "media": 0.41012036354704, "referer_leaked": 0.9839351510685336, "referer_leaked_header": 0.9779415377057235, "referer_leaked_url": 0.0, "hosts": 17.14912797838369, "trackers": 12.624465733235077, "companies": 8.874256939326946}