{"id": "urbansportsclub.com", "month": "2019-04", "country": "global", "site": "urbansportsclub.com", "category": "Business", "popularity": 0.0003790074962338679, "cookies": 0.5435621521335807, "bad_qs": 0.009721706864564007, "tracked": 0.5435807050092765, "https": 0.9805565862708719, "requests": 19.823617810760666, "requests_tracking": 3.216679035250464, "content_length": 314658.48925788497, "requests_failed": 4.269536178107606, "has_blocking": 0.36677179962894246, "script": 0.9927643784786642, "iframe": 0.12278293135435993, "beacon": 0.008849721706864565, "image": 0.5558070500927644, "stylesheet": 0.8105380333951763, "font": 0.2598515769944341, "xhr": 0.14493506493506494, "plugin": 1.8552875695732837e-05, "media": 0.0, "referer_leaked": 0.9281632653061225, "referer_leaked_header": 0.9174397031539888, "referer_leaked_url": 0.0, "hosts": 4.765435992578849, "trackers": 4.222300556586271, "companies": 3.0905194805194807}