{"id": "urbandictionary.com", "month": "2019-04", "country": "global", "site": "urbandictionary.com", "category": "Reference", "popularity": 0.0008001628761862108, "cookies": 0.6041267553649577, "bad_qs": 0.014745944425892402, "tracked": 0.6042322090795649, "https": 0.976255338594302, "requests": 34.1263159744802, "requests_tracking": 6.731479691372129, "content_length": 676291.5356785068, "requests_failed": 13.49956939733202, "has_blocking": 0.4942615603634638, "script": 0.9764838216426174, "iframe": 0.04825386224229748, "beacon": 0.0029439161994481255, "image": 0.9697435717173137, "stylesheet": 0.9162785384115155, "font": 0.7481325904704993, "xhr": 0.04622387823611087, "plugin": 0.0012478689561839817, "media": 0.004929961157881787, "referer_leaked": 0.9878376715819814, "referer_leaked_header": 0.977309875740373, "referer_leaked_url": 0.0, "hosts": 13.24651563351319, "trackers": 13.072235794505861, "companies": 10.906858006573282}