{"id": "urlaubsguru.de", "month": "2019-04", "country": "global", "site": "urlaubsguru.de", "category": "Recreation", "popularity": 8.548412118209893e-05, "cookies": 0.9372378053796167, "bad_qs": 0.14584190178497985, "tracked": 0.9377313481944559, "https": 0.9975322859258041, "requests": 57.91552192152669, "requests_tracking": 10.940116805132845, "content_length": 810034.9958871432, "requests_failed": 16.550958295632146, "has_blocking": 0.46787858846754954, "script": 0.9958048860738669, "iframe": 0.9683310027144855, "beacon": 0.19470264045405938, "image": 0.8034877025581969, "stylesheet": 0.36086205478325245, "font": 0.34613802747388334, "xhr": 0.7140741959364975, "plugin": 0.001974171259356749, "media": 0.002961256889035124, "referer_leaked": 0.9946532861725754, "referer_leaked_header": 0.9860162869128897, "referer_leaked_url": 0.0, "hosts": 16.160236900551123, "trackers": 13.84848235584437, "companies": 8.847495270214692}