{"id": "uscis.gov", "month": "2019-04", "country": "global", "site": "uscis.gov", "category": "Government", "popularity": 0.00027559962536902074, "cookies": 0.4176659692810124, "bad_qs": 0.009134051130275041, "tracked": 0.4201408378833495, "https": 0.993340817472062, "requests": 10.314435883043323, "requests_tracking": 1.1582640200030616, "content_length": 87079.42608562535, "requests_failed": 3.6526764300658265, "has_blocking": 0.2921875797315916, "script": 0.980124508853396, "iframe": 0.15811093534724702, "beacon": 0.026254018472215136, "image": 0.5716436189212635, "stylesheet": 0.36275960606215235, "font": 0.046180537837424096, "xhr": 0.17923661784967088, "plugin": 0.0011736490279124355, "media": 0.043858753890901665, "referer_leaked": 0.8683471959993877, "referer_leaked_header": 0.8648262489156504, "referer_leaked_url": 0.0, "hosts": 4.176965862121754, "trackers": 3.7739705056896464, "companies": 3.3266826555084963}