{"id": "usedphotopro.com", "month": "2019-04", "country": "global", "site": "usedphotopro.com", "category": "E-Commerce", "popularity": 1.6517413889672648e-05, "cookies": 0.9919114516815666, "bad_qs": 0.10898254576415496, "tracked": 0.9919114516815666, "https": 0.9974457215836526, "requests": 113.23073648361004, "requests_tracking": 21.220519369944657, "content_length": 995351.8556832694, "requests_failed": 30.963388676032356, "has_blocking": 0.5061728395061729, "script": 0.9923371647509579, "iframe": 0.23414218816517668, "beacon": 0.01362281822051937, "image": 0.9919114516815666, "stylesheet": 0.9991485738612176, "font": 0.27628778203490845, "xhr": 0.9638143891017454, "plugin": 0.0, "media": 0.0, "referer_leaked": 0.9978714346530438, "referer_leaked_header": 0.9978714346530438, "referer_leaked_url": 0.0, "hosts": 15.326947637292465, "trackers": 8.787994891443168, "companies": 5.412515964240102}