{"id": "userbenchmark.com", "month": "2019-04", "country": "global", "site": "userbenchmark.com", "category": "Business", "popularity": 0.0006784093549006928, "cookies": 0.4390489121985095, "bad_qs": 0.004747147047544025, "tracked": 0.43999212263808707, "https": 0.995698545797531, "requests": 15.038205205277832, "requests_tracking": 1.6490117020284207, "content_length": 97642.67881093295, "requests_failed": 6.445102042931622, "has_blocking": 0.48839643860321935, "script": 0.9922262875858995, "iframe": 0.014510929839654225, "beacon": 0.0023632085738865454, "image": 0.28735787062469553, "stylesheet": 0.9578250189160336, "font": 0.4720820074834938, "xhr": 0.01360917919961857, "plugin": 0.0024461281729702836, "media": 0.00015547424828200954, "referer_leaked": 0.9614216565262907, "referer_leaked_header": 0.9568196187771432, "referer_leaked_url": 0.0, "hosts": 6.67538013453705, "trackers": 6.523772012562319, "companies": 2.9872718415406463}