{"id": "usnews.com", "month": "2019-04", "country": "global", "site": "usnews.com", "category": "News and Portals", "popularity": 0.0005443574271047288, "cookies": 0.7059872117806627, "bad_qs": 0.13458632048052702, "tracked": 0.7067105858037848, "https": 0.976593683394691, "requests": 91.73527094232384, "requests_tracking": 16.67464961570755, "content_length": 556320.0777885423, "requests_failed": 34.80471484854356, "has_blocking": 0.5130271911128335, "script": 0.9797584447458503, "iframe": 0.3724988697280889, "beacon": 0.06607246657624491, "image": 0.9722921914357683, "stylesheet": 0.5214105793450882, "font": 0.6751275592585416, "xhr": 0.5403733126655041, "plugin": 0.0022347090357165925, "media": 0.002544726474197507, "referer_leaked": 0.9848866498740554, "referer_leaked_header": 0.871510689142931, "referer_leaked_url": 0.0, "hosts": 21.42662274752955, "trackers": 19.667286701543627, "companies": 14.605980753084028}