{"id": "usps.com", "month": "2019-04", "country": "global", "site": "usps.com", "category": "Business", "popularity": 0.002285886324780904, "cookies": 0.5953476639883846, "bad_qs": 0.04955949846808825, "tracked": 0.5984145636204796, "https": 0.9942937825300537, "requests": 21.465830369996677, "requests_tracking": 3.9739882614954904, "content_length": 173843.9038494666, "requests_failed": 7.1022412668725625, "has_blocking": 0.3902714375361445, "script": 0.9959948813229811, "iframe": 0.1775633374758524, "beacon": 0.03460336405359846, "image": 0.6236511178649211, "stylesheet": 0.7916723062346963, "font": 0.02017017140185306, "xhr": 0.30651462391258877, "plugin": 0.0030545951200305153, "media": 7.382707238744448e-05, "referer_leaked": 0.8657793062716098, "referer_leaked_header": 0.8589779872279165, "referer_leaked_url": 0.0, "hosts": 7.512987412484158, "trackers": 6.759351429169076, "companies": 5.515866668307268}