{"id": "utopia.de", "month": "2019-04", "country": "global", "site": "utopia.de", "category": "Entertainment", "popularity": 0.00014149847582029914, "cookies": 0.9786314167867615, "bad_qs": 0.038761616061223476, "tracked": 0.9787804999254585, "https": 0.9977637529195448, "requests": 37.69656611837201, "requests_tracking": 16.645977239974158, "content_length": 539428.6656065199, "requests_failed": 11.949908065397803, "has_blocking": 0.48138945485265616, "script": 0.9895641802912091, "iframe": 0.11310440789146747, "beacon": 0.03463698255727277, "image": 0.9854395467872583, "stylesheet": 0.9799234706554689, "font": 0.056949758982259104, "xhr": 0.18834169855389354, "plugin": 0.0013914426278387915, "media": 0.023654524673259455, "referer_leaked": 0.9794265268598121, "referer_leaked_header": 0.9764945584654375, "referer_leaked_url": 0.0, "hosts": 8.48099189981613, "trackers": 7.2555781941062465, "companies": 4.631068926104458}