{"id": "utoronto.ca", "month": "2019-04", "country": "global", "site": "utoronto.ca", "category": "Reference", "popularity": 0.00035075421015097957, "cookies": 0.3374964917204603, "bad_qs": 0.004911591355599214, "tracked": 0.3378974379535704, "https": 0.882522753698729, "requests": 21.583456958421877, "requests_tracking": 2.404153802975021, "content_length": 674733.2455394731, "requests_failed": 5.21729281103404, "has_blocking": 0.270658754661, "script": 0.918227015757187, "iframe": 0.157571869612285, "beacon": 0.00607433543161862, "image": 0.5846597971212061, "stylesheet": 0.76512569664408, "font": 0.3853895192654665, "xhr": 0.1744717533378774, "plugin": 0.000140331181588549, "media": 0.0008219397778757868, "referer_leaked": 0.881139489194499, "referer_leaked_header": 0.869672426927549, "referer_leaked_url": 0.0, "hosts": 3.9616695401146704, "trackers": 3.796199029710116, "companies": 2.642656669740588}