{"id": "uukanshu.com", "month": "2019-04", "country": "global", "site": "uukanshu.com", "category": "Entertainment", "popularity": 0.0011270867263235248, "cookies": 0.9716882841403233, "bad_qs": 0.00832257138757354, "tracked": 0.9716882841403233, "https": 0.961650040240319, "requests": 21.586841103770112, "requests_tracking": 10.04308521589399, "content_length": 137630.78049373935, "requests_failed": 8.641624086794312, "has_blocking": 0.4944942509373811, "script": 0.9808905276160886, "iframe": 0.47685089870045605, "beacon": 0.17427489440815538, "image": 0.9759057191163351, "stylesheet": 0.9491349891132781, "font": 0.014399171486146724, "xhr": 0.3318235415223942, "plugin": 0.0, "media": 0.00012477618272224199, "referer_leaked": 0.9822880208625777, "referer_leaked_header": 0.9820571849245416, "referer_leaked_url": 0.0, "hosts": 5.647962716876602, "trackers": 5.084529624985183, "companies": 2.0483757260414133}