{"id": "va.gov", "month": "2019-04", "country": "global", "site": "va.gov", "category": "Government", "popularity": 0.0005126234599339784, "cookies": 0.15291761542893198, "bad_qs": 0.004252283887959178, "tracked": 0.15467339716331513, "https": 0.9758031329730323, "requests": 16.327508161641656, "requests_tracking": 0.5296974019917149, "content_length": 215568.72187319963, "requests_failed": 5.9457490878165205, "has_blocking": 0.35347452744780666, "script": 0.9813311020273793, "iframe": 0.04303036953718691, "beacon": 0.0001646045375984198, "image": 0.4136649200296288, "stylesheet": 0.9323886861814491, "font": 0.30580779676826425, "xhr": 0.1064168335573784, "plugin": 0.0017694987791830128, "media": 0.0026748237359743216, "referer_leaked": 0.965213574387534, "referer_leaked_header": 0.9609338564099751, "referer_leaked_url": 0.0, "hosts": 5.45414391923404, "trackers": 5.403404570519327, "companies": 3.6881429864749937}