{"id": "vagas.com.br", "month": "2019-04", "country": "global", "site": "vagas.com.br", "category": "Reference", "popularity": 0.0002411514301176345, "cookies": 0.6978276716722555, "bad_qs": 0.0733634640618166, "tracked": 0.6980901005977548, "https": 0.8712348738883219, "requests": 34.11640180784371, "requests_tracking": 8.994868056568013, "content_length": 189436.37317393205, "requests_failed": 13.158040530689606, "has_blocking": 0.49739029012975655, "script": 0.9898527482140254, "iframe": 0.6050736258929873, "beacon": 0.04376731301939058, "image": 0.7924478786995188, "stylesheet": 0.8901880740632745, "font": 0.5856830441755357, "xhr": 0.6055401662049862, "plugin": 0.00043738154249890656, "media": 0.0002624289254993439, "referer_leaked": 0.9561452106721097, "referer_leaked_header": 0.951596442630121, "referer_leaked_url": 0.0, "hosts": 12.385333138941537, "trackers": 10.372328327744569, "companies": 7.372940661904067}