{"id": "vanguard.com", "month": "2019-04", "country": "global", "site": "vanguard.com", "category": "Banking", "popularity": 0.002100685964190781, "cookies": 0.39065292924424094, "bad_qs": 0.013489720364456762, "tracked": 0.39248056877748994, "https": 0.998691195865384, "requests": 28.694884617701995, "requests_tracking": 1.5751909648999485, "content_length": 338565.38926713663, "requests_failed": 11.172541222309253, "has_blocking": 0.5323820235250012, "script": 0.9894927463463946, "iframe": 0.8921960461395299, "beacon": 1.0041975457411982e-05, "image": 0.9227136095546049, "stylesheet": 0.9498905424675143, "font": 0.24621584891513193, "xhr": 0.8976923540398867, "plugin": 0.00031130123917977147, "media": 0.005278731765446232, "referer_leaked": 0.9446586732542026, "referer_leaked_header": 0.9255253626826803, "referer_leaked_url": 0.0, "hosts": 4.160684996619201, "trackers": 4.030571120617514, "companies": 3.096744391556707}