{"id": "variety.com", "month": "2019-04", "country": "global", "site": "variety.com", "category": "Entertainment", "popularity": 0.0002839673233378204, "cookies": 0.9880893423137876, "bad_qs": 0.27023078446909665, "tracked": 0.9890055467511886, "https": 0.9642185023771791, "requests": 367.34786053882726, "requests_tracking": 66.96602614896989, "content_length": 7592472.81760103, "requests_failed": 136.13042293977813, "has_blocking": 0.5202307844690967, "script": 0.983483557844691, "iframe": 0.9568145800316957, "beacon": 0.21404516640253565, "image": 0.9966075673534073, "stylesheet": 0.9983409270998416, "font": 0.8929526545166403, "xhr": 0.9631784865293186, "plugin": 0.0017333597464342313, "media": 0.5238213153724247, "referer_leaked": 0.9977466323296355, "referer_leaked_header": 0.9847464342313788, "referer_leaked_url": 0.0, "hosts": 57.068467709984155, "trackers": 43.16444631537242, "companies": 34.21580328843106}