{"id": "varzesh3.com", "month": "2019-04", "country": "global", "site": "varzesh3.com", "category": "News and Portals", "popularity": 0.00029057006988631026, "cookies": 0.7858335551629843, "bad_qs": 0.001258379110906759, "tracked": 0.7859061539578442, "https": 0.9795029402511918, "requests": 74.55521138349103, "requests_tracking": 10.519879969992498, "content_length": 2392283.777992885, "requests_failed": 23.44520000967984, "has_blocking": 0.4845969556905355, "script": 0.9968298526244465, "iframe": 0.5800159717348692, "beacon": 7.259879486000533e-05, "image": 0.9941436972146263, "stylesheet": 0.9758730005081916, "font": 0.7119037823972122, "xhr": 0.8954577354015923, "plugin": 0.0015487742903467802, "media": 0.028821721559422114, "referer_leaked": 0.9901991626938993, "referer_leaked_header": 0.9886503884035525, "referer_leaked_url": 0.0, "hosts": 6.558381530866588, "trackers": 4.121723979381942, "companies": 3.3834426348522615}