{"id": "vattenfall.de", "month": "2019-04", "country": "global", "site": "vattenfall.de", "category": "Business", "popularity": 0.00010692371034753609, "cookies": 0.7378008680783901, "bad_qs": 0.024135209785610942, "tracked": 0.7386557937656189, "https": 0.997172168880705, "requests": 30.130869393660397, "requests_tracking": 8.694462712087335, "content_length": 373713.924832303, "requests_failed": 7.296790740497173, "has_blocking": 0.273839273970801, "script": 0.9964487702222807, "iframe": 0.14816519794817834, "beacon": 0.002235959489675128, "image": 0.8304616598711035, "stylesheet": 0.7769301591477048, "font": 0.6615809548862291, "xhr": 0.262856767065632, "plugin": 0.0004603446008154676, "media": 0.0, "referer_leaked": 0.9432460870708931, "referer_leaked_header": 0.9323293436801263, "referer_leaked_url": 0.0, "hosts": 5.68006050243325, "trackers": 4.513415756938051, "companies": 3.024727081415231}