{"id": "vccs.edu", "month": "2019-04", "country": "global", "site": "vccs.edu", "category": "Reference", "popularity": 0.0012036687419354553, "cookies": 0.2807486943415626, "bad_qs": 0.0002044655271121289, "tracked": 0.2807779037025786, "https": 0.9968687564990828, "requests": 6.58021474722219, "requests_tracking": 0.8081353912301814, "content_length": 67420.62471812966, "requests_failed": 1.84170278890979, "has_blocking": 0.026095643131710852, "script": 0.685082195141899, "iframe": 0.024594281975487506, "beacon": 8.178621084485155e-05, "image": 0.16930329832104593, "stylesheet": 0.9095853439110166, "font": 0.034589725315169004, "xhr": 0.009744242834943743, "plugin": 5.841872203203683e-05, "media": 3.50512332192221e-05, "referer_leaked": 0.9455479091939385, "referer_leaked_header": 0.945419388005468, "referer_leaked_url": 0.0, "hosts": 4.143347860122212, "trackers": 3.983572655364591, "companies": 3.3594503966631226}