{"id": "veporns.com", "month": "2019-04", "country": "global", "site": "veporns.com", "category": "Adult", "popularity": 0.0003081633306576857, "cookies": 0.9647689674843126, "bad_qs": 0.031123787792355962, "tracked": 0.9652481460353679, "https": 0.002464346833998859, "requests": 48.61588134626355, "requests_tracking": 15.128100399315459, "content_length": 438062113.7770679, "requests_failed": 20.768990302338846, "has_blocking": 0.42770108385624644, "script": 0.9980832857957787, "iframe": 0.9816999429549343, "beacon": 0.00034227039361095263, "image": 0.97218482601255, "stylesheet": 0.4560867084997148, "font": 0.01291500285225328, "xhr": 0.4464575014261266, "plugin": 0.022544209925841413, "media": 0.3633314318311466, "referer_leaked": 0.982658300057045, "referer_leaked_header": 0.9744666286366229, "referer_leaked_url": 0.0, "hosts": 17.85782087849401, "trackers": 13.121163719338277, "companies": 10.582338847689675}