{"id": "vertbaudet.de", "month": "2019-04", "country": "global", "site": "vertbaudet.de", "category": "E-Commerce", "popularity": 3.981336630196958e-05, "cookies": 0.8827269516072059, "bad_qs": 0.10243730130695868, "tracked": 0.8836100317908866, "https": 0.9959378311550688, "requests": 65.8147297774638, "requests_tracking": 16.655245496291062, "content_length": 213168.41628399858, "requests_failed": 25.462734016248675, "has_blocking": 0.3182620981985164, "script": 0.9980572235959025, "iframe": 0.9978806075591664, "beacon": 0.21935711762628046, "image": 0.9938184387142353, "stylesheet": 0.9814553161427058, "font": 0.05316142705757683, "xhr": 0.9756269869304133, "plugin": 0.0005298481102084069, "media": 0.0, "referer_leaked": 0.9959378311550688, "referer_leaked_header": 0.9918756623101378, "referer_leaked_url": 0.0, "hosts": 19.041504768632993, "trackers": 15.072059342988343, "companies": 13.39897562698693}