{"id": "vf-stream.org", "month": "2019-04", "country": "global", "site": "vf-stream.org", "category": "Entertainment", "popularity": 0.00028291257149301374, "cookies": 0.6959039618233335, "bad_qs": 0.009121638415270666, "tracked": 0.6969230004473828, "https": 0.9730079037629865, "requests": 250.39831982900034, "requests_tracking": 10.233732663916092, "content_length": 175635739.37597555, "requests_failed": 183.12504349555104, "has_blocking": 0.4715166277277924, "script": 0.9981110503554208, "iframe": 0.5621365014664215, "beacon": 0.0018889496445792116, "image": 0.9771089128597703, "stylesheet": 0.9963463737137744, "font": 0.5183924044340608, "xhr": 0.48048913853954367, "plugin": 0.014564795943729184, "media": 0.06407516031217378, "referer_leaked": 0.9860068598697619, "referer_leaked_header": 0.9522294576726152, "referer_leaked_url": 0.0, "hosts": 10.954938609136551, "trackers": 8.45190634786499, "companies": 7.3335238852711635}