{"id": "vg.no", "month": "2019-04", "country": "global", "site": "vg.no", "category": "News and Portals", "popularity": 0.0023011802265306006, "cookies": 0.9553534051011584, "bad_qs": 0.07405755074726746, "tracked": 0.9559034281715705, "https": 0.9969504276429373, "requests": 155.4853984153224, "requests_tracking": 25.20280572879585, "content_length": 4236610.480717108, "requests_failed": 58.42606314875985, "has_blocking": 0.4672354312639225, "script": 0.9980810306210066, "iframe": 0.5561527719634907, "beacon": 0.2830082595131074, "image": 0.9974882279784513, "stylesheet": 0.9707479397052488, "font": 0.6004021279781457, "xhr": 0.9298873369410773, "plugin": 0.0004858537121973727, "media": 0.011464925334368192, "referer_leaked": 0.994441711305113, "referer_leaked_header": 0.9888864782939507, "referer_leaked_url": 0.0, "hosts": 17.365811177079927, "trackers": 9.686141557604222, "companies": 9.122945434655731}