{"id": "vi.nl", "month": "2019-04", "country": "global", "site": "vi.nl", "category": "Entertainment", "popularity": 0.0007195798352429803, "cookies": 0.7981120644165185, "bad_qs": 0.034836906599957, "tracked": 0.7982293274962378, "https": 0.943860300584361, "requests": 40.93030664295347, "requests_tracking": 10.789630034983485, "content_length": 4978234.750112377, "requests_failed": 14.01982723239588, "has_blocking": 0.46210448140402993, "script": 0.9980847030312506, "iframe": 0.1603963492094514, "beacon": 0.06522758809388864, "image": 0.9663064084273066, "stylesheet": 0.9850587292590928, "font": 0.35499443000371333, "xhr": 0.5711689174663357, "plugin": 0.0003517892391580511, "media": 0.08767369593683429, "referer_leaked": 0.9930521625266285, "referer_leaked_header": 0.9783845056383997, "referer_leaked_url": 0.0, "hosts": 9.846092207868352, "trackers": 8.015547129986125, "companies": 4.876815134754822}