{"id": "vice.com", "month": "2019-04", "country": "global", "site": "vice.com", "category": "News and Portals", "popularity": 0.0008557904884813152, "cookies": 0.7319173411117045, "bad_qs": 0.15993591060350848, "tracked": 0.7400599811018447, "https": 0.9832874573764431, "requests": 143.54941045971816, "requests_tracking": 22.185982498664803, "content_length": 6367995.916609835, "requests_failed": 65.22442791997042, "has_blocking": 0.5159689412924695, "script": 0.9898278624542952, "iframe": 0.7818002547142681, "beacon": 0.175103734439834, "image": 0.97114333840023, "stylesheet": 0.6536214617312354, "font": 0.17398627829587937, "xhr": 0.933116963148597, "plugin": 0.0036399490571463787, "media": 0.020204593073415225, "referer_leaked": 0.9286553551620722, "referer_leaked_header": 0.9232077564602933, "referer_leaked_url": 0.0, "hosts": 26.936658313134217, "trackers": 21.49098229325007, "companies": 17.051986360461772}