{"id": "videolan.org", "month": "2019-04", "country": "global", "site": "videolan.org", "category": "Business", "popularity": 0.00014266573452855188, "cookies": 0.2120360786633151, "bad_qs": 0.0077381832520084775, "tracked": 0.2163241165163389, "https": 0.8572625560648627, "requests": 8.215289072896644, "requests_tracking": 0.48459756518310415, "content_length": 72980.1578687959, "requests_failed": 3.1438710631376607, "has_blocking": 0.34427522302725616, "script": 0.8725417714032234, "iframe": 0.05687811129183301, "beacon": 0.0011336192025235348, "image": 0.28098969885159447, "stylesheet": 0.06663709399181823, "font": 0.028044753314603973, "xhr": 0.05288580018729361, "plugin": 0.002168662822218936, "media": 0.0001478633742422002, "referer_leaked": 0.4094829710680664, "referer_leaked_header": 0.4039134506382769, "referer_leaked_url": 0.0, "hosts": 1.9637734733106609, "trackers": 1.8573118438562768, "companies": 1.3220957168909262}