{"id": "videobuster.de", "month": "2019-04", "country": "global", "site": "videobuster.de", "category": "Entertainment", "popularity": 9.002658579373304e-05, "cookies": 0.6653128173084434, "bad_qs": 0.04295868155900961, "tracked": 0.6656252440834179, "https": 0.9579785987659143, "requests": 13.197375615090213, "requests_tracking": 3.222916503944388, "content_length": 1062535.8614387254, "requests_failed": 4.549871123955323, "has_blocking": 0.3678044208388659, "script": 0.9932047176443021, "iframe": 0.18394126376630476, "beacon": 0.0754510661563696, "image": 0.5321409044755135, "stylesheet": 0.14113879559478248, "font": 0.06881199718815903, "xhr": 0.010075763492931345, "plugin": 0.0011716004061548076, "media": 0.2195579161134109, "referer_leaked": 0.7076466453175038, "referer_leaked_header": 0.5123018042646255, "referer_leaked_url": 0.0, "hosts": 5.900960712333047, "trackers": 4.91556666406311, "companies": 2.875419823478872}