{"id": "videa.hu", "month": "2019-04", "country": "global", "site": "videa.hu", "category": "Entertainment", "popularity": 0.0001892646710321111, "cookies": 0.8946351612423837, "bad_qs": 0.038898796255015605, "tracked": 0.8947837717342845, "https": 0.8674022886015753, "requests": 30.738556992123645, "requests_tracking": 8.161911130925843, "content_length": 150574.94382523405, "requests_failed": 17.709912319809778, "has_blocking": 0.4927923911428147, "script": 0.9965819586862833, "iframe": 0.6609823153514638, "beacon": 0.05353692970723733, "image": 0.9259548224104622, "stylesheet": 0.01032842918710061, "font": 0.0026749888542131075, "xhr": 0.6716451181453411, "plugin": 0.019988111160647942, "media": 0.003157972952890474, "referer_leaked": 0.9886312973695943, "referer_leaked_header": 0.9873309555654629, "referer_leaked_url": 0.0, "hosts": 11.038527270025265, "trackers": 8.331772923168376, "companies": 6.889916778124536}