{"id": "vidoza.net", "month": "2019-04", "country": "global", "site": "vidoza.net", "category": "Entertainment", "popularity": 0.0004759532541295328, "cookies": 0.3848006264127528, "bad_qs": 0.004491261246620474, "tracked": 0.38568705955353316, "https": 0.9953462260109032, "requests": 31.819551760308478, "requests_tracking": 3.0198708762391595, "content_length": 743257.8993011952, "requests_failed": 20.742520720374667, "has_blocking": 0.42562087254568826, "script": 0.9930119520735149, "iframe": 0.9759776618848524, "beacon": 0.012720315570198117, "image": 0.058268205120628774, "stylesheet": 0.9938836113286156, "font": 0.7870048901561599, "xhr": 0.044779647495087685, "plugin": 0.013798809224814218, "media": 0.007652872782070413, "referer_leaked": 0.9857579742047956, "referer_leaked_header": 0.9853886270628038, "referer_leaked_url": 0.0, "hosts": 13.166693752123747, "trackers": 9.599627698080873, "companies": 7.255795056657852}