{"id": "vidtodoo.com", "month": "2019-04", "country": "global", "site": "vidtodoo.com", "category": "Entertainment", "popularity": 0.00032722621233282516, "cookies": 0.9864620938628159, "bad_qs": 0.0065755544094894276, "tracked": 0.9872356884992264, "https": 0.9977436823104693, "requests": 294.6484657039711, "requests_tracking": 233.6826328004126, "content_length": 3415973697.030836, "requests_failed": 47.8378244799725, "has_blocking": 0.470882757435104, "script": 0.9944988825855252, "iframe": 0.5356498194945848, "beacon": 0.008853360838920406, "image": 0.9796931407942239, "stylesheet": 0.9107142857142857, "font": 0.006854908028193227, "xhr": 0.9603102974041602, "plugin": 0.00881038335911982, "media": 0.8568205260443528, "referer_leaked": 0.9915119477393846, "referer_leaked_header": 0.9910391954615781, "referer_leaked_url": 0.0, "hosts": 9.676078734742994, "trackers": 5.496239470517449, "companies": 4.9695504555612855}