{"id": "vidz7.com", "month": "2019-04", "country": "global", "site": "vidz7.com", "category": "Adult", "popularity": 3.8674234309578355e-07, "cookies": 0.8545454545454545, "bad_qs": 0.0, "tracked": 0.8545454545454545, "https": 0.12727272727272726, "requests": 53.0, "requests_tracking": 9.8, "content_length": 572516.8909090909, "requests_failed": 33.054545454545455, "has_blocking": 0.5272727272727272, "script": 0.9272727272727272, "iframe": 0.43636363636363634, "beacon": 0.0, "image": 0.9636363636363636, "stylesheet": 0.2909090909090909, "font": 0.23636363636363636, "xhr": 0.2727272727272727, "plugin": 0.0, "media": 0.0, "referer_leaked": 0.5636363636363636, "referer_leaked_header": 0.5636363636363636, "referer_leaked_url": 0.0, "hosts": 8.527272727272727, "trackers": 6.927272727272728, "companies": 6.345454545454546}