{"id": "vintage-erotica-forum.com", "month": "2019-04", "country": "global", "site": "vintage-erotica-forum.com", "category": "Adult", "popularity": 0.0004464131707959803, "cookies": 0.7868348927322559, "bad_qs": 0.0004882966323283874, "tracked": 0.7868506442365246, "https": 0.00031503008537315315, "requests": 142.5986516712346, "requests_tracking": 50.1906719591721, "content_length": 820082.981602243, "requests_failed": 51.477317833853135, "has_blocking": 0.40884604479727815, "script": 0.9517058879122956, "iframe": 0.9684182339413414, "beacon": 1.5751504268657656e-05, "image": 0.9938884163437608, "stylesheet": 0.5328418864001512, "font": 0.0057177960495227295, "xhr": 0.014018838799105315, "plugin": 0.002299719623224018, "media": 9.450902561194594e-05, "referer_leaked": 0.9572976719276691, "referer_leaked_header": 0.9141227987272784, "referer_leaked_url": 0.0, "hosts": 8.654727026431024, "trackers": 6.21144819330246, "companies": 5.210487351542072}