{"id": "vip.de", "month": "2019-04", "country": "global", "site": "vip.de", "category": "News and Portals", "popularity": 7.168093537306215e-05, "cookies": 0.8637433784579164, "bad_qs": 0.25809299587992934, "tracked": 0.8655091230135373, "https": 0.9869531096723563, "requests": 190.72464194624288, "requests_tracking": 42.258191092799684, "content_length": 15734805.882676084, "requests_failed": 55.66333137139494, "has_blocking": 0.4266235040219737, "script": 0.9926427310182461, "iframe": 0.7034530115754365, "beacon": 0.17098293113596233, "image": 0.9995095154012164, "stylesheet": 0.9996076123209732, "font": 0.7649597802628998, "xhr": 0.9686089856778497, "plugin": 0.005983912105159898, "media": 0.6963900333529527, "referer_leaked": 0.9954875416911909, "referer_leaked_header": 0.9949970570924073, "referer_leaked_url": 0.0, "hosts": 26.533352952717284, "trackers": 22.15048067490681, "companies": 19.67794781243869}