{"id": "visir.is", "month": "2019-04", "country": "global", "site": "visir.is", "category": "News and Portals", "popularity": 0.00021445214508609468, "cookies": 0.8517607711981113, "bad_qs": 0.04370778411699128, "tracked": 0.8523181847990032, "https": 0.9396681749622926, "requests": 74.93829103547773, "requests_tracking": 11.764705882352942, "content_length": 3701442.6552888714, "requests_failed": 18.815955144599645, "has_blocking": 0.49249131090563314, "script": 0.9972457210308873, "iframe": 0.7547380156075808, "beacon": 0.01590268214309135, "image": 0.7768706144665224, "stylesheet": 0.3548429405206899, "font": 0.3934028460882681, "xhr": 0.5288543511049905, "plugin": 0.0010492491310905632, "media": 0.020263623844186503, "referer_leaked": 0.9258312020460358, "referer_leaked_header": 0.9185192471637484, "referer_leaked_url": 0.0, "hosts": 11.129877369007804, "trackers": 9.505574136008919, "companies": 8.287461472883468}