{"id": "vistaprint.com", "month": "2019-04", "country": "global", "site": "vistaprint.com", "category": "Business", "popularity": 0.0003900402005305458, "cookies": 0.7125601687429014, "bad_qs": 0.054769330617101444, "tracked": 0.7161477582072869, "https": 0.9989183147343561, "requests": 124.99953126971822, "requests_tracking": 9.729921217256486, "content_length": 1543898.522814545, "requests_failed": 36.53525392561611, "has_blocking": 0.4820530386341921, "script": 0.9972417025726081, "iframe": 0.8128323928680885, "beacon": 0.02931367069894896, "image": 0.9761488398925526, "stylesheet": 0.9166020660188574, "font": 0.08970776469739855, "xhr": 0.9725792785159278, "plugin": 0.001640555986226541, "media": 0.00400223548288233, "referer_leaked": 0.995637202761903, "referer_leaked_header": 0.9920676413852783, "referer_leaked_url": 0.0, "hosts": 20.995745371288468, "trackers": 18.56036705186681, "companies": 14.89868214678469}