{"id": "visualstudio.com", "month": "2019-04", "country": "global", "site": "visualstudio.com", "category": "Business", "popularity": 0.00127437227393233, "cookies": 0.567220097885043, "bad_qs": 0.02561343684649043, "tracked": 0.5678049803291895, "https": 0.9877836817798084, "requests": 95.42862502965795, "requests_tracking": 7.0536491698531725, "content_length": 1461832.845679319, "requests_failed": 22.539234024708524, "has_blocking": 0.1712326121622442, "script": 0.9871546572644055, "iframe": 0.5107844597838143, "beacon": 0.08695436261607985, "image": 0.8608090138109505, "stylesheet": 0.9096025558259258, "font": 0.684969072961326, "xhr": 0.22947255742607583, "plugin": 0.006356458260912748, "media": 0.003459634834715532, "referer_leaked": 0.9749879988743771, "referer_leaked_header": 0.9574415255499826, "referer_leaked_url": 0.0, "hosts": 4.430975594952354, "trackers": 3.491323324118676, "companies": 2.733845381359907}