{"id": "vivastreet.com", "month": "2019-04", "country": "global", "site": "vivastreet.com", "category": "E-Commerce", "popularity": 5.2364913255169095e-05, "cookies": 0.40150396132670874, "bad_qs": 0.024707936081643615, "tracked": 0.4032496307237814, "https": 0.961729555525715, "requests": 51.62682959581039, "requests_tracking": 2.538203303343628, "content_length": 380655.74378944543, "requests_failed": 19.66147441922922, "has_blocking": 0.4803276487176044, "script": 0.9955686853766618, "iframe": 0.12837384181549616, "beacon": 0.06740969517926682, "image": 0.9900631126628172, "stylesheet": 0.9895259836175642, "font": 0.5192695044984558, "xhr": 0.5147039076138042, "plugin": 0.0013428226131328052, "media": 0.0, "referer_leaked": 0.9970457902511078, "referer_leaked_header": 0.9963743789445414, "referer_leaked_url": 0.0, "hosts": 12.13267087417752, "trackers": 10.292332482879011, "companies": 6.761648986168927}