{"id": "viversum.de", "month": "2019-04", "country": "global", "site": "viversum.de", "category": "Business", "popularity": 5.3686868900660136e-05, "cookies": 0.1965946299934512, "bad_qs": 0.04296005239030779, "tracked": 0.20052390307793058, "https": 0.9975114603798297, "requests": 15.499279633267845, "requests_tracking": 1.2881466928618206, "content_length": 322471.12089063524, "requests_failed": 4.696398166339227, "has_blocking": 0.26640471512770136, "script": 0.5032089063523248, "iframe": 0.4533071381794368, "beacon": 0.04741322855271775, "image": 0.36856581532416505, "stylesheet": 0.9861165684348395, "font": 0.12193844138834316, "xhr": 0.2043222003929273, "plugin": 0.0005239030779305828, "media": 0.0, "referer_leaked": 0.4996725605762934, "referer_leaked_header": 0.4960052390307793, "referer_leaked_url": 0.0, "hosts": 6.118271119842829, "trackers": 5.8715127701375245, "companies": 3.7849377865094955}