{"id": "vivo.sx", "month": "2019-04", "country": "global", "site": "vivo.sx", "category": "Business", "popularity": 0.0013769574383582278, "cookies": 0.7326755931407094, "bad_qs": 0.026324927740499025, "tracked": 0.7339573694477638, "https": 0.9861149411199968, "requests": 33.697776552174936, "requests_tracking": 7.926596603037452, "content_length": 511261.6212529746, "requests_failed": 11.269647945583234, "has_blocking": 0.4575635015473236, "script": 0.9981615957349022, "iframe": 0.7405705181236021, "beacon": 0.2120190785509289, "image": 0.4169500873242026, "stylesheet": 0.9764888521208036, "font": 0.4099488310812881, "xhr": 0.5502395032223142, "plugin": 0.0030231536803832053, "media": 0.5607133008548579, "referer_leaked": 0.8922950434578342, "referer_leaked_header": 0.6042732685806498, "referer_leaked_url": 0.0, "hosts": 11.785024154589372, "trackers": 10.434149380559896, "companies": 8.409106229126452}