{"id": "vk.com", "month": "2019-04", "country": "global", "site": "vk.com", "category": "Entertainment", "popularity": 0.028853123457029894, "cookies": 0.7091702907777998, "bad_qs": 0.09841042769182402, "tracked": 0.7290106389849158, "https": 0.9935617752031594, "requests": 312.9297724639041, "requests_tracking": 18.222167252982658, "content_length": 59141131.85940236, "requests_failed": 74.39702386247184, "has_blocking": 0.40223112832216956, "script": 0.943250136170721, "iframe": 0.11198314529385459, "beacon": 0.13773019553749966, "image": 0.9711308323412469, "stylesheet": 0.11331914152128589, "font": 0.08495200819826944, "xhr": 0.3994350895193021, "plugin": 0.012846961169106367, "media": 0.13688039275657063, "referer_leaked": 0.9732635034441749, "referer_leaked_header": 0.9472776213320726, "referer_leaked_url": 0.0, "hosts": 5.07116263597271, "trackers": 4.723863568513674, "companies": 3.3674762173418746}