{"id": "vlive.tv", "month": "2019-04", "country": "global", "site": "vlive.tv", "category": "Entertainment", "popularity": 0.0002441680203937816, "cookies": 0.9147275659486235, "bad_qs": 0.0135065084667665, "tracked": 0.9161674922243981, "https": 0.5187478401105864, "requests": 393.5675901393849, "requests_tracking": 62.153179357216914, "content_length": 105777861.01534961, "requests_failed": 86.92089045040893, "has_blocking": 0.43638405713627465, "script": 0.9967457666167492, "iframe": 0.06275198709826058, "beacon": 0.003657412740467688, "image": 0.9950178550858196, "stylesheet": 0.9831240640479207, "font": 0.02030296048842299, "xhr": 0.5496774565142265, "plugin": 0.0016991130054141229, "media": 0.02044695311600046, "referer_leaked": 0.9971201474484507, "referer_leaked_header": 0.9925411818914871, "referer_leaked_url": 0.0, "hosts": 6.710834005298929, "trackers": 5.498387282571132, "companies": 3.831557424259878}