{"id": "voat.co", "month": "2019-04", "country": "global", "site": "voat.co", "category": "Entertainment", "popularity": 0.000248752675079208, "cookies": 0.599983039348711, "bad_qs": 0.007914970601537766, "tracked": 0.6010289461781999, "https": 0.8123021257349615, "requests": 9.92053934871099, "requests_tracking": 2.6884328358208953, "content_length": 3057799.8178991405, "requests_failed": 3.9248925825418364, "has_blocking": 0.11129014020805066, "script": 0.1607587064676617, "iframe": 0.16211555857078244, "beacon": 0.005766621438263229, "image": 0.7481060606060606, "stylesheet": 0.40838421528720037, "font": 0.1888285843509724, "xhr": 0.06529850746268656, "plugin": 0.018458842152872003, "media": 0.015745137946630485, "referer_leaked": 0.6175938489371325, "referer_leaked_header": 0.6154172320217096, "referer_leaked_url": 0.0, "hosts": 2.6895635459068297, "trackers": 2.1196008593396654, "companies": 1.7675825418362732}