{"id": "vodafone.de", "month": "2019-04", "country": "global", "site": "vodafone.de", "category": "Business", "popularity": 0.0010409205322817843, "cookies": 0.6942978930373633, "bad_qs": 0.05394067538994684, "tracked": 0.696310957691866, "https": 0.8843298453723156, "requests": 72.11581877013909, "requests_tracking": 13.392702978389954, "content_length": 941834.5703593118, "requests_failed": 18.637202515655293, "has_blocking": 0.34884113677355727, "script": 0.9752892936034533, "iframe": 0.4657407469956023, "beacon": 0.18551268973809892, "image": 0.8575115008140077, "stylesheet": 0.1845399336634399, "font": 0.10881357535144191, "xhr": 0.9283538130011552, "plugin": 0.01047063830362149, "media": 0.003593793275823634, "referer_leaked": 0.8830328372727703, "referer_leaked_header": 0.851289915086501, "referer_leaked_url": 0.0, "hosts": 9.842676970675457, "trackers": 8.67191099281917, "companies": 7.689798896192065}