{"id": "voelkner.de", "month": "2019-04", "country": "global", "site": "voelkner.de", "category": "E-Commerce", "popularity": 0.00025115047760640186, "cookies": 0.961586919394126, "bad_qs": 0.037937116779124785, "tracked": 0.9617269087549346, "https": 0.9994960383010891, "requests": 100.68513592966934, "requests_tracking": 16.39241817621861, "content_length": 825945.4103648122, "requests_failed": 34.08598146540863, "has_blocking": 0.4628888204496458, "script": 0.9896127894280035, "iframe": 0.895119970882213, "beacon": 0.006467508469356329, "image": 0.9873729596550662, "stylesheet": 0.6725648850687348, "font": 0.030013718957359242, "xhr": 0.9557073662401657, "plugin": 0.0002799787216171571, "media": 0.002211831900775541, "referer_leaked": 0.9917686255844556, "referer_leaked_header": 0.9802615001259904, "referer_leaked_url": 0.0, "hosts": 15.816697930957247, "trackers": 12.503345745723324, "companies": 7.153512333062687}