{"id": "voetbalprimeur.nl", "month": "2019-04", "country": "global", "site": "voetbalprimeur.nl", "category": "Entertainment", "popularity": 0.0003451499620155734, "cookies": 0.9540185392686157, "bad_qs": 0.047835387592951, "tracked": 0.9540592849139248, "https": 0.9931547315880616, "requests": 32.23913619231944, "requests_tracking": 10.669980645818478, "content_length": 1059069.3965977386, "requests_failed": 10.866476520321891, "has_blocking": 0.48081898747071405, "script": 0.9988998675766527, "iframe": 0.7676683304471834, "beacon": 0.007986146480594886, "image": 0.6060914739737191, "stylesheet": 0.9806254456554956, "font": 0.5887134562493633, "xhr": 0.9017418763369665, "plugin": 0.00046857492105531224, "media": 0.05076907405521035, "referer_leaked": 0.9761230518488336, "referer_leaked_header": 0.963288173576449, "referer_leaked_url": 0.0, "hosts": 10.911520831211165, "trackers": 10.07546093511256, "companies": 6.909931751044107}