{"id": "voici.fr", "month": "2019-04", "country": "global", "site": "voici.fr", "category": "Entertainment", "popularity": 0.0002625136708144525, "cookies": 0.9887498995526746, "bad_qs": 0.14957276404253608, "tracked": 0.9892588326681488, "https": 0.8602576808721506, "requests": 180.57496049071867, "requests_tracking": 23.30787774890847, "content_length": 1636091.318217127, "requests_failed": 84.19666247020062, "has_blocking": 0.5266386307020599, "script": 0.9973481906088447, "iframe": 0.974928347574532, "beacon": 0.4121822516272467, "image": 0.9977231939570889, "stylesheet": 0.9911874213162618, "font": 0.06383092706184877, "xhr": 0.9867677389976697, "plugin": 0.003910749203117885, "media": 0.03664318431414566, "referer_leaked": 0.9659818391235636, "referer_leaked_header": 0.8584630219912678, "referer_leaked_url": 0.0, "hosts": 31.053920124286822, "trackers": 22.67747033455656, "companies": 19.831355637103904}