{"id": "voirseries.co", "month": "2019-04", "country": "global", "site": "voirseries.co", "category": "Entertainment", "popularity": 0.0007402459397222259, "cookies": 0.8330151130869263, "bad_qs": 0.012937790316605398, "tracked": 0.8367007684781473, "https": 0.9987651154617043, "requests": 175.35285400815025, "requests_tracking": 14.787181898492491, "content_length": 431758774.1788398, "requests_failed": 139.563097850351, "has_blocking": 0.4557958830849316, "script": 0.9978626998375651, "iframe": 0.895889734309842, "beacon": 0.1273830896811148, "image": 0.717496414085283, "stylesheet": 0.6611571818035014, "font": 0.48663000009499113, "xhr": 0.5155452965147759, "plugin": 0.014448149098059332, "media": 0.41836938246273975, "referer_leaked": 0.9240451017829833, "referer_leaked_header": 0.8162016851424392, "referer_leaked_url": 0.0, "hosts": 11.422719975682273, "trackers": 8.325164097156916, "companies": 6.1103796794999665}