{"id": "vol.at", "month": "2019-04", "country": "global", "site": "vol.at", "category": "News and Portals", "popularity": 0.00016049104070578482, "cookies": 0.9666140904311251, "bad_qs": 0.23650543287767262, "tracked": 0.9666140904311251, "https": 0.8778478794251665, "requests": 137.2043901156677, "requests_tracking": 27.71911146161935, "content_length": 2425086.1979933404, "requests_failed": 34.746845425867505, "has_blocking": 0.4601296880476691, "script": 0.9989046617595514, "iframe": 0.9604363827549948, "beacon": 0.10322467577988083, "image": 0.9941289870311952, "stylesheet": 0.865229582895198, "font": 0.4613564668769716, "xhr": 0.8810024535576586, "plugin": 0.0007448300035050823, "media": 0.014151770066596564, "referer_leaked": 0.9922450052576236, "referer_leaked_header": 0.9652558710129688, "referer_leaked_url": 0.0, "hosts": 24.140948124780934, "trackers": 16.79990361023484, "companies": 11.300078864353312}