{"id": "volkswagen.de", "month": "2019-04", "country": "global", "site": "volkswagen.de", "category": "Business", "popularity": 0.00013332766486253005, "cookies": 0.6653130109171457, "bad_qs": 0.0466747534412742, "tracked": 0.665787669426718, "https": 0.9765835135277675, "requests": 69.47529138758505, "requests_tracking": 12.0958810189336, "content_length": 28725765.51257845, "requests_failed": 9.651125995464374, "has_blocking": 0.23590527925742313, "script": 0.9323875323031485, "iframe": 0.5797689995253414, "beacon": 0.00021095933758767996, "image": 0.6724856283951268, "stylesheet": 0.373081588523812, "font": 0.04783502979800643, "xhr": 0.7414693317862981, "plugin": 0.00058013817836612, "media": 0.11782079004271927, "referer_leaked": 0.838563366911028, "referer_leaked_header": 0.8119824903749803, "referer_leaked_url": 0.0, "hosts": 6.704024049364485, "trackers": 5.079162491429777, "companies": 4.910658720531617}