{"id": "vova.com", "month": "2019-04", "country": "global", "site": "vova.com", "category": "E-Commerce", "popularity": 0.00011255608519880378, "cookies": 0.6881364403073655, "bad_qs": 0.02573873930155557, "tracked": 0.6921346910726557, "https": 0.9991253826450928, "requests": 34.09539576435309, "requests_tracking": 3.2979946273505343, "content_length": 437033.36971325043, "requests_failed": 9.674767289310926, "has_blocking": 0.39051664896607735, "script": 0.9975010932716937, "iframe": 0.6723308552508278, "beacon": 0.19647654151308802, "image": 0.9818829262197788, "stylesheet": 0.9901293184231899, "font": 0.007559192853126757, "xhr": 0.1293808958580621, "plugin": 0.03173611544949085, "media": 0.0, "referer_leaked": 0.9985006559630162, "referer_leaked_header": 0.9954394952208409, "referer_leaked_url": 0.0, "hosts": 7.423314799775098, "trackers": 6.510839007934029, "companies": 4.494846004872868}