{"id": "vox.com", "month": "2019-04", "country": "global", "site": "vox.com", "category": "News and Portals", "popularity": 0.0010376015798101259, "cookies": 0.8338653167164766, "bad_qs": 0.07017436856622007, "tracked": 0.8343261430865879, "https": 0.9730145499149504, "requests": 97.27033565779575, "requests_tracking": 21.522529665697576, "content_length": 3233117.0671180054, "requests_failed": 33.41296819620361, "has_blocking": 0.5136790886480845, "script": 0.9799608297585405, "iframe": 0.8665839889943819, "beacon": 0.028164623443863893, "image": 0.9978314053171231, "stylesheet": 0.36902026958342654, "font": 0.8505160577659409, "xhr": 0.8877955557362718, "plugin": 0.0018365286220613849, "media": 0.023908756378717953, "referer_leaked": 0.9639877745474753, "referer_leaked_header": 0.5012232229383102, "referer_leaked_url": 0.0, "hosts": 17.499806859536058, "trackers": 14.050819661021544, "companies": 12.170227905747453}