{"id": "vrbo.com", "month": "2019-04", "country": "global", "site": "vrbo.com", "category": "Business", "popularity": 0.0004426230958336416, "cookies": 0.9559470665798211, "bad_qs": 0.03447344591481723, "tracked": 0.9560423848634566, "https": 0.9872273499928511, "requests": 174.3959521502216, "requests_tracking": 44.54096303239233, "content_length": 3274353.5836179643, "requests_failed": 37.79416016648927, "has_blocking": 0.44548588495083163, "script": 0.998141293469109, "iframe": 0.8825837609417446, "beacon": 0.06386325003574436, "image": 0.9968703830206365, "stylesheet": 0.9953770632436811, "font": 0.6632246175353869, "xhr": 0.5816321667434509, "plugin": 0.024941617551273294, "media": 0.0002541820896945049, "referer_leaked": 0.9973310880582077, "referer_leaked_header": 0.9938996298473319, "referer_leaked_url": 0.0, "hosts": 14.105342589797766, "trackers": 13.291451538595961, "companies": 8.202265397874402}