{"id": "vulture.com", "month": "2019-04", "country": "global", "site": "vulture.com", "category": "Entertainment", "popularity": 0.0003029809832602022, "cookies": 0.939611956925362, "bad_qs": 0.2674526550315633, "tracked": 0.9411901225399183, "https": 0.9327655031563312, "requests": 138.94260582992945, "requests_tracking": 47.70425640549573, "content_length": 8923999.265549572, "requests_failed": 43.841765688822875, "has_blocking": 0.5148301151132566, "script": 0.9824777200148533, "iframe": 0.9640271073152618, "beacon": 0.031191979205347196, "image": 0.998491459339027, "stylesheet": 0.3830997029335314, "font": 0.803518380987746, "xhr": 0.556001670998886, "plugin": 0.0014389157073895285, "media": 0.03571760118826588, "referer_leaked": 0.9948941700705533, "referer_leaked_header": 0.9656981062012625, "referer_leaked_url": 0.0, "hosts": 22.02030727812848, "trackers": 16.833944485703675, "companies": 11.401666357222428}