{"id": "vz.ru", "month": "2019-04", "country": "global", "site": "vz.ru", "category": "News and Portals", "popularity": 0.0004657291929138733, "cookies": 0.912354868419066, "bad_qs": 0.14325185330575393, "tracked": 0.9272266090921444, "https": 0.9946552322860206, "requests": 278.6703908927574, "requests_tracking": 103.09501305995501, "content_length": 29150882.185587246, "requests_failed": 77.81697945133091, "has_blocking": 0.4823124424380596, "script": 0.990669303821358, "iframe": 0.9879516253227243, "beacon": 0.3061464828710764, "image": 0.9934171787477541, "stylesheet": 0.6099527425905515, "font": 0.0966285688403062, "xhr": 0.9553243851252397, "plugin": 0.010221490797638639, "media": 0.026693642142134585, "referer_leaked": 0.9897181163468362, "referer_leaked_header": 0.9592046260927333, "referer_leaked_url": 0.0, "hosts": 24.22721302069965, "trackers": 17.610118822943246, "companies": 11.95650204580798}