{"id": "w3schools.com", "month": "2019-04", "country": "global", "site": "w3schools.com", "category": "Business", "popularity": 0.004089455725968608, "cookies": 0.9318335006946642, "bad_qs": 0.01749384431269516, "tracked": 0.9321550407857271, "https": 0.987441022325543, "requests": 36.846878138024955, "requests_tracking": 14.561709905498164, "content_length": 218387.92593057486, "requests_failed": 13.872654648747542, "has_blocking": 0.5354932115493074, "script": 0.9938855798726219, "iframe": 0.26657908854560713, "beacon": 0.003765629943463967, "image": 0.8013105767775837, "stylesheet": 0.9512651828823748, "font": 0.0500519278649738, "xhr": 0.1688670096427638, "plugin": 0.0006516775107638555, "media": 0.0008150267548867215, "referer_leaked": 0.9751571591675035, "referer_leaked_header": 0.9738005007084198, "referer_leaked_url": 0.0, "hosts": 8.24482268869417, "trackers": 7.357108959104227, "companies": 3.527877697841727}