{"id": "walgreens.com", "month": "2019-04", "country": "global", "site": "walgreens.com", "category": "Business", "popularity": 0.0005412986467547894, "cookies": 0.8172252533125487, "bad_qs": 0.07740971680956092, "tracked": 0.8186412055079242, "https": 0.9736165237724084, "requests": 100.86393868537283, "requests_tracking": 14.050909327097948, "content_length": 1093569.952143414, "requests_failed": 26.586788776305532, "has_blocking": 0.4325669004936347, "script": 0.9787477266822552, "iframe": 0.4383216419849312, "beacon": 0.034320602753962065, "image": 0.7583528189140036, "stylesheet": 0.8927643543777605, "font": 0.5111977136918681, "xhr": 0.8750454663548973, "plugin": 0.015003897116134061, "media": 0.005494933749025721, "referer_leaked": 0.9839049103663289, "referer_leaked_header": 0.9636528968563263, "referer_leaked_url": 0.0, "hosts": 13.16513380098727, "trackers": 10.980254611587425, "companies": 8.894219277734477}