{"id": "wallapop.com", "month": "2019-04", "country": "global", "site": "wallapop.com", "category": "E-Commerce", "popularity": 0.00035741321013119245, "cookies": 0.9087135296779397, "bad_qs": 0.04672529461527868, "tracked": 0.9095398296248205, "https": 0.9943732908379075, "requests": 55.5144897597828, "requests_tracking": 11.73790552637274, "content_length": 210161.05795903914, "requests_failed": 19.758425308386943, "has_blocking": 0.4934191111373429, "script": 0.9980326191740936, "iframe": 0.8799700958114463, "beacon": 0.02925495288122922, "image": 0.7608451868028094, "stylesheet": 0.9496547246650534, "font": 0.04705974935568278, "xhr": 0.9632493261720672, "plugin": 0.004898778256507112, "media": 0.000806626138621653, "referer_leaked": 0.9897105982805091, "referer_leaked_header": 0.9876055007967892, "referer_leaked_url": 0.0, "hosts": 18.47014499596687, "trackers": 16.041787168742253, "companies": 11.947215172440929}