{"id": "wallpaperscraft.com", "month": "2019-04", "country": "global", "site": "wallpaperscraft.com", "category": "Entertainment", "popularity": 0.0002333954882188227, "cookies": 0.051277416244878284, "bad_qs": 0.007592190889370932, "tracked": 0.054892745239816826, "https": 0.9990660400096408, "requests": 7.345655579657749, "requests_tracking": 0.23129067245119306, "content_length": 26384.564593878044, "requests_failed": 5.249156423234514, "has_blocking": 0.5084658953964811, "script": 0.9835803808146542, "iframe": 0.02482525909857797, "beacon": 0.0007230657989877079, "image": 0.16103277898288745, "stylesheet": 0.7732586165341045, "font": 0.046215955651964326, "xhr": 0.006447336707640396, "plugin": 0.0010544709568570739, "media": 6.025548324897566e-05, "referer_leaked": 0.6839901181007472, "referer_leaked_header": 0.6810677271631719, "referer_leaked_url": 0.0, "hosts": 3.427000482043866, "trackers": 3.4049469751747408, "companies": 1.0939081706435285}