{"id": "walla.co.il", "month": "2019-04", "country": "global", "site": "walla.co.il", "category": "News and Portals", "popularity": 0.0002740315609597415, "cookies": 0.7821970182956558, "bad_qs": 0.06481742834415334, "tracked": 0.7825305996766827, "https": 0.9687203305021683, "requests": 144.2481588873778, "requests_tracking": 14.386800441353827, "content_length": 7467783.567960791, "requests_failed": 45.756793513125146, "has_blocking": 0.521054117164045, "script": 0.992301968130148, "iframe": 0.7254881835210798, "beacon": 0.025608786020374124, "image": 0.9754689384414051, "stylesheet": 0.32693541351261196, "font": 0.38030843447691876, "xhr": 0.5944420209899669, "plugin": 0.0014113058428061893, "media": 0.020348464242641966, "referer_leaked": 0.9124477175335506, "referer_leaked_header": 0.8771650714633958, "referer_leaked_url": 0.0, "hosts": 15.119601755151267, "trackers": 10.258653870827025, "companies": 7.02394087911524}