{"id": "wallhaven.cc", "month": "2019-04", "country": "global", "site": "wallhaven.cc", "category": "Entertainment", "popularity": 0.000957236520914822, "cookies": 0.012304234125701525, "bad_qs": 0.001013721975729439, "tracked": 0.012385038051303147, "https": 0.9975832280433696, "requests": 10.582052713542739, "requests_tracking": 0.02925102106778715, "content_length": 135459.82757176858, "requests_failed": 3.4131210883554197, "has_blocking": 0.33380836247171863, "script": 0.9972232832838716, "iframe": 0.0053110216554520615, "beacon": 0.0, "image": 0.22139541033702584, "stylesheet": 0.9850586195751183, "font": 0.5268269032997385, "xhr": 0.0020935562542238415, "plugin": 4.407486850997561e-05, "media": 2.2037434254987807e-05, "referer_leaked": 0.9845223753415803, "referer_leaked_header": 0.982575735315723, "referer_leaked_url": 0.0, "hosts": 4.448968648076867, "trackers": 4.44323891517057, "companies": 3.912085328945435}