{"id": "walmart.com", "month": "2019-04", "country": "global", "site": "walmart.com", "category": "Business", "popularity": 0.005367983722169476, "cookies": 0.9334438040345822, "bad_qs": 0.05860623526329578, "tracked": 0.9342756091171077, "https": 0.9768758187057899, "requests": 124.47235787267488, "requests_tracking": 47.15493450353681, "content_length": 1667278.7778779145, "requests_failed": 34.68702253078334, "has_blocking": 0.4759680377259628, "script": 0.9940882892323815, "iframe": 0.24195441446161908, "beacon": 0.037377521613832856, "image": 0.9742114225831805, "stylesheet": 0.9799659418391407, "font": 0.8132040869793031, "xhr": 0.2682145664134137, "plugin": 0.0045755829185223995, "media": 0.0023421535237097197, "referer_leaked": 0.9780626146188106, "referer_leaked_header": 0.9611605973277443, "referer_leaked_url": 0.0, "hosts": 12.232795389048992, "trackers": 8.714380403458213, "companies": 6.985358920618286}