{"id": "warcraftlogs.com", "month": "2019-04", "country": "global", "site": "warcraftlogs.com", "category": "Entertainment", "popularity": 0.00047851981695189573, "cookies": 0.7403603127020514, "bad_qs": 0.04036619056015988, "tracked": 0.7475753835302416, "https": 0.9973255745606301, "requests": 134.75471698113208, "requests_tracking": 15.04931522953036, "content_length": 595927.3681596427, "requests_failed": 39.905542820196324, "has_blocking": 0.4736671956738964, "script": 0.998883206959384, "iframe": 0.013401516487391994, "beacon": 0.004687591841532945, "image": 0.9872597425498149, "stylesheet": 0.9951654617057544, "font": 0.38604302592135425, "xhr": 0.5218068535825545, "plugin": 0.0009404572973608417, "media": 0.0058925527537765235, "referer_leaked": 0.8348909657320872, "referer_leaked_header": 0.5993798859695527, "referer_leaked_url": 0.0, "hosts": 9.74789866572621, "trackers": 8.386263445600424, "companies": 7.315552812555105}