{"id": "warframe.com", "month": "2019-04", "country": "global", "site": "warframe.com", "category": "Entertainment", "popularity": 0.00043289125214555864, "cookies": 0.5442067475594107, "bad_qs": 0.01868005132953235, "tracked": 0.5490960479508796, "https": 0.9639881097412407, "requests": 78.65511752188814, "requests_tracking": 6.233516885142049, "content_length": 11041493.227766678, "requests_failed": 22.64225265175511, "has_blocking": 0.42730211328232864, "script": 0.9921056478729107, "iframe": 0.28609716875395935, "beacon": 0.019719636794828063, "image": 0.9935838084563781, "stylesheet": 0.9941848188035021, "font": 0.6883192826860289, "xhr": 0.4691291847375859, "plugin": 0.0008446631905527671, "media": 0.13076035930672644, "referer_leaked": 0.9693484722966716, "referer_leaked_header": 0.9586927212773907, "referer_leaked_url": 0.0, "hosts": 9.781215990123938, "trackers": 9.055390413072788, "companies": 5.838441921283888}