{"id": "waschbaer.de", "month": "2019-04", "country": "global", "site": "waschbaer.de", "category": "E-Commerce", "popularity": 0.00010766203663890078, "cookies": 0.7851871203709752, "bad_qs": 0.10972503428907321, "tracked": 0.7853177454117954, "https": 0.994383123244726, "requests": 38.914375285742274, "requests_tracking": 13.29684540526419, "content_length": 181205.54888642151, "requests_failed": 12.442688263340083, "has_blocking": 0.38645418326693226, "script": 0.9963424988570309, "iframe": 0.6733067729083665, "beacon": 0.24074195023185946, "image": 0.848997452811704, "stylesheet": 0.9058193455685455, "font": 0.04310626347070733, "xhr": 0.8104630657697081, "plugin": 0.00013062504082032525, "media": 0.0, "referer_leaked": 0.9779896806217752, "referer_leaked_header": 0.9764874926523415, "referer_leaked_url": 0.0, "hosts": 16.946247795702437, "trackers": 14.771928678727711, "companies": 12.103781594931748}