{"id": "washingtontimes.com", "month": "2019-04", "country": "global", "site": "washingtontimes.com", "category": "News and Portals", "popularity": 0.0003375838754488268, "cookies": 0.9953342081693016, "bad_qs": 0.14647253639942512, "tracked": 0.995584161303089, "https": 0.9842946114270241, "requests": 220.35664146305902, "requests_tracking": 99.04363765127371, "content_length": 1595430.128538399, "requests_failed": 75.6016163635985, "has_blocking": 0.5147784790351809, "script": 0.9846903705555209, "iframe": 0.839675894103189, "beacon": 0.5766418796475661, "image": 0.9918973525797247, "stylesheet": 0.9969172446832886, "font": 0.8148055572913412, "xhr": 0.9637359661730093, "plugin": 0.0017080130808806682, "media": 0.028890416380262036, "referer_leaked": 0.99814618092441, "referer_leaked_header": 0.996021579287217, "referer_leaked_url": 0.0, "hosts": 45.508113062134186, "trackers": 34.72855089670687, "companies": 26.246495448770023}