{"id": "watchepisodeseries.com", "month": "2019-04", "country": "global", "site": "watchepisodeseries.com", "category": "Entertainment", "popularity": 0.0003294060328120923, "cookies": 0.06963241258591982, "bad_qs": 0.0029671690219015496, "tracked": 0.07084916535029671, "https": 0.01285061691499808, "requests": 4.750437604064381, "requests_tracking": 0.5681808478845579, "content_length": 12365.71423387269, "requests_failed": 3.379114545532169, "has_blocking": 0.4781624898603936, "script": 0.9948127908466038, "iframe": 0.032617512701191134, "beacon": 2.134653972591043e-05, "image": 0.24838833625069376, "stylesheet": 0.20985783204542544, "font": 0.007642061221875934, "xhr": 0.036609315629936384, "plugin": 0.004760278358878026, "media": 4.269307945182086e-05, "referer_leaked": 0.32000597703112327, "referer_leaked_header": 0.31964308585578277, "referer_leaked_url": 0.0, "hosts": 2.8363360799214448, "trackers": 2.7960551594586516, "companies": 2.7401058788370407}