{"id": "watch-series.co", "month": "2019-04", "country": "global", "site": "watch-series.co", "category": "Entertainment", "popularity": 0.0003353196748219751, "cookies": 0.5558747667079078, "bad_qs": 0.04045127602910647, "tracked": 0.5583492356407407, "https": 0.9986159750036697, "requests": 103.06500723467612, "requests_tracking": 8.222031161532493, "content_length": 317650539.47375596, "requests_failed": 20.23402604483402, "has_blocking": 0.49088850210749263, "script": 0.9984062742466501, "iframe": 0.5515759011890032, "beacon": 0.022773502212342988, "image": 0.6603267137794367, "stylesheet": 0.4727703567009877, "font": 0.028896764317319187, "xhr": 0.43577914316270683, "plugin": 0.006857214754545264, "media": 0.3227923752804748, "referer_leaked": 0.698555161784134, "referer_leaked_header": 0.6959968125484933, "referer_leaked_url": 0.0, "hosts": 9.687797512949022, "trackers": 5.457231530605825, "companies": 4.465472770356701}