{"id": "waveapps.com", "month": "2019-04", "country": "global", "site": "waveapps.com", "category": "Business", "popularity": 0.0003173748301023308, "cookies": 0.7817879694250581, "bad_qs": 0.05044865403788634, "tracked": 0.7821867730142905, "https": 0.9926886008640744, "requests": 88.47377866400798, "requests_tracking": 13.868461282818211, "content_length": 526939.960939404, "requests_failed": 27.793441896532624, "has_blocking": 0.5074554115431483, "script": 0.9958568738229755, "iframe": 0.687382297551789, "beacon": 0.020405450315719508, "image": 0.9808352719618921, "stylesheet": 0.9752520217126398, "font": 0.8664229533621358, "xhr": 0.9402680846349839, "plugin": 0.009460507366788523, "media": 0.27329123739891437, "referer_leaked": 0.9690927218344965, "referer_leaked_header": 0.9599645507920682, "referer_leaked_url": 0.0, "hosts": 18.39045086961338, "trackers": 14.343436357593886, "companies": 10.75384956242384}