{"id": "wayfair.de", "month": "2019-04", "country": "global", "site": "wayfair.de", "category": "E-Commerce", "popularity": 0.00014244775248062515, "cookies": 0.7833942146312568, "bad_qs": 0.07710534109981242, "tracked": 0.7867015500049364, "https": 0.9982229242768289, "requests": 259.13017079672227, "requests_tracking": 10.067479514265969, "content_length": 2712996.349787738, "requests_failed": 86.84445651100799, "has_blocking": 0.41356501135353935, "script": 0.9985191035640241, "iframe": 0.8999901273570935, "beacon": 0.002616250370224109, "image": 0.9980748346332313, "stylesheet": 0.9992595517820121, "font": 0.5961595419093692, "xhr": 0.05227564418994965, "plugin": 0.0002468160726626518, "media": 0.041909369138118276, "referer_leaked": 0.9880541020831276, "referer_leaked_header": 0.9791687234672722, "referer_leaked_url": 0.0, "hosts": 17.83710139204265, "trackers": 15.904778359166748, "companies": 13.244101095863362}