{"id": "wayfair.com", "month": "2019-04", "country": "global", "site": "wayfair.com", "category": "E-Commerce", "popularity": 0.0006038173044359642, "cookies": 0.8145474024990975, "bad_qs": 0.21550931047734392, "tracked": 0.8165387616308183, "https": 0.9954932398597897, "requests": 413.49698967055235, "requests_tracking": 46.446588487382236, "content_length": 11505183.819333652, "requests_failed": 131.17267762108278, "has_blocking": 0.49440439729361485, "script": 0.991394067845955, "iframe": 0.7879260751592505, "beacon": 0.002585273258725297, "image": 0.9791198425545294, "stylesheet": 0.9832190145683641, "font": 0.7374433743638714, "xhr": 0.4763890021078129, "plugin": 0.0018632600062885025, "media": 0.15345110689289748, "referer_leaked": 0.9894259994643128, "referer_leaked_header": 0.9845465873228447, "referer_leaked_url": 0.0, "hosts": 20.01135424066332, "trackers": 17.79147791454624, "companies": 14.296677574501286}