{"id": "waz.de", "month": "2019-04", "country": "global", "site": "waz.de", "category": "News and Portals", "popularity": 0.000219817316136678, "cookies": 0.9432839640446563, "bad_qs": 0.1382553341223889, "tracked": 0.9440516938037811, "https": 0.9761363999872045, "requests": 87.6978023735645, "requests_tracking": 34.7124532164678, "content_length": 1236491.8980518857, "requests_failed": 28.27951760980135, "has_blocking": 0.4736572726400307, "script": 0.9743770192892102, "iframe": 0.8557307827644669, "beacon": 0.59860529093759, "image": 0.9576469082882825, "stylesheet": 0.9936982182271841, "font": 0.0755893925338281, "xhr": 0.8395764690828829, "plugin": 0.002175234317520233, "media": 0.024215476152394357, "referer_leaked": 0.9948818016058347, "referer_leaked_header": 0.9834618214388535, "referer_leaked_url": 0.0, "hosts": 22.080739579667956, "trackers": 15.572054636767858, "companies": 10.98803621125364}