{"id": "weather.com", "month": "2019-04", "country": "global", "site": "weather.com", "category": "News and Portals", "popularity": 0.003384747891737402, "cookies": 0.4030210425941661, "bad_qs": 0.07281290185870362, "tracked": 0.4119915156526237, "https": 0.9169493743728667, "requests": 68.72968503626207, "requests_tracking": 18.01443211587242, "content_length": 2321045.8975604386, "requests_failed": 21.475140072752655, "has_blocking": 0.47593366254152325, "script": 0.9957869107543881, "iframe": 0.2168536034585557, "beacon": 0.010786173256024115, "image": 0.8188828665626552, "stylesheet": 0.2298564267269407, "font": 0.05874849643819452, "xhr": 0.8269911936462958, "plugin": 0.003276154704304705, "media": 0.008793888943133682, "referer_leaked": 0.957389214242236, "referer_leaked_header": 0.18790211838614584, "referer_leaked_url": 0.0, "hosts": 14.282515887376729, "trackers": 13.268588594328119, "companies": 10.731959855159475}