{"id": "web.de", "month": "2019-04", "country": "global", "site": "web.de", "category": "News and Portals", "popularity": 0.006190380767244211, "cookies": 0.7884378592296752, "bad_qs": 0.08105243787740414, "tracked": 0.790809627014526, "https": 0.8753981343910873, "requests": 188.7108215312896, "requests_tracking": 46.32720740245991, "content_length": 2277647.6872208514, "requests_failed": 54.6358529958335, "has_blocking": 0.4130124631399116, "script": 0.99346968726288, "iframe": 0.5612570369259708, "beacon": 0.0723230147803843, "image": 0.9877867589929529, "stylesheet": 0.943023049766231, "font": 0.560315372417522, "xhr": 0.7287063415254738, "plugin": 0.003322519526191677, "media": 0.007905892616168914, "referer_leaked": 0.9785791202649837, "referer_leaked_header": 0.829203185983852, "referer_leaked_url": 0.0, "hosts": 8.282155173588865, "trackers": 5.824560745880076, "companies": 5.233861074383545}