{"id": "weblio.jp", "month": "2019-04", "country": "global", "site": "weblio.jp", "category": "Reference", "popularity": 0.0005238038294889292, "cookies": 0.7481608763357139, "bad_qs": 0.10946141867583097, "tracked": 0.7559469473232024, "https": 0.9798636095151158, "requests": 81.368563067175, "requests_tracking": 17.547602427106266, "content_length": 568814.0750953122, "requests_failed": 26.565698330022016, "has_blocking": 0.4900391988401439, "script": 0.9842936154217903, "iframe": 0.8707914943886592, "beacon": 0.029734736616012458, "image": 0.9940664769371208, "stylesheet": 0.968560382322934, "font": 0.3023948880416689, "xhr": 0.5022284272136606, "plugin": 0.06772539333082747, "media": 0.034701712935617246, "referer_leaked": 0.9888175911507276, "referer_leaked_header": 0.98433388820276, "referer_leaked_url": 0.0, "hosts": 14.763169199377113, "trackers": 11.06027492885142, "companies": 7.188328948074961}