{"id": "webmd.com", "month": "2019-04", "country": "global", "site": "webmd.com", "category": "Business", "popularity": 0.0008099791000218783, "cookies": 0.7156697630002604, "bad_qs": 0.049440055560378504, "tracked": 0.7176491014845039, "https": 0.9777324420522615, "requests": 1860.2952252799723, "requests_tracking": 18.17307057904332, "content_length": 2652949.5515322513, "requests_failed": 1752.9944265995312, "has_blocking": 0.5208004167028388, "script": 0.8066932893480336, "iframe": 0.89253407413838, "beacon": 0.025783488150013023, "image": 0.9803715600312527, "stylesheet": 0.8336140289955726, "font": 0.7748762913447348, "xhr": 0.849223022831843, "plugin": 0.01230141505339005, "media": 0.01248372254535984, "referer_leaked": 0.9861359493011547, "referer_leaked_header": 0.9506641201493186, "referer_leaked_url": 0.0, "hosts": 17.74081951558295, "trackers": 16.12600052087855, "companies": 12.280927163816303}