{"id": "weebly.com", "month": "2019-04", "country": "global", "site": "weebly.com", "category": "Business", "popularity": 0.0005858091746056315, "cookies": 0.7719241387588525, "bad_qs": 0.009602688752850799, "tracked": 0.7721762093386149, "https": 0.7490457328051855, "requests": 79.53940703396951, "requests_tracking": 22.114716120513744, "content_length": 4119230.0852118596, "requests_failed": 18.733681430800623, "has_blocking": 0.4276677469691514, "script": 0.9821269955587565, "iframe": 0.39452646741087505, "beacon": 0.01584443644220382, "image": 0.9035649981994959, "stylesheet": 0.9612891609650702, "font": 0.6938302724762934, "xhr": 0.7815508342335854, "plugin": 0.007718161085103829, "media": 0.05316288560797023, "referer_leaked": 0.9727403673028447, "referer_leaked_header": 0.9359380626575441, "referer_leaked_url": 0.0, "hosts": 9.052190613371744, "trackers": 7.688572800384107, "companies": 4.033657424078742}