{"id": "weg.de", "month": "2019-04", "country": "global", "site": "weg.de", "category": "Recreation", "popularity": 3.986258805472722e-05, "cookies": 0.7461633445052037, "bad_qs": 0.15999294408184864, "tracked": 0.7514552831187158, "https": 0.9871229493737873, "requests": 155.5316634327042, "requests_tracking": 21.988004939142705, "content_length": 2626354.323866643, "requests_failed": 35.26565531839831, "has_blocking": 0.3513847239372023, "script": 0.9783030516846004, "iframe": 0.7539248544716881, "beacon": 0.3254542247309931, "image": 0.9737167048862233, "stylesheet": 0.9954136532016229, "font": 0.6387369906509085, "xhr": 0.7010054683365673, "plugin": 0.013759040395131417, "media": 0.03739636620215205, "referer_leaked": 0.9943552654789204, "referer_leaked_header": 0.9934732757100018, "referer_leaked_url": 0.0, "hosts": 24.43252778267772, "trackers": 17.96754277650379, "companies": 13.343094020109367}