{"id": "welt.de", "month": "2019-04", "country": "global", "site": "welt.de", "category": "News and Portals", "popularity": 0.0031143728038396565, "cookies": 0.7513151774868708, "bad_qs": 0.15523384194388878, "tracked": 0.7571584038148049, "https": 0.9933394444870921, "requests": 91.90256397520015, "requests_tracking": 30.79909280976099, "content_length": 8701185.91269705, "requests_failed": 35.46188581775817, "has_blocking": 0.456155482201641, "script": 0.9850261680808118, "iframe": 0.9771283297133025, "beacon": 0.07842521889520576, "image": 0.9897224241712689, "stylesheet": 0.24335863591823095, "font": 0.11052232302113767, "xhr": 0.9498200521103801, "plugin": 0.0024361828469246297, "media": 0.019338189141714042, "referer_leaked": 0.9510415302569846, "referer_leaked_header": 0.9397118124387568, "referer_leaked_url": 0.0, "hosts": 22.791436557644285, "trackers": 18.832684587700324, "companies": 15.658740229303735}