{"id": "westlaw.com", "month": "2019-04", "country": "global", "site": "westlaw.com", "category": "Business", "popularity": 0.0006445729157192944, "cookies": 0.33344606019614476, "bad_qs": 0.0007963607405063981, "tracked": 0.3335769688110225, "https": 0.9953854713255588, "requests": 5.95255653615805, "requests_tracking": 0.7321937011138141, "content_length": 26456.14349766001, "requests_failed": 1.784437147501282, "has_blocking": 0.04719255566343395, "script": 0.9940327489718219, "iframe": 0.5146781284431693, "beacon": 0.00014181766611757776, "image": 0.05015981760066327, "stylesheet": 0.06089432402063993, "font": 0.011541776211722867, "xhr": 0.01294904382165883, "plugin": 8.727240991850939e-05, "media": 0.00019636292231664613, "referer_leaked": 0.7396227650081273, "referer_leaked_header": 0.7148374005912705, "referer_leaked_url": 0.0, "hosts": 2.0207381064068857, "trackers": 1.2487481863702314, "companies": 1.1494103657804882}