{"id": "westwing.de", "month": "2019-04", "country": "global", "site": "westwing.de", "category": "E-Commerce", "popularity": 0.00010050378745214609, "cookies": 0.8274679913244245, "bad_qs": 0.12271741411879941, "tracked": 0.8277478485972154, "https": 0.9968516056811026, "requests": 40.33841740712237, "requests_tracking": 13.015602042958092, "content_length": 336886.67865388654, "requests_failed": 14.196389841180999, "has_blocking": 0.4106905478206115, "script": 0.9986007136360456, "iframe": 0.8185825229133142, "beacon": 0.23605960959910446, "image": 0.7754145385853215, "stylesheet": 0.1362205275309592, "font": 0.019729937731756804, "xhr": 0.9190512838452389, "plugin": 6.996431819771916e-05, "media": 0.0, "referer_leaked": 0.9765619534037641, "referer_leaked_header": 0.9702651647659694, "referer_leaked_url": 0.0, "hosts": 12.644441334919192, "trackers": 10.372490030084657, "companies": 8.184705800041979}