{"id": "wetransfer.com", "month": "2019-04", "country": "global", "site": "wetransfer.com", "category": "Business", "popularity": 0.0016737435124499322, "cookies": 0.3247671502211915, "bad_qs": 0.004843947586218486, "tracked": 0.32538472202966867, "https": 0.9956055774716526, "requests": 90.7217187821652, "requests_tracking": 13.105235076398253, "content_length": 2103980.6075394177, "requests_failed": 14.705443454369005, "has_blocking": 0.17733553474576627, "script": 0.8023098025870797, "iframe": 0.0398186775560961, "beacon": 0.0010586945288179172, "image": 0.4704930911779657, "stylesheet": 0.051884434249608244, "font": 0.02026643812308584, "xhr": 0.8754605531258797, "plugin": 0.0007562103777270837, "media": 0.002285435808241853, "referer_leaked": 0.6064513147557651, "referer_leaked_header": 0.44918476320112255, "referer_leaked_url": 0.0, "hosts": 4.030832377567439, "trackers": 3.908582567670326, "companies": 2.844023207256259}