{"id": "wetter.at", "month": "2019-04", "country": "global", "site": "wetter.at", "category": "News and Portals", "popularity": 5.4122832996513565e-05, "cookies": 0.85085098090165, "bad_qs": 0.22671170585942574, "tracked": 0.851110822398337, "https": 0.9977913472781603, "requests": 902.5912693257113, "requests_tracking": 28.505651552552944, "content_length": 14716301.188125243, "requests_failed": 824.277250876965, "has_blocking": 0.477978433155775, "script": 0.9914252306093283, "iframe": 0.725607379498506, "beacon": 0.26646745485254, "image": 0.9964921397947252, "stylesheet": 0.9957126153046642, "font": 0.5429388073275302, "xhr": 0.9528387683513057, "plugin": 0.003637780953618293, "media": 0.034948681304404317, "referer_leaked": 0.9838898272054047, "referer_leaked_header": 0.9790827595166948, "referer_leaked_url": 0.0, "hosts": 28.16318045991945, "trackers": 22.716383006366115, "companies": 15.917760166298558}