{"id": "wetter.com", "month": "2019-04", "country": "global", "site": "wetter.com", "category": "News and Portals", "popularity": 0.0015818465000514085, "cookies": 0.7412606685633002, "bad_qs": 0.174399893314367, "tracked": 0.7441189544807966, "https": 0.988700213371266, "requests": 186.17073701991464, "requests_tracking": 38.87939189189189, "content_length": 4967710.294616821, "requests_failed": 56.842927631578945, "has_blocking": 0.44187411095305834, "script": 0.9586148648648649, "iframe": 0.8656961237553343, "beacon": 0.07194167852062588, "image": 0.9983997155049786, "stylesheet": 0.999275426742532, "font": 0.6374422119487909, "xhr": 0.9229418563300142, "plugin": 0.002084815078236131, "media": 0.30400071123755334, "referer_leaked": 0.9813878022759601, "referer_leaked_header": 0.9719194523470839, "referer_leaked_url": 0.0, "hosts": 24.524084281650072, "trackers": 20.977591571834992, "companies": 16.558499288762448}