{"id": "wetter24.de", "month": "2019-04", "country": "global", "site": "wetter24.de", "category": "News and Portals", "popularity": 7.173015712581978e-05, "cookies": 0.4386824821095971, "bad_qs": 0.08489363787863935, "tracked": 0.44309381433192824, "https": 0.0, "requests": 69.23948632487011, "requests_tracking": 9.360356827761985, "content_length": 1218839.9020684247, "requests_failed": 19.378590334280954, "has_blocking": 0.446034702480149, "script": 0.9920596019998039, "iframe": 0.17576708165866092, "beacon": 0.063033035976865, "image": 0.9917655131849819, "stylesheet": 0.13459464758357023, "font": 0.09636310165670033, "xhr": 0.8705028918733457, "plugin": 0.0034310361729242233, "media": 0.019507891383197726, "referer_leaked": 0.9865699441231252, "referer_leaked_header": 0.9864719145181845, "referer_leaked_url": 0.0, "hosts": 12.408881482207626, "trackers": 10.148122733065385, "companies": 6.4531908636408195}