{"id": "wg-gesucht.de", "month": "2019-04", "country": "global", "site": "wg-gesucht.de", "category": "Business", "popularity": 0.0006970222091220481, "cookies": 0.13683594616952163, "bad_qs": 0.015515606399935435, "tracked": 0.13894437382725017, "https": 0.9971854003994916, "requests": 18.349605552529106, "requests_tracking": 2.9496499404797936, "content_length": 89036.53539939068, "requests_failed": 10.977654702096322, "has_blocking": 0.44318342311805176, "script": 0.9982244819724391, "iframe": 0.0371345560196114, "beacon": 0.021669390472731673, "image": 0.41708532574702906, "stylesheet": 0.36705808768637893, "font": 0.016685834190827836, "xhr": 0.06070052256723766, "plugin": 0.0009684643786695721, "media": 0.0011399632790589755, "referer_leaked": 0.5791618747856264, "referer_leaked_header": 0.5154752537174909, "referer_leaked_url": 0.0, "hosts": 6.603242338034421, "trackers": 6.3976555091499705, "companies": 3.8824223715271473}