{"id": "whatsapp.com", "month": "2019-04", "country": "global", "site": "whatsapp.com", "category": "Entertainment", "popularity": 0.0007200509577336606, "cookies": 0.3044110897354518, "bad_qs": 0.006191345787638793, "tracked": 0.30594427788791123, "https": 0.9585941543539613, "requests": 10.516625814201033, "requests_tracking": 1.930928408902257, "content_length": 788221.3099579106, "requests_failed": 2.033593421939239, "has_blocking": 0.11617074052011211, "script": 0.4958252360816789, "iframe": 0.05247995625042724, "beacon": 0.0021679475786369274, "image": 0.1877130106151307, "stylesheet": 0.21168738586537242, "font": 0.16218591615316258, "xhr": 0.10955947695823283, "plugin": 0.003164031601253894, "media": 0.039814064315778164, "referer_leaked": 0.49680178904502886, "referer_leaked_header": 0.4908545814982276, "referer_leaked_url": 0.0, "hosts": 1.5214011581918145, "trackers": 1.4465874356695736, "companies": 1.1124891358482827}