{"id": "whatismyipaddress.com", "month": "2019-04", "country": "global", "site": "whatismyipaddress.com", "category": "Business", "popularity": 0.00024020215345730848, "cookies": 0.7957552693208431, "bad_qs": 0.03629976580796253, "tracked": 0.7964578454332553, "https": 0.9717213114754099, "requests": 30.150702576112412, "requests_tracking": 11.483899297423887, "content_length": 1422025.6476288056, "requests_failed": 12.231001170960187, "has_blocking": 0.4947892271662763, "script": 0.9818208430913349, "iframe": 0.4868266978922717, "beacon": 0.04370608899297424, "image": 0.44133489461358316, "stylesheet": 0.46068501170960185, "font": 0.03788056206088993, "xhr": 0.07031615925058549, "plugin": 0.0005269320843091335, "media": 0.0018442622950819673, "referer_leaked": 0.8973360655737705, "referer_leaked_header": 0.8937646370023419, "referer_leaked_url": 0.0, "hosts": 10.32324355971897, "trackers": 9.492388758782202, "companies": 7.564051522248244}