{"id": "whitepages.com", "month": "2019-04", "country": "global", "site": "whitepages.com", "category": "Reference", "popularity": 0.0008249073544653756, "cookies": 0.2900190089759873, "bad_qs": 0.013169895919463315, "tracked": 0.2909737198775924, "https": 0.9971102946817488, "requests": 29.30478293113295, "requests_tracking": 8.524426107933477, "content_length": 166580.66699342785, "requests_failed": 9.82007961606983, "has_blocking": 0.5080766837434897, "script": 0.9884497029314739, "iframe": 0.38757852923375924, "beacon": 0.0053105793901784114, "image": 0.5130121981366089, "stylesheet": 0.7683803159070179, "font": 0.46193516490073566, "xhr": 0.9057393468754529, "plugin": 0.0015599294195869171, "media": 0.000784226812032767, "referer_leaked": 0.6136319078022043, "referer_leaked_header": 0.45543972108802944, "referer_leaked_url": 0.0, "hosts": 8.891478352782727, "trackers": 8.398191163809637, "companies": 5.603070418453198}