{"id": "whoer.net", "month": "2019-04", "country": "global", "site": "whoer.net", "category": "Business", "popularity": 0.0003740501625632765, "cookies": 0.1585111382648745, "bad_qs": 0.006015602970203967, "tracked": 0.16029702039665383, "https": 0.9891907134129148, "requests": 8.620340257543003, "requests_tracking": 0.5872356424475984, "content_length": 60391.73802049065, "requests_failed": 5.427070213365917, "has_blocking": 0.44823761631732306, "script": 0.9873484350032898, "iframe": 0.028461321552777516, "beacon": 0.022577309897546763, "image": 0.22440078954788983, "stylesheet": 0.11799981201240718, "font": 0.0653256885045587, "xhr": 0.958586333302002, "plugin": 0.00022558511138264875, "media": 0.021543378137042955, "referer_leaked": 0.913525707303318, "referer_leaked_header": 0.9026976219569508, "referer_leaked_url": 0.0, "hosts": 3.6273897922737097, "trackers": 3.58964188363568, "companies": 3.2585393364037976}