{"id": "whoscored.com", "month": "2019-04", "country": "global", "site": "whoscored.com", "category": "Entertainment", "popularity": 0.00029397340250555314, "cookies": 0.8106297988375153, "bad_qs": 0.011194297605664124, "tracked": 0.8108689932307986, "https": 0.9862224029468749, "requests": 74.89822278565791, "requests_tracking": 11.61260076063817, "content_length": 352544.295692109, "requests_failed": 20.094314349271652, "has_blocking": 0.46992130504460977, "script": 0.9992584973808214, "iframe": 0.47037577439184824, "beacon": 0.009280742459396751, "image": 0.9788552156337456, "stylesheet": 0.967421723634798, "font": 0.0795799746453943, "xhr": 0.278804984811156, "plugin": 0.0016504413136556079, "media": 0.00200923290358074, "referer_leaked": 0.9965795201760471, "referer_leaked_header": 0.9939005429712727, "referer_leaked_url": 0.0, "hosts": 10.370057645848782, "trackers": 8.078742794268903, "companies": 6.3494869280264075}