{"id": "wikimedia.org", "month": "2019-04", "country": "global", "site": "wikimedia.org", "category": "Reference", "popularity": 0.00042059284563511273, "cookies": 0.697094325743137, "bad_qs": 0.027986758952753536, "tracked": 0.6987996121309392, "https": 0.9615474638044605, "requests": 5.91629050055171, "requests_tracking": 3.6950212324873775, "content_length": 75529.72514795867, "requests_failed": 1.2328886213929848, "has_blocking": 0.00994750392884609, "script": 0.6462199485070385, "iframe": 0.08471260908817334, "beacon": 0.00010031096398836393, "image": 0.14530043133714515, "stylesheet": 0.40574113083893404, "font": 0.09078142240946936, "xhr": 0.13978332831778514, "plugin": 0.003694787173571405, "media": 0.00011702945798642459, "referer_leaked": 0.2574146520881399, "referer_leaked_header": 0.19727822917711574, "referer_leaked_url": 0.0, "hosts": 2.2363159126625876, "trackers": 1.5263817835289397, "companies": 1.4209048048951751}