{"id": "wikipedia.org", "month": "2019-04", "country": "global", "site": "wikipedia.org", "category": "Reference", "popularity": 0.08805285679326215, "cookies": 0.6586381153827142, "bad_qs": 0.0028977084018610307, "tracked": 0.6587471208384971, "https": 0.9909237984783796, "requests": 21.09246561476801, "requests_tracking": 5.6582661392559475, "content_length": 400259.32214729727, "requests_failed": 5.157593619515379, "has_blocking": 0.0027507706446151426, "script": 0.5301544627272814, "iframe": 0.010141180831745967, "beacon": 0.00031727375518364866, "image": 0.9566074435633236, "stylesheet": 0.043542848207946315, "font": 0.013400803318301761, "xhr": 0.0737117252097836, "plugin": 0.0014144356284452014, "media": 0.002017120005583635, "referer_leaked": 0.0429950259173448, "referer_leaked_header": 0.029269681813473857, "referer_leaked_url": 0.0, "hosts": 1.2325441737622032, "trackers": 1.205018419526303, "companies": 1.183194329416404}