{"id": "wikiwiki.jp", "month": "2019-04", "country": "global", "site": "wikiwiki.jp", "category": "Entertainment", "popularity": 0.0004900095803813232, "cookies": 0.20034153201503888, "bad_qs": 0.011881870103033609, "tracked": 0.20082943489366586, "https": 0.9925523060586058, "requests": 14.606161926355366, "requests_tracking": 3.3490227592342796, "content_length": 165495.10214390265, "requests_failed": 6.148049823493959, "has_blocking": 0.4727635393048819, "script": 0.9894526877708578, "iframe": 0.17189966420801883, "beacon": 0.004462876330970353, "image": 0.2969606520678472, "stylesheet": 0.15315845363487646, "font": 0.05204775708176678, "xhr": 0.23795310392331315, "plugin": 0.006644089200126281, "media": 2.870016933099905e-05, "referer_leaked": 0.6104095514163533, "referer_leaked_header": 0.5897884797520305, "referer_leaked_url": 0.0, "hosts": 4.76127199150475, "trackers": 3.400998765892719, "companies": 1.6977154665212524}