{"id": "wikia.com", "month": "2019-04", "country": "global", "site": "wikia.com", "category": "Reference", "popularity": 6.078183297672642e-05, "cookies": 0.6394030541416011, "bad_qs": 0.03829245719574271, "tracked": 0.6397501156871819, "https": 0.16959740860712633, "requests": 86.16566404442388, "requests_tracking": 8.28239241092087, "content_length": 771315.0599259603, "requests_failed": 34.01365108745951, "has_blocking": 0.6987505784359093, "script": 0.9378759833410458, "iframe": 0.6502776492364646, "beacon": 0.09173993521517816, "image": 0.9832253586302637, "stylesheet": 0.990282276723739, "font": 0.604118463674225, "xhr": 0.6900740397963906, "plugin": 0.0012725590004627487, "media": 0.0009254974548819991, "referer_leaked": 0.9816057380842202, "referer_leaked_header": 0.9699213327163351, "referer_leaked_url": 0.0, "hosts": 15.207542804257288, "trackers": 14.964484035168903, "companies": 11.80981027302175}