{"id": "wikifeet.com", "month": "2019-04", "country": "global", "site": "wikifeet.com", "category": "Adult", "popularity": 0.00028103511320925784, "cookies": 0.5533064778442215, "bad_qs": 0.00653038756974504, "tracked": 0.5556834388370405, "https": 0.9963469862636676, "requests": 20.955213050766883, "requests_tracking": 4.067530712838091, "content_length": 290863.1751444942, "requests_failed": 9.947456651737683, "has_blocking": 0.49788575574849253, "script": 0.9861385643155604, "iframe": 0.6684514724647834, "beacon": 0.0032526834638576824, "image": 0.3523907223459354, "stylesheet": 0.9721270047789426, "font": 0.15925638651887808, "xhr": 0.29281657367328046, "plugin": 0.0010258463232166537, "media": 2.5020642029674482e-05, "referer_leaked": 0.9805839817849726, "referer_leaked_header": 0.9720769634948833, "referer_leaked_url": 0.0, "hosts": 8.620086571421423, "trackers": 7.012560362298896, "companies": 4.5561338103935745}