{"id": "wikiwand.com", "month": "2019-04", "country": "global", "site": "wikiwand.com", "category": "Business", "popularity": 0.0004902064673923537, "cookies": 0.928264050262501, "bad_qs": 0.0054795306538141545, "tracked": 0.9287374128582494, "https": 0.8947557162119517, "requests": 43.348552658002696, "requests_tracking": 10.786456092033164, "content_length": 974436.1194738504, "requests_failed": 11.639269013397596, "has_blocking": 0.3936798921307055, "script": 0.9932007918065238, "iframe": 0.5676478182287632, "beacon": 0.0008606592649969877, "image": 0.9130590699142209, "stylesheet": 0.9729896434001779, "font": 0.7346730929225119, "xhr": 0.8329890696273345, "plugin": 0.0016495969245775598, "media": 0.005737728433313252, "referer_leaked": 0.9768626100926643, "referer_leaked_header": 0.9590756519493933, "referer_leaked_url": 0.0, "hosts": 8.318329173480219, "trackers": 6.887282324927561, "companies": 4.156740396477034}