{"id": "wildberries.ru", "month": "2019-04", "country": "global", "site": "wildberries.ru", "category": "E-Commerce", "popularity": 0.0020363671966944696, "cookies": 0.6084447805413693, "bad_qs": 0.03261060984326603, "tracked": 0.6292701286951957, "https": 0.997296261382118, "requests": 158.41673831746655, "requests_tracking": 3.868773718141292, "content_length": 536903.0197687147, "requests_failed": 39.55228436562281, "has_blocking": 0.348381727837458, "script": 0.9970821722450699, "iframe": 0.05436482860783359, "beacon": 0.0010186499262773696, "image": 0.9899654349635185, "stylesheet": 0.9905904371216752, "font": 0.035756338937634455, "xhr": 0.07421986954374843, "plugin": 3.798355657305446e-05, "media": 0.010683738548820956, "referer_leaked": 0.9617712768345195, "referer_leaked_header": 0.9042400008287321, "referer_leaked_url": 0.0, "hosts": 5.004226533931401, "trackers": 4.928245608582903, "companies": 3.214127120604698}