{"id": "willhaben.at", "month": "2019-04", "country": "global", "site": "willhaben.at", "category": "E-Commerce", "popularity": 0.00356027969375013, "cookies": 0.8643170327065888, "bad_qs": 0.18248143466582398, "tracked": 0.8647100647811661, "https": 0.9975114552061937, "requests": 56.31753041554748, "requests_tracking": 18.79801903934271, "content_length": 225252.33978511614, "requests_failed": 27.521598988781797, "has_blocking": 0.4745161162900932, "script": 0.9927990203823669, "iframe": 0.3798645125612261, "beacon": 0.05657686838363091, "image": 0.7795880075841365, "stylesheet": 0.1397712908832359, "font": 0.02743916890504029, "xhr": 0.8852958603254859, "plugin": 0.003393111075999368, "media": 0.0036715910886395953, "referer_leaked": 0.9382347132248381, "referer_leaked_header": 0.9341661399905198, "referer_leaked_url": 0.0, "hosts": 13.860998972981514, "trackers": 12.79036972665508, "companies": 10.989085953547164}