{"id": "wimdu.de", "month": "2019-04", "country": "global", "site": "wimdu.de", "category": "Recreation", "popularity": 8.76850366982622e-06, "cookies": 0.8941459502806736, "bad_qs": 0.05292702485966319, "tracked": 0.8941459502806736, "https": 0.9975942261427426, "requests": 132.01363271852446, "requests_tracking": 30.938251804330392, "content_length": 2304073.4418604653, "requests_failed": 19.308740978348034, "has_blocking": 0.37129109863672816, "script": 0.9911788291900562, "iframe": 0.03528468323977546, "beacon": 0.006415396952686447, "image": 0.9847634322373697, "stylesheet": 0.9959903769045709, "font": 0.5364875701684042, "xhr": 0.8813151563753007, "plugin": 0.0, "media": 0.0, "referer_leaked": 0.9759422614274258, "referer_leaked_header": 0.9615076182838813, "referer_leaked_url": 0.0, "hosts": 7.666399358460304, "trackers": 7.441058540497194, "companies": 3.234963913392141}