{"id": "wiocha.pl", "month": "2019-04", "country": "global", "site": "wiocha.pl", "category": "Entertainment", "popularity": 6.30460336035781e-05, "cookies": 0.6059558331474459, "bad_qs": 0.03390586660718269, "tracked": 0.606625027883114, "https": 0.9952041043943788, "requests": 199.38657149230426, "requests_tracking": 40.43977247378987, "content_length": 5017985.315525318, "requests_failed": 86.18915904528218, "has_blocking": 0.5239794780281062, "script": 0.9861699754628597, "iframe": 0.9861699754628597, "beacon": 0.058108409547178226, "image": 0.7371180013383895, "stylesheet": 0.9988846754405531, "font": 0.48081641757751503, "xhr": 0.8553424046397502, "plugin": 0.0003345973678340397, "media": 0.7385679232656703, "referer_leaked": 0.994423377202766, "referer_leaked_header": 0.9921927280838724, "referer_leaked_url": 0.0, "hosts": 14.320432745929065, "trackers": 10.938657149230426, "companies": 7.199085433861254}