{"id": "witt-weiden.de", "month": "2019-04", "country": "global", "site": "witt-weiden.de", "category": "E-Commerce", "popularity": 0.00012942508303674533, "cookies": 0.8032163424970118, "bad_qs": 0.09502336194719113, "tracked": 0.8033250027165055, "https": 0.9944583288058242, "requests": 133.3236444637618, "requests_tracking": 20.977670324894056, "content_length": 323314.5411822232, "requests_failed": 36.94735412365533, "has_blocking": 0.40443333695534067, "script": 0.9988590676953167, "iframe": 0.8558078887319353, "beacon": 0.23280452026513093, "image": 0.9974464848418994, "stylesheet": 0.7241660328153863, "font": 0.11833097902857764, "xhr": 0.5358578724329023, "plugin": 0.0, "media": 0.00027165054873410846, "referer_leaked": 0.9404541997174835, "referer_leaked_header": 0.8203846571770075, "referer_leaked_url": 0.0, "hosts": 22.41263718352711, "trackers": 20.260621536455503, "companies": 15.86102357926763}