{"id": "wizzair.com", "month": "2019-04", "country": "global", "site": "wizzair.com", "category": "Recreation", "popularity": 0.0004607085741325935, "cookies": 0.9601642271707443, "bad_qs": 0.045513515163540345, "tracked": 0.9608357880920039, "https": 0.9970237640989636, "requests": 40.195210549611566, "requests_tracking": 11.656176071063356, "content_length": 656023.9628199454, "requests_failed": 13.929501366015964, "has_blocking": 0.5175597918161144, "script": 0.9989468703734794, "iframe": 0.915719104381935, "beacon": 0.16427295898899555, "image": 0.6743387414337826, "stylesheet": 0.95587539492361, "font": 0.5744135289000137, "xhr": 0.3311253224255559, "plugin": 0.00012210198568354217, "media": 6.105099284177108e-05, "referer_leaked": 0.8650620430714755, "referer_leaked_header": 0.6668142065660343, "referer_leaked_url": 0.0, "hosts": 10.694119263114516, "trackers": 9.620735969718707, "companies": 5.411804209465957}