{"id": "wnd.com", "month": "2019-04", "country": "global", "site": "wnd.com", "category": "News and Portals", "popularity": 0.0002557070055759667, "cookies": 0.93691736559879, "bad_qs": 0.04831568816169394, "tracked": 0.9369723635363674, "https": 0.9918328062697649, "requests": 113.60175993400247, "requests_tracking": 32.61707685961776, "content_length": 3618307.7695311424, "requests_failed": 48.857747834456205, "has_blocking": 0.4985838031073835, "script": 0.9756084146844494, "iframe": 0.8862092671524818, "beacon": 0.013062010174618452, "image": 0.9869929877629589, "stylesheet": 0.9957101608689675, "font": 0.41883679362023923, "xhr": 0.9049085659287777, "plugin": 0.0019799257527842707, "media": 0.11343324625326551, "referer_leaked": 0.9888629176405884, "referer_leaked_header": 0.9751959301526193, "referer_leaked_url": 0.0, "hosts": 34.1885879279527, "trackers": 26.460827718960537, "companies": 20.94667949951877}