{"id": "wordpress.org", "month": "2019-04", "country": "global", "site": "wordpress.org", "category": "Business", "popularity": 0.0014048310137769857, "cookies": 0.2965372949055489, "bad_qs": 0.006381828556555514, "tracked": 0.29849438899622593, "https": 0.9832871172154205, "requests": 37.05451332926231, "requests_tracking": 1.8024386093119638, "content_length": 731445.542155106, "requests_failed": 10.47970828786802, "has_blocking": 0.22327890843202228, "script": 0.9832270529466529, "iframe": 0.1847376693061576, "beacon": 0.0619212557436457, "image": 0.9435195659355511, "stylesheet": 0.9527894847486811, "font": 0.7297708548146516, "xhr": 0.11653969747629964, "plugin": 0.0009259908101668786, "media": 0.0008008569169010842, "referer_leaked": 0.9496210945711911, "referer_leaked_header": 0.9440050854414224, "referer_leaked_url": 0.0, "hosts": 5.9897139939735515, "trackers": 5.651597209013644, "companies": 2.1781606318761075}