{"id": "wordpress.com", "month": "2019-04", "country": "global", "site": "wordpress.com", "category": "Business", "popularity": 0.004934684632643926, "cookies": 0.6271019793980727, "bad_qs": 0.06384916049069579, "tracked": 0.6411334622438118, "https": 0.8839606200812506, "requests": 97.39515289001238, "requests_tracking": 13.664323098867307, "content_length": 1598527.212142284, "requests_failed": 29.306163336320978, "has_blocking": 0.45514328584924885, "script": 0.9269214382305541, "iframe": 0.7416437368459301, "beacon": 0.00807946661270856, "image": 0.9785288531004775, "stylesheet": 0.9370243338714894, "font": 0.4980813047982342, "xhr": 0.3524172139662201, "plugin": 0.0018182362253643953, "media": 0.015788446220248824, "referer_leaked": 0.9286356531044674, "referer_leaked_header": 0.7775268282464992, "referer_leaked_url": 0.0, "hosts": 8.009524365932865, "trackers": 8.26886669450069, "companies": 3.9144018273559054}