{"id": "work.ua", "month": "2019-04", "country": "global", "site": "work.ua", "category": "Business", "popularity": 0.0003311639525534368, "cookies": 0.7102514013928997, "bad_qs": 0.051363173093256324, "tracked": 0.7126719891285884, "https": 0.9978979106505861, "requests": 16.706960251401394, "requests_tracking": 4.00910905384746, "content_length": 123540.45150331239, "requests_failed": 6.953435535926618, "has_blocking": 0.5052446067606591, "script": 0.998025310005096, "iframe": 0.43691608629182943, "beacon": 0.02637166638355699, "image": 0.9832682181076949, "stylesheet": 0.08376507559028368, "font": 0.039897231187361985, "xhr": 0.49422456259554953, "plugin": 0.000552063869543061, "media": 8.493290300662476e-05, "referer_leaked": 0.9502717852896212, "referer_leaked_header": 0.9365763546798029, "referer_leaked_url": 0.0, "hosts": 7.625679463224053, "trackers": 6.776180567351792, "companies": 3.9028155257346695}