{"id": "worldstarhiphop.com", "month": "2019-04", "country": "global", "site": "worldstarhiphop.com", "category": "Entertainment", "popularity": 0.0009322107754770421, "cookies": 0.8366258589607235, "bad_qs": 0.06250141431513204, "tracked": 0.8397109517020811, "https": 0.1838458811371848, "requests": 102.25025457672376, "requests_tracking": 23.405188085055027, "content_length": 3041708.3317870153, "requests_failed": 33.38697170615435, "has_blocking": 0.4804522791216915, "script": 0.9990722092733815, "iframe": 0.7839228198803678, "beacon": 0.009624885911912682, "image": 0.9297669962963802, "stylesheet": 0.6366152987410709, "font": 0.5358632602415273, "xhr": 0.7794724415982138, "plugin": 0.004850158026144086, "media": 0.0004676668703280457, "referer_leaked": 0.9955571647318836, "referer_leaked_header": 0.9916875985306208, "referer_leaked_url": 0.0, "hosts": 21.428096218687063, "trackers": 18.681066280464346, "companies": 13.393209778763397}