{"id": "worldlifestyle.com", "month": "2019-04", "country": "global", "site": "worldlifestyle.com", "category": "Entertainment", "popularity": 3.6424097040657434e-06, "cookies": 0.8108108108108109, "bad_qs": 0.10617760617760617, "tracked": 0.8108108108108109, "https": 0.9671814671814671, "requests": 150.35907335907336, "requests_tracking": 47.76061776061776, "content_length": 18249524.94015444, "requests_failed": 44.47490347490348, "has_blocking": 0.6756756756756757, "script": 0.9961389961389961, "iframe": 0.747104247104247, "beacon": 0.06177606177606178, "image": 0.9922779922779923, "stylesheet": 0.972972972972973, "font": 0.4305019305019305, "xhr": 0.9575289575289575, "plugin": 0.0, "media": 0.1274131274131274, "referer_leaked": 1.0, "referer_leaked_header": 1.0, "referer_leaked_url": 0.0, "hosts": 21.91119691119691, "trackers": 17.33011583011583, "companies": 11.785714285714286}