{"id": "wort-suchen.de", "month": "2019-04", "country": "global", "site": "wort-suchen.de", "category": "Reference", "popularity": 0.00015154674506182413, "cookies": 0.7177988121752041, "bad_qs": 0.03865070527097253, "tracked": 0.7182628062360802, "https": 0.9917873051224945, "requests": 39.2050853749072, "requests_tracking": 14.890033407572384, "content_length": 519050.4801410542, "requests_failed": 11.41100593912398, "has_blocking": 0.4198218262806236, "script": 0.9939216778025242, "iframe": 0.7139476614699332, "beacon": 0.8810783221974758, "image": 0.5538233110616184, "stylesheet": 0.9292873051224945, "font": 0.24081291759465479, "xhr": 0.0737750556792873, "plugin": 0.0003711952487008166, "media": 0.0009279881217520415, "referer_leaked": 0.7676781737193764, "referer_leaked_header": 0.5753526354862658, "referer_leaked_url": 0.0, "hosts": 9.181375278396436, "trackers": 8.311479213066074, "companies": 4.234502598366741}