{"id": "wowhead.com", "month": "2019-04", "country": "global", "site": "wowhead.com", "category": "Entertainment", "popularity": 0.001971844510508162, "cookies": 0.5496767383559836, "bad_qs": 0.04084187103055027, "tracked": 0.5575113310962367, "https": 0.8273073178733557, "requests": 200.6468370996673, "requests_tracking": 32.780242704771005, "content_length": 5894469.371520881, "requests_failed": 66.72224817507836, "has_blocking": 0.47629117440438196, "script": 0.997888903549281, "iframe": 0.3075033075033075, "beacon": 0.01907832096511342, "image": 0.995414070885769, "stylesheet": 0.998598545768357, "font": 0.7158293007349611, "xhr": 0.9194823534446176, "plugin": 0.0008237555407366728, "media": 0.01730243239677202, "referer_leaked": 0.991216840273444, "referer_leaked_header": 0.9395163734786376, "referer_leaked_url": 0.0, "hosts": 17.318568733663074, "trackers": 13.955092841885294, "companies": 8.477796043833779}