{"id": "wowprogress.com", "month": "2019-04", "country": "global", "site": "wowprogress.com", "category": "Entertainment", "popularity": 0.0003870165785754333, "cookies": 0.8312105961227493, "bad_qs": 0.0050509638619887715, "tracked": 0.8313922854703029, "https": 0.9979287414378895, "requests": 14.058903686476862, "requests_tracking": 6.626828249059757, "content_length": 819828.6662548375, "requests_failed": 5.066189429313759, "has_blocking": 0.4296044622903759, "script": 0.9977833899598466, "iframe": 0.9621904467741056, "beacon": 0.003324915060230019, "image": 0.4750086302440088, "stylesheet": 0.7233052926106942, "font": 0.015570777085339486, "xhr": 0.0271080506549901, "plugin": 0.0008176020639909882, "media": 0.0008176020639909882, "referer_leaked": 0.9506168353349443, "referer_leaked_header": 0.9466560075582768, "referer_leaked_url": 0.0, "hosts": 4.4595650357019565, "trackers": 4.405675975217573, "companies": 4.238994167771944}