{"id": "woxikon.de", "month": "2019-04", "country": "global", "site": "woxikon.de", "category": "Reference", "popularity": 0.00023884503941699057, "cookies": 0.9031412841875939, "bad_qs": 0.0744840580563488, "tracked": 0.904024494362175, "https": 0.969352606942032, "requests": 234.43574645979922, "requests_tracking": 132.8105808578915, "content_length": 700606.3383872582, "requests_failed": 56.882945211528835, "has_blocking": 0.46739482438837693, "script": 0.9862219212765331, "iframe": 0.14667176965878648, "beacon": 0.09479789207171667, "image": 0.40589395589837196, "stylesheet": 0.3487502576029676, "font": 0.15612211852680544, "xhr": 0.1439632584567374, "plugin": 0.00656519563105367, "media": 0.0077428091971619515, "referer_leaked": 0.9808343392115877, "referer_leaked_header": 0.9803632937851444, "referer_leaked_url": 0.0, "hosts": 13.515912503312038, "trackers": 12.150940618835929, "companies": 7.3677687166956165}