{"id": "wpengine.com", "month": "2019-04", "country": "global", "site": "wpengine.com", "category": "Business", "popularity": 0.0006347988819574192, "cookies": 0.62229582285632, "bad_qs": 0.11949887568262127, "tracked": 0.6248767681690797, "https": 0.7432679420007311, "requests": 41.09600451942355, "requests_tracking": 12.110825570189528, "content_length": 4009915.0667058052, "requests_failed": 12.012029642101531, "has_blocking": 0.2284635067625198, "script": 0.7380174352271343, "iframe": 0.3414047874873999, "beacon": 0.006535440920721778, "image": 0.7172812565769797, "stylesheet": 0.8763693964132614, "font": 0.4096502985256488, "xhr": 0.4818059970978211, "plugin": 0.0009083155177952302, "media": 0.05386754101266103, "referer_leaked": 0.7941225339787543, "referer_leaked_header": 0.6907628742647629, "referer_leaked_url": 0.0, "hosts": 8.340729089358309, "trackers": 7.2621265660134915, "companies": 5.061942687506231}