{"id": "wsj.com", "month": "2019-04", "country": "global", "site": "wsj.com", "category": "News and Portals", "popularity": 0.002129494752911934, "cookies": 0.8234002436906251, "bad_qs": 0.17291137652182814, "tracked": 0.8294958113610023, "https": 0.9721472842363865, "requests": 115.57749394900988, "requests_tracking": 26.291570219552707, "content_length": 999364.3423886304, "requests_failed": 51.33135651145973, "has_blocking": 0.4810644459340318, "script": 0.994181803772912, "iframe": 0.8882820471333331, "beacon": 0.23036688977456965, "image": 0.9131926443734872, "stylesheet": 0.12481384743910211, "font": 0.047602222933995506, "xhr": 0.9389485641074748, "plugin": 0.0003202979761790763, "media": 0.02581865851282678, "referer_leaked": 0.9884329504066464, "referer_leaked_header": 0.9796693336151076, "referer_leaked_url": 0.0, "hosts": 32.35536234946821, "trackers": 27.462771138840917, "companies": 24.168892792635127}