{"id": "wuerth.de", "month": "2019-04", "country": "global", "site": "wuerth.de", "category": "Business", "popularity": 9.961779590250847e-05, "cookies": 0.8354626949954119, "bad_qs": 0.10778569916001976, "tracked": 0.8363097338886144, "https": 0.9908237453236395, "requests": 31.817745464812592, "requests_tracking": 7.207453942260182, "content_length": 406541.04503423447, "requests_failed": 7.998941201383497, "has_blocking": 0.4115903155219877, "script": 0.9944942471941837, "iframe": 0.5869979529893414, "beacon": 0.18846615373755912, "image": 0.8428742853109339, "stylesheet": 0.6360556222206536, "font": 0.12183242747229477, "xhr": 0.7175831156913955, "plugin": 0.0003529328721677137, "media": 7.058657443354274e-05, "referer_leaked": 0.9131785134467424, "referer_leaked_header": 0.908308039810828, "referer_leaked_url": 0.0, "hosts": 9.861438554386956, "trackers": 8.007482176889955, "companies": 4.7977694642479}