{"id": "wunderground.com", "month": "2019-04", "country": "global", "site": "wunderground.com", "category": "News and Portals", "popularity": 0.003144805910401812, "cookies": 0.7749701498544386, "bad_qs": 0.02849962212175282, "tracked": 0.7751892745184847, "https": 0.9949780204546166, "requests": 125.00030856330243, "requests_tracking": 10.493866745372669, "content_length": 1075617.4921428156, "requests_failed": 23.593353814781523, "has_blocking": 0.5056145105246918, "script": 0.9792837753838035, "iframe": 0.6971674783223101, "beacon": 0.016848003505994625, "image": 0.9687054204286794, "stylesheet": 0.18504183492310514, "font": 0.24648617949440338, "xhr": 0.9748811584092444, "plugin": 0.012888107791446984, "media": 0.00039129404293949027, "referer_leaked": 0.9880845374010027, "referer_leaked_header": 0.9758672193974519, "referer_leaked_url": 0.0, "hosts": 11.01273382614023, "trackers": 9.311389563405287, "companies": 8.664021518936396}