{"id": "wunderweib.de", "month": "2019-04", "country": "global", "site": "wunderweib.de", "category": "News and Portals", "popularity": 0.00014884658033911902, "cookies": 0.7624244142101285, "bad_qs": 0.21253779289493574, "tracked": 0.7729591836734694, "https": 0.4651832955404384, "requests": 120.88189720332578, "requests_tracking": 37.13222789115646, "content_length": 3360252.1689814813, "requests_failed": 37.39649470899471, "has_blocking": 0.4078325774754346, "script": 0.9926776266061981, "iframe": 0.9367913832199547, "beacon": 0.452900604686319, "image": 0.955026455026455, "stylesheet": 0.9973072562358276, "font": 0.5342025699168557, "xhr": 0.906415343915344, "plugin": 0.006046863189720333, "media": 0.031982237339380194, "referer_leaked": 0.996645880574452, "referer_leaked_header": 0.995275888133031, "referer_leaked_url": 0.0, "hosts": 29.44661753590325, "trackers": 23.313161375661377, "companies": 18.385062358276645}