{"id": "wuxiaworld.co", "month": "2019-04", "country": "global", "site": "wuxiaworld.co", "category": "Entertainment", "popularity": 0.0009001885094687113, "cookies": 0.839180121700685, "bad_qs": 0.028519204180629438, "tracked": 0.8407267671205055, "https": 0.9883376686273131, "requests": 36.62332153820917, "requests_tracking": 9.81617572391598, "content_length": 422507.14368179726, "requests_failed": 13.259609901655223, "has_blocking": 0.511181933931682, "script": 0.9968364070958217, "iframe": 0.9103726790554527, "beacon": 0.06718533967614182, "image": 0.8977495528007562, "stylesheet": 0.8867043173278967, "font": 0.20695365531678891, "xhr": 0.8127231114131496, "plugin": 0.007897265249689499, "media": 6.249072403315132e-05, "referer_leaked": 0.943984877244784, "referer_leaked_header": 0.9424538545059717, "referer_leaked_url": 0.0, "hosts": 9.914934501909872, "trackers": 8.297198072161164, "companies": 4.4963247642928}