{"id": "www.nhs.uk", "month": "2019-04", "country": "global", "site": "www.nhs.uk", "category": "Government", "popularity": 0.0002120613742378662, "cookies": 0.4476755753034021, "bad_qs": 0.007427548245904901, "tracked": 0.4482392731613502, "https": 0.9888255189336163, "requests": 20.45961270641289, "requests_tracking": 1.9453544664765567, "content_length": 483854.2849658465, "requests_failed": 7.383745606472578, "has_blocking": 0.4218781086278931, "script": 0.9891902646064062, "iframe": 0.02364215133629551, "beacon": 0.00013263479010544466, "image": 0.777637774388222, "stylesheet": 0.8920684395516945, "font": 0.7194774189269846, "xhr": 0.6020624709861396, "plugin": 0.000994760925790835, "media": 0.0007626500431063067, "referer_leaked": 0.9580542476291531, "referer_leaked_header": 0.9560315670800451, "referer_leaked_url": 0.0, "hosts": 5.004310630678427, "trackers": 4.772033954506267, "companies": 3.174447907686186}