{"id": "x-plane.org", "month": "2019-04", "country": "global", "site": "x-plane.org", "category": "Reference", "popularity": 0.00023437289159501022, "cookies": 0.311901833128319, "bad_qs": 0.0007500525036752573, "tracked": 0.312021841528907, "https": 0.8943026011820827, "requests": 10.390747352314662, "requests_tracking": 2.393297530827158, "content_length": 1171968.7754942847, "requests_failed": 3.2440970867960757, "has_blocking": 0.10452731691218385, "script": 0.3437940655845909, "iframe": 0.20368425789805286, "beacon": 0.006510455731901233, "image": 0.4000180012600882, "stylesheet": 0.9563469442861, "font": 0.4947946356244937, "xhr": 0.13254927844949146, "plugin": 0.0005700399027931955, "media": 0.0002700189013230926, "referer_leaked": 0.5433980378626504, "referer_leaked_header": 0.5388677207404519, "referer_leaked_url": 0.0, "hosts": 2.9048333383336833, "trackers": 2.7367915754102787, "companies": 1.6514656025921814}