{"id": "xataka.com", "month": "2019-04", "country": "global", "site": "xataka.com", "category": "Entertainment", "popularity": 0.0003727352385967508, "cookies": 0.9271242076667673, "bad_qs": 0.05906655599154845, "tracked": 0.9279920012073649, "https": 0.9909070329006943, "requests": 157.7324743434953, "requests_tracking": 21.860907787503773, "content_length": 4958282.946366586, "requests_failed": 55.87941442801087, "has_blocking": 0.5238643223664352, "script": 0.9915107153637187, "iframe": 0.9611945366737096, "beacon": 0.009772109870208271, "image": 0.9991510715363718, "stylesheet": 0.9657032900694235, "font": 0.8805463326290371, "xhr": 0.37267959553274976, "plugin": 0.00411258677935406, "media": 0.006470721400543314, "referer_leaked": 0.9873603984304256, "referer_leaked_header": 0.9793427407183821, "referer_leaked_url": 0.0, "hosts": 18.315971174162392, "trackers": 15.323517204950196, "companies": 9.433726984606098}