{"id": "xe.gr", "month": "2019-04", "country": "global", "site": "xe.gr", "category": "E-Commerce", "popularity": 0.0002401388683466201, "cookies": 0.9526221779742906, "bad_qs": 0.034376738602090715, "tracked": 0.9526221779742906, "https": 0.9972475183742789, "requests": 104.70560159292553, "requests_tracking": 6.556499077625838, "content_length": 404084.35498228454, "requests_failed": 85.24716699364586, "has_blocking": 0.5589587420573336, "script": 0.9968375743023631, "iframe": 0.7920705103803696, "beacon": 0.03062867851600246, "image": 0.985476267166408, "stylesheet": 0.23340458551726156, "font": 0.02690990014933677, "xhr": 0.5216538315129864, "plugin": 5.8563438845128986e-05, "media": 0.0006441978272964189, "referer_leaked": 0.97841937278557, "referer_leaked_header": 0.9769845685338643, "referer_leaked_url": 0.0, "hosts": 8.151532898011771, "trackers": 6.650522678691693, "companies": 4.727182220139967}