{"id": "xhamster.com", "month": "2019-04", "country": "global", "site": "xhamster.com", "category": "Adult", "popularity": 0.03912437427022599, "cookies": 0.9748532355047146, "bad_qs": 0.05012494572265788, "tracked": 0.9752428821196776, "https": 0.9951215093558322, "requests": 164.35893893906848, "requests_tracking": 73.61455071301017, "content_length": 61392102.2820957, "requests_failed": 41.48165425836302, "has_blocking": 0.4740451860670422, "script": 0.9960442241718931, "iframe": 0.31867467670833444, "beacon": 9.813055893440997e-05, "image": 0.9978878565410308, "stylesheet": 0.9959216508363743, "font": 0.5622110001121492, "xhr": 0.5162352157146924, "plugin": 0.00263532671365431, "media": 0.5776915450997984, "referer_leaked": 0.834843213966315, "referer_leaked_header": 0.7963021673553778, "referer_leaked_url": 0.0, "hosts": 6.416693625611429, "trackers": 6.11196606911267, "companies": 4.6813175950608334}