{"id": "xhamsterpremium.com", "month": "2019-04", "country": "global", "site": "xhamsterpremium.com", "category": "Adult", "popularity": 0.000309787648498688, "cookies": 0.06541674232794625, "bad_qs": 0.0042218994007626656, "tracked": 0.06843562738333031, "https": 0.9904893771563464, "requests": 134.0675503904122, "requests_tracking": 0.23894588705284184, "content_length": 17722383.109905574, "requests_failed": 34.58806972943526, "has_blocking": 0.18614944615943343, "script": 0.9936898492827311, "iframe": 0.019634102051933902, "beacon": 9.079353550027238e-05, "image": 0.9961185763573633, "stylesheet": 0.9946885781732341, "font": 0.45961957508625384, "xhr": 0.011394588705284184, "plugin": 0.003291265661884874, "media": 0.8444479753041584, "referer_leaked": 0.9905347739240966, "referer_leaked_header": 0.9893771563464682, "referer_leaked_url": 0.0, "hosts": 4.36160795351371, "trackers": 4.346967495914291, "companies": 2.196999273651716}