{"id": "xhamsterdeutsch.xyz", "month": "2019-04", "country": "global", "site": "xhamsterdeutsch.xyz", "category": "Adult", "popularity": 4.9137372610060645e-05, "cookies": 0.9688036634230108, "bad_qs": 0.05767029192902118, "tracked": 0.9688036634230108, "https": 0.9924155695477962, "requests": 57.929307384087004, "requests_tracking": 19.905266170578134, "content_length": 571165427.4142816, "requests_failed": 22.686176302232397, "has_blocking": 0.4443331425300515, "script": 0.9971379507727532, "iframe": 0.6619919862621637, "beacon": 0.00014310246136233542, "image": 0.9195764167143675, "stylesheet": 0.9991413852318259, "font": 0.3181167716084717, "xhr": 0.3360045792787636, "plugin": 0.00028620492272467084, "media": 0.6253577561534058, "referer_leaked": 0.7002003434459073, "referer_leaked_header": 0.44819690898683456, "referer_leaked_url": 0.0, "hosts": 8.899685174585002, "trackers": 6.098168288494562, "companies": 4.846307956496852}