{"id": "xmoviesforyou.com", "month": "2019-04", "country": "global", "site": "xmoviesforyou.com", "category": "Adult", "popularity": 0.0002744745567345603, "cookies": 0.647128144694369, "bad_qs": 0.00514935697084593, "tracked": 0.647128144694369, "https": 0.9981810729107957, "requests": 37.5752420966337, "requests_tracking": 8.128477737357176, "content_length": 268535349.06363684, "requests_failed": 23.8987036942153, "has_blocking": 0.46003484142030027, "script": 0.9775324076446175, "iframe": 0.9889071066249936, "beacon": 0.000179330839780704, "image": 0.603653225393247, "stylesheet": 0.6050622534200953, "font": 0.16390838755956347, "xhr": 0.3031459753035815, "plugin": 0.036122354870113234, "media": 0.18261003227955117, "referer_leaked": 0.6673669108981913, "referer_leaked_header": 0.6666495875390686, "referer_leaked_url": 0.0, "hosts": 13.488343495414254, "trackers": 6.608136496387765, "companies": 6.306732592099196}