{"id": "xossip.com", "month": "2019-04", "country": "global", "site": "xossip.com", "category": "Entertainment", "popularity": 2.1798204792671438e-07, "cookies": 0.45161290322580644, "bad_qs": 0.0, "tracked": 0.45161290322580644, "https": 1.0, "requests": 3.774193548387097, "requests_tracking": 1.903225806451613, "content_length": 79719.74193548386, "requests_failed": 0.8387096774193549, "has_blocking": 0.0967741935483871, "script": 0.5161290322580645, "iframe": 0.1935483870967742, "beacon": 0.0, "image": 0.16129032258064516, "stylesheet": 0.22580645161290322, "font": 0.12903225806451613, "xhr": 0.06451612903225806, "plugin": 0.03225806451612903, "media": 0.0, "referer_leaked": 0.7741935483870968, "referer_leaked_header": 0.7741935483870968, "referer_leaked_url": 0.0, "hosts": 1.7419354838709677, "trackers": 1.4193548387096775, "companies": 1.096774193548387}