{"id": "xtream-codes.com", "month": "2019-04", "country": "global", "site": "xtream-codes.com", "category": "Business", "popularity": 0.00031279720709586977, "cookies": 0.31779965830410933, "bad_qs": 0.0007867997482240806, "tracked": 0.31779965830410933, "https": 0.7735140724754969, "requests": 7.453781134790037, "requests_tracking": 1.4794083265893354, "content_length": 138760.96544825105, "requests_failed": 2.0802535743188564, "has_blocking": 0.06802445823217336, "script": 0.7387824835896053, "iframe": 0.06629349878608039, "beacon": 2.24799928064023e-05, "image": 0.3543970865929323, "stylesheet": 0.9573329736534484, "font": 0.12346012049276144, "xhr": 0.10608308605341246, "plugin": 0.000449599856128046, "media": 0.0008767197194496898, "referer_leaked": 0.9868267242154483, "referer_leaked_header": 0.9867592842370291, "referer_leaked_url": 0.0, "hosts": 3.5968662890027874, "trackers": 3.5179615142523155, "companies": 2.9650885711716573}