{"id": "xtube.com", "month": "2019-04", "country": "global", "site": "xtube.com", "category": "Adult", "popularity": 0.0014537785310549812, "cookies": 0.2514522580738777, "bad_qs": 0.02306684014762004, "tracked": 0.255636115638921, "https": 0.9996420746129328, "requests": 17.18841385848404, "requests_tracking": 1.6127537521705273, "content_length": 170548.51682974843, "requests_failed": 9.811368484185985, "has_blocking": 0.4751798091387058, "script": 0.9987762821225943, "iframe": 0.9655279157617764, "beacon": 4.836829554963313e-06, "image": 0.295975274127315, "stylesheet": 0.03851083691661789, "font": 0.013107808093950577, "xhr": 0.45560515992976924, "plugin": 0.006868297968047904, "media": 0.0005513985692658177, "referer_leaked": 0.949106879422676, "referer_leaked_header": 0.937517835808984, "referer_leaked_url": 0.0, "hosts": 5.979453148050516, "trackers": 5.4968778265222715, "companies": 4.33359613440582}