{"id": "xvideos.com", "month": "2019-04", "country": "global", "site": "xvideos.com", "category": "Adult", "popularity": 0.040023972118661606, "cookies": 0.21513221037918281, "bad_qs": 0.0016793890179307588, "tracked": 0.21612852956745413, "https": 0.9990143976994883, "requests": 112.7313863032201, "requests_tracking": 3.1762068928562455, "content_length": 22441508.15132228, "requests_failed": 25.713051640817007, "has_blocking": 0.49546473608082714, "script": 0.975973616076456, "iframe": 0.00827027499006931, "beacon": 4.9543645052460926e-05, "image": 0.9936926723367787, "stylesheet": 0.9286819229469825, "font": 0.30481060009125166, "xhr": 0.9937648795641424, "plugin": 0.004081728742921364, "media": 0.7518040826423137, "referer_leaked": 0.986093169108448, "referer_leaked_header": 0.9849223930423856, "referer_leaked_url": 0.0, "hosts": 2.8553471384416347, "trackers": 2.845708264178662, "companies": 2.810264881057479}