{"id": "xvideos2.com", "month": "2019-04", "country": "global", "site": "xvideos2.com", "category": "Adult", "popularity": 0.00012989620552742565, "cookies": 0.2541547122827911, "bad_qs": 0.0, "tracked": 0.2541547122827911, "https": 0.9108969847886104, "requests": 95.81502733719482, "requests_tracking": 3.0008119958858877, "content_length": 47825917.04725816, "requests_failed": 28.74568288854003, "has_blocking": 0.4935310994424295, "script": 0.9955069560980891, "iframe": 0.004059979429437558, "beacon": 0.0, "image": 0.9907432469008823, "stylesheet": 0.9810534293292914, "font": 0.3291831321387972, "xhr": 0.991284577491474, "plugin": 0.006766632382395929, "media": 0.8527580793590646, "referer_leaked": 0.9942077626806691, "referer_leaked_header": 0.9942077626806691, "referer_leaked_url": 0.0, "hosts": 3.2410003789314135, "trackers": 2.706219888485898, "companies": 2.668164347967304}