{"id": "xxxdan.com", "month": "2019-04", "country": "global", "site": "xxxdan.com", "category": "Adult", "popularity": 0.00021028939113859098, "cookies": 0.9862569384070087, "bad_qs": 0.022503845382197553, "tracked": 0.9879622818163579, "https": 0.9858556811342205, "requests": 77.99548585568114, "requests_tracking": 36.39707750952986, "content_length": 358521437.6683609, "requests_failed": 25.827492810807197, "has_blocking": 0.44118237143048217, "script": 0.9970574466662209, "iframe": 0.8285628302012974, "beacon": 0.556142580084264, "image": 0.9883301009830803, "stylesheet": 0.9824784324215876, "font": 0.5259814084130275, "xhr": 0.9853541095432354, "plugin": 0.0023072293185313984, "media": 0.9563298334782318, "referer_leaked": 0.995719922423594, "referer_leaked_header": 0.9870260148465191, "referer_leaked_url": 0.0, "hosts": 12.275529993981142, "trackers": 8.63405336721728, "companies": 6.74988296662877}