{"id": "xxxlutz.de", "month": "2019-04", "country": "global", "site": "xxxlutz.de", "category": "Business", "popularity": 0.00016178486963541435, "cookies": 0.679980876216968, "bad_qs": 0.1748087621696801, "tracked": 0.6809370653685675, "https": 0.9729659248956884, "requests": 84.38712621696801, "requests_tracking": 28.181110917941584, "content_length": 636576.931458623, "requests_failed": 25.622566063977747, "has_blocking": 0.3061978442280946, "script": 0.9975226008344924, "iframe": 0.5200365090403338, "beacon": 0.17637343532684283, "image": 0.7724269819193325, "stylesheet": 0.658336230876217, "font": 0.22548678720445062, "xhr": 0.6800678025034771, "plugin": 0.0016515994436717663, "media": 0.00256432545201669, "referer_leaked": 0.908336230876217, "referer_leaked_header": 0.7987221835883171, "referer_leaked_url": 0.0, "hosts": 24.2331797635605, "trackers": 21.609092489568845, "companies": 18.355745827538247}