{"id": "y8.com", "month": "2019-04", "country": "global", "site": "y8.com", "category": "Entertainment", "popularity": 6.121076539361447e-05, "cookies": 0.42975301550832856, "bad_qs": 0.012981045376220563, "tracked": 0.4309017805858702, "https": 0.8267662263067203, "requests": 79.39988512349224, "requests_tracking": 13.20608845491097, "content_length": 1805806.6272257324, "requests_failed": 18.85743825387708, "has_blocking": 0.441240666283745, "script": 0.9846065479609419, "iframe": 0.13946008041355543, "beacon": 0.09764503159103963, "image": 0.37599080987937966, "stylesheet": 0.7795519816197588, "font": 0.5965537047673751, "xhr": 0.44066628374497413, "plugin": 0.1690982194141298, "media": 0.006203331418724871, "referer_leaked": 0.7818495117748421, "referer_leaked_header": 0.778977599080988, "referer_leaked_url": 0.0, "hosts": 8.110740953475014, "trackers": 7.061688684663986, "companies": 3.590120620333142}