{"id": "yahoo.co.jp", "month": "2019-04", "country": "global", "site": "yahoo.co.jp", "category": "News and Portals", "popularity": 0.03030629023201489, "cookies": 0.7173009525599395, "bad_qs": 0.0212103810587789, "tracked": 0.7180130233076139, "https": 0.9804260591443318, "requests": 95.58227317391209, "requests_tracking": 32.574531115681914, "content_length": 3952441.115943633, "requests_failed": 26.27874518702588, "has_blocking": 0.44095717714645016, "script": 0.9898883169584903, "iframe": 0.5303743765900651, "beacon": 0.009588708957033294, "image": 0.9843001045252108, "stylesheet": 0.9663519309321538, "font": 0.26075408965038, "xhr": 0.24540338494628147, "plugin": 0.005273824729435158, "media": 0.01370916005118371, "referer_leaked": 0.9460884253120385, "referer_leaked_header": 0.9306453764705745, "referer_leaked_url": 0.0, "hosts": 5.004041100101741, "trackers": 3.439317256636655, "companies": 3.307501337017818}