{"id": "yamaha.com", "month": "2019-04", "country": "global", "site": "yamaha.com", "category": "Business", "popularity": 0.0001457456099153874, "cookies": 0.6462102571525064, "bad_qs": 0.04264968398707, "tracked": 0.6492980170791721, "https": 0.9841269841269841, "requests": 39.94572297003908, "requests_tracking": 9.16524340232547, "content_length": 1147460.6331355236, "requests_failed": 10.879915086602017, "has_blocking": 0.41882568630288997, "script": 0.9804120229652145, "iframe": 0.501278525594635, "beacon": 0.026824914362908285, "image": 0.6013412457181454, "stylesheet": 0.8610508033000435, "font": 0.48583972596130653, "xhr": 0.397838568051334, "plugin": 0.0028465286823949436, "media": 0.00033772374197906115, "referer_leaked": 0.8573840883871279, "referer_leaked_header": 0.7927341149225647, "referer_leaked_url": 0.0, "hosts": 8.893954745018576, "trackers": 7.852559463501713, "companies": 3.9991798137694796}