{"id": "yammer.com", "month": "2019-04", "country": "global", "site": "yammer.com", "category": "Business", "popularity": 0.00034453820594558554, "cookies": 0.823870362055594, "bad_qs": 0.5483693211967835, "tracked": 0.8259520796767215, "https": 0.9877750112249479, "requests": 163.32087023960162, "requests_tracking": 33.52102126617413, "content_length": 3122002.994652843, "requests_failed": 40.00432670721254, "has_blocking": 0.011551491897628474, "script": 0.9870402873586677, "iframe": 0.8124821421282501, "beacon": 0.004775705130821666, "image": 0.9308543205845137, "stylesheet": 0.9932446222294787, "font": 0.8771378423609127, "xhr": 0.8225641862933181, "plugin": 0.002387852565410833, "media": 0.00838809747336626, "referer_leaked": 0.9253030735948407, "referer_leaked_header": 0.4454263439324054, "referer_leaked_url": 0.0, "hosts": 9.238785256541084, "trackers": 5.326748030531858, "companies": 1.9867341524143842}