{"id": "yandex-team.ru", "month": "2019-04", "country": "global", "site": "yandex-team.ru", "category": "Business", "popularity": 0.00032493388499011197, "cookies": 0.5377840294308591, "bad_qs": 0.0012767799177667172, "tracked": 0.5378273101060377, "https": 0.9948495996537546, "requests": 26.30681670634062, "requests_tracking": 10.588833585803938, "content_length": 18409390.879658084, "requests_failed": 7.708418091322224, "has_blocking": 0.3281757195412248, "script": 0.989526076606795, "iframe": 0.03334776022505951, "beacon": 0.19578013417009305, "image": 0.526076606795066, "stylesheet": 0.184159272884657, "font": 0.13345596191300585, "xhr": 0.24633196277861935, "plugin": 0.0002813243886604631, "media": 0.026769097597922526, "referer_leaked": 0.6213590132006059, "referer_leaked_header": 0.5639471975762822, "referer_leaked_url": 0.0, "hosts": 2.2560917550313784, "trackers": 1.7859337805669768, "companies": 1.1805236961696604}