{"id": "yandex.ua", "month": "2019-04", "country": "global", "site": "yandex.ua", "category": "Reference", "popularity": 0.0006735293696987205, "cookies": 0.5457326303700997, "bad_qs": 0.010022446103252074, "tracked": 0.5476222790624837, "https": 0.9639296340763167, "requests": 41.47459414313306, "requests_tracking": 9.922618364044475, "content_length": 12510859.49136086, "requests_failed": 11.484804510100746, "has_blocking": 0.1015503471315968, "script": 0.9000678603121575, "iframe": 0.08483583024481912, "beacon": 0.004833742235214282, "image": 0.9384559168972177, "stylesheet": 0.6313723443127839, "font": 0.33922848045101006, "xhr": 0.4604165579161664, "plugin": 0.0031528945033147153, "media": 0.05414208905360965, "referer_leaked": 0.4768178733622175, "referer_leaked_header": 0.46682674740303803, "referer_leaked_url": 0.0, "hosts": 2.774891684501749, "trackers": 2.161100381061753, "companies": 1.925708618259644}