{"id": "yandex.com.tr", "month": "2019-04", "country": "global", "site": "yandex.com.tr", "category": "Reference", "popularity": 0.00019509393289440937, "cookies": 0.42429266534510723, "bad_qs": 0.005478464588214093, "tracked": 0.4246170481167778, "https": 0.9406019102540999, "requests": 34.87763561001982, "requests_tracking": 5.3298251937286, "content_length": 4407234.606379528, "requests_failed": 8.029302577040909, "has_blocking": 0.07705892953685349, "script": 0.9248513245629844, "iframe": 0.11605694719769327, "beacon": 0.005081996756172284, "image": 0.9559920706433591, "stylesheet": 0.6528023067219318, "font": 0.18969183636691295, "xhr": 0.5011713822310326, "plugin": 0.0009731483150117138, "media": 0.09900883041989547, "referer_leaked": 0.35653270859614344, "referer_leaked_header": 0.34878356460623533, "referer_leaked_url": 0.0, "hosts": 2.4842674355739773, "trackers": 1.9976211930077492, "companies": 1.800756893133898}