{"id": "yandex.com", "month": "2019-04", "country": "global", "site": "yandex.com", "category": "Reference", "popularity": 0.0008144231211279972, "cookies": 0.3923865932206317, "bad_qs": 0.0044982818462813625, "tracked": 0.39427742570496105, "https": 0.8621332734713613, "requests": 30.65809604392948, "requests_tracking": 3.384227521541676, "content_length": 2143308.4244789416, "requests_failed": 9.030443266391531, "has_blocking": 0.09216729118820259, "script": 0.7432439432922934, "iframe": 0.13432681183194903, "beacon": 0.001346894372399026, "image": 0.8969798483880437, "stylesheet": 0.7616601336533646, "font": 0.25004748666056537, "xhr": 0.42750082022413705, "plugin": 0.0003367235930997565, "media": 0.10409939389753242, "referer_leaked": 0.7583878710434978, "referer_leaked_header": 0.7566092797568683, "referer_leaked_url": 0.0, "hosts": 3.4905717393932068, "trackers": 2.2548997599765155, "companies": 2.094515722401616}