{"id": "ycombinator.com", "month": "2019-04", "country": "global", "site": "ycombinator.com", "category": "Business", "popularity": 0.0002239238166524587, "cookies": 0.3049144292667609, "bad_qs": 0.016486104569006125, "tracked": 0.30931072381849584, "https": 0.9216203485633537, "requests": 37.97918040508714, "requests_tracking": 0.9814413565708903, "content_length": 187317.1975506359, "requests_failed": 34.600031402103944, "has_blocking": 0.08120584079133301, "script": 0.3573873449521118, "iframe": 0.030868268173967657, "beacon": 0.0, "image": 0.20599780185272412, "stylesheet": 0.4399120741089653, "font": 0.04223582980059664, "xhr": 0.10438059349976449, "plugin": 0.0, "media": 0.004490500863557859, "referer_leaked": 0.32840320301460196, "referer_leaked_header": 0.3219343696027634, "referer_leaked_url": 0.0, "hosts": 2.035107552205998, "trackers": 1.8965300675145236, "companies": 1.6854765269273042}