{"id": "yeggi.com", "month": "2019-04", "country": "global", "site": "yeggi.com", "category": "Entertainment", "popularity": 0.00024301482504345963, "cookies": 0.1521701388888889, "bad_qs": 0.005758101851851852, "tracked": 0.15300925925925926, "https": 0.9969328703703704, "requests": 38.83599537037037, "requests_tracking": 19.78582175925926, "content_length": 37098.78559027778, "requests_failed": 17.055092592592594, "has_blocking": 0.5172164351851852, "script": 0.9949652777777778, "iframe": 0.010098379629629629, "beacon": 0.0010416666666666667, "image": 0.33122106481481484, "stylesheet": 0.0390625, "font": 0.007928240740740741, "xhr": 0.015422453703703704, "plugin": 0.0006944444444444445, "media": 0.0005208333333333333, "referer_leaked": 0.37453703703703706, "referer_leaked_header": 0.3738136574074074, "referer_leaked_url": 0.0, "hosts": 5.050462962962963, "trackers": 4.769762731481482, "companies": 2.2078125}