{"id": "yellowbullet.com", "month": "2019-04", "country": "global", "site": "yellowbullet.com", "category": "Entertainment", "popularity": 0.0002541248778087567, "cookies": 0.5629773104593249, "bad_qs": 0.0942169341449917, "tracked": 0.5869120088544549, "https": 0.3705312672938572, "requests": 40.13793580520199, "requests_tracking": 7.784228002213614, "content_length": 2573329.821472053, "requests_failed": 20.705008301051468, "has_blocking": 0.45307138904261207, "script": 0.991339236303265, "iframe": 0.37133370226895407, "beacon": 0.0035971223021582736, "image": 0.7138350857775319, "stylesheet": 0.44742667404537906, "font": 0.09833978970669618, "xhr": 0.5481737686773658, "plugin": 2.767017155506364e-05, "media": 0.0010237963475373548, "referer_leaked": 0.8400664084117322, "referer_leaked_header": 0.8209463198671831, "referer_leaked_url": 0.0, "hosts": 14.610127282789154, "trackers": 12.492916436081904, "companies": 10.171140011068069}