{"id": "yespornplease.com", "month": "2019-04", "country": "global", "site": "yespornplease.com", "category": "Adult", "popularity": 0.0018060937739362746, "cookies": 0.5988997512176321, "bad_qs": 0.0015417498861207471, "tracked": 0.5989620441423238, "https": 0.9987152084282327, "requests": 16.055292757279513, "requests_tracking": 6.687663275595579, "content_length": 464212623.252263, "requests_failed": 7.642395785883645, "has_blocking": 0.27010212146341656, "script": 0.9868951259679737, "iframe": 0.5926977119030099, "beacon": 2.335984675940526e-05, "image": 0.37565748235358243, "stylesheet": 0.9656532386480878, "font": 0.49685615395696336, "xhr": 0.01053529088849177, "plugin": 0.008172053057998606, "media": 0.25562680308817176, "referer_leaked": 0.9862410502587103, "referer_leaked_header": 0.9851937504623303, "referer_leaked_url": 0.0, "hosts": 4.235190830481486, "trackers": 3.876784594959724, "companies": 2.061724501753935}