{"id": "yesstyle.com", "month": "2019-04", "country": "global", "site": "yesstyle.com", "category": "E-Commerce", "popularity": 0.00035251212989232403, "cookies": 0.9914026968802362, "bad_qs": 0.042148727359770204, "tracked": 0.9914425915582862, "https": 0.9967286363999043, "requests": 104.99503311258277, "requests_tracking": 18.446481289395994, "content_length": 1402631.6800047874, "requests_failed": 27.96936088725764, "has_blocking": 0.4970876885023538, "script": 0.996928109790154, "iframe": 0.7517154711561478, "beacon": 0.06195643501156946, "image": 0.9951926912949812, "stylesheet": 0.9867948615654671, "font": 0.44496529163009657, "xhr": 0.8816923322428788, "plugin": 0.01583818718582941, "media": 1.994733902497407e-05, "referer_leaked": 0.9698795180722891, "referer_leaked_header": 0.9357097263225086, "referer_leaked_url": 0.0, "hosts": 16.845906806032076, "trackers": 14.11585414505705, "companies": 8.574682837309503}