{"id": "yggtorrent.is", "month": "2019-04", "country": "global", "site": "yggtorrent.is", "category": "Entertainment", "popularity": 2.109503689613365e-07, "cookies": 0.6333333333333333, "bad_qs": 0.0, "tracked": 0.6333333333333333, "https": 0.9333333333333333, "requests": 11.533333333333333, "requests_tracking": 2.566666666666667, "content_length": 240624.16666666666, "requests_failed": 2.8, "has_blocking": 0.03333333333333333, "script": 0.7666666666666667, "iframe": 0.5666666666666667, "beacon": 0.0, "image": 0.5666666666666667, "stylesheet": 0.8, "font": 0.6, "xhr": 0.13333333333333333, "plugin": 0.0, "media": 0.0, "referer_leaked": 0.7333333333333333, "referer_leaked_header": 0.7333333333333333, "referer_leaked_url": 0.0, "hosts": 3.066666666666667, "trackers": 3.066666666666667, "companies": 1.9666666666666666}