{"id": "yifysubtitles.com", "month": "2019-04", "country": "global", "site": "yifysubtitles.com", "category": "Entertainment", "popularity": 0.0002014083806053187, "cookies": 0.7979611074258981, "bad_qs": 0.013022378940753412, "tracked": 0.7988688335719024, "https": 0.5396082812554551, "requests": 30.922075201619943, "requests_tracking": 7.441538944942918, "content_length": 376459.0972663478, "requests_failed": 13.881332262681982, "has_blocking": 0.5024264218133575, "script": 0.973885417030339, "iframe": 0.7695772090912265, "beacon": 0.0008379010578500856, "image": 0.7056523408860804, "stylesheet": 0.9731871661487973, "font": 0.7097021959990224, "xhr": 0.5436581363683972, "plugin": 0.005795482316796425, "media": 0.009810424885661417, "referer_leaked": 0.9779352721432811, "referer_leaked_header": 0.9755612191460392, "referer_leaked_url": 0.0, "hosts": 9.737736968892923, "trackers": 8.628809831372411, "companies": 5.043640680096359}