{"id": "yify-torrent.org", "month": "2019-04", "country": "global", "site": "yify-torrent.org", "category": "Entertainment", "popularity": 0.00018918029088452656, "cookies": 0.16458519179304193, "bad_qs": 0.004311626523936961, "tracked": 0.1656259292298543, "https": 0.9991822777282189, "requests": 4.747732679155516, "requests_tracking": 0.3712459113886411, "content_length": 279751.53798691643, "requests_failed": 3.2764272970561996, "has_blocking": 0.49278917633065716, "script": 0.9834597085935177, "iframe": 0.36515016354445434, "beacon": 0.0009292298542967588, "image": 0.29657300029735356, "stylesheet": 0.07720041629497472, "font": 0.27311923877490335, "xhr": 0.10976063038953315, "plugin": 0.006653285756764793, "media": 0.00037169194171870356, "referer_leaked": 0.4351769253642581, "referer_leaked_header": 0.43447071067499254, "referer_leaked_url": 0.0, "hosts": 3.687221231043711, "trackers": 2.6888195063931013, "companies": 2.359165923282783}