{"id": "yle.fi", "month": "2019-04", "country": "global", "site": "yle.fi", "category": "News and Portals", "popularity": 0.0011062659249070409, "cookies": 0.5673760217637263, "bad_qs": 0.04209730114539237, "tracked": 0.5701981872036408, "https": 0.9960146447503909, "requests": 109.91452143955863, "requests_tracking": 33.883623812974335, "content_length": 68651019.42127176, "requests_failed": 26.55563606778282, "has_blocking": 0.19877833288839733, "script": 0.9884825140154838, "iframe": 0.15803490840674778, "beacon": 3.813737080965638e-05, "image": 0.6860976570941866, "stylesheet": 0.4996567636627131, "font": 0.14292615333765557, "xhr": 0.6395255711071278, "plugin": 0.001296670607528317, "media": 0.01874451775294611, "referer_leaked": 0.8862997851594778, "referer_leaked_header": 0.8728563619490739, "referer_leaked_url": 0.0, "hosts": 5.473532664658099, "trackers": 4.8840306115963035, "companies": 4.45638356025069}