{"id": "ylilauta.org", "month": "2019-04", "country": "global", "site": "ylilauta.org", "category": "Reference", "popularity": 0.0005887062263393671, "cookies": 0.6092663815962351, "bad_qs": 0.0173072788514369, "tracked": 0.6106638637395189, "https": 0.999044456654165, "requests": 17.92375958529419, "requests_tracking": 6.409414490814839, "content_length": 1399689.0297412865, "requests_failed": 4.72186522061107, "has_blocking": 0.5045507751845393, "script": 0.9666157043548887, "iframe": 0.26562910585031413, "beacon": 0.011311244356322114, "image": 0.8304149446979289, "stylesheet": 0.2284465254055087, "font": 0.14327178041613914, "xhr": 0.06244475765031891, "plugin": 0.0, "media": 0.009388213372829125, "referer_leaked": 0.8273452616994338, "referer_leaked_header": 0.7886815890685841, "referer_leaked_url": 0.0, "hosts": 2.944148491435943, "trackers": 2.7975920307684956, "companies": 1.9150163636797974}