{"id": "ynet.co.il", "month": "2019-04", "country": "global", "site": "ynet.co.il", "category": "News and Portals", "popularity": 0.0025165253948452983, "cookies": 0.9802757318013658, "bad_qs": 0.09682746364743884, "tracked": 0.9803847056588169, "https": 0.9815331224642622, "requests": 170.38904225950307, "requests_tracking": 21.882274703535224, "content_length": 4155763.8017486115, "requests_failed": 52.98761889327268, "has_blocking": 0.5599607694113177, "script": 0.9956633993137441, "iframe": 0.965444110382135, "beacon": 0.008994534541918611, "image": 0.9826815392697075, "stylesheet": 0.9787724514088364, "font": 0.14637144996702842, "xhr": 0.9471867979568799, "plugin": 0.0006426663388136939, "media": 0.0022577147902672376, "referer_leaked": 0.9857942797107443, "referer_leaked_header": 0.9074784008226129, "referer_leaked_url": 0.0, "hosts": 25.0690111879827, "trackers": 15.849454013032156, "companies": 10.116308636317912}