{"id": "youjizz.com", "month": "2019-04", "country": "global", "site": "youjizz.com", "category": "Adult", "popularity": 0.0006624615070072158, "cookies": 0.23469658532443133, "bad_qs": 0.018235662502255574, "tracked": 0.2376686374202588, "https": 0.9754381123223402, "requests": 55.39773487172411, "requests_tracking": 3.0123340161976837, "content_length": 374590853.8699833, "requests_failed": 16.24056638821369, "has_blocking": 0.2984046448928469, "script": 0.99790894906115, "iframe": 0.20507159461209412, "beacon": 0.0002547473224994958, "image": 0.8287248835061723, "stylesheet": 0.9983759858190657, "font": 0.426956512509155, "xhr": 0.2231374255660167, "plugin": 0.002154737769474902, "media": 0.2696075829786331, "referer_leaked": 0.9944698602074068, "referer_leaked_header": 0.994172654997824, "referer_leaked_url": 0.0, "hosts": 6.536710150619355, "trackers": 5.088185031471909, "companies": 3.4933606479073567}