{"id": "youla.ru", "month": "2019-04", "country": "global", "site": "youla.ru", "category": "E-Commerce", "popularity": 0.0009583053361175595, "cookies": 0.6302794165125767, "bad_qs": 0.08273898623462769, "tracked": 0.6604003404654986, "https": 0.9984517624959643, "requests": 32.43110709987966, "requests_tracking": 4.670232749258901, "content_length": 287021.08461741655, "requests_failed": 15.75846761175193, "has_blocking": 0.5242361539138857, "script": 0.9981802706113704, "iframe": 0.21494819641337207, "beacon": 0.18076956942854627, "image": 0.9811423204484753, "stylesheet": 0.1665932904816413, "font": 0.13446919667752635, "xhr": 0.7833421384755364, "plugin": 0.0017757036776143934, "media": 0.00019077808106600922, "referer_leaked": 0.9071277626133663, "referer_leaked_header": 0.8609741422323971, "referer_leaked_url": 0.0, "hosts": 9.916343811452554, "trackers": 8.382678817762907, "companies": 3.4219570896069973}