{"id": "youtube.com", "month": "2019-04", "country": "global", "site": "youtube.com", "category": "Entertainment", "popularity": 0.42471630656055787, "cookies": 0.847823753255193, "bad_qs": 0.015154482721078128, "tracked": 0.8487189954929446, "https": 0.9929934915013494, "requests": 295.9693315999235, "requests_tracking": 10.800947847839184, "content_length": 115601748.58415289, "requests_failed": 42.00320809069978, "has_blocking": 0.48056801334401494, "script": 0.8829666095655109, "iframe": 0.18417183975500034, "beacon": 0.0004951787414960017, "image": 0.9947844892183848, "stylesheet": 0.4112589331344296, "font": 0.8174225036743127, "xhr": 0.9549132214528603, "plugin": 0.0018047227889770024, "media": 0.003913334233547943, "referer_leaked": 0.979503417956818, "referer_leaked_header": 0.9748049235160846, "referer_leaked_url": 0.0, "hosts": 7.081964639578948, "trackers": 5.6121672481306915, "companies": 1.2133402666193733}