{"id": "yummyanime.com", "month": "2019-04", "country": "global", "site": "yummyanime.com", "category": "Entertainment", "popularity": 2.0391868999595862e-07, "cookies": 0.5517241379310345, "bad_qs": 0.034482758620689655, "tracked": 0.5517241379310345, "https": 0.8620689655172413, "requests": 12.931034482758621, "requests_tracking": 2.310344827586207, "content_length": 753878.551724138, "requests_failed": 4.413793103448276, "has_blocking": 0.20689655172413793, "script": 0.5172413793103449, "iframe": 0.20689655172413793, "beacon": 0.034482758620689655, "image": 0.3448275862068966, "stylesheet": 0.7586206896551724, "font": 0.3448275862068966, "xhr": 0.13793103448275862, "plugin": 0.0, "media": 0.06896551724137931, "referer_leaked": 0.5862068965517241, "referer_leaked_header": 0.5862068965517241, "referer_leaked_url": 0.0, "hosts": 3.1379310344827585, "trackers": 2.8275862068965516, "companies": 1.6551724137931034}