{"id": "zaful.com", "month": "2019-04", "country": "global", "site": "zaful.com", "category": "E-Commerce", "popularity": 8.826163437342319e-05, "cookies": 0.8653601019757807, "bad_qs": 0.058954748247291265, "tracked": 0.8664754620777565, "https": 0.9837476099426387, "requests": 223.9916347992352, "requests_tracking": 34.86687380497132, "content_length": 2278647.830544933, "requests_failed": 48.13001912045889, "has_blocking": 0.3944391332058636, "script": 0.9622370936902486, "iframe": 0.4468610579987253, "beacon": 0.044853409815168895, "image": 0.973629700446144, "stylesheet": 0.9399298916507329, "font": 0.4590503505417463, "xhr": 0.802899936265137, "plugin": 0.002469725940089229, "media": 0.0006373486297004461, "referer_leaked": 0.9770554493307839, "referer_leaked_header": 0.9742670490758445, "referer_leaked_url": 0.0, "hosts": 18.657504780114724, "trackers": 12.290312300828553, "companies": 8.331580624601656}