{"id": "zajefajna.com", "month": "2019-04", "country": "global", "site": "zajefajna.com", "category": "Entertainment", "popularity": 0.0002773927035051921, "cookies": 0.2381809424826992, "bad_qs": 0.0119394661461634, "tracked": 0.24814317219701387, "https": 0.731577479784025, "requests": 6.9531547060762, "requests_tracking": 0.7668381961519937, "content_length": 245613.69190600523, "requests_failed": 3.3954472863697434, "has_blocking": 0.2863190448427083, "script": 0.9990113817840757, "iframe": 0.06256178863849528, "beacon": 0.0, "image": 0.4917741894598089, "stylesheet": 0.12124515196836422, "font": 0.0021039823569672235, "xhr": 0.019873761058581966, "plugin": 2.5349185023701486e-05, "media": 0.0, "referer_leaked": 0.864052320717889, "referer_leaked_header": 0.8623285761362772, "referer_leaked_url": 0.0, "hosts": 2.9647392836320314, "trackers": 2.474359299348526, "companies": 1.7622246444776801}