{"id": "zakupki.gov.ru", "month": "2019-04", "country": "global", "site": "zakupki.gov.ru", "category": "Government", "popularity": 0.00036727162404065223, "cookies": 0.5975952978116444, "bad_qs": 0.0008998487488273248, "tracked": 0.5977676092741858, "https": 0.8434263177040455, "requests": 5.2771917060749365, "requests_tracking": 2.260956137159924, "content_length": 65691.70180544122, "requests_failed": 1.8459152610518657, "has_blocking": 0.3134154046447512, "script": 0.9305010434416343, "iframe": 0.008558135972889663, "beacon": 0.062261875131626815, "image": 0.24527579406865654, "stylesheet": 0.5453083417893588, "font": 0.09168884379008635, "xhr": 0.2948440581264, "plugin": 3.8291436120311695e-05, "media": 0.0, "referer_leaked": 0.951714499052287, "referer_leaked_header": 0.9246424537152266, "referer_leaked_url": 0.0, "hosts": 1.778254293427275, "trackers": 2.169324730524018, "companies": 1.6450575328827708}