{"id": "zalando.de", "month": "2019-04", "country": "global", "site": "zalando.de", "category": "E-Commerce", "popularity": 0.0018921052710407769, "cookies": 0.6182627665069885, "bad_qs": 0.03785820731893133, "tracked": 0.6191881315430555, "https": 0.9991043655675015, "requests": 234.12842134211377, "requests_tracking": 13.189893081316917, "content_length": 3284531.318310707, "requests_failed": 84.57157456992823, "has_blocking": 0.38389270225172156, "script": 0.9981158229988517, "iframe": 0.652267144338364, "beacon": 0.25260978954449, "image": 0.9924447103681764, "stylesheet": 0.9983127882474924, "font": 0.2510489328571482, "xhr": 0.9529661851547664, "plugin": 0.0011111813083695364, "media": 0.016571095163945698, "referer_leaked": 0.9957559563406087, "referer_leaked_header": 0.9951539116183482, "referer_leaked_url": 0.0, "hosts": 8.38244333532776, "trackers": 7.845724181758045, "companies": 5.666017548488756}