{"id": "zalando.ch", "month": "2019-04", "country": "global", "site": "zalando.ch", "category": "E-Commerce", "popularity": 0.00033892692613121396, "cookies": 0.6183817427385893, "bad_qs": 0.040311203319502074, "tracked": 0.6187344398340249, "https": 0.9993775933609959, "requests": 212.27180497925312, "requests_tracking": 11.332572614107884, "content_length": 3446069.5770954355, "requests_failed": 64.21151452282157, "has_blocking": 0.44224066390041494, "script": 0.9978423236514523, "iframe": 0.7058298755186722, "beacon": 0.18346473029045643, "image": 0.9902489626556017, "stylesheet": 0.9984232365145228, "font": 0.2562033195020747, "xhr": 0.9594605809128631, "plugin": 0.0006431535269709543, "media": 0.021742738589211618, "referer_leaked": 0.99350622406639, "referer_leaked_header": 0.9925518672199171, "referer_leaked_url": 0.0, "hosts": 8.357883817427386, "trackers": 7.904149377593361, "companies": 5.941970954356846}