{"id": "zamunda.net", "month": "2019-04", "country": "global", "site": "zamunda.net", "category": "Entertainment", "popularity": 0.0008072086185095194, "cookies": 0.28548904143001497, "bad_qs": 0.0048607965434335695, "tracked": 0.2861685076135057, "https": 0.15818495417958814, "requests": 4.894525941670442, "requests_tracking": 1.4837973448552215, "content_length": 324945.53112477786, "requests_failed": 2.0607425345830865, "has_blocking": 0.3031116066761908, "script": 0.9900257848705529, "iframe": 0.08718944910972508, "beacon": 0.003571553015784522, "image": 0.3117181783337398, "stylesheet": 0.07137008258127461, "font": 0.04751036621485069, "xhr": 0.06709293006724973, "plugin": 0.0020732429701383324, "media": 0.0012369768981497613, "referer_leaked": 0.36192027596780374, "referer_leaked_header": 0.3139395100874595, "referer_leaked_url": 0.0, "hosts": 1.651372870134848, "trackers": 1.45390083278163, "companies": 1.216357712812293}