{"id": "zapier.com", "month": "2019-04", "country": "global", "site": "zapier.com", "category": "Business", "popularity": 0.00036201192817454956, "cookies": 0.9338422391857506, "bad_qs": 0.01320824349785366, "tracked": 0.9342112930481906, "https": 0.9914146417263952, "requests": 35.74813045082843, "requests_tracking": 6.9690383233300315, "content_length": 573828.9741079579, "requests_failed": 9.345181904706408, "has_blocking": 0.43561952489171185, "script": 0.9825379251403376, "iframe": 0.41701144066973567, "beacon": 0.00815803274867432, "image": 0.7696521181749315, "stylesheet": 0.7739447973117339, "font": 0.6919177204125634, "xhr": 0.26583532428180173, "plugin": 0.00025251053745896704, "media": 0.0019229648621875183, "referer_leaked": 0.9675232601052774, "referer_leaked_header": 0.9069013072276285, "referer_leaked_url": 0.0, "hosts": 7.25759959598314, "trackers": 6.880115766369481, "companies": 3.2337082143620224}