{"id": "zappos.com", "month": "2019-04", "country": "global", "site": "zappos.com", "category": "E-Commerce", "popularity": 0.0003030161416550291, "cookies": 0.7299097301185807, "bad_qs": 0.4881999396653749, "tracked": 0.7988536421228506, "https": 0.9931079293620774, "requests": 187.89928758731116, "requests_tracking": 13.026825702550298, "content_length": 1945491.5440094678, "requests_failed": 45.5347736291277, "has_blocking": 0.429025595804423, "script": 0.9701111549439584, "iframe": 0.9232822036061541, "beacon": 0.046109576961455456, "image": 0.9950339962406888, "stylesheet": 0.29257652054858097, "font": 0.6654909149977954, "xhr": 0.8735757547629546, "plugin": 0.005453321885224979, "media": 0.003689694381918177, "referer_leaked": 0.991135451233379, "referer_leaked_header": 0.9869352331005036, "referer_leaked_url": 0.0, "hosts": 18.278467500522126, "trackers": 15.72865662636623, "companies": 12.126493862112175}