{"id": "zeit.de", "month": "2019-04", "country": "global", "site": "zeit.de", "category": "News and Portals", "popularity": 0.003503231682304019, "cookies": 0.717466836074162, "bad_qs": 0.17119590852798133, "tracked": 0.718689219541275, "https": 0.9957347046508781, "requests": 61.73918270919518, "requests_tracking": 16.22317430305074, "content_length": 944346.7964460555, "requests_failed": 17.990455774407025, "has_blocking": 0.40865142400648724, "script": 0.966857149738964, "iframe": 0.6475982874588273, "beacon": 0.7434058533902574, "image": 0.8987689855822981, "stylesheet": 0.305391132601509, "font": 0.20644430929312516, "xhr": 0.4129006617731184, "plugin": 0.0018687011623682525, "media": 0.017801837388876512, "referer_leaked": 0.7834795576938903, "referer_leaked_header": 0.7250420006142025, "referer_leaked_url": 0.0, "hosts": 15.343297063268881, "trackers": 12.493377250821446, "companies": 9.10544612982154}