{"id": "zendesk.com", "month": "2019-04", "country": "global", "site": "zendesk.com", "category": "Business", "popularity": 0.0016138617343807741, "cookies": 0.9173685150732203, "bad_qs": 0.05370937593948927, "tracked": 0.9216602109684419, "https": 0.9586646508040939, "requests": 182.87181553986048, "requests_tracking": 52.07165171471768, "content_length": 1525562.6891548627, "requests_failed": 80.45959052428402, "has_blocking": 0.27936108194307074, "script": 0.988244674593596, "iframe": 0.42887766706025365, "beacon": 0.0012069033126663848, "image": 0.8953000483632736, "stylesheet": 0.9382954342455547, "font": 0.36637576085014795, "xhr": 0.6048633410743618, "plugin": 0.0006404865955305363, "media": 0.028137839686640843, "referer_leaked": 0.9844627537437967, "referer_leaked_header": 0.9725985020456358, "referer_leaked_url": 0.0, "hosts": 7.181837194407288, "trackers": 5.73755299264094, "companies": 4.926182830602188}