{"id": "zennioptical.com", "month": "2019-04", "country": "global", "site": "zennioptical.com", "category": "E-Commerce", "popularity": 0.0002540545610191029, "cookies": 0.6978964849155826, "bad_qs": 0.08735123166343758, "tracked": 0.7001937448104069, "https": 0.9880708552449488, "requests": 82.00404096318849, "requests_tracking": 21.179518405756987, "content_length": 331853.43623027956, "requests_failed": 26.924024356490452, "has_blocking": 0.5223360088569056, "script": 0.997093827843897, "iframe": 0.64350954885137, "beacon": 0.18162192084140602, "image": 0.6851093274287295, "stylesheet": 0.623996678660393, "font": 0.43996678660393024, "xhr": 0.8155549404926654, "plugin": 0.0008303349017437033, "media": 0.49034043730971494, "referer_leaked": 0.8421256573484639, "referer_leaked_header": 0.8157763631331304, "referer_leaked_url": 0.0, "hosts": 24.494353722668144, "trackers": 16.95408247993357, "companies": 11.915250484362026}