{"id": "zerodha.com", "month": "2019-04", "country": "global", "site": "zerodha.com", "category": "Business", "popularity": 0.00022708807218687873, "cookies": 0.12915311967796872, "bad_qs": 0.006595448211797492, "tracked": 0.12936987149713577, "https": 0.9680755534912525, "requests": 15.006967022758941, "requests_tracking": 0.8378696392630438, "content_length": 101022.4284564174, "requests_failed": 4.46545904938845, "has_blocking": 0.0932342467874284, "script": 0.47991949218145225, "iframe": 0.05053413841151881, "beacon": 0.0009599009134540951, "image": 0.19461216906641896, "stylesheet": 0.9357795324353615, "font": 0.6412447747329308, "xhr": 0.04183310109924137, "plugin": 0.0008360427310729215, "media": 0.0005263972751199876, "referer_leaked": 0.7707075398668525, "referer_leaked_header": 0.7683542344016101, "referer_leaked_url": 0.0, "hosts": 2.8007741136398825, "trackers": 2.740671930639418, "companies": 1.4255767146617124}