{"id": "zerochan.net", "month": "2019-04", "country": "global", "site": "zerochan.net", "category": "Entertainment", "popularity": 0.00028682218499776385, "cookies": 0.9037999509683746, "bad_qs": 0.02434420201029664, "tracked": 0.9063986271144888, "https": 0.9985290512380486, "requests": 29.497744545231676, "requests_tracking": 8.052856092179455, "content_length": 276549.0299092915, "requests_failed": 14.338734984064722, "has_blocking": 0.47803383182152487, "script": 0.9852659965677862, "iframe": 0.6484432458936014, "beacon": 0.36234371169404267, "image": 0.653395440058838, "stylesheet": 0.07148810983084089, "font": 0.03959303750919343, "xhr": 0.36724687423388086, "plugin": 0.00823731306692817, "media": 2.451581269919098e-05, "referer_leaked": 0.9883304731551851, "referer_leaked_header": 0.9773719048786468, "referer_leaked_url": 0.0, "hosts": 10.53574405491542, "trackers": 10.189629811228242, "companies": 5.254302525128708}