{"id": "zeturf.fr", "month": "2019-04", "country": "global", "site": "zeturf.fr", "category": "Entertainment", "popularity": 0.00030980874353558413, "cookies": 0.6563017771624413, "bad_qs": 0.0007262988265734583, "tracked": 0.6565741392224064, "https": 0.9998638189700175, "requests": 24.773599037654055, "requests_tracking": 7.021221543838943, "content_length": 1961836.653805125, "requests_failed": 6.723643296488799, "has_blocking": 0.36539640028144077, "script": 0.9999092126466783, "iframe": 0.0901291450101001, "beacon": 0.0, "image": 0.46154020744910235, "stylesheet": 0.9712204089970267, "font": 0.030277582332781043, "xhr": 0.045461767175832404, "plugin": 0.005333757007648834, "media": 4.5393676660841146e-05, "referer_leaked": 0.9986381897001748, "referer_leaked_header": 0.9985247055085227, "referer_leaked_url": 0.0, "hosts": 4.504959259175197, "trackers": 4.453392042488481, "companies": 2.7193535940443496}