{"id": "zhihu.com", "month": "2019-04", "country": "global", "site": "zhihu.com", "category": "Entertainment", "popularity": 0.002284219816866109, "cookies": 0.14637044516341538, "bad_qs": 0.003016804834275828, "tracked": 0.14691839542923285, "https": 0.9769306781346295, "requests": 68.70513503280006, "requests_tracking": 0.8654381909021786, "content_length": 3893037.997703534, "requests_failed": 16.576357485216118, "has_blocking": 0.12380597635194415, "script": 0.9961489562778785, "iframe": 0.08313452179025818, "beacon": 8.311605155657895e-05, "image": 0.9781004596009814, "stylesheet": 0.04222911093530185, "font": 0.02281997371070073, "xhr": 0.017309687329727534, "plugin": 0.0013883458982228557, "media": 0.04619097605949878, "referer_leaked": 0.9854269856270799, "referer_leaked_header": 0.9847343518641083, "referer_leaked_url": 0.0, "hosts": 1.6661505262477412, "trackers": 1.4731827598838838, "companies": 1.3418994172641274}