{"id": "ziggo.nl", "month": "2019-04", "country": "global", "site": "ziggo.nl", "category": "Business", "popularity": 0.0005109499203402185, "cookies": 0.7518991522624684, "bad_qs": 0.08363150941318948, "tracked": 0.7530276340416162, "https": 0.9565534515028075, "requests": 60.723439392271274, "requests_tracking": 10.77866618958494, "content_length": 9797239.575993614, "requests_failed": 18.98821975118353, "has_blocking": 0.39812011449961465, "script": 0.9858114059231532, "iframe": 0.6807497522844875, "beacon": 0.02228063415171199, "image": 0.8237504128591875, "stylesheet": 0.33167730925905536, "font": 0.22744412638995926, "xhr": 0.44744302543212594, "plugin": 0.0011147198062314214, "media": 0.020409005835076516, "referer_leaked": 0.9410299460530661, "referer_leaked_header": 0.6639188594076847, "referer_leaked_url": 0.0, "hosts": 11.777042276780799, "trackers": 7.963778487283937, "companies": 5.67081360783882}