{"id": "zillow.com", "month": "2019-04", "country": "global", "site": "zillow.com", "category": "Business", "popularity": 0.003176378148956359, "cookies": 0.877863474156786, "bad_qs": 0.04997520609929957, "tracked": 0.8779874436602881, "https": 0.987412667912265, "requests": 377.6121436983645, "requests_tracking": 61.18432936926088, "content_length": 11037968.631544925, "requests_failed": 83.48424259060843, "has_blocking": 0.49485526560466125, "script": 0.9981138925538603, "iframe": 0.7439675554099405, "beacon": 0.2875959656781575, "image": 0.9665791501005039, "stylesheet": 0.9891415997378931, "font": 0.7110182323719794, "xhr": 0.9194729525108252, "plugin": 0.002282367109119728, "media": 0.005888551416351578, "referer_leaked": 0.9962897698594717, "referer_leaked_header": 0.9914970203044337, "referer_leaked_url": 0.0, "hosts": 19.25243290150623, "trackers": 16.15324622999885, "companies": 9.592831020711762}