{"id": "zing.vn", "month": "2019-04", "country": "global", "site": "zing.vn", "category": "News and Portals", "popularity": 0.0004486422130280051, "cookies": 0.931037725498801, "bad_qs": 0.012209457235553188, "tracked": 0.931210131185054, "https": 0.9435449743742457, "requests": 112.03205178439886, "requests_tracking": 16.86568029716471, "content_length": 25041788.42447847, "requests_failed": 35.24730812030782, "has_blocking": 0.4572198799429494, "script": 0.9359121044464994, "iframe": 0.8050405153362694, "beacon": 0.005579674936915192, "image": 0.9838252119806279, "stylesheet": 0.9312728241618733, "font": 0.6132783724903218, "xhr": 0.8746924125824804, "plugin": 0.0036518658997225836, "media": 0.06421328150713916, "referer_leaked": 0.9165243013651395, "referer_leaked_header": 0.9057724558406345, "referer_leaked_url": 0.0, "hosts": 13.2970079776813, "trackers": 7.229534661379559, "companies": 4.5835305549895775}