{"id": "ziprecruiter.com", "month": "2019-04", "country": "global", "site": "ziprecruiter.com", "category": "Business", "popularity": 0.0005607201440571631, "cookies": 0.4731007499184871, "bad_qs": 0.01149958616538336, "tracked": 0.47338918010584136, "https": 0.997968448245592, "requests": 9.649181109076773, "requests_tracking": 2.5353013468435703, "content_length": 85959.37482129868, "requests_failed": 3.487208748212987, "has_blocking": 0.36233101753153923, "script": 0.99774272027288, "iframe": 0.5225226354994859, "beacon": 0.007612048857565649, "image": 0.40261092021770206, "stylesheet": 0.20098567881417573, "font": 0.03542675127285496, "xhr": 0.08361967344686615, "plugin": 0.000915452333776429, "media": 0.0001504853151413308, "referer_leaked": 0.6753655539113641, "referer_leaked_header": 0.5034486218053221, "referer_leaked_url": 0.0, "hosts": 4.729151513631462, "trackers": 4.511813097238594, "companies": 2.9127059767751}