{"id": "zive.cz", "month": "2019-04", "country": "global", "site": "zive.cz", "category": "Entertainment", "popularity": 0.00027850370878172183, "cookies": 0.939253162319792, "bad_qs": 0.02534905446007019, "tracked": 0.9395308910041155, "https": 0.9771000075744186, "requests": 78.26015603302447, "requests_tracking": 20.9874012169566, "content_length": 2317315.757315626, "requests_failed": 30.041230085590932, "has_blocking": 0.5061983992728558, "script": 0.9915923952836619, "iframe": 0.9067336581917338, "beacon": 0.007574418663367587, "image": 0.9451612088772187, "stylesheet": 0.9423839220339839, "font": 0.546443810437549, "xhr": 0.5613654152043831, "plugin": 0.0009594263640265609, "media": 0.0032570000252480622, "referer_leaked": 0.9788926199914156, "referer_leaked_header": 0.9631378291716111, "referer_leaked_url": 0.0, "hosts": 21.839851541394196, "trackers": 15.805589920973565, "companies": 12.827858711843867}