{"id": "zoho.com", "month": "2019-04", "country": "global", "site": "zoho.com", "category": "Business", "popularity": 0.0012979073034294496, "cookies": 0.24237187127532778, "bad_qs": 0.001966626936829559, "tracked": 0.24282695850037925, "https": 0.9746993173691624, "requests": 89.1847112363203, "requests_tracking": 1.594603965760104, "content_length": 2697790.6962834545, "requests_failed": 20.835827283562683, "has_blocking": 0.024769747534944198, "script": 0.9817206631270994, "iframe": 0.2082349116914075, "beacon": 0.029466897822082568, "image": 0.8976270451836602, "stylesheet": 0.97460179867808, "font": 0.711707660634955, "xhr": 0.2791689240437751, "plugin": 0.0005634413262541987, "media": 0.03685664752410879, "referer_leaked": 0.8158251164806588, "referer_leaked_header": 0.8041987214216058, "referer_leaked_url": 0.0, "hosts": 3.802497562032723, "trackers": 2.155276844728573, "companies": 1.963132517065771}