{"id": "zooplus.de", "month": "2019-04", "country": "global", "site": "zooplus.de", "category": "E-Commerce", "popularity": 0.00022270030451248293, "cookies": 0.619683622241167, "bad_qs": 0.06876953680022733, "tracked": 0.6249881595150137, "https": 0.995326955258754, "requests": 37.86678665024786, "requests_tracking": 5.47996589940324, "content_length": 264726.7533705914, "requests_failed": 13.088472103817372, "has_blocking": 0.4144169745192763, "script": 0.9971267089766663, "iframe": 0.4067443402481766, "beacon": 0.11827855135613022, "image": 0.8242240535505667, "stylesheet": 0.1473272078557671, "font": 0.052350730952606485, "xhr": 0.6639196741498532, "plugin": 0.0006630671592308421, "media": 3.15746266300401e-05, "referer_leaked": 0.9718670076726342, "referer_leaked_header": 0.9288939408291497, "referer_leaked_url": 0.0, "hosts": 12.642354204161537, "trackers": 10.845031732499763, "companies": 8.083388588929935}