{"id": "zooroyal.de", "month": "2019-04", "country": "global", "site": "zooroyal.de", "category": "E-Commerce", "popularity": 5.8623107534355414e-05, "cookies": 0.7930910399424254, "bad_qs": 0.12354563991843588, "tracked": 0.7935708288353125, "https": 0.9959217944104594, "requests": 75.72448122825956, "requests_tracking": 25.512774379273118, "content_length": 232245.333693175, "requests_failed": 30.255367638239175, "has_blocking": 0.4225740674103394, "script": 0.9953220582943505, "iframe": 0.9207148854504018, "beacon": 0.2278997241213866, "image": 0.7791771620486986, "stylesheet": 0.9926832193834713, "font": 0.3261364999400264, "xhr": 0.7719803286553917, "plugin": 0.00011994722322178242, "media": 0.0, "referer_leaked": 0.9954420055175722, "referer_leaked_header": 0.9589780496581504, "referer_leaked_url": 0.0, "hosts": 19.43216984526808, "trackers": 17.729758906081326, "companies": 13.372436128103635}