{"id": "zougla.gr", "month": "2019-04", "country": "global", "site": "zougla.gr", "category": "News and Portals", "popularity": 0.00032785906343970917, "cookies": 0.9612447990391627, "bad_qs": 0.016450049328700724, "tracked": 0.9613091408227169, "https": 0.9955604169347574, "requests": 40.080491571226354, "requests_tracking": 10.285934886115044, "content_length": 22897698.679577917, "requests_failed": 17.186612619568482, "has_blocking": 0.5117316518680565, "script": 0.9942735812636726, "iframe": 0.6448548020417793, "beacon": 0.1785270021018316, "image": 0.9815124608587483, "stylesheet": 0.9984986917170677, "font": 0.3460301119547034, "xhr": 0.7632007892592116, "plugin": 0.00019302535066272037, "media": 0.459185861965427, "referer_leaked": 0.9839574486338095, "referer_leaked_header": 0.9237764337494102, "referer_leaked_url": 0.0, "hosts": 15.54988632951572, "trackers": 12.132265259726333, "companies": 9.388517136361687}