{"id": "zulily.com", "month": "2019-04", "country": "global", "site": "zulily.com", "category": "E-Commerce", "popularity": 0.0006279008048923835, "cookies": 0.7865973839813654, "bad_qs": 0.25811906468374846, "tracked": 0.7917487905393299, "https": 0.9978946425371797, "requests": 94.33080989070059, "requests_tracking": 21.137945708654364, "content_length": 382227.9789688228, "requests_failed": 51.0285903063967, "has_blocking": 0.5176043719763483, "script": 0.9830003583587171, "iframe": 0.8440355671026698, "beacon": 0.0025869019888908797, "image": 0.8519194588783372, "stylesheet": 0.7276025801827629, "font": 0.25137744131876005, "xhr": 0.8176514065579645, "plugin": 0.000212775488263752, "media": 0.006181687869557427, "referer_leaked": 0.9715664755420176, "referer_leaked_header": 0.9498745744490235, "referer_leaked_url": 0.0, "hosts": 23.421329062891957, "trackers": 17.37158439347787, "companies": 14.531804336140477}