{"id": "zyngagames.com", "month": "2019-04", "country": "global", "site": "zyngagames.com", "category": "Entertainment", "popularity": 9.272675051643815e-05, "cookies": 0.9566239478274058, "bad_qs": 0.04239023280503526, "tracked": 0.9566997800864487, "https": 0.6051414271631151, "requests": 3097.386213695306, "requests_tracking": 1364.0586183362402, "content_length": 53564379.842117235, "requests_failed": 714.1711534086601, "has_blocking": 0.4538560703723364, "script": 0.9931750966861302, "iframe": 0.8806400242663229, "beacon": 0.01342230985061045, "image": 0.9858951998180026, "stylesheet": 0.9968150451201941, "font": 0.32281792674603776, "xhr": 0.7492985516038523, "plugin": 0.6048380981269432, "media": 0.034503677864563584, "referer_leaked": 0.9983316903010541, "referer_leaked_header": 0.9983316903010541, "referer_leaked_url": 0.0, "hosts": 22.074012284825965, "trackers": 16.828315765526654, "companies": 11.78160309395617}