{"id": "adtrue", "name": "Adtrue", "category": "advertising", "website_url": null, "ghostery_id": "2730", "company_id": "adtrue", "company_name": "AdTrue", "iab_vendor": null, "truste_type": null, "description": null, "truste_privacy_url": null, "privacy_url": null, "date_range": ["2018-01", "2019-04"], "domains": ["adtrue.com"], "overview": {"reach": 0.0005878481790822223, "site_reach_top10k": 50, "site_avg_frequency": 0.32778418360252315, "cookies": 0.15574535011266324, "bad_qs": 0.002539979394640227, "tracked": 0.15577152320244408, "https": 0.7586662669322045, "requests": 9.16741378941132, "requests_tracking": 5.186057357136569, "content_length": 7442.358341720619, "requests_failed": 3.665588811242056, "has_blocking": 0.3890058746689699, "script": 0.9839820690541283, "iframe": 0.16407672046426303, "beacon": 0.0, "image": 0.00011064078861898881, "stylesheet": 2.379371798257824e-06, "font": 0.0, "xhr": 0.0656932656639994, "plugin": 0.0, "media": 0.0, "referer_leaked": 0.16768146873862363, "referer_leaked_header": 0.12236157409720685, "referer_leaked_url": 0.0, "hosts": 1.0, "reach_rank": 687, "site_reach_rank": 525}, "reach_time_series": {"page": [0.0010714669243789728, 0.0013227927914559313, 0.0014490703531168895, 0.0013104751745022772, 0.0015901748768858252, 0.0012322689652524337, 0.0006881118715138074, 0.0006442530389600466, 0.00048362126531564976, 0.0004791501153612487, 0.000431792654998993, 0.00047844105814141163, 0.0004976723497645229, 0.0005109609763522064, 0.0005541545563413659, 0.0005878481790822223], "ts": ["2018-01", "2018-02", "2018-03", "2018-04", "2018-05", "2018-06", "2018-07", "2018-08", "2018-09", "2018-10", "2018-11", "2018-12", "2019-01", "2019-02", "2019-03", "2019-04"], "site": [30, 33, 30, 29, 36, 44, 49, 50]}, "presence_by_category": [["Entertainment", 57.69230769230769], ["News and Portals", 19.23076923076923], ["E-Commerce", 11.538461538461538], ["Adult", 3.8461538461538463], ["Business", 3.8461538461538463], ["Recreation", 3.8461538461538463]], "tracking_method": {"cookies": false, "fingerprinting": false}}