{"id": "a3cloud_net", "name": "a3cloud.net", "category": "unknown", "website_url": null, "ghostery_id": null, "company_id": null, "company_name": null, "iab_vendor": null, "truste_type": null, "description": null, "truste_privacy_url": null, "privacy_url": null, "date_range": ["2017-09", "2019-04"], "domains": ["a3cloud.net"], "overview": {"reach": 0.0003986440620348758, "site_reach_top10k": 47, "site_avg_frequency": 0.10677330579836497, "cookies": 0.2194039826882356, "bad_qs": 0.0008087478092758637, "tracked": 0.2196969564065633, "https": 0.9687167224837154, "requests": 1.3468598304962835, "requests_tracking": 0.27741102458347733, "content_length": 655.6029083343128, "requests_failed": 0.22744760243992723, "has_blocking": 0.0008982188250525861, "script": 0.5789265934173893, "iframe": 0.42075762652692816, "beacon": 0.0, "image": 0.0004982307545213564, "stylesheet": 1.7543336426808323e-06, "font": 0.0, "xhr": 3.157800556825498e-05, "plugin": 0.0, "media": 0.0, "referer_leaked": 0.6568295331542744, "referer_leaked_header": 0.6568225158197036, "referer_leaked_url": 0.0, "hosts": 1.0, "reach_rank": 777, "site_reach_rank": 547}, "reach_time_series": {"page": [0.001286214323150281, 0.0014269793069567982, 0.0025161937250227787, 0.0018753881999732857, 0.0002809098714868188, 0.0002028250929891744, 0.0002917247787560127, 0.0004357276158067842, 0.0005501309513259615, 0.00046133240653417016, 0.0004921275878027762, 0.00029762446578589414, 0.00030889402105600073, 0.00025129937485985856, 0.0001687257417918931, 0.0001553839676274979, 0.00033931054041904307, 0.0004391947655661054, 0.0004137318615084298, 0.0003986440620348758], "ts": ["2017-09", "2017-10", "2017-11", "2017-12", "2018-01", "2018-02", "2018-03", "2018-04", "2018-05", "2018-06", "2018-07", "2018-08", "2018-09", "2018-10", "2018-11", "2018-12", "2019-01", "2019-02", "2019-03", "2019-04"], "site": [14, 14, 10, 10, 34, 56, 50, 47]}, "presence_by_category": [["News and Portals", 38.23529411764706], ["Entertainment", 26.470588235294116], ["Business", 23.529411764705884], ["Recreation", 5.882352941176471], ["E-Commerce", 2.9411764705882355], ["Reference", 2.9411764705882355]]}