{"id": "ad-blocker.org", "name": "ad-blocker.org", "category": "unknown", "website_url": null, "ghostery_id": null, "company_id": null, "company_name": null, "iab_vendor": null, "truste_type": null, "description": null, "truste_privacy_url": null, "privacy_url": null, "date_range": ["2018-12", "2019-04"], "domains": ["ad-blocker.org"], "overview": {"reach": 0.00110543918605901, "site_reach_top10k": 119, "site_avg_frequency": 0.023901365701271975, "cookies": 0.048505177597149535, "bad_qs": 6.326487230618174e-06, "tracked": 0.048505177597149535, "https": 0.9999962041076617, "requests": 1.4285296737557065, "requests_tracking": 0.07997375773096739, "content_length": 67.25276151167617, "requests_failed": 0.42968425767529433, "has_blocking": 0.009534016256541588, "script": 0.9997811035418206, "iframe": 0.0, "beacon": 0.0, "image": 6.326487230618173e-07, "stylesheet": 0.0, "font": 0.0, "xhr": 0.02527621443248879, "plugin": 0.0, "media": 0.0, "referer_leaked": 0.7135733518235466, "referer_leaked_header": 0.7135733518235466, "referer_leaked_url": 0.0, "hosts": 1.0, "reach_rank": 504, "site_reach_rank": 291}, "reach_time_series": {"page": [0.0012263827647424402, 0.0011743206877519777, 0.0011461192463137683, 0.001120970963648939, 0.00110543918605901], "ts": ["2018-12", "2019-01", "2019-02", "2019-03", "2019-04"], "site": [200, 161, 137, 123, 119]}, "presence_by_category": [["Entertainment", 43.90243902439025], ["E-Commerce", 14.634146341463415], ["News and Portals", 14.634146341463415], ["Business", 12.195121951219512], ["Adult", 7.317073170731708], ["Reference", 7.317073170731708]]}