{"id": "adtng.com", "name": "adtng.com", "category": "pornvertising", "website_url": null, "ghostery_id": null, "company_id": null, "company_name": null, "iab_vendor": null, "truste_type": null, "description": null, "truste_privacy_url": null, "privacy_url": null, "date_range": ["2018-12", "2019-04"], "domains": ["adtng.com"], "overview": {"reach": 0.0020431304569440032, "site_reach_top10k": 82, "site_avg_frequency": 0.2627360984423178, "cookies": 0.2327107317562403, "bad_qs": 0.015083942876330974, "tracked": 0.23292843179639158, "https": 0.9999568707467624, "requests": 3.0654260502743327, "requests_tracking": 0.5457425094584848, "content_length": 3.9605384447659744, "requests_failed": 2.5520482801183384, "has_blocking": 0.4385738456677863, "script": 0.0, "iframe": 0.9207390437149211, "beacon": 0.0, "image": 0.007795099079190443, "stylesheet": 0.0, "font": 0.0, "xhr": 0.11761210439606894, "plugin": 0.0, "media": 0.0, "referer_leaked": 0.10811305751833593, "referer_leaked_header": 0.10811305751833593, "referer_leaked_url": 0.0, "hosts": 1.0, "reach_rank": 304, "site_reach_rank": 396}, "reach_time_series": {"page": [0.0005128996141697558, 0.002373531880373705, 0.002450432508258334, 0.0025659752992293074, 0.0020431304569440032], "ts": ["2018-12", "2019-01", "2019-02", "2019-03", "2019-04"], "site": [60, 82, 79, 85, 82]}, "presence_by_category": [["Adult", 80.0], ["Entertainment", 15.555555555555555], ["Business", 4.444444444444445]]}