{"id": "bodelen.com", "name": "bodelen.com", "category": "advertising", "website_url": null, "ghostery_id": null, "company_id": null, "company_name": null, "iab_vendor": null, "truste_type": null, "description": null, "truste_privacy_url": null, "privacy_url": null, "date_range": ["2018-11", "2019-04"], "domains": ["bodelen.com"], "overview": {"reach": 0.0002513851411986348, "site_reach_top10k": 20, "site_avg_frequency": 0.17302818625388078, "cookies": 0.15381983179998499, "bad_qs": 0.0, "tracked": 0.15381983179998499, "https": 0.738725229724053, "requests": 1.4557313473527833, "requests_tracking": 0.17525517939758467, "content_length": 76.5716908747458, "requests_failed": 1.283809009801003, "has_blocking": 0.41795172108731876, "script": 0.9995270591704618, "iframe": 0.0007261032735851418, "beacon": 0.0, "image": 0.004862944529604705, "stylesheet": 0.0, "font": 0.0, "xhr": 4.4512078074184945e-05, "plugin": 0.0, "media": 0.0, "referer_leaked": 0.14810837578209113, "referer_leaked_header": 0.1477411511379791, "referer_leaked_url": 0.0, "hosts": 1.0, "reach_rank": 868, "site_reach_rank": 782}, "reach_time_series": {"page": [0.0020901914986603625, 0.0032810744101601026, 0.0026598329509641546, 0.0011028968991992857, 0.000340684051904204, 0.0002513851411986348], "ts": ["2018-11", "2018-12", "2019-01", "2019-02", "2019-03", "2019-04"], "site": [180, 194, 174, 115, 24, 20]}, "presence_by_category": [["Entertainment", 85.71428571428571], ["Business", 14.285714285714286]]}