{"id": "brightonclick.com", "name": "brightonclick.com", "category": "advertising", "website_url": null, "ghostery_id": null, "company_id": null, "company_name": null, "iab_vendor": null, "truste_type": null, "description": null, "truste_privacy_url": null, "privacy_url": null, "date_range": ["2017-10", "2019-04"], "domains": ["brightonclick.com"], "overview": {"reach": 9.53360312702854e-06, "site_reach_top10k": 2, "site_avg_frequency": 0.08163460488382532, "cookies": 0.010783450704225352, "bad_qs": 0.0, "tracked": 0.010783450704225352, "https": 0.002347417840375587, "requests": 1.8483714788732395, "requests_tracking": 0.06499413145539906, "content_length": 9.347784624413146, "requests_failed": 1.7619571596244132, "has_blocking": 0.5299295774647887, "script": 1.0, "iframe": 0.00036678403755868543, "beacon": 0.0, "image": 0.0, "stylesheet": 0.0, "font": 0.0, "xhr": 0.0, "plugin": 0.0, "media": 0.0, "referer_leaked": 0.014598004694835682, "referer_leaked_header": 0.008509389671361502, "referer_leaked_url": 0.0, "hosts": 1.0, "reach_rank": 1127, "site_reach_rank": 1094}, "reach_time_series": {"page": [0.0011005218723451188, 0.001646728137266808, 0.00018277967511396426, 1.8729416269558946e-05, 3.0955558616277703e-05, 5.199595818526057e-05, 6.0422850541818825e-05, 8.37043048971643e-05, 0.00013076827955028347, 0.00012493398875027927, 0.00012270416672888125, 0.00011916549745084431, 6.358264410480519e-05, 9.792892908260492e-05, 0.0001254150248834649, 9.249999363839626e-05, 3.052474716949643e-05, 1.1567950071257887e-05, 9.53360312702854e-06], "ts": ["2017-10", "2017-11", "2017-12", "2018-01", "2018-02", "2018-03", "2018-04", "2018-05", "2018-06", "2018-07", "2018-08", "2018-09", "2018-10", "2018-11", "2018-12", "2019-01", "2019-02", "2019-03", "2019-04"], "site": [10, 10, 8, 9, 8, 6, 2, 2]}, "presence_by_category": [["Entertainment", 100.0]]}