{"id": "bumlam.com", "name": "bumlam.com", "category": "unknown", "website_url": null, "ghostery_id": null, "company_id": null, "company_name": null, "iab_vendor": null, "truste_type": null, "description": null, "truste_privacy_url": null, "privacy_url": null, "date_range": ["2017-10", "2019-04"], "domains": ["bumlam.com"], "overview": {"reach": 0.0006081952044180328, "site_reach_top10k": 87, "site_avg_frequency": 0.08946565081537465, "cookies": 0.580399976082387, "bad_qs": 0.21073026911914192, "tracked": 0.6171273106943928, "https": 0.961741018246379, "requests": 3.4863554617249197, "requests_tracking": 1.6423454439246963, "content_length": 222.61874519922912, "requests_failed": 1.3790470211072936, "has_blocking": 0.3785295727486397, "script": 0.021256778573498364, "iframe": 0.003236926954689922, "beacon": 0.0, "image": 0.9770597894330146, "stylesheet": 1.149885241452903e-06, "font": 0.0, "xhr": 0.014578245091139905, "plugin": 1.149885241452903e-06, "media": 0.0, "referer_leaked": 0.6944490439854103, "referer_leaked_header": 0.6944490439854103, "referer_leaked_url": 0.0, "hosts": 1.0, "reach_rank": 681, "site_reach_rank": 374}, "reach_time_series": {"page": [0.0009199968952582442, 0.0013580629863614868, 0.0011203910405679998, 0.00045134651378791964, 0.0007587827456920974, 0.0007882194755348736, 0.0009178380515273052, 0.0007282051486555832, 0.0008739583371686615, 0.0006524150580217192, 0.0004923732018988774, 0.0006835598646817651, 0.0008458228787229096, 0.0006273784214753331, 0.0005433484810924566, 0.000699831756151047, 0.0007583864346164138, 0.0006851631995761482, 0.0006081952044180328], "ts": ["2017-10", "2017-11", "2017-12", "2018-01", "2018-02", "2018-03", "2018-04", "2018-05", "2018-06", "2018-07", "2018-08", "2018-09", "2018-10", "2018-11", "2018-12", "2019-01", "2019-02", "2019-03", "2019-04"], "site": [70, 75, 63, 53, 82, 96, 103, 87]}, "presence_by_category": [["News and Portals", 44.0], ["Entertainment", 38.0], ["Business", 14.0], ["E-Commerce", 2.0], ["Reference", 2.0]]}