{"id": "cdn-net.com", "name": "cdn-net.com", "category": "unknown", "website_url": null, "ghostery_id": "cdn-net.com", "company_id": null, "company_name": null, "iab_vendor": null, "truste_type": null, "description": null, "truste_privacy_url": null, "privacy_url": null, "date_range": ["2017-06", "2019-04"], "domains": ["cdn-net.com"], "overview": {"reach": 0.00020734677640190746, "site_reach_top10k": 47, "site_avg_frequency": 0.10299417934627221, "cookies": 0.6733370884671297, "bad_qs": 0.001959640181730487, "tracked": 0.6734112917098114, "https": 0.9991972558291706, "requests": 3.8648826408259493, "requests_tracking": 1.1958864420556996, "content_length": 23558.5353561587, "requests_failed": 0.9451469392848831, "has_blocking": 0.0, "script": 0.9938208936094144, "iframe": 0.5726095594013823, "beacon": 0.0, "image": 0.06735293423231686, "stylesheet": 3.0355872006152124e-05, "font": 0.0, "xhr": 0.0001484064853634104, "plugin": 0.07365683698559446, "media": 0.0, "referer_leaked": 0.6272973492577989, "referer_leaked_header": 0.6272973492577989, "referer_leaked_url": 0.0, "hosts": 1.0, "reach_rank": 901, "site_reach_rank": 547}, "reach_time_series": {"page": [0.0006786257019405078, 0.0007110072789662927, 0.0006714681481180936, 0.0006393852498876815, 0.000642549738361877, 0.0004266119623926083, 0.00020720545481756438, 0.00017694121902899908, 0.0002283872318840489, 0.00030138857378344717, 0.000304553447840137, 0.00032834907416223985, 0.0002234601695756639, 0.00024671644864402993, 0.00021618987178572617, 0.00021953232057541475, 0.00020965602197537528, 0.00020345234654304452, 0.0001954777623989085, 0.0002249332713273854, 0.00022278465087159977, 0.0002355152713024259, 0.00020734677640190746], "ts": ["2017-06", "2017-07", "2017-08", "2017-09", "2017-10", "2017-11", "2017-12", "2018-01", "2018-02", "2018-03", "2018-04", "2018-05", "2018-06", "2018-07", "2018-08", "2018-09", "2018-10", "2018-11", "2018-12", "2019-01", "2019-02", "2019-03", "2019-04"], "site": [34, 37, 42, 40, 39, 42, 45, 47]}, "presence_by_category": [["Recreation", 45.833333333333336], ["Business", 33.333333333333336], ["E-Commerce", 8.333333333333334], ["Entertainment", 8.333333333333334], ["Banking", 4.166666666666667]]}