{"id": "cdn13.com", "name": "cdn13.com", "category": "misc", "website_url": null, "ghostery_id": "cdn13.com", "company_id": null, "company_name": null, "iab_vendor": null, "truste_type": null, "description": null, "truste_privacy_url": null, "privacy_url": null, "date_range": ["2017-05", "2019-04"], "domains": ["cdn13.com"], "overview": {"reach": 0.0012081352260814116, "site_reach_top10k": 36, "site_avg_frequency": 0.17997244358186507, "cookies": 0.005288567293777135, "bad_qs": 0.18455455861070913, "tracked": 0.18476642547033284, "https": 0.978583502170767, "requests": 33.36711895803184, "requests_tracking": 1.1548706222865412, "content_length": 305934841.5475653, "requests_failed": 7.061778871201158, "has_blocking": 0.003316353111432706, "script": 0.00027612156295224314, "iframe": 0.00018176555716353112, "beacon": 0.0, "image": 0.015315195369030392, "stylesheet": 0.0007484804630969609, "font": 0.00010188133140376266, "xhr": 0.877849493487699, "plugin": 0.001615629522431259, "media": 0.30475832127351665, "referer_leaked": 0.513123010130246, "referer_leaked_header": 0.5127276410998552, "referer_leaked_url": 0.0, "hosts": 1.0, "reach_rank": 473, "site_reach_rank": 619}, "reach_time_series": {"page": [0.0042110674027502236, 0.003843316215084783, 0.003459047218614771, 0.003974759888176836, 0.00395826940378664, 0.004346752083088303, 0.004553365716172432, 0.004216622732084174, 0.0028590856549957654, 0.002090069157225976, 0.0016683194255262502, 0.0016837629130242648, 0.0022591133253421418, 0.0021693612404702707, 0.002167176511482471, 0.0017162349377526282, 0.0013680455405365272, 0.0014187925620841705, 0.001571852015581309, 0.001850993246280929, 0.0013696394484182949, 0.0012245953681931693, 0.0012248085201382044, 0.0012081352260814116], "ts": ["2017-05", "2017-06", "2017-07", "2017-08", "2017-09", "2017-10", "2017-11", "2017-12", "2018-01", "2018-02", "2018-03", "2018-04", "2018-05", "2018-06", "2018-07", "2018-08", "2018-09", "2018-10", "2018-11", "2018-12", "2019-01", "2019-02", "2019-03", "2019-04"], "site": [43, 48, 52, 65, 53, 43, 40, 36]}, "presence_by_category": [["Adult", 100.0]]}