{"id": "cdnsure.com", "name": "cdnsure.com", "category": "unknown", "website_url": null, "ghostery_id": null, "company_id": null, "company_name": null, "iab_vendor": null, "truste_type": null, "description": null, "truste_privacy_url": null, "privacy_url": null, "date_range": ["2018-09", "2019-04"], "domains": ["cdnsure.com"], "overview": {"reach": 0.0013639535489622316, "site_reach_top10k": 265, "site_avg_frequency": 0.026877892697713957, "cookies": 0.8456885930032411, "bad_qs": 0.0, "tracked": 0.8456885930032411, "https": 0.8498735837457052, "requests": 1.3641429049742526, "requests_tracking": 1.085696940424129, "content_length": 15.0885103494175, "requests_failed": 0.2366493821729239, "has_blocking": 0.0022699037021426927, "script": 0.0, "iframe": 0.9999759011804832, "beacon": 0.0, "image": 0.0, "stylesheet": 0.0, "font": 0.0, "xhr": 1.0254816815643517e-06, "plugin": 0.0, "media": 0.0, "referer_leaked": 0.7714339771820071, "referer_leaked_header": 0.7714339771820071, "referer_leaked_url": 0.0, "hosts": 1.0, "reach_rank": 429, "site_reach_rank": 154}, "reach_time_series": {"page": [0.0005550761039275661, 0.0019075469056727295, 0.002218517644382722, 0.0021670558289263882, 0.0017858316149818637, 0.001739696656460551, 0.0019289665718769367, 0.0013639535489622316], "ts": ["2018-09", "2018-10", "2018-11", "2018-12", "2019-01", "2019-02", "2019-03", "2019-04"], "site": [81, 431, 523, 499, 367, 338, 402, 265]}, "presence_by_category": [["Entertainment", 36.89320388349515], ["Adult", 32.03883495145631], ["News and Portals", 9.70873786407767], ["Reference", 8.737864077669903], ["Business", 7.766990291262136], ["E-Commerce", 4.854368932038835]]}