{"id": "cdnwidget.com", "name": "cdnwidget.com", "category": "cdn", "website_url": null, "ghostery_id": null, "company_id": null, "company_name": null, "iab_vendor": null, "truste_type": null, "description": null, "truste_privacy_url": null, "privacy_url": null, "date_range": ["2019-02", "2019-04"], "domains": ["cdnwidget.com"], "overview": {"reach": 0.0006574108919810008, "site_reach_top10k": 66, "site_avg_frequency": 0.19184882180882656, "cookies": 0.7313018270790671, "bad_qs": 0.1619722879710646, "tracked": 0.7548756682003138, "https": 0.9990872583175979, "requests": 2.7017579319698943, "requests_tracking": 1.4963293529427408, "content_length": 4633.340499454802, "requests_failed": 0.6198441530810351, "has_blocking": 0.00599664902529188, "script": 0.1969149756655408, "iframe": 0.0005659423951490652, "beacon": 0.0, "image": 0.6934464508922635, "stylesheet": 0.0, "font": 0.0, "xhr": 0.5028430094944284, "plugin": 0.0, "media": 0.0, "referer_leaked": 0.8947836493710274, "referer_leaked_header": 0.8947081194649078, "referer_leaked_url": 0.0, "hosts": 1.0, "reach_rank": 658, "site_reach_rank": 450}, "reach_time_series": {"page": [0.0006002197637030053, 0.0006891022114641601, 0.0006574108919810008], "ts": ["2019-02", "2019-03", "2019-04"], "site": [64, 65, 66]}, "presence_by_category": [["News and Portals", 50.0], ["Business", 26.666666666666668], ["Entertainment", 16.666666666666668], ["E-Commerce", 3.3333333333333335], ["Reference", 3.3333333333333335]]}