{"id": "clcknads.pro", "name": "clcknads.pro", "category": "pornvertising", "website_url": null, "ghostery_id": null, "company_id": null, "company_name": null, "iab_vendor": null, "truste_type": null, "description": null, "truste_privacy_url": null, "privacy_url": null, "date_range": ["2018-11", "2019-04"], "domains": ["clcknads.pro"], "overview": {"reach": 0.0006169665109335252, "site_reach_top10k": 33, "site_avg_frequency": 0.408062095164831, "cookies": 0.05203957406194103, "bad_qs": 0.0016549647809892154, "tracked": 0.052380768855829894, "https": 0.8252130483771143, "requests": 1.8017794272008198, "requests_tracking": 0.18832365670136048, "content_length": 827.6797121721526, "requests_failed": 1.5672391786840536, "has_blocking": 0.6507888287610208, "script": 0.46561867344370966, "iframe": 0.06318111435806636, "beacon": 0.0, "image": 0.07525668957168151, "stylesheet": 0.0, "font": 0.0, "xhr": 0.4861300348902849, "plugin": 0.0, "media": 0.0, "referer_leaked": 0.043327204673801904, "referer_leaked_header": 0.04280464387651696, "referer_leaked_url": 0.0, "hosts": 1.0, "reach_rank": 678, "site_reach_rank": 649}, "reach_time_series": {"page": [0.0010014611516323592, 0.0015095999558568836, 0.0014687992940119086, 0.0016636140016090372, 0.001050770340751049, 0.0006169665109335252], "ts": ["2018-11", "2018-12", "2019-01", "2019-02", "2019-03", "2019-04"], "site": [22, 34, 43, 55, 41, 33]}, "presence_by_category": [["Adult", 93.33333333333333], ["News and Portals", 6.666666666666667]]}