{"id": "cpx.to", "name": "cpx.to", "category": "unknown", "website_url": null, "ghostery_id": "cpx.to", "company_id": null, "company_name": null, "iab_vendor": null, "truste_type": null, "description": null, "truste_privacy_url": null, "privacy_url": null, "date_range": ["2017-05", "2019-04"], "domains": ["cpx.to"], "overview": {"reach": 0.0021135386896623666, "site_reach_top10k": 95, "site_avg_frequency": 0.39977675541151053, "cookies": 0.27191312608636237, "bad_qs": 0.009409267049333135, "tracked": 0.272000150887107, "https": 0.9396792391583808, "requests": 1.6488145600763966, "requests_tracking": 0.5884527685302438, "content_length": 766.3091226808139, "requests_failed": 0.9387858286564397, "has_blocking": 0.33156945422876005, "script": 0.9960312720147102, "iframe": 0.00046622792490189855, "beacon": 0.0, "image": 0.003785744278781137, "stylesheet": 0.0, "font": 0.0, "xhr": 0.00014857085754503368, "plugin": 0.0, "media": 0.0, "referer_leaked": 0.28754780987033307, "referer_leaked_header": 0.26333340723272053, "referer_leaked_url": 0.0, "hosts": 1.0, "reach_rank": 296, "site_reach_rank": 351}, "reach_time_series": {"page": [0.004254919806107842, 0.004139657602372565, 0.004164655866789409, 0.004106181190107454, 0.003868453798065592, 0.0035208998660688742, 0.0032650989510795386, 0.00297905413656498, 0.0025928476824627106, 0.00197521660356772, 0.001581113736114393, 0.001575743508453022, 0.0017490031840849936, 0.001236307525704738, 0.001424393873710342, 0.0013445547096144516, 0.001450427043218445, 0.001622929344226025, 0.0014582838341163208, 0.0014592233985218886, 0.002014902234781521, 0.002177952854815116, 0.002194823235997402, 0.0021135386896623666], "ts": ["2017-05", "2017-06", "2017-07", "2017-08", "2017-09", "2017-10", "2017-11", "2017-12", "2018-01", "2018-02", "2018-03", "2018-04", "2018-05", "2018-06", "2018-07", "2018-08", "2018-09", "2018-10", "2018-11", "2018-12", "2019-01", "2019-02", "2019-03", "2019-04"], "site": [113, 121, 61, 70, 107, 103, 97, 95]}, "presence_by_category": [["Entertainment", 43.13725490196079], ["News and Portals", 33.333333333333336], ["Reference", 7.8431372549019605], ["Business", 5.882352941176471], ["E-Commerce", 3.9215686274509802], ["Recreation", 3.9215686274509802], ["Government", 1.9607843137254901]]}