{"id": "dailymotion", "name": "Dailymotion", "category": "misc", "website_url": null, "ghostery_id": "c_1475", "company_id": "vivendi", "company_name": "Vivendi", "iab_vendor": null, "truste_type": null, "description": null, "truste_privacy_url": null, "privacy_url": null, "date_range": ["2017-05", "2019-04"], "domains": ["dailymotion.com", "dailymotionbus.com", "dm-event.net", "dmcdn.net"], "overview": {"reach": 0.0024906258427486267, "site_reach_top10k": 183, "site_avg_frequency": 0.25820615693606963, "cookies": 0.5408609728976896, "bad_qs": 0.04516892612851415, "tracked": 0.5410426471083756, "https": 0.8061263801062527, "requests": 70.21519408533915, "requests_tracking": 4.598362685745735, "content_length": 10778516.795200936, "requests_failed": 15.758675154156323, "has_blocking": 0.049481652870284054, "script": 0.933778205833792, "iframe": 0.5132102703491964, "beacon": 0.0049276672694394215, "image": 0.583597093212629, "stylesheet": 0.06875203576202082, "font": 0.3946275538283558, "xhr": 0.5561013893724799, "plugin": 0.0021065223007199576, "media": 0.0038758100928869073, "referer_leaked": 0.9347871014118361, "referer_leaked_header": 0.9059323509260612, "referer_leaked_url": 0.0, "hosts": 2.059196870823178, "reach_rank": 259, "site_reach_rank": 205}, "reach_time_series": {"page": [0.0009609291148714345, 0.0008225180894632903, 0.0007968379048482654, 0.0006481448472509263, 0.0005519040010583289, 0.0005087372876909362, 0.0004373324139423205, 0.000650878932216412, 0.0006929779444548259, 0.0015836218203294325, 0.0014275900465998339, 0.002072826263325269, 0.002554022598222147, 0.002189861938064878, 0.002040830326862257, 0.0018826879004569027, 0.0019885587104515306, 0.002084277720949632, 0.0019618894318485227, 0.0020524870904808147, 0.002460572394265248, 0.002503513430247762, 0.0024134387417342755, 0.0024906258427486267], "ts": ["2017-05", "2017-06", "2017-07", "2017-08", "2017-09", "2017-10", "2017-11", "2017-12", "2018-01", "2018-02", "2018-03", "2018-04", "2018-05", "2018-06", "2018-07", "2018-08", "2018-09", "2018-10", "2018-11", "2018-12", "2019-01", "2019-02", "2019-03", "2019-04"], "site": [160, 171, 162, 171, 183, 188, 191, 183]}, "presence_by_category": [["News and Portals", 53.246753246753244], ["Entertainment", 36.36363636363637], ["Business", 3.896103896103896], ["Reference", 2.5974025974025974], ["Adult", 1.2987012987012987], ["Banking", 1.2987012987012987], ["Political", 1.2987012987012987]]}