{"id": "datds.net", "name": "datds.net", "category": "extensions", "website_url": null, "ghostery_id": null, "company_id": null, "company_name": null, "iab_vendor": null, "truste_type": null, "description": null, "truste_privacy_url": null, "privacy_url": null, "date_range": ["2018-04", "2019-04"], "domains": ["datds.net"], "overview": {"reach": 3.2269624082112e-05, "site_reach_top10k": 1, "site_avg_frequency": 0.010042664916311126, "cookies": 0.7922283386069091, "bad_qs": 0.023340990854319274, "tracked": 0.8011572970395735, "https": 0.9241038533223528, "requests": 2.003142473234797, "requests_tracking": 1.0043777902995101, "content_length": 185.46296216028782, "requests_failed": 0.5507780330284773, "has_blocking": 0.007628624680334619, "script": 0.018811494950370596, "iframe": 0.021910623726756534, "beacon": 0.0, "image": 0.0, "stylesheet": 0.0, "font": 0.0, "xhr": 0.978111048502449, "plugin": 0.0, "media": 0.0, "referer_leaked": 0.6087729183823848, "referer_leaked_header": 0.6085778683195353, "referer_leaked_url": 0.0, "hosts": 1.0, "reach_rank": 1083, "site_reach_rank": 1119}, "reach_time_series": {"page": [0.0011986855716876195, 0.0013715209271323028, 0.000982021901698334, 0.0004825142911468903, 0.0003674679556316817, 0.00028219718361546044, 0.0003280981578857476, 0.00028440805160048885, 0.00026028300794417254, 0.00033449552280045085, 0.00017639996761677717, 6.036035817431638e-05, 3.2269624082112e-05], "ts": ["2018-04", "2018-05", "2018-06", "2018-07", "2018-08", "2018-09", "2018-10", "2018-11", "2018-12", "2019-01", "2019-02", "2019-03", "2019-04"], "site": [14, 35, 34, 31, 39, 17, 5, 1]}, "presence_by_category": [["Entertainment", 100.0]]}