{"id": "defpush.com", "name": "defpush.com", "category": "unknown", "website_url": null, "ghostery_id": null, "company_id": null, "company_name": null, "iab_vendor": null, "truste_type": null, "description": null, "truste_privacy_url": null, "privacy_url": null, "date_range": ["2018-04", "2019-04"], "domains": ["defpush.com"], "overview": {"reach": 0.00021055751378132266, "site_reach_top10k": 7, "site_avg_frequency": 0.8278254459017187, "cookies": 0.048483097178766685, "bad_qs": 0.0, "tracked": 0.048483097178766685, "https": 0.9795664853159024, "requests": 1.5832851724160837, "requests_tracking": 0.11170011359333586, "content_length": 7.3255877292625735, "requests_failed": 1.3530992380610747, "has_blocking": 0.5775324338866856, "script": 0.9995748553511761, "iframe": 0.0, "beacon": 0.0, "image": 0.0, "stylesheet": 0.0, "font": 0.0, "xhr": 0.04523804778891568, "plugin": 0.0, "media": 0.0, "referer_leaked": 0.044254900788510465, "referer_leaked_header": 0.04420175770740748, "referer_leaked_url": 0.0, "hosts": 1.0, "reach_rank": 896, "site_reach_rank": 988}, "reach_time_series": {"page": [0.0011126453088200164, 0.0010514619354962357, 0.0006619698345448736, 0.0004424318969027571, 0.0005322172881222182, 0.00034002376792656805, 0.0003335623304737639, 0.0002763464323585768, 0.0002949583039241731, 0.00023600350723669536, 0.00020809812486479747, 0.00023056884657251246, 0.00021055751378132266], "ts": ["2018-04", "2018-05", "2018-06", "2018-07", "2018-08", "2018-09", "2018-10", "2018-11", "2018-12", "2019-01", "2019-02", "2019-03", "2019-04"], "site": [13, 11, 8, 7, 7, 8, 7, 7]}, "presence_by_category": [["Entertainment", 100.0]]}