{"id": "deviantart.net", "name": "deviantart.net", "category": "misc", "website_url": null, "ghostery_id": "", "company_id": null, "company_name": null, "iab_vendor": null, "truste_type": null, "description": null, "truste_privacy_url": null, "privacy_url": null, "date_range": ["2018-07", "2019-04"], "domains": ["dapxl.com", "deviantart.net"], "overview": {"reach": 0.0014132342765113214, "site_reach_top10k": 51, "site_avg_frequency": 0.07279402867632796, "cookies": 0.004015797946227402, "bad_qs": 1.583555567212284e-05, "tracked": 0.004018272251801171, "https": 0.9207321569165006, "requests": 3.3403090605606085, "requests_tracking": 0.04870423091407281, "content_length": 136675.30444004238, "requests_failed": 1.2135399939330027, "has_blocking": 0.029246786743066626, "script": 0.016092883451794836, "iframe": 2.474305573769194e-06, "beacon": 0.0, "image": 0.995040501907937, "stylesheet": 0.014539514412582537, "font": 0.007840579502159821, "xhr": 6.928055606553743e-06, "plugin": 0.00012025125088518283, "media": 6.482680603275288e-05, "referer_leaked": 0.5952105361869664, "referer_leaked_header": 0.5596740646753785, "referer_leaked_url": 0.0, "hosts": 1.0061813101843902, "reach_rank": 416, "site_reach_rank": 516}, "reach_time_series": {"page": [0.001562157467600097, 0.001413373881765009, 0.001298839847712117, 0.0012500790371414029, 0.0010281381765968583, 0.0010315676073385956, 0.001370919763447913, 0.001507872163722873, 0.001417590390381893, 0.0014132342765113214], "ts": ["2018-07", "2018-08", "2018-09", "2018-10", "2018-11", "2018-12", "2019-01", "2019-02", "2019-03", "2019-04"], "site": [39, 45, 42, 38, 50, 51, 46, 51]}, "presence_by_category": [["Entertainment", 58.333333333333336], ["Reference", 16.666666666666668], ["Adult", 12.5], ["Business", 8.333333333333334], ["News and Portals", 4.166666666666667]]}