{"id": "div.show", "name": "div.show", "category": "extensions", "website_url": null, "ghostery_id": null, "company_id": null, "company_name": null, "iab_vendor": null, "truste_type": null, "description": null, "truste_privacy_url": null, "privacy_url": null, "date_range": ["2018-11", "2019-04"], "domains": ["div.show"], "overview": {"reach": 0.0014472886537609934, "site_reach_top10k": 218, "site_avg_frequency": 0.025509399990245794, "cookies": 0.7558869136582775, "bad_qs": 2.8993028626266815e-06, "tracked": 0.7558869136582775, "https": 0.8712574228193497, "requests": 1.052189867612999, "requests_tracking": 0.7661359492776628, "content_length": 23.602890218380324, "requests_failed": 0.2717792006911938, "has_blocking": 0.004900305054982863, "script": 2.0778337182157883e-05, "iframe": 0.7078111568073456, "beacon": 0.0, "image": 0.0, "stylesheet": 1.5946165744446748e-05, "font": 0.0, "xhr": 0.0, "plugin": 0.29321712927459925, "media": 0.0, "referer_leaked": 0.6960395039679376, "referer_leaked_header": 0.6960380543165062, "referer_leaked_url": 0.0, "hosts": 1.0, "reach_rank": 406, "site_reach_rank": 186}, "reach_time_series": {"page": [0.0012118963822260443, 0.0010546999527503808, 0.0006453230509515559, 0.0008220923878240594, 0.001569412902510962, 0.0014472886537609934], "ts": ["2018-11", "2018-12", "2019-01", "2019-02", "2019-03", "2019-04"], "site": [191, 174, 72, 100, 235, 218]}, "presence_by_category": [["Entertainment", 33.72093023255814], ["Adult", 23.25581395348837], ["News and Portals", 12.790697674418604], ["Business", 10.465116279069768], ["Reference", 10.465116279069768], ["E-Commerce", 8.13953488372093], ["Political", 1.1627906976744187]]}