{"id": "elastic_ad", "name": "Elastic Ad", "category": "advertising", "website_url": null, "ghostery_id": "2250", "company_id": "elastic_ad", "company_name": "Elastic Ad", "iab_vendor": null, "truste_type": null, "description": null, "truste_privacy_url": null, "privacy_url": null, "date_range": ["2017-05", "2019-04"], "domains": ["elasticad.net"], "overview": {"reach": 0.0022737965161120227, "site_reach_top10k": 85, "site_avg_frequency": 0.43123555599725777, "cookies": 0.00032387264331133785, "bad_qs": 1.5378568058468087e-05, "tracked": 0.0003254105001171847, "https": 0.8357215224290264, "requests": 1.5090093803113729, "requests_tracking": 0.000777232829674977, "content_length": 3347.882590169158, "requests_failed": 1.3726805274725815, "has_blocking": 0.4923697696721105, "script": 0.9985860944527044, "iframe": 0.004502229584797117, "beacon": 0.0, "image": 0.00020822581151165787, "stylesheet": 1.8454281670161702e-06, "font": 0.0, "xhr": 4.73659896200817e-05, "plugin": 3.629342061798468e-05, "media": 0.0, "referer_leaked": 0.05124723262667788, "referer_leaked_header": 0.05124723262667788, "referer_leaked_url": 0.0, "hosts": 1.0, "reach_rank": 283, "site_reach_rank": 383}, "reach_time_series": {"page": [0.0013834047324376526, 0.0014313406757544482, 0.001548144822118461, 0.0014430246063614409, 0.0012576796668797624, 0.0011175530069762254, 0.0013942787943219718, 0.0017924372847422476, 0.001903874967729404, 0.002874083121550171, 0.002578447151623979, 0.002387086652365986, 0.0031136501951388685, 0.002575724066870915, 0.0022948506784574397, 0.0021079548851867837, 0.002157629091527021, 0.002230336080480519, 0.0021239790259012553, 0.0021477473955188267, 0.002618170442195365, 0.0026397263143801792, 0.0025657269055409542, 0.0022737965161120227], "ts": ["2017-05", "2017-06", "2017-07", "2017-08", "2017-09", "2017-10", "2017-11", "2017-12", "2018-01", "2018-02", "2018-03", "2018-04", "2018-05", "2018-06", "2018-07", "2018-08", "2018-09", "2018-10", "2018-11", "2018-12", "2019-01", "2019-02", "2019-03", "2019-04"], "site": [73, 80, 83, 75, 90, 92, 88, 85]}, "presence_by_category": [["News and Portals", 50.98039215686274], ["Entertainment", 33.333333333333336], ["Business", 5.882352941176471], ["Reference", 5.882352941176471], ["E-Commerce", 3.9215686274509802]]}