{"id": "etahub.com", "name": "etahub.com", "category": "unknown", "website_url": null, "ghostery_id": "etahub.com", "company_id": null, "company_name": null, "iab_vendor": null, "truste_type": null, "description": null, "truste_privacy_url": null, "privacy_url": null, "date_range": ["2017-05", "2019-04"], "domains": ["etahub.com"], "overview": {"reach": 0.0034542317016524027, "site_reach_top10k": 35, "site_avg_frequency": 0.1640672538155172, "cookies": 0.3852070287113017, "bad_qs": 0.003366152612685937, "tracked": 0.3865337698439211, "https": 0.9994895903562744, "requests": 1.896815456848013, "requests_tracking": 0.5244202973374069, "content_length": 11.781286734410843, "requests_failed": 1.3532020562159228, "has_blocking": 0.2907944047279199, "script": 0.0, "iframe": 0.0, "beacon": 0.27628488187286526, "image": 0.013359936993462464, "stylesheet": 0.0, "font": 0.0, "xhr": 0.7235974870271726, "plugin": 0.0025844423253299645, "media": 0.0, "referer_leaked": 0.4164904224798903, "referer_leaked_header": 0.333468173802481, "referer_leaked_url": 0.0, "hosts": 1.0, "reach_rank": 207, "site_reach_rank": 632}, "reach_time_series": {"page": [0.0026576830789510142, 0.002747928546227498, 0.0029096490929524693, 0.002888314248275077, 0.0027218274873690887, 0.0030420838452984147, 0.004743424177573226, 0.004982655405300311, 0.003037741907117008, 0.0016171841017174112, 0.0014654265880549374, 0.00149809677402313, 0.0019378988278758462, 0.0015327619813716397, 0.0014994702224929493, 0.0013957251285774787, 0.0011098096054154075, 0.0013484441559521514, 0.0013726808993286227, 0.0016332253279966714, 0.0014831914616167021, 0.0014703318880304405, 0.0017439914592535606, 0.0034542317016524027], "ts": ["2017-05", "2017-06", "2017-07", "2017-08", "2017-09", "2017-10", "2017-11", "2017-12", "2018-01", "2018-02", "2018-03", "2018-04", "2018-05", "2018-06", "2018-07", "2018-08", "2018-09", "2018-10", "2018-11", "2018-12", "2019-01", "2019-02", "2019-03", "2019-04"], "site": [20, 19, 20, 28, 26, 26, 31, 35]}, "presence_by_category": [["Adult", 100.0]]}