{"id": "evidon", "name": "Evidon", "category": "essential", "website_url": null, "ghostery_id": "c_242", "company_id": null, "company_name": null, "iab_vendor": null, "truste_type": null, "description": null, "truste_privacy_url": null, "privacy_url": null, "date_range": ["2017-05", "2019-04"], "domains": ["betrad.com", "evidon.com"], "overview": {"reach": 0.005967278156391156, "site_reach_top10k": 292, "site_avg_frequency": 0.25295362978294356, "cookies": 0.013186094800041582, "bad_qs": 0.0010285320365578915, "tracked": 0.014007420291404128, "https": 0.9588898932780814, "requests": 7.773546802954193, "requests_tracking": 0.2914839399105707, "content_length": 16535.421851547526, "requests_failed": 3.1253920721697583, "has_blocking": 0.40651591921710617, "script": 0.8173769643748896, "iframe": 0.02063310741022407, "beacon": 0.0, "image": 0.8217053309626466, "stylesheet": 0.07970502132481161, "font": 1.7579740825396959e-06, "xhr": 0.006567439577551796, "plugin": 1.52357753820107e-06, "media": 0.01125513606777998, "referer_leaked": 0.5444637938791796, "referer_leaked_header": 0.5416407218991652, "referer_leaked_url": 0.0, "hosts": 1.6523518353073625, "reach_rank": 125, "site_reach_rank": 143}, "reach_time_series": {"page": [0.004559541201230619, 0.003741563180329174, 0.002111609802660427, 0.003405103446799797, 0.0020262544303400317, 0.002525190802995399, 0.00431033701474514, 0.003351843212103823, 0.002799038581729541, 0.0031501867330792285, 0.002831285216105307, 0.0027758363081008585, 0.004685113939243579, 0.006067716421265319, 0.0056514783122246, 0.0049827118574559065, 0.004952391494224398, 0.005537191755555276, 0.006031901927021243, 0.005751634289675974, 0.006329539286803058, 0.0063174042156491856, 0.006086277765303779, 0.005967278156391156], "ts": ["2017-05", "2017-06", "2017-07", "2017-08", "2017-09", "2017-10", "2017-11", "2017-12", "2018-01", "2018-02", "2018-03", "2018-04", "2018-05", "2018-06", "2018-07", "2018-08", "2018-09", "2018-10", "2018-11", "2018-12", "2019-01", "2019-02", "2019-03", "2019-04"], "site": [162, 185, 184, 183, 262, 302, 309, 292]}, "presence_by_category": [["Entertainment", 35.57046979865772], ["News and Portals", 33.557046979865774], ["Business", 20.80536912751678], ["Reference", 4.697986577181208], ["E-Commerce", 4.026845637583893], ["Banking", 0.6711409395973155], ["Recreation", 0.6711409395973155]]}