{"id": "falk_technologies", "name": "Falk Technologies", "category": "misc", "website_url": null, "ghostery_id": "c_3194", "company_id": null, "company_name": null, "iab_vendor": null, "truste_type": null, "description": null, "truste_privacy_url": null, "privacy_url": null, "date_range": ["2017-05", "2019-04"], "domains": ["angsrvr.com"], "overview": {"reach": 0.0001256866260844568, "site_reach_top10k": 22, "site_avg_frequency": 0.016229879767909957, "cookies": 0.1460065213278581, "bad_qs": 0.5342814854382978, "tracked": 0.5736375877764053, "https": 0.9481298478727784, "requests": 1.6735663650830745, "requests_tracking": 1.0581299591582367, "content_length": 28.025790404967783, "requests_failed": 1.5994224284712717, "has_blocking": 0.0006454556583091287, "script": 0.0019474955207603023, "iframe": 0.0, "beacon": 0.0, "image": 0.9953371392960082, "stylesheet": 0.0, "font": 0.0, "xhr": 0.0026207725436517212, "plugin": 1.669281874937402e-05, "media": 0.0, "referer_leaked": 0.38871454167083985, "referer_leaked_header": 0.386639067873001, "referer_leaked_url": 0.0, "hosts": 1.0, "reach_rank": 980, "site_reach_rank": 759}, "reach_time_series": {"page": [0.0029515581476756195, 0.0025203226605845326, 0.0020500502042248804, 0.0015868379506247198, 0.0017517471192158675, 0.0019410695976748574, 0.004230500059099619, 0.0021791894037072757, 0.0006152890368799775, 0.0002937120528799898, 0.00021069609010185105, 0.0002512107129731601, 0.00027512325095449216, 0.00016998901339648745, 6.104184257979268e-05, 5.460977289531444e-05, 3.272768649401659e-05, 3.7956350492294544e-05, 3.659031242535688e-05, 3.9106079848862156e-05, 0.00031487263490654564, 0.0005863576004998266, 0.00032669720396530345, 0.0001256866260844568], "ts": ["2017-05", "2017-06", "2017-07", "2017-08", "2017-09", "2017-10", "2017-11", "2017-12", "2018-01", "2018-02", "2018-03", "2018-04", "2018-05", "2018-06", "2018-07", "2018-08", "2018-09", "2018-10", "2018-11", "2018-12", "2019-01", "2019-02", "2019-03", "2019-04"], "site": [2, 2, 8, 4, 97, 179, 114, 22]}, "presence_by_category": [["Entertainment", 35.714285714285715], ["Business", 28.571428571428573], ["News and Portals", 21.428571428571427], ["E-Commerce", 7.142857142857143], ["Reference", 7.142857142857143]]}