{"id": "flixmedia", "name": "Flixmedia", "category": "misc", "website_url": null, "ghostery_id": "c_3256", "company_id": null, "company_name": null, "iab_vendor": null, "truste_type": null, "description": null, "truste_privacy_url": null, "privacy_url": null, "date_range": ["2018-04", "2019-04"], "domains": ["flix360.com"], "overview": {"reach": 0.0004565862974132093, "site_reach_top10k": 59, "site_avg_frequency": 0.16054729224368092, "cookies": 0.721940729213256, "bad_qs": 0.019941243865528712, "tracked": 0.7266721603754511, "https": 0.9916951052892775, "requests": 3.2107654227194473, "requests_tracking": 0.8238173719649301, "content_length": 111318.73268562711, "requests_failed": 1.1125189165344296, "has_blocking": 0.0009067682900678238, "script": 0.9683044658338286, "iframe": 0.00010262411390970304, "beacon": 0.0, "image": 0.7891212312442945, "stylesheet": 0.0009603779018116986, "font": 0.010115367884472818, "xhr": 3.676087662437124e-05, "plugin": 0.0, "media": 0.0021106869995159818, "referer_leaked": 0.7511273335498141, "referer_leaked_header": 0.6758900727252676, "referer_leaked_url": 0.0, "hosts": 1.0, "reach_rank": 752, "site_reach_rank": 478}, "reach_time_series": {"page": [0.00045918434686865187, 0.0005507060170182146, 0.0005654292528559249, 0.0006259493413858556, 0.0005465256423506296, 0.0004959183391445507, 0.0005113469325850937, 0.0006996464556173597, 0.0006224245043117828, 0.0005121518395279167, 0.0004616311061833643, 0.00044387536966109567, 0.0004565862974132093], "ts": ["2018-04", "2018-05", "2018-06", "2018-07", "2018-08", "2018-09", "2018-10", "2018-11", "2018-12", "2019-01", "2019-02", "2019-03", "2019-04"], "site": [63, 60, 86, 78, 61, 55, 59, 59]}, "presence_by_category": [["E-Commerce", 57.142857142857146], ["Business", 40.0], ["Entertainment", 2.857142857142857]]}