{"id": "glotgrx.com", "name": "glotgrx.com", "category": "unknown", "website_url": null, "ghostery_id": "glotgrx.com", "company_id": null, "company_name": null, "iab_vendor": null, "truste_type": null, "description": null, "truste_privacy_url": null, "privacy_url": null, "date_range": ["2017-05", "2019-04"], "domains": ["glotgrx.com"], "overview": {"reach": 5.0665449834265666e-05, "site_reach_top10k": 8, "site_avg_frequency": 0.02403674360771555, "cookies": 0.9940783480109323, "bad_qs": 0.012685310438119426, "tracked": 0.9941335615492919, "https": 0.8944869281947934, "requests": 3.5333489771692017, "requests_tracking": 2.987701184330398, "content_length": 94.08353808353809, "requests_failed": 0.5103249316732463, "has_blocking": 0.002374182149463048, "script": 0.0, "iframe": 0.0, "beacon": 0.0, "image": 0.9991994036937857, "stylesheet": 0.0, "font": 0.0, "xhr": 0.000717775998674875, "plugin": 1.3803384589901444e-05, "media": 0.0, "referer_leaked": 0.9876597741766281, "referer_leaked_header": 0.8073737680479254, "referer_leaked_url": 0.0, "hosts": 1.0, "reach_rank": 1060, "site_reach_rank": 973}, "reach_time_series": {"page": [0.0023227559062079964, 0.002016094846325756, 0.0018223344366918078, 0.001704767519048785, 0.001357550963826577, 0.001006743319313347, 0.0005990812513397584, 0.0004595330508801847, 0.00013086539095324436, 5.6221610960246305e-05, 4.571421578151753e-05, 9.452174305282779e-05, 0.00017533323001140582, 5.257056232990146e-05, 3.151528856528615e-05, 2.390431216701702e-05, 1.919096719618777e-05, 3.0960307256607176e-05, 2.6441051641408523e-05, 4.534819045656651e-05, 5.0885450562358824e-05, 5.2169699495276516e-05, 5.274871760167998e-05, 5.0665449834265666e-05], "ts": ["2017-05", "2017-06", "2017-07", "2017-08", "2017-09", "2017-10", "2017-11", "2017-12", "2018-01", "2018-02", "2018-03", "2018-04", "2018-05", "2018-06", "2018-07", "2018-08", "2018-09", "2018-10", "2018-11", "2018-12", "2019-01", "2019-02", "2019-03", "2019-04"], "site": [4, 11, 15, 25, 20, 22, 17, 8]}, "presence_by_category": [["Entertainment", 66.66666666666667], ["News and Portals", 22.22222222222222], ["Reference", 11.11111111111111]]}