{"id": "heroku", "name": "Heroku", "category": "hosting", "website_url": null, "ghostery_id": "c_3374", "company_id": null, "company_name": null, "iab_vendor": null, "truste_type": null, "description": null, "truste_privacy_url": null, "privacy_url": null, "date_range": ["2018-03", "2019-04"], "domains": ["herokuapp.com"], "overview": {"reach": 0.0017140253297484637, "site_reach_top10k": 161, "site_avg_frequency": 0.11698992418349091, "cookies": 0.10530803997116123, "bad_qs": 1.5096698433656334e-05, "tracked": 0.10532232063184171, "https": 0.9927078866376674, "requests": 6.48591580040859, "requests_tracking": 1.1905664403657972, "content_length": 319964.9660752705, "requests_failed": 0.9918408465249237, "has_blocking": 0.00692652844891216, "script": 0.3589697033743569, "iframe": 0.07617018793757474, "beacon": 0.005059026050781214, "image": 0.06561841177020214, "stylesheet": 0.08001331773613174, "font": 0.013552755004657536, "xhr": 0.6309742633933216, "plugin": 0.0001097570778014474, "media": 0.00011832547420973884, "referer_leaked": 0.8289984727853449, "referer_leaked_header": 0.7895520238348307, "referer_leaked_url": 0.0, "hosts": 1.0696149566663553, "reach_rank": 359, "site_reach_rank": 228}, "reach_time_series": {"page": [0.0018931583942036194, 0.002337651906813529, 0.0023471709312741194, 0.0018940309704474747, 0.001730471133611926, 0.0015350189628351143, 0.0019130397177073062, 0.0019402468372759565, 0.0018578083411281985, 0.0014014776828305759, 0.002054052079183827, 0.0020298836229256058, 0.0017533771427703149, 0.0017140253297484637], "ts": ["2018-03", "2018-04", "2018-05", "2018-06", "2018-07", "2018-08", "2018-09", "2018-10", "2018-11", "2018-12", "2019-01", "2019-02", "2019-03", "2019-04"], "site": [160, 201, 194, 159, 208, 191, 163, 161]}, "presence_by_category": [["Business", 41.77215189873418], ["Entertainment", 21.518987341772153], ["News and Portals", 11.39240506329114], ["E-Commerce", 8.860759493670885], ["Reference", 8.860759493670885], ["Adult", 5.063291139240507], ["Recreation", 2.5316455696202533]]}