{"id": "highwebmedia.com", "name": "highwebmedia.com", "category": "pornvertising", "website_url": null, "ghostery_id": "highwebmedia.com", "company_id": null, "company_name": null, "iab_vendor": null, "truste_type": null, "description": null, "truste_privacy_url": null, "privacy_url": null, "date_range": ["2017-05", "2019-04"], "domains": ["highwebmedia.com"], "overview": {"reach": 0.0023908335233969575, "site_reach_top10k": 29, "site_avg_frequency": 0.17254339931179993, "cookies": 0.9853578687122436, "bad_qs": 0.0011870259062992522, "tracked": 0.985361086377342, "https": 0.9997569200275667, "requests": 432.1862954963219, "requests_tracking": 219.74160452672825, "content_length": 42179771.42655036, "requests_failed": 58.78390424462679, "has_blocking": 0.0009515513240984395, "script": 0.8398942499739661, "iframe": 0.0004650988642227233, "beacon": 0.0, "image": 0.9531329527518057, "stylesheet": 0.9252512996441847, "font": 0.41184884696433777, "xhr": 0.552378615046738, "plugin": 0.17830310873250907, "media": 0.00020388296123474096, "referer_leaked": 0.1007050196745595, "referer_leaked_header": 0.10070209452447006, "referer_leaked_url": 0.0, "hosts": 1.0, "reach_rank": 268, "site_reach_rank": 684}, "reach_time_series": {"page": [0.002714129721976331, 0.002806961320595819, 0.0029607307854290013, 0.003039365858324718, 0.0026977493306190804, 0.0031902004290583425, 0.00356169413566735, 0.0037660250107255776, 0.0027828398850229265, 0.0025274644659563517, 0.0025088435714663137, 0.0024547039558544146, 0.0030930553191321954, 0.0026176234901149624, 0.00259184583464504, 0.0022816074908037468, 0.002064446458493474, 0.001977079315348636, 0.0018547310563638126, 0.002146781354591444, 0.0022394394816713107, 0.002219935842826785, 0.002296415562629545, 0.0023908335233969575], "ts": ["2017-05", "2017-06", "2017-07", "2017-08", "2017-09", "2017-10", "2017-11", "2017-12", "2018-01", "2018-02", "2018-03", "2018-04", "2018-05", "2018-06", "2018-07", "2018-08", "2018-09", "2018-10", "2018-11", "2018-12", "2019-01", "2019-02", "2019-03", "2019-04"], "site": [18, 27, 31, 43, 27, 23, 23, 29]}, "presence_by_category": [["Adult", 100.0]]}