{"id": "lenmit.com", "name": "lenmit.com", "category": "unknown", "website_url": null, "ghostery_id": "", "company_id": null, "company_name": null, "iab_vendor": null, "truste_type": null, "description": null, "truste_privacy_url": null, "privacy_url": null, "date_range": ["2018-04", "2019-04"], "domains": ["lenmit.com"], "overview": {"reach": 0.0002637343463055208, "site_reach_top10k": 21, "site_avg_frequency": 0.22345610830842313, "cookies": 0.3001901296965615, "bad_qs": 0.0, "tracked": 0.3001901296965615, "https": 0.9873618112439043, "requests": 1.9109466443567014, "requests_tracking": 0.4791507009872425, "content_length": 840.5795667588588, "requests_failed": 0.6240258173322973, "has_blocking": 0.00020418391402001002, "script": 0.9999761343477119, "iframe": 0.0, "beacon": 0.0, "image": 0.0, "stylesheet": 0.0, "font": 0.0, "xhr": 3.712434800363819e-05, "plugin": 0.0, "media": 0.0, "referer_leaked": 0.6941245415805957, "referer_leaked_header": 0.6776413310669803, "referer_leaked_url": 0.0, "hosts": 1.0, "reach_rank": 859, "site_reach_rank": 768}, "reach_time_series": {"page": [0.0003571544563030828, 0.0003702321296737235, 0.0004071171699667038, 0.0004897663703963945, 0.0004303525038508662, 0.0003461723048410185, 0.00031270686276723536, 0.0003260501194528264, 0.0002941439809629498, 0.00027863270919787676, 0.0002832952934267605, 0.0002844896502690971, 0.0002637343463055208], "ts": ["2018-04", "2018-05", "2018-06", "2018-07", "2018-08", "2018-09", "2018-10", "2018-11", "2018-12", "2019-01", "2019-02", "2019-03", "2019-04"], "site": [21, 20, 22, 17, 18, 18, 19, 21]}, "presence_by_category": [["Business", 50.0], ["E-Commerce", 50.0]]}