{"id": "logsss.com", "name": "logsss.com", "category": "unknown", "website_url": null, "ghostery_id": "logsss.com", "company_id": null, "company_name": null, "iab_vendor": null, "truste_type": null, "description": null, "truste_privacy_url": null, "privacy_url": null, "date_range": ["2018-04", "2019-04"], "domains": ["logsss.com"], "overview": {"reach": 0.00021472776579470817, "site_reach_top10k": 11, "site_avg_frequency": 0.20228355298050812, "cookies": 0.6149324022837639, "bad_qs": 0.0005145959607474017, "tracked": 0.6152678667391878, "https": 0.9999185765884894, "requests": 11.493497526356759, "requests_tracking": 2.170445255783505, "content_length": 39803.06524946505, "requests_failed": 2.5127818471389443, "has_blocking": 0.00016936069594218286, "script": 0.988379250709198, "iframe": 0.0, "beacon": 0.0, "image": 0.704970410732257, "stylesheet": 0.03012991919540642, "font": 0.0, "xhr": 0.9244521018639448, "plugin": 0.0, "media": 0.0, "referer_leaked": 0.6598976670564134, "referer_leaked_header": 0.5972765497317912, "referer_leaked_url": 0.0, "hosts": 1.0, "reach_rank": 893, "site_reach_rank": 906}, "reach_time_series": {"page": [0.0004274279025664208, 0.000494043235771253, 0.0004271303666172593, 0.0004310533554094529, 0.0003979139938627537, 0.0004339491421271523, 0.0004266560120557619, 0.0006587725050105925, 0.0004302411891780516, 0.0003539302375920203, 0.00028267923302912565, 0.0002617585142148453, 0.00021472776579470817], "ts": ["2018-04", "2018-05", "2018-06", "2018-07", "2018-08", "2018-09", "2018-10", "2018-11", "2018-12", "2019-01", "2019-02", "2019-03", "2019-04"], "site": [20, 16, 14, 11, 10, 10, 11, 11]}, "presence_by_category": [["E-Commerce", 60.0], ["Entertainment", 40.0]]}