{"id": "luckypushh.com", "name": "luckypushh.com", "category": "unknown", "website_url": null, "ghostery_id": null, "company_id": null, "company_name": null, "iab_vendor": null, "truste_type": null, "description": null, "truste_privacy_url": null, "privacy_url": null, "date_range": ["2018-12", "2019-04"], "domains": ["luckypushh.com"], "overview": {"reach": 0.0003143494426021437, "site_reach_top10k": 11, "site_avg_frequency": 0.46238722784476444, "cookies": 0.05128535991189918, "bad_qs": 0.0, "tracked": 0.05128535991189918, "https": 0.9739813341935771, "requests": 1.7722037442851264, "requests_tracking": 0.14789370056842832, "content_length": 20.76646161718411, "requests_failed": 1.5213210674438524, "has_blocking": 0.4853821595826335, "script": 0.9998131194589364, "iframe": 0.0, "beacon": 0.0, "image": 0.0, "stylesheet": 0.0, "font": 0.0, "xhr": 0.047405363916482195, "plugin": 0.0, "media": 0.0, "referer_leaked": 0.051521185356574746, "referer_leaked_header": 0.051521185356574746, "referer_leaked_url": 0.0, "hosts": 1.0, "reach_rank": 825, "site_reach_rank": 906}, "reach_time_series": {"page": [0.001168383153679187, 0.0010063817284202967, 0.0007249937091467007, 0.00031236993904960647, 0.0003143494426021437], "ts": ["2018-12", "2019-01", "2019-02", "2019-03", "2019-04"], "site": [19, 12, 12, 10, 11]}, "presence_by_category": [["Entertainment", 66.66666666666667], ["Business", 33.333333333333336]]}