{"id": "maxonclick_com", "name": "maxonclick.com", "category": "unknown", "website_url": null, "ghostery_id": null, "company_id": null, "company_name": null, "iab_vendor": null, "truste_type": null, "description": null, "truste_privacy_url": null, "privacy_url": null, "date_range": ["2017-09", "2019-04"], "domains": ["maxonclick.com"], "overview": {"reach": 0.00010471997249376463, "site_reach_top10k": 2, "site_avg_frequency": 0.4155638874834515, "cookies": 0.008795362566616357, "bad_qs": 0.0, "tracked": 0.008795362566616357, "https": 0.9840521444122401, "requests": 1.7400793385780498, "requests_tracking": 0.011927500033391658, "content_length": 42.80380397761423, "requests_failed": 1.6156486663372023, "has_blocking": 0.4666550908920915, "script": 0.9977761156152747, "iframe": 0.05474228318796832, "beacon": 2.671332594264649e-05, "image": 4.674832039963135e-05, "stylesheet": 0.0, "font": 0.0, "xhr": 0.0, "plugin": 0.0, "media": 0.0, "referer_leaked": 0.0615675379663145, "referer_leaked_header": 0.06140057967917296, "referer_leaked_url": 0.0, "hosts": 1.0, "reach_rank": 1001, "site_reach_rank": 1094}, "reach_time_series": {"page": [0.0012251292637885645, 0.0006176910993043167, 0.0006252682497859964, 0.00020096854389793745, 0.0003081098780290426, 0.00024313350324289086, 0.00014530422665893746, 0.000162652098401752, 0.00021182571646373145, 0.00015485339198089427, 0.00011929492221459961, 0.00012689771802423623, 0.00011887781601290747, 0.00012975344874832263, 0.0001124894462737166, 0.00013884051674606713, 0.000123298887943578, 0.00011419073555795466, 0.00010437793384470841, 0.00010471997249376463], "ts": ["2017-09", "2017-10", "2017-11", "2017-12", "2018-01", "2018-02", "2018-03", "2018-04", "2018-05", "2018-06", "2018-07", "2018-08", "2018-09", "2018-10", "2018-11", "2018-12", "2019-01", "2019-02", "2019-03", "2019-04"], "site": [3, 2, 2, 2, 2, 2, 2, 2]}, "presence_by_category": [["Business", 100.0]]}