{"id": "netflix", "name": "Netflix", "category": "misc", "website_url": null, "ghostery_id": "c_2098", "company_id": null, "company_name": null, "iab_vendor": null, "truste_type": null, "description": null, "truste_privacy_url": null, "privacy_url": null, "date_range": ["2017-05", "2019-04"], "domains": ["netflix.com", "nflxext.com", "nflximg.net", "nflxso.net", "nflxvideo.net"], "overview": {"reach": 0.0015980345570789953, "site_reach_top10k": 11, "site_avg_frequency": 0.19678490706209723, "cookies": 0.020900537546175886, "bad_qs": 0.0, "tracked": 0.020900537546175886, "https": 0.9902902084145692, "requests": 1316.3614539610935, "requests_tracking": 0.10086507166480016, "content_length": 1732479281.7859042, "requests_failed": 234.11561772296264, "has_blocking": 0.2976709541696262, "script": 0.9165943476032741, "iframe": 0.5862150456036793, "beacon": 0.0, "image": 0.8679508606734404, "stylesheet": 0.8949940328567059, "font": 0.6543958393234525, "xhr": 0.6709878674650867, "plugin": 0.0013382856027514942, "media": 0.023136411040112246, "referer_leaked": 0.9635205576510943, "referer_leaked_header": 0.9594658761241184, "referer_leaked_url": 0.0, "hosts": 2.937811294727864, "reach_rank": 380, "site_reach_rank": 906}, "reach_time_series": {"page": [0.0015872864249362989, 0.002589937373762494, 0.002165276754952681, 0.002658068460404126, 0.0030099818080139354, 0.0022566821511537565, 0.001976844110849326, 0.0019135988256482243, 0.0017916762479325877, 0.0015199806287406036, 0.0015872466351263845, 0.001747674516217455, 0.0022285837864183663, 0.0017411840297205208, 0.00183419627246236, 0.002017197128038907, 0.0018829037794405206, 0.0018041080911057239, 0.0017657859687960147, 0.0020538618410313207, 0.0019327136351953028, 0.0017449942933263748, 0.0017365175076613764, 0.0015980345570789953], "ts": ["2017-05", "2017-06", "2017-07", "2017-08", "2017-09", "2017-10", "2017-11", "2017-12", "2018-01", "2018-02", "2018-03", "2018-04", "2018-05", "2018-06", "2018-07", "2018-08", "2018-09", "2018-10", "2018-11", "2018-12", "2019-01", "2019-02", "2019-03", "2019-04"], "site": [11, 10, 13, 9, 13, 12, 17, 11]}, "presence_by_category": [["Business", 50.0], ["Entertainment", 50.0]]}