{"id": "noop.style", "name": "noop.style", "category": "unknown", "website_url": null, "ghostery_id": null, "company_id": null, "company_name": null, "iab_vendor": null, "truste_type": null, "description": null, "truste_privacy_url": null, "privacy_url": null, "date_range": ["2018-09", "2019-04"], "domains": ["noop.style"], "overview": {"reach": 0.0008029396093154615, "site_reach_top10k": 122, "site_avg_frequency": 0.022152097935980438, "cookies": 0.7198111687418072, "bad_qs": 0.0, "tracked": 0.7198111687418072, "https": 0.8699982144645789, "requests": 1.052856203429099, "requests_tracking": 0.735089254996233, "content_length": 3.800950253241182, "requests_failed": 0.3719226732513729, "has_blocking": 0.007588090043244797, "script": 0.0, "iframe": 0.0, "beacon": 0.0, "image": 0.0, "stylesheet": 0.0, "font": 0.0, "xhr": 0.0, "plugin": 0.9999895480853399, "media": 0.0, "referer_leaked": 0.6746223157087923, "referer_leaked_header": 0.6746214447159039, "referer_leaked_url": 0.0, "hosts": 1.0, "reach_rank": 609, "site_reach_rank": 284}, "reach_time_series": {"page": [0.0010427275246601313, 0.0013030662425998164, 0.0013252117351305781, 0.0009318548444365562, 0.0007275989726963744, 0.0008128973244739816, 0.0008534481936745598, 0.0008029396093154615], "ts": ["2018-09", "2018-10", "2018-11", "2018-12", "2019-01", "2019-02", "2019-03", "2019-04"], "site": [170, 286, 277, 160, 121, 143, 139, 122]}, "presence_by_category": [["Entertainment", 34.78260869565217], ["News and Portals", 30.434782608695652], ["Adult", 13.043478260869565], ["Business", 8.695652173913043], ["Reference", 8.695652173913043], ["E-Commerce", 4.3478260869565215]]}