{"id": "o12zs3u2n.com", "name": "o12zs3u2n.com", "category": "unknown", "website_url": null, "ghostery_id": null, "company_id": null, "company_name": null, "iab_vendor": null, "truste_type": null, "description": null, "truste_privacy_url": null, "privacy_url": null, "date_range": ["2018-09", "2019-04"], "domains": ["o12zs3u2n.com"], "overview": {"reach": 8.257980173412045e-06, "site_reach_top10k": 3, "site_avg_frequency": 0.08455721419323885, "cookies": 0.04344512195121951, "bad_qs": 0.0, "tracked": 0.04344512195121951, "https": 0.9968665311653117, "requests": 1.9425813008130082, "requests_tracking": 0.049627371273712736, "content_length": 0.760670731707317, "requests_failed": 1.891260162601626, "has_blocking": 0.7787940379403794, "script": 0.9981368563685636, "iframe": 0.0, "beacon": 0.0, "image": 8.468834688346883e-05, "stylesheet": 0.9270833333333334, "font": 0.0, "xhr": 0.0005928184281842818, "plugin": 0.0, "media": 0.0, "referer_leaked": 0.029302168021680217, "referer_leaked_header": 0.029302168021680217, "referer_leaked_url": 0.0, "hosts": 1.0, "reach_rank": 1132, "site_reach_rank": 1067}, "reach_time_series": {"page": [0.0005046481631430346, 0.00012757328643766657, 5.138198715745529e-05, 5.9331013623428074e-05, 5.5750893652818805e-05, 1.7708117278230815e-05, 1.6731632790427553e-05, 8.257980173412045e-06], "ts": ["2018-09", "2018-10", "2018-11", "2018-12", "2019-01", "2019-02", "2019-03", "2019-04"], "site": [62, 32, 6, 10, 8, 2, 3, 3]}, "presence_by_category": []}