{"id": "perfdrive.com", "name": "perfdrive.com", "category": "unknown", "website_url": null, "ghostery_id": null, "company_id": null, "company_name": null, "iab_vendor": null, "truste_type": null, "description": null, "truste_privacy_url": null, "privacy_url": null, "date_range": ["2018-02", "2019-04"], "domains": ["perfdrive.com"], "overview": {"reach": 0.0005458253545005843, "site_reach_top10k": 30, "site_avg_frequency": 0.3824393217397064, "cookies": 0.03368354965597653, "bad_qs": 0.007081630299691211, "tracked": 0.04019372941945238, "https": 0.9998488090509565, "requests": 3.5445718605455685, "requests_tracking": 0.050297897420784915, "content_length": 8251.470470357604, "requests_failed": 0.6822619703511986, "has_blocking": 0.02358066293387318, "script": 0.9980588619677886, "iframe": 0.0, "beacon": 0.0, "image": 4.356349379220214e-05, "stylesheet": 4.228221456301972e-05, "font": 0.0, "xhr": 0.6356990018834805, "plugin": 0.0, "media": 0.0, "referer_leaked": 0.7614860276500057, "referer_leaked_header": 0.7301305623534536, "referer_leaked_url": 0.0, "hosts": 1.0, "reach_rank": 709, "site_reach_rank": 675}, "reach_time_series": {"page": [0.0006694400803609089, 0.0008971370056287334, 0.0008873862248131921, 0.0010596767757823004, 0.0008474562463733297, 0.0006326961395442821, 0.000614398056109251, 0.0006732007176302389, 0.0006313960308415523, 0.0005514672481717136, 0.000514871947729829, 0.000615140331314807, 0.0005834188476369574, 0.0005609296844649234, 0.0005458253545005843], "ts": ["2018-02", "2018-03", "2018-04", "2018-05", "2018-06", "2018-07", "2018-08", "2018-09", "2018-10", "2018-11", "2018-12", "2019-01", "2019-02", "2019-03", "2019-04"], "site": [25, 25, 23, 19, 33, 30, 31, 30]}, "presence_by_category": [["Entertainment", 57.142857142857146], ["E-Commerce", 14.285714285714286], ["News and Portals", 14.285714285714286], ["Business", 7.142857142857143], ["Reference", 7.142857142857143]]}