{"id": "pmddby.com", "name": "pmddby.com", "category": "extensions", "website_url": null, "ghostery_id": null, "company_id": null, "company_name": null, "iab_vendor": null, "truste_type": null, "description": null, "truste_privacy_url": null, "privacy_url": null, "date_range": ["2017-11", "2019-04"], "domains": ["pmddby.com"], "overview": {"reach": 0.00011878889078208865, "site_reach_top10k": 17, "site_avg_frequency": 0.020471025343071683, "cookies": 0.8865090812752053, "bad_qs": 0.06756939742721733, "tracked": 0.8959406552647847, "https": 0.7774395808189338, "requests": 2.3880015307173768, "requests_tracking": 2.158382149480439, "content_length": 2029.1670248152836, "requests_failed": 0.33530364134114393, "has_blocking": 0.00018839598481057372, "script": 0.9932707309175474, "iframe": 0.0, "beacon": 0.00012952223955726945, "image": 0.006063995761090342, "stylesheet": 5.887374525330429e-06, "font": 7.653586882929558e-05, "xhr": 0.0003238055988931736, "plugin": 0.0, "media": 0.0, "referer_leaked": 0.8091607547614141, "referer_leaked_header": 0.8030790968767478, "referer_leaked_url": 0.0, "hosts": 1.0, "reach_rank": 986, "site_reach_rank": 823}, "reach_time_series": {"page": [0.0038322096455730473, 0.005996229800077475, 0.005271509764650715, 0.0022358366301699936, 0.00083753900902771, 0.0007921432774307531, 0.0022391365105934972, 0.0013474218198263992, 0.001162023428186967, 0.00032600582187410006, 0.00015164473179391544, 0.00011776380756802121, 0.00012055106551562861, 0.00012131554351213524, 9.425750581642137e-05, 9.209057411329554e-05, 0.0001227805158200207, 0.00011878889078208865], "ts": ["2017-11", "2017-12", "2018-01", "2018-02", "2018-03", "2018-04", "2018-05", "2018-06", "2018-07", "2018-08", "2018-09", "2018-10", "2018-11", "2018-12", "2019-01", "2019-02", "2019-03", "2019-04"], "site": [12, 13, 19, 15, 8, 11, 13, 17]}, "presence_by_category": [["Entertainment", 42.857142857142854], ["Adult", 28.571428571428573], ["Business", 14.285714285714286], ["News and Portals", 14.285714285714286]]}