{"id": "pvclouds.com", "name": "pvclouds.com", "category": "unknown", "website_url": null, "ghostery_id": null, "company_id": null, "company_name": null, "iab_vendor": null, "truste_type": null, "description": null, "truste_privacy_url": null, "privacy_url": null, "date_range": ["2018-05", "2019-04"], "domains": ["pvclouds.com"], "overview": {"reach": 0.0005290394432436198, "site_reach_top10k": 38, "site_avg_frequency": 0.34157838012920433, "cookies": 3.965798949856438e-06, "bad_qs": 0.0, "tracked": 3.965798949856438e-06, "https": 0.6268659084059075, "requests": 1.9362986934014392, "requests_tracking": 6.6096649164273965e-06, "content_length": 7.792291280001269, "requests_failed": 1.7128470735047616, "has_blocking": 0.39696986521571304, "script": 0.9997118186096438, "iframe": 2.6438659665709586e-05, "beacon": 0.0, "image": 0.0, "stylesheet": 0.0, "font": 0.0, "xhr": 1.3219329832854794e-06, "plugin": 0.0, "media": 0.0, "referer_leaked": 0.06654610637859103, "referer_leaked_header": 0.06654610637859103, "referer_leaked_url": 0.0, "hosts": 1.0, "reach_rank": 718, "site_reach_rank": 599}, "reach_time_series": {"page": [0.001194242147769536, 0.000877401633310334, 0.0002770235971646242, 0.0002769562486873589, 0.0005389816351178987, 0.0008312851259097175, 0.0009780877531911287, 0.000938505664667384, 0.0007253162976771899, 0.0004719537369975205, 0.00045112652802862857, 0.0005290394432436198], "ts": ["2018-05", "2018-06", "2018-07", "2018-08", "2018-09", "2018-10", "2018-11", "2018-12", "2019-01", "2019-02", "2019-03", "2019-04"], "site": [43, 67, 80, 95, 67, 42, 34, 38]}, "presence_by_category": [["Entertainment", 62.5], ["Adult", 31.25], ["Business", 6.25]]}