{"id": "remove.video", "name": "remove.video", "category": "extensions", "website_url": null, "ghostery_id": null, "company_id": null, "company_name": null, "iab_vendor": null, "truste_type": null, "description": null, "truste_privacy_url": null, "privacy_url": null, "date_range": ["2019-02", "2019-04"], "domains": ["remove.video"], "overview": {"reach": 0.0009479857719141792, "site_reach_top10k": 145, "site_avg_frequency": 0.022397954925804455, "cookies": 0.7765491344618097, "bad_qs": 0.0, "tracked": 0.7765491344618097, "https": 0.8879488607650967, "requests": 1.2116376432573597, "requests_tracking": 0.9085771828419457, "content_length": 12.785038896655514, "requests_failed": 0.22567585013813937, "has_blocking": 0.003191406956027783, "script": 0.0637366609738734, "iframe": 0.9361962058700937, "beacon": 0.0, "image": 5.901815914984342e-06, "stylesheet": 8.188769582040775e-05, "font": 2.950907957492171e-06, "xhr": 6.123134011796255e-05, "plugin": 0.0, "media": 0.0, "referer_leaked": 0.706352935968986, "referer_leaked_header": 0.706352935968986, "referer_leaked_url": 0.0, "hosts": 1.0, "reach_rank": 559, "site_reach_rank": 245}, "reach_time_series": {"page": [0.0008497121608992253, 0.0010598176830042799, 0.0009479857719141792], "ts": ["2019-02", "2019-03", "2019-04"], "site": [97, 172, 145]}, "presence_by_category": [["Entertainment", 36.0655737704918], ["News and Portals", 21.311475409836067], ["Adult", 14.754098360655737], ["Business", 11.475409836065573], ["Reference", 9.836065573770492], ["E-Commerce", 6.557377049180328]]}