{"id": "sitelabweb.com", "name": "sitelabweb.com", "category": "unknown", "website_url": null, "ghostery_id": null, "company_id": null, "company_name": null, "iab_vendor": null, "truste_type": null, "description": null, "truste_privacy_url": null, "privacy_url": null, "date_range": ["2018-12", "2019-04"], "domains": ["sitelabweb.com"], "overview": {"reach": 0.000794336147925445, "site_reach_top10k": 27, "site_avg_frequency": 0.5232142845502428, "cookies": 0.0002262696412173483, "bad_qs": 6.515156984468395e-05, "tracked": 0.00023067177431496206, "https": 0.9999462939762092, "requests": 2.9925419061060228, "requests_tracking": 0.01126417817017414, "content_length": 129.78214459598544, "requests_failed": 0.8280377139546738, "has_blocking": 2.7293225205205434e-05, "script": 0.22138503433223602, "iframe": 0.0, "beacon": 0.0, "image": 0.9997807737717388, "stylesheet": 0.0, "font": 0.0, "xhr": 0.03245780775532592, "plugin": 0.0, "media": 0.0, "referer_leaked": 0.8479908224329181, "referer_leaked_header": 0.8479908224329181, "referer_leaked_url": 0.0, "hosts": 1.0, "reach_rank": 613, "site_reach_rank": 702}, "reach_time_series": {"page": [0.0010552851506198532, 0.0010731880993077325, 0.0008098483884851646, 0.0007603822052640876, 0.000794336147925445], "ts": ["2018-12", "2019-01", "2019-02", "2019-03", "2019-04"], "site": [30, 36, 27, 26, 27]}, "presence_by_category": [["Business", 55.0], ["E-Commerce", 45.0]]}