{"id": "srvvtrk.com", "name": "srvvtrk.com", "category": "unknown", "website_url": null, "ghostery_id": null, "company_id": null, "company_name": null, "iab_vendor": null, "truste_type": null, "description": null, "truste_privacy_url": null, "privacy_url": null, "date_range": ["2018-12", "2019-04"], "domains": ["srvvtrk.com"], "overview": {"reach": 0.0007169889179780343, "site_reach_top10k": 82, "site_avg_frequency": 0.020336076029628673, "cookies": 0.3839692162131845, "bad_qs": 0.13802275620235754, "tracked": 0.46461083772672074, "https": 0.857812263769063, "requests": 2.2164814209702355, "requests_tracking": 1.0511122057324562, "content_length": 6.357910291987534, "requests_failed": 0.5165511624390982, "has_blocking": 0.00022531859171003154, "script": 0.9997824846495613, "iframe": 0.0, "beacon": 0.0, "image": 0.0017684095531181265, "stylesheet": 0.0, "font": 0.0, "xhr": 0.00048087474334651754, "plugin": 0.0, "media": 0.0, "referer_leaked": 0.7986422360187863, "referer_leaked_header": 0.7986422360187863, "referer_leaked_url": 0.0, "hosts": 1.0, "reach_rank": 631, "site_reach_rank": 396}, "reach_time_series": {"page": [0.0011331350449698089, 0.0031330464870936983, 0.002534733054941484, 0.001933072332731225, 0.0007169889179780343], "ts": ["2018-12", "2019-01", "2019-02", "2019-03", "2019-04"], "site": [279, 842, 616, 436, 82]}, "presence_by_category": [["Adult", 38.70967741935484], ["Entertainment", 29.032258064516128], ["Business", 9.67741935483871], ["Reference", 9.67741935483871], ["E-Commerce", 6.451612903225806], ["News and Portals", 6.451612903225806]]}