{"id": "t-mobile", "name": "Deutsche Telekom", "category": "misc", "website_url": null, "ghostery_id": "c_923", "company_id": null, "company_name": null, "iab_vendor": null, "truste_type": null, "description": null, "truste_privacy_url": null, "privacy_url": null, "date_range": ["2017-05", "2019-04"], "domains": ["sdp-campaign.de", "t-online.de", "telekom-dienste.de", "telekom.com", "telekom.de", "toi.de"], "overview": {"reach": 0.0009123648401600659, "site_reach_top10k": 7, "site_avg_frequency": 0.38976101149751025, "cookies": 0.46150219879026294, "bad_qs": 6.438848948436318e-05, "tracked": 0.46150986408663014, "https": 0.9779009505734025, "requests": 5.935340159024238, "requests_tracking": 1.7462135352270192, "content_length": 102022.19590887803, "requests_failed": 0.987319300219764, "has_blocking": 0.0055075154398232075, "script": 0.1249604279075044, "iframe": 0.7572224338695719, "beacon": 0.0029036142638900917, "image": 0.8309648845108123, "stylesheet": 0.02254900232335133, "font": 0.001514662562155972, "xhr": 0.004655901013428832, "plugin": 0.0005480686902538056, "media": 5.059095602342821e-05, "referer_leaked": 0.9419560763187568, "referer_leaked_header": 0.9071747940526499, "referer_leaked_url": 0.0, "hosts": 1.678956691842055, "reach_rank": 573, "site_reach_rank": 988}, "reach_time_series": {"page": [0.019720034885190998, 0.016668437649897717, 0.015519193014494153, 0.01478303355751933, 0.014265761014548723, 0.013619908202058089, 0.011958598116959243, 0.011618155846249912, 0.009284258442226866, 0.0051464603154731375, 0.002816205175433575, 0.0027661176400006096, 0.0036132506077866614, 0.0028899620438179448, 0.0025809466623919887, 0.0021703312862464547, 0.0013340572862871871, 0.0017139755254979006, 0.0024188036141924584, 0.0028201335549724337, 0.0016196624667237853, 0.0010486570437464216, 0.0009916920814751142, 0.0009123648401600659], "ts": ["2017-05", "2017-06", "2017-07", "2017-08", "2017-09", "2017-10", "2017-11", "2017-12", "2018-01", "2018-02", "2018-03", "2018-04", "2018-05", "2018-06", "2018-07", "2018-08", "2018-09", "2018-10", "2018-11", "2018-12", "2019-01", "2019-02", "2019-03", "2019-04"], "site": [19, 19, 17, 18, 8, 9, 5, 7]}, "presence_by_category": [["Business", 45.45454545454545], ["News and Portals", 18.181818181818183], ["Reference", 18.181818181818183], ["E-Commerce", 9.090909090909092], ["Entertainment", 9.090909090909092]]}