{"id": "travel_audience", "name": "Travel Audience", "category": "site_analytics", "website_url": null, "ghostery_id": "2944", "company_id": null, "company_name": null, "iab_vendor": 423, "truste_type": null, "description": null, "truste_privacy_url": null, "privacy_url": null, "date_range": ["2018-05", "2019-04"], "domains": ["travelaudience.com"], "overview": {"reach": 0.0001752939522735351, "site_reach_top10k": 19, "site_avg_frequency": 0.2407659450012582, "cookies": 0.1674479654978436, "bad_qs": 0.009168126199376823, "tracked": 0.1674878616083718, "https": 0.9988669504609996, "requests": 3.5823036812141185, "requests_tracking": 0.8479319851107715, "content_length": 51.59592421334844, "requests_failed": 2.4080015639275327, "has_blocking": 0.41680663552110303, "script": 0.8488136891534445, "iframe": 0.021791255570494432, "beacon": 0.0, "image": 0.22445152822051379, "stylesheet": 0.008533778041978687, "font": 0.0004947117705494891, "xhr": 0.014286797180142908, "plugin": 0.0, "media": 0.0, "referer_leaked": 0.11768953644709178, "referer_leaked_header": 0.10793892703400346, "referer_leaked_url": 0.0, "hosts": 1.0, "reach_rank": 928, "site_reach_rank": 793}, "reach_time_series": {"page": [0.00023397380728406046, 0.0001958368266090126, 0.00025794923597644644, 0.0002068319406744717, 0.0001679144247521444, 0.00017456316824931558, 0.00017686922932957122, 0.00018700942285919053, 0.00019855214031364252, 0.000197652442822393, 0.00017951321909729747, 0.0001752939522735351], "ts": ["2018-05", "2018-06", "2018-07", "2018-08", "2018-09", "2018-10", "2018-11", "2018-12", "2019-01", "2019-02", "2019-03", "2019-04"], "site": [20, 18, 21, 25, 26, 22, 22, 19]}, "presence_by_category": [["Recreation", 66.66666666666667], ["Business", 26.666666666666668], ["Entertainment", 6.666666666666667]]}