{"id": "tremor_video", "name": "Tremor Video", "category": "audio_video_player", "website_url": null, "ghostery_id": "tremorhub.com", "company_id": null, "company_name": null, "iab_vendor": null, "truste_type": null, "description": null, "truste_privacy_url": null, "privacy_url": null, "date_range": ["2017-05", "2019-04"], "domains": ["tremorhub.com", "tremorvideo.com", "videohub.tv"], "overview": {"reach": 0.0015286340944681768, "site_reach_top10k": 379, "site_avg_frequency": 0.04886440051394735, "cookies": 0.6387899411559637, "bad_qs": 0.1741901510583417, "tracked": 0.6480461419229218, "https": 0.8909399765209458, "requests": 9.909036507824673, "requests_tracking": 6.3790984262811685, "content_length": 1848.3028285580695, "requests_failed": 4.267973234244283, "has_blocking": 0.16077433298349603, "script": 0.008638114209219783, "iframe": 0.08180702706313267, "beacon": 0.0, "image": 0.586555450736534, "stylesheet": 3.79727492910991e-05, "font": 0.0, "xhr": 0.5047777038656259, "plugin": 0.0001221533019364272, "media": 9.15006007014436e-06, "referer_leaked": 0.3706158630931412, "referer_leaked_header": 0.331842941048908, "referer_leaked_url": 0.0, "hosts": 1.042720715461497, "reach_rank": 390, "site_reach_rank": 114}, "reach_time_series": {"page": [0.001368692499868727, 0.00181353078917148, 0.0015412862799014573, 0.0013905841093377962, 0.0018667835738716706, 0.0027875763263744127, 0.0032849299977171045, 0.0030116642708018864, 0.0008199322233562472, 0.0003370219679732815, 0.00032501057132626324, 0.0003453806490359336, 0.0004395060478073393, 0.00029903821067037704, 0.00022678375739729087, 0.0002054091286278334, 0.00019905986333750827, 0.00035899588872700873, 0.0004430350983205244, 0.0005188847331204961, 0.0010903585874234836, 0.0015858874466886384, 0.0014506910980443715, 0.0015286340944681768], "ts": ["2017-05", "2017-06", "2017-07", "2017-08", "2017-09", "2017-10", "2017-11", "2017-12", "2018-01", "2018-02", "2018-03", "2018-04", "2018-05", "2018-06", "2018-07", "2018-08", "2018-09", "2018-10", "2018-11", "2018-12", "2019-01", "2019-02", "2019-03", "2019-04"], "site": [47, 84, 98, 127, 247, 374, 346, 379]}, "presence_by_category": [["News and Portals", 30.575539568345324], ["Business", 21.942446043165468], ["E-Commerce", 19.784172661870503], ["Entertainment", 17.985611510791365], ["Reference", 5.0359712230215825], ["Recreation", 4.316546762589928], ["Banking", 0.3597122302158273]]}