{"id": "tripadvisor", "name": "TripAdvisor", "category": "misc", "website_url": null, "ghostery_id": "c_1402", "company_id": "iac_apps", "company_name": "IAC (InterActiveCorp)", "iab_vendor": null, "truste_type": null, "description": null, "truste_privacy_url": null, "privacy_url": null, "date_range": ["2017-05", "2019-04"], "domains": ["jscache.com", "tacdn.com", "tamgrt.com", "tripadvisor.co.uk", "tripadvisor.com", "tripadvisor.de"], "overview": {"reach": 0.001736517975271607, "site_reach_top10k": 68, "site_avg_frequency": 0.3533433697138716, "cookies": 0.7356148478330298, "bad_qs": 0.0025923982361865288, "tracked": 0.7359946259185858, "https": 0.9751863550526393, "requests": 75.05672305881244, "requests_tracking": 7.29793691495347, "content_length": 345494.06250229053, "requests_failed": 19.373197413320586, "has_blocking": 0.15402478182896776, "script": 0.6893673009860134, "iframe": 0.49441992018619196, "beacon": 0.004533978459373612, "image": 0.7290204826443831, "stylesheet": 0.45455771962389485, "font": 0.15539045254807737, "xhr": 0.005438518841302297, "plugin": 4.188432756927124e-05, "media": 0.0002102271056842268, "referer_leaked": 0.7766449767602392, "referer_leaked_header": 0.7723180035351983, "referer_leaked_url": 0.0, "hosts": 1.699572175757915, "reach_rank": 351, "site_reach_rank": 439}, "reach_time_series": {"page": [0.0027160771382680636, 0.0033128847570970898, 0.0036616251362926165, 0.0036244672160395505, 0.0029833244317612143, 0.0026539532508105634, 0.002060807068982278, 0.0017682660728312854, 0.002667639857314685, 0.0017073801929894461, 0.0015331475749428545, 0.0015954417681711432, 0.0020891760388356156, 0.0017027330342070303, 0.0022566242205286106, 0.0020215351001059132, 0.0016926443528180808, 0.0016029474432777272, 0.0015089049277013616, 0.0014473305677459994, 0.0017602732800822557, 0.001728867344118314, 0.001685701279116998, 0.001736517975271607], "ts": ["2017-05", "2017-06", "2017-07", "2017-08", "2017-09", "2017-10", "2017-11", "2017-12", "2018-01", "2018-02", "2018-03", "2018-04", "2018-05", "2018-06", "2018-07", "2018-08", "2018-09", "2018-10", "2018-11", "2018-12", "2019-01", "2019-02", "2019-03", "2019-04"], "site": [64, 68, 71, 66, 68, 62, 65, 68]}, "presence_by_category": [["Recreation", 73.17073170731707], ["Business", 21.951219512195124], ["Banking", 2.4390243902439024], ["News and Portals", 2.4390243902439024]]}