{"id": "tubecup.org", "name": "tubecup.org", "category": "pornvertising", "website_url": null, "ghostery_id": "tubecup.org", "company_id": null, "company_name": null, "iab_vendor": null, "truste_type": null, "description": null, "truste_privacy_url": null, "privacy_url": null, "date_range": ["2017-06", "2019-04"], "domains": ["tubecup.org"], "overview": {"reach": 0.00032960516579851995, "site_reach_top10k": 12, "site_avg_frequency": 0.6161218655771861, "cookies": 0.8476572197267552, "bad_qs": 0.0, "tracked": 0.8476572197267552, "https": 0.9802227460699047, "requests": 2.892637158152256, "requests_tracking": 2.0910483578365326, "content_length": 1039.4713886513657, "requests_failed": 0.4392052603548915, "has_blocking": 0.011033335525855137, "script": 3.607051998837256e-05, "iframe": 0.0799513684518745, "beacon": 0.0, "image": 0.014390015680067219, "stylesheet": 4.667949645554096e-05, "font": 4.0314110575239924e-05, "xhr": 0.9728601164016898, "plugin": 0.0, "media": 0.0, "referer_leaked": 0.9424484244609048, "referer_leaked_header": 0.9424484244609048, "referer_leaked_url": 0.0, "hosts": 1.0, "reach_rank": 813, "site_reach_rank": 893}, "reach_time_series": {"page": [0.0017062355817158666, 0.0015775711617856505, 0.0013974448691987927, 0.0012246232143924628, 0.0012011810542678861, 0.0013063329320537542, 0.0011719282901875292, 0.0007812289460733675, 0.0005523117241937291, 0.000477178132160418, 0.00047824935400467554, 0.0008418289928870769, 0.0007063632099869136, 0.0007470775270462879, 0.0007548686522099709, 0.0005855415682050792, 0.000506077998412957, 0.00039308339844792447, 0.00041920293306869347, 0.0003136624235817194, 0.000276419705516342, 0.00029509446938161396, 0.00032960516579851995], "ts": ["2017-06", "2017-07", "2017-08", "2017-09", "2017-10", "2017-11", "2017-12", "2018-01", "2018-02", "2018-03", "2018-04", "2018-05", "2018-06", "2018-07", "2018-08", "2018-09", "2018-10", "2018-11", "2018-12", "2019-01", "2019-02", "2019-03", "2019-04"], "site": [11, 12, 10, 11, 10, 10, 10, 12]}, "presence_by_category": [["Adult", 100.0]]}