{"id": "walmart", "name": "Walmart", "category": "misc", "website_url": null, "ghostery_id": "c_793", "company_id": null, "company_name": null, "iab_vendor": null, "truste_type": null, "description": null, "truste_privacy_url": null, "privacy_url": null, "date_range": ["2017-09", "2019-04"], "domains": ["walmart.com"], "overview": {"reach": 0.00021968549118845122, "site_reach_top10k": 33, "site_avg_frequency": 0.07484163630584581, "cookies": 0.9077758606419081, "bad_qs": 0.44518441644435675, "tracked": 0.9120734991691232, "https": 0.9391422550186868, "requests": 3.5690837434659977, "requests_tracking": 2.6054226647905616, "content_length": 16874.33302878463, "requests_failed": 1.2628849569917804, "has_blocking": 0.0029574119939132703, "script": 0.045061535816837826, "iframe": 0.0005061663154275673, "beacon": 0.0, "image": 0.871360536854638, "stylesheet": 0.023028975633981267, "font": 0.07780317452232544, "xhr": 0.000716273087869199, "plugin": 0.0, "media": 5.093497513736526e-05, "referer_leaked": 0.3740569071009722, "referer_leaked_header": 0.37242380446063045, "referer_leaked_url": 0.0, "hosts": 1.0, "reach_rank": 888, "site_reach_rank": 649}, "reach_time_series": {"page": [0.019622620355768398, 0.014156887630719955, 0.00634657886660572, 0.0054055816075991745, 0.000900611981323666, 0.0005051759064132416, 0.0009450921413638459, 0.0011975509941446944, 0.0014610269461863576, 0.0005821120483202726, 0.000111650926221375, 9.596225384479051e-05, 0.00011544394575826116, 8.196008576363047e-05, 9.769054786846236e-05, 6.592610072383001e-05, 0.00021733747341871984, 0.0002557084948637396, 0.000226175253477681, 0.00021968549118845122], "ts": ["2017-09", "2017-10", "2017-11", "2017-12", "2018-01", "2018-02", "2018-03", "2018-04", "2018-05", "2018-06", "2018-07", "2018-08", "2018-09", "2018-10", "2018-11", "2018-12", "2019-01", "2019-02", "2019-03", "2019-04"], "site": [14, 8, 4, 4, 38, 34, 39, 33]}, "presence_by_category": [["News and Portals", 50.0], ["Entertainment", 20.0], ["Business", 15.0], ["E-Commerce", 10.0], ["Reference", 5.0]]}