{"id": "xen-media.com", "name": "xen-media.com", "category": "unknown", "website_url": null, "ghostery_id": null, "company_id": null, "company_name": null, "iab_vendor": null, "truste_type": null, "description": null, "truste_privacy_url": null, "privacy_url": null, "date_range": ["2018-10", "2019-04"], "domains": ["xen-media.com"], "overview": {"reach": 0.002225852954729224, "site_reach_top10k": 364, "site_avg_frequency": 0.024692542656787202, "cookies": 0.7625068966080628, "bad_qs": 6.283925341939798e-07, "tracked": 0.7625068966080628, "https": 0.8538959080334958, "requests": 1.1895360703598552, "requests_tracking": 0.8311996264834777, "content_length": 24.03089240537351, "requests_failed": 0.30326914931989074, "has_blocking": 0.0020042579878116985, "script": 1.1311065615491636e-05, "iframe": 0.8976634480401066, "beacon": 0.0, "image": 3.141962670969899e-06, "stylesheet": 1.1311065615491636e-05, "font": 0.0, "xhr": 0.0, "plugin": 0.12162820275964865, "media": 0.0, "referer_leaked": 0.6788043826608905, "referer_leaked_header": 0.6788037542683563, "referer_leaked_url": 0.0, "hosts": 1.0, "reach_rank": 289, "site_reach_rank": 121}, "reach_time_series": {"page": [0.002035483135319403, 0.004648876727733464, 0.004422368166167263, 0.0035563781625400073, 0.003187853587201711, 0.0026810791354608, 0.002225852954729224], "ts": ["2018-10", "2018-11", "2018-12", "2019-01", "2019-02", "2019-03", "2019-04"], "site": [363, 1202, 1066, 748, 635, 454, 364]}, "presence_by_category": [["Entertainment", 35.8974358974359], ["Adult", 23.076923076923077], ["News and Portals", 14.102564102564102], ["Reference", 10.256410256410257], ["Business", 8.333333333333334], ["E-Commerce", 5.769230769230769], ["Government", 1.2820512820512822], ["Banking", 0.6410256410256411], ["Political", 0.6410256410256411]]}