{"id": "xhamster", "name": "xHamster", "category": "pornvertising", "website_url": null, "ghostery_id": "c_m3", "company_id": null, "company_name": null, "iab_vendor": null, "truste_type": null, "description": null, "truste_privacy_url": null, "privacy_url": null, "date_range": ["2017-05", "2019-04"], "domains": ["xhamster.com", "xhamsterlive.com", "xhamsterpremium.com", "xhcdn.com"], "overview": {"reach": 0.004231050413315684, "site_reach_top10k": 32, "site_avg_frequency": 0.19882497919512515, "cookies": 0.8984803968968261, "bad_qs": 0.00011702605069310661, "tracked": 0.8984979177462237, "https": 0.9829145271808706, "requests": 76.28648754077523, "requests_tracking": 39.43560187010274, "content_length": 4272224.702870196, "requests_failed": 19.33159347992995, "has_blocking": 0.00313441384080986, "script": 0.921808416123479, "iframe": 0.2547110010272838, "beacon": 0.0, "image": 0.9803715246527442, "stylesheet": 0.9543079388456239, "font": 0.44059398985278353, "xhr": 0.25969419506159985, "plugin": 0.0003917397459642128, "media": 0.5005624027365583, "referer_leaked": 0.8017101010176142, "referer_leaked_header": 0.7613098322543961, "referer_leaked_url": 0.0, "hosts": 1.2794319277810422, "reach_rank": 166, "site_reach_rank": 660}, "reach_time_series": {"page": [0.015050045329312502, 0.015007308759873389, 0.015383253970419213, 0.01591038114376942, 0.013505136123859476, 0.014484986316259761, 0.015811926694339343, 0.015070871546186476, 0.011087270640598428, 0.007977570247811438, 0.00625000292863155, 0.0060589870910347085, 0.007794445767244826, 0.006830706714595536, 0.007159810387699525, 0.005915030846685522, 0.004671708561086805, 0.0047114183603092375, 0.004929769258398113, 0.005717460591869806, 0.004577533324328, 0.004202422223697801, 0.0042683334854589, 0.004231050413315684], "ts": ["2017-05", "2017-06", "2017-07", "2017-08", "2017-09", "2017-10", "2017-11", "2017-12", "2018-01", "2018-02", "2018-03", "2018-04", "2018-05", "2018-06", "2018-07", "2018-08", "2018-09", "2018-10", "2018-11", "2018-12", "2019-01", "2019-02", "2019-03", "2019-04"], "site": [40, 45, 42, 57, 46, 40, 41, 32]}, "presence_by_category": [["Adult", 80.0], ["Entertainment", 10.0], ["Reference", 10.0]]}